チケットID,チケット名,運営会社,全運営会社,会社数,联名フラグ,地域コード,地域,地域(中),跨地域,発売タイプコード,発売タイプ,発売タイプ(中),媒体,紙チケット,スマホチケット,発売状況コード,発売状況図例,発売開始,発売終了,大人料金,小人料金,最低料金,料金,有効期間,有効日数,発売期間,利用期間,フリー区間,区間地図,利用可能設備,制限事項,制限数,発売箇所,問合せ,備考,公式URL,公式リンク,拡張項目,詳細URL,保存ファイル,表示順,取得日時,タイトル,発売数量,申込期間,申込場所,元索引
18kippu,青春１８きっぷ,ＪＲ各社,['ＪＲ各社'],1,FALSE,zenkoku,全国,全国,['全国'],kisetu,季節発売タイプ,季节发售,['実券'],TRUE,FALSE,period,2026/7/3  〜9/6,2026/7/3,2026/9/6,10000,,10000,"３日間用：大人/小人 10,000円 
 
５日間用：大人/小人 12,050円",３日間／５日間,3,"３日間用： 2026年2月13日〜2026年4月8日 
 2026年7月3日〜2026年9月6日 
 2026年11月27日〜2027年1月9日 
 
 ５日間用： 2026年2月13日〜2026年4月6日 
 2026年7月3日〜2026年9月4日 
 2026年11月27日〜2027年1月7日","2026年3月1日〜2026年4月10日 
 2026年7月18日〜2026年9月8日 
 2026年12月11日〜2027年1月11日",ＪＲ線全線（宮島航路含む）,['https://www2s.biglobe.ne.jp/~t_aoyagi/railway/free/map/japan.gif'],"新幹線 在来線特急・急行 快速・普通 ＢＲＴ 宮島航路 
 のぞみ／みずほ号 グランクラス グリーン車 普通車指定 普通者個室 普通車自由 Ａ個室寝台車 Ｂ個室寝台車 グリーン個室 グリーン車 普通車指定 普通車自由 グリーン車指定 グリーン車自由 ライナー 普通車指定 普通車自由 
 × × × × × × × × × × × △ × ▲ ▲ ▲ ○ ○ ○ 
 
 ○：乗車可 △：一部乗車可 ▲：乗車券のみ有効 ×：乗車不可","['JRバスは利用不可.' '博多〜博多南間、越後湯沢〜ガーラ湯沢間は乗車不可。'
 '宮島口からJR西日本宮島フェリーに乗船する場合は、別途現地にて宮島訪問税(100円)の支払いが必要。'
 '青森〜新青森間,新夕張〜新得間,東室蘭〜室蘭間,宮崎空港〜宮崎間,早岐〜佐世保間を相互発着する場合のみ、特急自由席(全車指定席列車はあいている席)を利用可。'
 '青森〜新青森間を相互利用の場合、全車指定席快速列車のあいている席を利用可。' '普通列車のグリーン車自由席はグリーン券を購入すれば乗車可。'
 '北海道新幹線の新青森〜木古内間を経由し、道南いさりび鉄道線・木古内〜五稜郭間を通過する場合、「青春18きっぷ北海道新幹線オプション券(￥4,500)」を購入すれば片道1回のみ利用可能。木古内のみ途中下車可。'
 '青い森鉄道線の｢青森〜八戸」間は、通過利用する場合に限り普通列車(快速含む)について運賃不要。野辺地駅のみ途中下車可。'
 'あいの風とやま鉄道線の｢富山〜高岡間｣は、通過利用する場合に限り普通列車(快速含む)について運賃不要。途中下車不可。'
 'あいの風とやま鉄道・IRいしかわ鉄道線の｢富山・高岡〜津幡」間は、通過利用する場合に限り普通列車(快速含む)について運賃不要。途中下車不可。'
 'ハピラインふくい線の｢敦賀〜越前花堂」間は、通過利用する場合に限り普通列車(快速含む)について運賃不要。途中下車不可。'
 '有効期間が最終日の場合、最終列車まで利用可能。']",12,"ＪＲの主な駅,駅の旅行センター,営業支店,主な旅行会社",,,https://www.jrhokkaido.co.jp/CM/Otoku/007255/,"[{'text': 'ＪＲ北海道', 'url': 'https://www.jrhokkaido.co.jp/CM/Otoku/007255/'}
 {'text': 'ＪＲ東日本(3日間用)', 'url': 'http://www.jreast.co.jp/tickets/info.aspx?GoodsCd=3000'}
 {'text': 'ＪＲ東日本(5日間用)', 'url': 'http://www.jreast.co.jp/tickets/info.aspx?GoodsCd=3001'}
 {'text': 'ＪＲ東海', 'url': 'https://jr-central.co.jp/news/release/_pdf/000044897.pdf'}
 {'text': 'ＪＲ西日本', 'url': 'https://tickets.jr-odekake.net/shohindb/view/consumer/tokutoku/detail.html?shnId=126000037'}
 {'text': 'ＪＲ九州(3日間用)', 'url': 'https://www.jrkyushu-kippu.jp/fare/ticket/424'}
 {'text': 'ＪＲ九州(5日間用)', 'url': 'https://www.jrkyushu-kippu.jp/fare/ticket/423'}]",,https://www2s.biglobe.ne.jp/~t_aoyagi/railway/free/18kippu.htm,18kippu.htm,1,2026-08-10 01:30:50.424840+00:00,青春１８きっぷ,,,,https://www2s.biglobe.ne.jp/~t_aoyagi/railway/free/18kippu.htm
autumn,秋の乗り放題パス,ＪＲ各社,['ＪＲ各社'],1,FALSE,zenkoku,全国,全国,['全国'],autumn,秋限定タイプ,秋季限定,['実券'],TRUE,FALSE,ended,終了,,,7850,3920,3920,"おとな：7,850円 こども：3,920円",３日間,3,2025年9月12日〜2025年10月17日,2025年10月4日〜2025年10月19日,ＪＲ線全線、ＪＲ西日本宮島フェリー,['https://www2s.biglobe.ne.jp/~t_aoyagi/railway/free/map/japan.gif'],"新幹線 在来線特急・急行 快速・普通 ＢＲＴ 宮島航路 
 のぞみ／みずほ号 グランクラス グリーン車 普通車指定 普通者個室 普通車自由 Ａ個室寝台車 Ｂ個室寝台車 グリーン個室 グリーン車 普通車指定 普通車自由 グリーン車指定 グリーン車自由 ライナー 普通車指定 普通車自由 
 × × × × × × × × × × × △ 
 *1 × ▲ ▲ ▲ ○ ○ ○ 
 
 ○：乗車可 △：一部乗車可 ▲：乗車券のみ有効 ×：乗車不可","['普通列車のグリーン車自由席はグリーン券を購入すれば乗車可。'
 '青森〜新青森間,新夕張〜新得間,東室蘭〜室蘭間,宮崎空港〜宮崎間,早岐〜佐世保間を相互発着する場合のみ、特急自由席(全車指定席列車はあいている席)を利用可。'
 '博多〜博多南間、越後湯沢〜ガーラ湯沢間は乗車不可。'
 '青い森鉄道線の｢青森〜八戸間｣は、通過利用する場合に限り普通列車(快速含む)について運賃不要。野辺地駅のみ途中下車可。'
 '北海道新幹線の津軽いまべつ〜木古内間及び道南いさりび鉄道線・木古内〜五稜郭間相互は、「青春18きっぷ北海道新幹線オプション券(￥2,490)」を購入すれば片道1回のみ利用可能。木古内のみ途中下車可。'
 'あいの風とやま鉄道線の｢富山〜高岡間｣は、通過利用する場合に限り普通列車(快速含む)について運賃不要。途中下車不可。'
 'あいの風とやま鉄道・IRいしかわ鉄道線の｢富山・高岡〜津幡間｣は、通過利用する場合に限り普通列車(快速含む)について運賃不要。途中下車不可。'
 'ハピラインふくい線の｢敦賀〜越前花堂間｣は、通過利用する場合に限り普通列車(快速含む)について運賃不要。途中下車不可。'
 '乗車した列車が０時をまたがって運転される場合、０時を越えて最初に停車する駅まで有効。東京・大阪の電車区間は終電まで有効。'
 '宮島口からJR西日本宮島フェリーに乗船する場合は、別途現地にて宮島訪問税（100円）の支払いが必要。']",10,"ＪＲの主な駅,駅の旅行センター,営業支店,主な旅行会社",,,https://www.jrhokkaido.co.jp/CM/Otoku/007153/,"[{'text': 'ＪＲ北海道', 'url': 'https://www.jrhokkaido.co.jp/CM/Otoku/007153/'}
 {'text': 'ＪＲ東日本', 'url': 'https://www.jreast.co.jp/tickets/info.aspx?GoodsCd=2979'}
 {'text': 'ＪＲ東海', 'url': 'https://jr-central.co.jp/news/release/_pdf/000044517.pdf'}
 {'text': 'ＪＲ西日本', 'url': 'https://tickets.jr-odekake.net/shohindb/view/consumer/tokutoku/detail.html?shnId=125000282'}
 {'text': 'ＪＲ四国', 'url': 'https://www.jr-eki.com/ticket/brand/2-EQ0'}
 {'text': 'ＪＲ九州', 'url': 'https://www.jrkyushu.co.jp/common/inc/news/newtopics/__icsFiles/afieldfile/2025/09/02/20250902_Release_of_the_Autumn_Unlimited_Ride_Pass_and_the_Autumn_Unlimited_Ride_Pass_Hokkaido_Shinkansen_Option_Ticket.pdf'}]",,https://www2s.biglobe.ne.jp/~t_aoyagi/railway/free/autumn.htm,autumn.htm,2,2026-08-10 01:30:50.424840+00:00,秋の乗り放題パス,,,,https://www2s.biglobe.ne.jp/~t_aoyagi/railway/free/autumn.htm
jreast04,北海道＆東日本パス,ＪＲ北海道 ＪＲ東日本,['ＪＲ北海道 ＪＲ東日本'],1,FALSE,zenkoku,全国,全国,['全国'],kisetu,季節発売タイプ,季节发售,['実券'],TRUE,FALSE,period,2026/6/20  〜9/24,2026/6/20,2026/9/24,11780,5890,5890,"大人：11,780円／小人：5,890円",利用期間内の連続する７日間,7,"春季：2026年2月13日〜2026年4月16日 
 
夏季：2026年6月20日〜2026年9月24日 
 
冬季：2026年11月27日〜2027年1月5日","春季：2026年3月1日〜2026年4月22日 
 
夏季：2026年7月1日〜2026年9月30日 
 
冬季：2026年12月11日〜2027年1月11日","ＪＲ東日本：全線
 
 ＪＲ北海道：全線
 
 北越急行 ：全線
 
 青い森鉄道：全線
 
 ＩＧＲいわて銀河鉄道：全線",[],"東北・上越・北陸新幹線 北海道新幹線 在来線特急・急行 快速・普通 ＢＲＴ 
 寝台車 グリーン車 普通車指定 普通車自由 グリーン車指定 グリーン車自由 ライナー 指定 自由 
 × △*1 × × × △*2 
 *3 × ▲ ▲ ▲ ○ ○ 
 
 ○：乗車可 △：制限事項あり ▲：乗車券のみ有効 ×：乗車不可","['新青森〜新函館北斗間内相互発着利用の場合、特定特急券を購入すれば北海道新幹線の空席を利用可能'
 '新青森〜青森間相互利用の場合は、特急普通車自由席、全車指定席の普通列車(快速含む)の空席に乗車可'
 '新夕張〜新得間,東室蘭〜室蘭間相互利用の場合は、特急列車の空席に乗車可']",3,ＪＲ北海道、ＪＲ東日本の主な駅、駅の旅行センターおよび主な旅行会社,,,http://www.jreast.co.jp/tickets/info.aspx?GoodsCd=2962,"[{'text': 'ＪＲ東日本', 'url': 'http://www.jreast.co.jp/tickets/info.aspx?GoodsCd=2962'}
 {'text': 'ＪＲ北海道', 'url': 'https://www.jrhokkaido.co.jp/CM/Otoku/007213/'}]",,https://www2s.biglobe.ne.jp/~t_aoyagi/railway/free/jreast04.htm,jreast04.htm,3,2026-08-10 01:30:50.424840+00:00,北海道＆東日本パス,,,,https://www2s.biglobe.ne.jp/~t_aoyagi/railway/free/jreast04.htm
jreast203,大人の休日倶楽部パス(東日本･北海道),ＪＲ北海道 ＪＲ東日本,['ＪＲ北海道 ＪＲ東日本'],1,FALSE,zenkoku,全国,全国,['全国'],kaiin,会員限定タイプ,会员限定,['実券'],TRUE,FALSE,period,2026/7/31  〜9/7,2026/7/31,2026/9/7,,,28000,"大人の休日倶楽部会員限定 
 
 
 
 購入場所 グリーン車用 普通車用 
 えきねっと 51,000円 28,000円 
 窓口 設定なし 29,000円",５日間,5,"利用開始日の1ヵ月前から前日まで 
 
2026年5月23日〜2026年6月29日 
 
2026年7月31日〜2026年9月7日 
 
2026年12月18日〜2027年1月25日","2026年6月22日〜2026年7月4日 
 
2026年8月31日〜2026年9月12日 
 
2026年1月18日〜2027年1月30日","ＪＲ東日本：全線（新幹線含む）
 
 ＪＲ北海道：全線（新幹線含む）
 
 青い森鉄道：全線
 
 IGRいわて銀河鉄道：全線
 
 三陸鉄道：全線
 
 北越急行：全線
 
 伊豆急行：全線
 
 富士急行：全線
 
 えちごトキめき鉄道：直江津〜新井間
 
 ＢＲＴ：全線",[],"東海道新幹線 北海道･東北･秋田･山形 
 上越･北陸新幹線 在来線特急/急行 快速・普通 ＢＲＴ 
 グランクラス グリーン車 普通車指定 普通車自由 Ａ寝台車 Ｂ寝台車 グリーン車 普通車指定 普通車自由 グリーン車指定 グリーン車自由 ライナー 指定 自由 
 普通車用 × ▲ ▲ △ ○ ▲ ▲ ▲ △ ○ ▲ ▲ ▲ △ ○ ○ 
 グリーン車用 × ▲ △ △ ○ ▲ ▲ △ △ ○ △ ○ △ △ ○ ○ 
 
 ○：乗車可 △：合計６回まで利用可 ▲：乗車券のみ有効 
 ×：乗車不可","['大人の休日倶楽部会員限定。' '利用日当日の発売無し。(利用開始日の1カ月前から前日の発売)'
 '特急(東北・上越・山形・秋田・北陸新幹線を含む)急行・普通列車の自由席が利用可能。'
 '事前に座席指定を行えば、普通車指定席を６回まで利用することが出来る。'
 '富士急行の「フジサン特急」の展望車に乗車する場合は着席整理券必要。また、「富士登山電車」に乗車する場合も着席券が必要。'
 '東海道新幹線乗車不可。']",6,"JR東日本の主な駅の指定席券売機 
 びゅうプラザ・みどりの窓口 
 JR北海道の主な駅のみどりの窓口",ＪＲ東日本,,https://jre-ot9.jp/ticket/clubpass.html#overview,"[{'text': 'ＪＲ東日本・大人の休日倶楽部', 'url': 'https://jre-ot9.jp/ticket/clubpass.html#overview'}]",,https://www2s.biglobe.ne.jp/~t_aoyagi/railway/free/jreast203.htm,jreast203.htm,4,2026-08-10 01:30:50.424840+00:00,大人の休日倶楽部パス (東日本・北海道),"大人の休日倶楽部パス (東日本,東日本・北海道,北海道)の合計で、
普通車用：30,000枚/日、グリーン車用：1,000枚/期間",,,https://www2s.biglobe.ne.jp/~t_aoyagi/railway/free/jreast203.htm
jreast205,大人の休日パス(東日本・北海道スペシャル),ＪＲ北海道 ＪＲ東日本,['ＪＲ北海道 ＪＲ東日本'],1,FALSE,zenkoku,全国,全国,['全国'],kaiin,会員限定タイプ,会员限定,['実券'],TRUE,FALSE,ended,終了,,,,,26740,"大人の休日倶楽部会員 
 普通車用：26,740円 グリーン車用：50,250円",利用期間内の連続する５日間,5,2025年8月25日〜2025年9月29日,2025年9月25日〜2025年10月4日,"ＪＲ東日本：全線（新幹線含む）
 
 ＪＲ北海道：全線（新幹線含む）
 
 青い森鉄道：全線
 
 IGRいわて銀河鉄道：全線
 
 三陸鉄道：全線
 
 北越急行：全線
 
 伊豆急行：全線
 
 富士急行：全線
 
 えちごトキめき鉄道：直江津〜新井間
 
 ＢＲＴ：全線",[],"東海道新幹線 北海道新幹線 東北･秋田･山形 
 上越･長野新幹線 在来線特急/急行 快速・普通 ＢＲＴ 
 グランクラス グリーン車 普通車指定 グランクラス グリーン車 普通車指定 普通車自由 Ａ寝台車 Ｂ寝台車 グリーン車 普通車指定 普通車自由 グリーン車指定 グリーン車自由 ライナー 指定 自由 
 普通車用 × ▲ ▲ △ ▲ ▲ △ ○ ▲ ▲ ▲ △ ○ ▲ ▲ ▲ △ ○ ○ 
 グリーン車用 × ▲ △ △ ▲ △ △ ○ ▲ ▲ △ △ ○ △ △ ▲ △ ○ ○ 
 

 ○：乗車可 △：合計６回まで利用可 
 ▲：乗車券のみ有効 
 ×：乗車不可","['大人の休日倶楽部会員限定。' '利用日当日の発売無し。(利用開始日の1カ月前から前日の発売)'
 '特急(北海道・東北・上越・山形・秋田・北陸新幹線を含む)急行・普通列車の自由席が利用可能。'
 '事前に座席指定を行えば、普通車指定席を６回まで利用することが出来る。'
 '富士急行の「フジサン特急」の展望車に乗車する場合は着席整理券必要。また、「富士登山電車」に乗車する場合も着席券が必要。'
 '東海道新幹線乗車不可。']",6,えきねっと,ＪＲ東日本,,https://www.jrhokkaido.co.jp/CM/Otoku/007147/,"[{'text': 'ＪＲ北海道', 'url': 'https://www.jrhokkaido.co.jp/CM/Otoku/007147/'}
 {'text': 'ＪＲ東日本(普通車用)', 'url': 'https://www.jreast.co.jp/tickets/info.aspx?GoodsCd=2975'}
 {'text': 'ＪＲ北海道', 'url': 'https://www.jrhokkaido.co.jp/CM/Otoku/007148/'}
 {'text': 'ＪＲ東日本(グリーン車用)', 'url': 'https://www.jreast.co.jp/tickets/info.aspx?GoodsCd=2976'}
 {'text': 'ＪＲ東日本・大人の休日倶楽部', 'url': 'https://jre-ot9.jp/ticket/?header_link#special2309'}]",,https://www2s.biglobe.ne.jp/~t_aoyagi/railway/free/jreast205.htm,jreast205.htm,5,2026-08-10 01:30:50.424840+00:00,大人の休日パス (東日本・北海道スペシャル),,,,https://www2s.biglobe.ne.jp/~t_aoyagi/railway/free/jreast205.htm
jreast201,大人の休日倶楽部パス(東日本),ＪＲ東日本,['ＪＲ東日本'],1,FALSE,zenkoku,全国,全国,['全国'],kaiin,会員限定タイプ,会员限定,['実券'],TRUE,FALSE,period,2026/7/31  〜9/7,2026/7/31,2026/9/7,,,20000,"大人の休日倶楽部会員限定 
 
 購入場所 グリーン車用 普通車用 
 えきねっと 36,000円 20,000円 
 窓口 設定なし 21,000円",５日間,5,"利用開始日の1ヵ月前から前日まで 
 
2026年5月23日〜2026年6月29日 
 
2026年7月31日〜2026年9月7日 
 
2026年12月18日〜2027年1月25日","2026年6月22日〜2026年7月4日 
 
2026年8月31日〜2026年9月12日 
 
2026年1月18日〜2027年1月30日",,['https://www2s.biglobe.ne.jp/~t_aoyagi/railway/free/map/jreast201.gif'],"東海道新幹線 北海道新幹線 東北･秋田･山形 
 上越･北陸新幹線 在来線特急/急行 快速・普通 ＢＲＴ 
 グランクラス グリーン車 普通車指定 普通車自由 Ａ寝台車 Ｂ寝台車 グリーン車 普通車指定 普通車自由 グリーン車指定 グリーン車自由 ライナー 指定 自由 
 普通車用 × × ▲ ▲ △ ○ ▲ ▲ ▲ △ ○ ▲ ▲ ▲ △ ○ ○ 
 グリーン車用 × × ▲ △ △ ○ ▲ ▲ △ △ ○ △ ○ △ △ ○ ○ 
 
 ○：乗車可 △：合計６回まで利用可 ▲：乗車券のみ有効 
 ×：乗車不可","['大人の休日倶楽部会員限定。' '利用日当日の発売無し。(利用開始日の1カ月前から前日の発売)'
 '特急(東北・上越・山形・秋田・北陸新幹線を含む)急行・普通列車の自由席が利用可能。'
 '事前に座席指定を行えば、普通車指定席を６回まで利用することが出来る。'
 '富士急行の「フジサン特急」の展望車に乗車する場合は着席整理券必要。また、「富士登山電車」に乗車する場合も着席券が必要。'
 '東海道新幹線乗車不可。']",6,"JR東日本の主な駅の指定席券売機 
 びゅうプラザ・みどりの窓口",ＪＲ東日本,,https://jre-ot9.jp/ticket/clubpass.html#overview,"[{'text': 'ＪＲ東日本・大人の休日倶楽部', 'url': 'https://jre-ot9.jp/ticket/clubpass.html#overview'}]",,https://www2s.biglobe.ne.jp/~t_aoyagi/railway/free/jreast201.htm,jreast201.htm,6,2026-08-10 01:30:50.424840+00:00,大人の休日倶楽部パス (東日本),"大人の休日倶楽部パス (東日本,東日本・北海道,北海道)の合計で、
普通車用：30,000枚/日、グリーン車用：1,000枚/期間",,,https://www2s.biglobe.ne.jp/~t_aoyagi/railway/free/jreast201.htm
jreast221,大人の休日パス(東日本スペシャル),ＪＲ東日本,['ＪＲ東日本'],1,FALSE,zenkoku,全国,全国,['全国'],kaiin,会員限定タイプ,会员限定,['実券'],TRUE,FALSE,ended,終了,,,,,18800,"大人の休日倶楽部会員 
 普通車用：18,800円 グリーン車用：35,000円",利用期間内の連続する５日間,5,2025年8月25日〜2025年9月29日,2025年9月25日〜2025年10月4日,,['https://www2s.biglobe.ne.jp/~t_aoyagi/railway/free/map/jreast201.gif'],"東海道新幹線 東北･秋田･山形 
 上越･北陸新幹線 在来線特急/急行 快速・普通 ＢＲＴ 
 グラン グリーン車 普通車指定 普通車自由 Ａ寝台車 Ｂ寝台車 グリーン車 普通車指定 普通車自由 グリーン車指定 グリーン車自由 ライナー 指定 自由 
 × ▲ ▲ △ ○ ▲ ▲ ▲ △ ○ ▲ ▲ ▲ △ ○ ○ 
 
 ○：乗車可 △：合計６回まで利用可 ▲：乗車券のみ有効 
 ×：乗車不可","['大人の休日倶楽部会員限定。' '利用日当日の発売無し。(利用開始日の1カ月前から前日の発売)'
 '特急(東北・上越・山形・秋田・北陸新幹線を含む)急行・普通列車の自由席が利用可能。'
 '事前に座席指定を行えば、普通車指定席を６回まで利用することが出来る。'
 '富士急行の「フジサン特急」の展望車に乗車する場合は着席整理券必要。また、「富士登山電車」に乗車する場合も着席券が必要。'
 '東海道新幹線乗車不可。']",6,えきねっと,ＪＲ東日本,,https://www.jreast.co.jp/tickets/info.aspx?GoodsCd=2973,"[{'text': 'ＪＲ東日本(普通車用)', 'url': 'https://www.jreast.co.jp/tickets/info.aspx?GoodsCd=2973'}
 {'text': 'ＪＲ東日本(グリーン車用)', 'url': 'https://www.jreast.co.jp/tickets/info.aspx?GoodsCd=2974'}
 {'text': 'ＪＲ東日本・大人の休日倶楽部', 'url': 'https://jre-ot9.jp/ticket/special2411.html'}]",,https://www2s.biglobe.ne.jp/~t_aoyagi/railway/free/jreast221.htm,jreast221.htm,7,2026-08-10 01:30:50.424840+00:00,大人の休日パス 東日本スペシャル,,,,https://www2s.biglobe.ne.jp/~t_aoyagi/railway/free/jreast221.htm
jreast24,「旅せよ平日！JR東日本たびキュン 早割パス」,ＪＲ東日本,['ＪＲ東日本'],1,FALSE,zenkoku,全国,全国,['全国'],kikan,期間限定タイプ,期间限定,['実券'],TRUE,FALSE,ended,終了,,,10000,,10000,"1日用：大人 10,000円
2日用：大人 18,000円",1日間/2日間,1,"1日用：2026年1月12日〜2026年2月26日 
 
2日用：2026年1月12日〜2026年2月25日 
 
利用開始日の1か月前から14日前までの発売",2026年2月12日〜2026年3月12日の平日,,['https://www2s.biglobe.ne.jp/~t_aoyagi/railway/free/map/jreast24.gif'],"東海道新幹線 東北･秋田･山形･上越･北陸新幹線 北海道新幹線 在来線特急・急行 快速・普通 ＢＲＴ 
 グランクラス グリーン車 指定 自由 寝台車 グリーン車 普通車指定 普通車自由 グリーン車指定 グリーン車自由 ライナー 指定 自由 
 × ▲ ▲ △ ○ × ▲ ▲ △ ○ ▲ ▲ ▲ △ ○ ○ 
 
 ○：乗車可 
 
 △：1日用 2回まで有効、2日用 4回まで有効 
 
 ▲：乗車券のみ有効 ×：乗車不可","['普通車指定席(または立席)が2回まで利用可' 'ライナー、寝台車、グリーン車に乗車の場合は別途料金券が必要。'
 '東海道新幹線には乗車できない。']",3,えきねっと,ＪＲ東日本,,https://www.jreast.co.jp/tickets/info.aspx?GoodsCd=2985,"[{'text': 'ＪＲ東日本(1日用)', 'url': 'https://www.jreast.co.jp/tickets/info.aspx?GoodsCd=2985'}
 {'text': 'ＪＲ東日本(2日用)', 'url': 'https://www.jreast.co.jp/tickets/info.aspx?GoodsCd=2986'}]",,https://www2s.biglobe.ne.jp/~t_aoyagi/railway/free/jreast24.htm,jreast24.htm,8,2026-08-10 01:30:50.424840+00:00,旅せよ平日！JR東日本たびキュン 早割パス,,,,https://www2s.biglobe.ne.jp/~t_aoyagi/railway/free/jreast24.htm
jreast38,東日本のんびり旅パス,ＪＲ東日本,['ＪＲ東日本'],1,FALSE,zenkoku,全国,全国,['全国'],kikan,期間限定タイプ,期间限定,['実券'],TRUE,FALSE,ended,終了,,,9000,,9000,"大人：9,000円",３日間,3,2025年6月18日〜2025年12月24日,"2025年7月1日〜2025年12月26日 
 ※8月10日〜19日を除く",,['https://www2s.biglobe.ne.jp/~t_aoyagi/railway/free/map/jreast38.gif'],"東海道新幹線 東北・上越新幹線 在来線特急・急行 快速・普通 青い森鉄道 ＢＲＴ 
 のぞみ ひかり/こだま グリーン ライナー 指定 自由 
 × × × △ ▲ ▲ ▲ ○ □ ○ 
 
 ○：乗車可 ▲：乗車券のみ有効 ×：乗車不可 
 
 □：青森―野辺地、青森―八戸、野辺地―八戸間",['青い森鉄道線は、当日中にJR線へ乗り継ぐ場合に限る'],1,えきねっと,ＪＲ東日本 TEL:,,https://www.jreast.co.jp/tickets/info.aspx?GoodsCd=2959,"[{'text': 'ＪＲ東日本', 'url': 'https://www.jreast.co.jp/tickets/info.aspx?GoodsCd=2959'}]",,https://www2s.biglobe.ne.jp/~t_aoyagi/railway/free/jreast38.htm,jreast38.htm,9,2026-08-10 01:30:50.424840+00:00,東日本のんびり旅パス,,,,https://www2s.biglobe.ne.jp/~t_aoyagi/railway/free/jreast38.htm
jrwest136,WESTERポイント全線フリーきっぷ(全ポイント),ＪＲ西日本,['ＪＲ西日本'],1,FALSE,zenkoku,全国,全国,['全国'],kaiin,会員限定タイプ,会员限定,['実券'],TRUE,FALSE,ended,終了,,,,,,"大人：10,000ポイント/小人：5,000ポイント",2日間,2,"2026年5月11日〜2026年7月16日 
 2025年12月26日〜2026年3月19日","2026年6月1日〜2026年7月17日 
 2026年1月13日〜2026年3月20日 
 2025年7月16日〜2025年8月31日 
 2025年8月8日〜17日は利用不可","山陽新幹線：新大阪－博多
 
 北陸新幹線：敦賀－上越妙高
 
 在来線 ：全線
 
 智頭急行 ：全線",[],"東海道新幹線 山陽新幹線 北陸新幹線 在来線特急・急行 快速・普通 
 グリーン車 普通車指定 普通車自由 グランクラス グリーン車 普通車指定 普通車自由 寝台車 グリーン車 普通車指定 普通車自由 グリーン車指定 グリーン車自由 ライナー 指定 自由 
 × ▲ ○ ○ × ▲ ○ ○ × ▲ ○ ○ ▲ ▲ ▲ ○ ○ 
 
 ○：乗車可 ▲：乗車券のみ有効 ×：乗車不可 
 
 「サンライズ出雲・瀬戸」,「WEST EXPRESS 銀河」は乗車不可","['WESTERポイントでのみ購入可能' 'サンライズ出雲・サンライズ瀬戸は全設備利用不可'
 '継続乗車は、午前０時を過ぎて最初に停車する駅まで有効。電車特定区間内では最終列車まで有効。'
 'IRいしかわ鉄道線の金沢〜津幡間は、JR西日本線へ通過利用する場合に限り運賃・料金不要。'
 'ハピラインふくい線の福井〜越前花堂間は、JR西日本線へ通過利用する場合に限り運賃・料金不要。']",5,e5489 限定,ＪＲ西日本：,,http://tickets.jr-odekake.net/shohindb/view/consumer/tokutoku/detail.html?shnId=126000069,"[{'text': 'ＪＲ西日本', 'url': 'http://tickets.jr-odekake.net/shohindb/view/consumer/tokutoku/detail.html?shnId=126000069'}]",,https://www2s.biglobe.ne.jp/~t_aoyagi/railway/free/jrwest136.htm,jrwest136.htm,10,2026-08-10 01:30:50.424840+00:00,WESTERポイント全線フリーきっぷ（全ポイント）,,,,https://www2s.biglobe.ne.jp/~t_aoyagi/railway/free/jrwest136.htm
jrwest137,WESTERポイント全線フリーきっぷ(一部ポイント),ＪＲ西日本,['ＪＲ西日本'],1,FALSE,zenkoku,全国,全国,['全国'],kaiin,会員限定タイプ,会员限定,['実券'],TRUE,FALSE,ended,終了,,,16500,8500,8500,"大人：16,500円＋500ポイント 
 小人：8,500円＋500ポイント",2日間,2,"2026年5月11日〜2026年7月16日 
 2025年12月26日〜2026年3月19日","2026年6月1日〜2026年7月17日 
 2026年1月13日〜2026年3月20日 
 2025年7月16日〜2025年8月31日 
 2025年8月8日〜17日は利用不可","山陽新幹線：新大阪－博多
 
 北陸新幹線：敦賀－上越妙高
 
 在来線 ：全線
 
 智頭急行 ：全線",[],"東海道新幹線 山陽新幹線 北陸新幹線 在来線特急・急行 快速・普通 
 グリーン車 普通車指定 普通車自由 グランクラス グリーン車 普通車指定 普通車自由 寝台車 グリーン車 普通車指定 普通車自由 グリーン車指定 グリーン車自由 ライナー 指定 自由 
 × ▲ ○ ○ × ▲ ○ ○ × ▲ ○ ○ ▲ ▲ ▲ ○ ○ 
 
 ○：乗車可 ▲：乗車券のみ有効 ×：乗車不可 
 
 「サンライズ出雲・瀬戸」,「WEST EXPRESS 銀河」は乗車不可 
 
 普通車指定席は6回まで利用可","['WESTERポイントでのみ購入可能' 'サンライズ出雲・サンライズ瀬戸は全設備利用不可'
 '継続乗車は、午前０時を過ぎて最初に停車する駅まで有効。電車特定区間内では最終列車まで有効。'
 'IRいしかわ鉄道線の金沢〜津幡間は、JR西日本線へ通過利用する場合に限り運賃・料金不要。'
 'ハピラインふくい線の福井〜越前花堂間は、JR西日本線へ通過利用する場合に限り運賃・料金不要。']",5,e5489 限定,ＪＲ西日本：,,https://tickets.jr-odekake.net/shohindb/view/consumer/tokutoku/detail.html?shnId=126000068,"[{'text': 'ＪＲ西日本', 'url': 'https://tickets.jr-odekake.net/shohindb/view/consumer/tokutoku/detail.html?shnId=126000068'}]",,https://www2s.biglobe.ne.jp/~t_aoyagi/railway/free/jrwest137.htm,jrwest137.htm,11,2026-08-10 01:30:50.424840+00:00,WESTERポイント全線フリーきっぷ（一部ポイント）,,,,https://www2s.biglobe.ne.jp/~t_aoyagi/railway/free/jrwest137.htm
jrwest138,WESTERポイント山陽新幹線フリーパス,ＪＲ西日本,['ＪＲ西日本'],1,FALSE,zenkoku,全国,全国,['全国'],kaiin,会員限定タイプ,会员限定,['実券'],TRUE,FALSE,ended,終了,,,,,,"大人：5,000ポイント／小人：2,500ポイント",1日間,1,"2024年11月1日〜2024年12月26日 
 1ヶ月前から当日まで発売",2024年11月5日〜2024年9月26日,,['https://www2s.biglobe.ne.jp/~t_aoyagi/railway/free/map/jrwest138.gif'],"東海道新幹線 山陽新幹線 北陸新幹線 在来線特急・急行 快速・普通 
 グリーン車 普通車指定 普通車自由 グランクラス グリーン車 普通車指定 普通車自由 寝台車 グリーン車 普通車指定 普通車自由 グリーン車指定 グリーン車自由 ライナー 指定 自由 
 × △*2 △*2 ○*2 × × × × × × × × × × × × ○ 
 
 ○：乗車可 △：6回まで可 ▲：乗車券のみ有効 ×：乗車不可","['WESTERポイントでのみ購入可能' '「みずほ」,「さくら」は乗車不可' '継続乗車は最終列車まで有効。']",3,e5489 限定,ＪＲ西日本：,,http://tickets.jr-odekake.net/shohindb/view/consumer/tokutoku/detail.html?shnId=124000436,"[{'text': 'ＪＲ西日本', 'url': 'http://tickets.jr-odekake.net/shohindb/view/consumer/tokutoku/detail.html?shnId=124000436'}]",,https://www2s.biglobe.ne.jp/~t_aoyagi/railway/free/jrwest138.htm,jrwest138.htm,12,2026-08-10 01:30:50.424840+00:00,WESTERポイント山陽新幹線フリーパス,,,,https://www2s.biglobe.ne.jp/~t_aoyagi/railway/free/jrwest138.htm
jrhokkaido01,北海道フリーパス,ＪＲ北海道,['ＪＲ北海道'],1,FALSE,hokkaido,北海道,北海道,['北海道'],tunen,通年発売タイプ,全年发售,['実券'],TRUE,FALSE,on_sale,発売中,,,28000,,28000,"販売 大人 小人 
 窓口 29,000円 － 
 えきねっと 28,000円 －",７日,7,通年,"通年 
 ただし、4月27日〜5月6日、8月10日〜19日、12月28日〜1月6日は利用不可。",,['https://www2s.biglobe.ne.jp/~t_aoyagi/railway/free/map/jrhokkaido01.gif'],"北海道新幹線 在来線特急・急行列車 快速・普通 ジェイ・アール北海道バス 
 グリーン車 普通車個室 普通車指定 普通車自由 ライナー 指定 SL 自由 
 × ▲ ▲ △ ○ ▲ △ ▲ ○ ○ 
 
 ○：乗車可 
 △：６回まで利用可。７回以上は乗車券のみ有効 
 ▲：乗車券のみ有効 ×：乗車不可","['特急の普通車指定席を６回まで利用可。'
 '座席未指定券を発売する特急列車に乗車する場合は、きっぷ本券のみで「普通車指定席の空いている席」を利用できる' '北海道新幹線は利用不可'
 'ジェイ・アール北海道バス線のうち、札幌〜旭川・帯広・紋別・キロロ・広尾間,苫小牧〜えりも間の都市間バス及び臨時バス路線は利用不可。'
 '札幌〜小樽間の高速バスは、ジェイ・アール北海道バス便に限り乗車可']",5,ＪＲ北海道の主な駅,ＪＲ北海道：,,https://www.jrhokkaido.co.jp/CM/Otoku/007218/,"[{'text': 'ＪＲ北海道', 'url': 'https://www.jrhokkaido.co.jp/CM/Otoku/007218/'}]",,https://www2s.biglobe.ne.jp/~t_aoyagi/railway/free/jrhokkaido01.htm,jrhokkaido01.htm,1,2026-08-10 01:30:50.424840+00:00,北海道フリーパス,,,,https://www2s.biglobe.ne.jp/~t_aoyagi/railway/free/jrhokkaido01.htm
jrhokkaido11,北海道まんなか のんびり列車パス,ＪＲ北海道,['ＪＲ北海道'],1,FALSE,hokkaido,北海道,北海道,['北海道'],kisetu,季節発売タイプ,季节发售,['デジタル'],FALSE,TRUE,period,2026/4/18  〜11/8,2026/4/18,2026/11/8,3300,1650,1650,"券種 大人 小人 
 1日間用 3,300円 1,650円 
 2日間用 5,600円 2,800円 
 3日間用 6,900円 3,450円",１日／２日／３日,1,"1日間用 2026年4月18日〜2026年11月8日 
 2日間用 2026年4月18日〜2026年11月7日 
 3日間用 2026年4月18日〜2026年11月6日",2026年4月18日〜2026年11月8日,,['https://www2s.biglobe.ne.jp/~t_aoyagi/railway/free/map/jrhokkaido11.gif'],"北海道新幹線 特急・急行 快速・普通 
 グリーン車 指定 自由 立席 ライナー ＳＬ 指定 自由 
 × × × × × ▲ ▲ ▲ ○ 
 
 ○：乗車可 ▲：乗車券のみ有効 ×：乗車不可",['特急・急行列車には乗車不可。'],1,JR北海道ePass,ＪＲ北海道：,,https://www.jrhokkaido.co.jp/CM/Otoku/007247/,"[{'text': 'ＪＲ北海道', 'url': 'https://www.jrhokkaido.co.jp/CM/Otoku/007247/'}]",,https://www2s.biglobe.ne.jp/~t_aoyagi/railway/free/jrhokkaido11.htm,jrhokkaido11.htm,2,2026-08-10 01:30:50.424840+00:00,北海道まんなか のんびり列車パス,,,,https://www2s.biglobe.ne.jp/~t_aoyagi/railway/free/jrhokkaido11.htm
jrhokkaido13,一日散歩きっぷ,ＪＲ北海道,['ＪＲ北海道'],1,FALSE,hokkaido,北海道,北海道,['北海道'],kisetu,季節発売タイプ,季节发售,['実券'],TRUE,FALSE,period,2026/4/18  〜11/8,2026/4/18,2026/11/8,2730,1360,1360,"大人：2,730円／小人：1,360円",１日,1,"2026年4月18日〜2026年11月8日までの土曜・休日 
 乗車当日朝から発売",2026年4月18日〜2026年11月8日までの土曜・休日,,['https://www2s.biglobe.ne.jp/~t_aoyagi/railway/free/map/jrhokkaido13.gif'],"北海道新幹線 特急・急行 快速・普通 
 グリーン車 指定 自由 立席 ライナー ＳＬ 指定 自由 
 × × × × × ▲ ▲ ▲ ○ 
 
 ○：乗車可 ▲：乗車券のみ有効 ×：乗車不可",['特急・急行列車には乗車不可。' '新夕張－新得間のみを利用する場合、同区間の特急普通車自由席に乗車可。'],2,"小樽,南小樽,小樽築港,銭函,星置,手稲,稲積公園,発寒,発寒中央,琴似,桑園,札幌,苗穂,白石,厚別,森林公園,大麻,野幌,高砂,江別,幌向,岩見沢,八軒,新川,新琴似,篠路,拓北,あいの里教育大,石狩当別,平和,新札幌,上野幌,北広島,島松,恵み野,恵庭,千歳",ＪＲ北海道：,,https://www.jrhokkaido.co.jp/CM/Otoku/007248/,"[{'text': 'ＪＲ北海道', 'url': 'https://www.jrhokkaido.co.jp/CM/Otoku/007248/'}]",,https://www2s.biglobe.ne.jp/~t_aoyagi/railway/free/jrhokkaido13.htm,jrhokkaido13.htm,3,2026-08-10 01:30:50.424840+00:00,一日散歩きっぷ,,,,https://www2s.biglobe.ne.jp/~t_aoyagi/railway/free/jrhokkaido13.htm
jrhokkaido22,ラベンダーフリーパス,ＪＲ北海道,['ＪＲ北海道'],1,FALSE,hokkaido,北海道,北海道,['北海道'],kisetu,季節発売タイプ,季节发售,['実券'],TRUE,FALSE,ended,終了,,,3050,1520,1520,"大人：3,050円／小人：1,520円",１日,1,2025年3月26日〜2025年10月13日,2025年4月26日〜2025年10月13日,,['https://www2s.biglobe.ne.jp/~t_aoyagi/railway/free/map/jrhokkaido22.gif'],"在来線特急列車 本州寝台特急 急行 快速・普通 
 グリーン車 普通車個室 普通車指定 普通車自由 普通車指定 普通車自由 Ｂ寝台 ライナー 指定 自由 
 ▲ ▲ ▲ ▲ － － － － ▲ ▲ ○ 
 
 ○：乗車可 ▲：乗車券のみ有効 ×：乗車不可 －：適用外",['特急列車は別途特急料金が必要。(乗車券のみ有効)' '普通列車指定席を利用する場合は別途指定席券が必要。'],2,"JR北海道の主な駅の指定席券売機,みどりの窓口 
 旅行センター及び主な旅行会社",ＪＲ北海道：,,https://www.jrhokkaido.co.jp/CM/Otoku/007145/,"[{'text': 'ＪＲ北海道', 'url': 'https://www.jrhokkaido.co.jp/CM/Otoku/007145/'}]",,https://www2s.biglobe.ne.jp/~t_aoyagi/railway/free/jrhokkaido22.htm,jrhokkaido22.htm,4,2026-08-10 01:30:50.424840+00:00,ラベンダーフリーパス,,,,https://www2s.biglobe.ne.jp/~t_aoyagi/railway/free/jrhokkaido22.htm
jrhokkaido54,大人の休日倶楽部パス（北海道）,ＪＲ北海道,['ＪＲ北海道'],1,FALSE,hokkaido,北海道,北海道,['北海道'],kaiin,会員限定タイプ,会员限定,['実券'],TRUE,FALSE,period,2026/7/31  〜9/7,2026/7/31,2026/9/7,,,18070,"大人の休日倶楽部会員限定 
 
 購入場所 グリーン車用 普通車用 
 えきねっと 36,050円 18,070円 
 窓口 設定なし 19,070円",５日間,5,"利用開始日の1ヵ月前から前日まで 
 
2026年5月23日〜2026年6月29日 
 
2026年7月31日〜2026年9月7日 
 
2026年12月18日〜2027年1月25日","2026年6月22日〜2026年7月4日 
 
2026年8月31日〜2026年9月12日 
 
2026年1月18日〜2027年1月30日",,['https://www2s.biglobe.ne.jp/~t_aoyagi/railway/free/map/jrhokkaido01.gif'],"東海道新幹線 北海道新幹線 東北･秋田･山形 
 上越･北陸新幹線 在来線特急/急行 快速・普通 ＢＲＴ 
 Ａ寝台車 Ｂ寝台車 グリーン車 普通車指定 普通車自由 グリーン車指定 グリーン車自由 ライナー 指定 自由 
 普通車用 × × × ▲ ▲ ▲ △ ○ ▲ ▲ ▲ △ ○ － 
 グリーン車用 × × × ▲ ▲ △ △ ○ △ ○ △ △ ○ － 
 
 ○：乗車可 △：合計６回まで利用可 ▲：乗車券のみ有効 
 ×：乗車不可","['大人の休日倶楽部会員限定。購入時・利用時に大人の休日倶楽部会員証の提示が必要。' '指定席は6回まで利用可。'
 '指定席の変更は列車出発前１回に限り変更可能。' 'グリーン席・寝台利用時は、グリーン料金・寝台料金のほか、特急料金も必要。']",4,"えきねっと 
 JR北海道の主な駅のみどりの窓口",ＪＲ北海道：,,https://jre-ot9.jp/ticket/clubpass.html#overview,"[{'text': 'ＪＲ東日本・大人の休日倶楽部', 'url': 'https://jre-ot9.jp/ticket/clubpass.html#overview'}]",,https://www2s.biglobe.ne.jp/~t_aoyagi/railway/free/jrhokkaido54.htm,jrhokkaido54.htm,5,2026-08-10 01:30:50.424840+00:00,大人の休日倶楽部パス（北海道）,"大人の休日倶楽部パス (東日本,東日本・北海道,北海道)の合計で、
普通車用：30,000枚/日、グリーン車用：1,000枚/期間",,,https://www2s.biglobe.ne.jp/~t_aoyagi/railway/free/jrhokkaido54.htm
jrhokkaido55,大人の休日パス(北海道スペシャル),ＪＲ北海道,['ＪＲ北海道'],1,FALSE,hokkaido,北海道,北海道,['北海道'],kaiin,会員限定タイプ,会员限定,['実券'],TRUE,FALSE,ended,終了,,,,,18070,"大人の休日倶楽部会員 
 普通車用：18,070円 グリーン車用：36,050円",利用期間内の連続する５日間,5,2025年8月25日〜2025年9月29日,2025年9月25日〜2025年10月4日,,['https://www2s.biglobe.ne.jp/~t_aoyagi/railway/free/map/jrhokkaido01.gif'],"東海道新幹線 北海道新幹線 東北･秋田･山形 
 上越･長野新幹線 在来線特急/急行 快速・普通 ＢＲＴ 
 Ａ寝台車 Ｂ寝台車 グリーン車 普通車指定 普通車自由 グリーン車指定 グリーン車自由 ライナー 指定 自由 
 普通車用 × × × ▲ ▲ ▲ △ ○ ▲ ▲ ▲ △ ○ ○ 
 グリーン車用 × × × ▲ ▲ △ △ ○ △ △ ▲ △ ○ ○ 
 
 ○：乗車可 △：合計６回まで利用可 
 ▲：乗車券のみ有効 ×：乗車不可","['大人の休日倶楽部会員限定。' '指定席は6回まで利用可。' '指定席の変更は列車出発前１回に限り変更可能。'
 'グリーン席・寝台利用時は、グリーン料金・寝台料金のほか、特急料金も必要。']",4,えきねっと,ＪＲ北海道：,,https://www.jrhokkaido.co.jp/CM/Otoku/007149/,"[{'text': 'ＪＲ北海道', 'url': 'https://www.jrhokkaido.co.jp/CM/Otoku/007149/'}
 {'text': 'ＪＲ北海道', 'url': 'https://www.jrhokkaido.co.jp/CM/Otoku/007150/'}
 {'text': 'ＪＲ東日本・大人の休日倶楽部', 'url': 'https://jre-ot9.jp/ticket/?header_link#special2309'}]",,https://www2s.biglobe.ne.jp/~t_aoyagi/railway/free/jrhokkaido55.htm,jrhokkaido55.htm,6,2026-08-10 01:30:50.424840+00:00,大人の休日パス 北海道スペシャル,,,,https://www2s.biglobe.ne.jp/~t_aoyagi/railway/free/jrhokkaido55.htm
jrhokkaido91,はこだて旅するパスポート,ＪＲ北海道,['ＪＲ北海道'],1,FALSE,hokkaido,北海道,北海道,['北海道'],kikan,期間限定タイプ,期间限定,['実券' 'デジタル'],TRUE,TRUE,period,〜2027/3/31,,2027/3/31,3000,1500,1500,"券種 大人 小人 
 1日用 きっぷ版 3,000円 1,500円 
 電子チケット 3,000円 1,500円 
 2日用 きっぷ版 4,500円 2,250円 
 電子チケット 4,500円 2,250円",,,,,,['https://www2s.biglobe.ne.jp/~t_aoyagi/railway/free/map/jrhokkaido91.gif'],"北海道新幹線 特急・急行 快速・普通 
 グリーン車 指定 自由 立席 ライナー ＳＬ 指定 自由 
 × ▲ ▲ ▲ ▲ ▲ ▲ ▲ ○ 
 
 ○：乗車可 ▲：乗車券のみ有効 ×：乗車不可",[],0,"きっぷ版：函館,五稜郭,七飯,大沼公園,森,八雲,長万部,奥津軽いまべつ,木古内,新函館北斗 
 電子チケット：「 DohNa!! 」",ＪＲ北海道：,,https://www.jrhokkaido.co.jp/CM/Otoku/007200/,"[{'text': 'ＪＲ北海道', 'url': 'https://www.jrhokkaido.co.jp/CM/Otoku/007200/'}
 {'text': '函館市企業局交通部', 'url': 'https://www.city.hakodate.hokkaido.jp/docs/2014012100977/#tabipass'}
 {'text': '道南いさりび鉄道', 'url': 'https://www.cithttps://www.shr-isaribi.jp/ticket-guide/otoku/y.hakodate.hokkaido.jp/docs/2014012100977/#tabipass'}
 {'text': '函館バス', 'url': 'https://hakobus.co.jp/visitors/tourist-passes/#section-h3-04'}]",,https://www2s.biglobe.ne.jp/~t_aoyagi/railway/free/jrhokkaido91.htm,jrhokkaido91.htm,7,2026-08-10 01:30:50.424840+00:00,はこだて旅するパスポート,,,,https://www2s.biglobe.ne.jp/~t_aoyagi/railway/free/jrhokkaido91.htm
jrhokkaido93,Peachひがし北海道フリーパス,ＪＲ北海道,['ＪＲ北海道'],1,FALSE,hokkaido,北海道,北海道,['北海道'],kikan,期間限定タイプ,期间限定,['実券'],TRUE,FALSE,period,2026/4/1  〜2027/3/31,2026/4/1,2027/3/31,20810,,20810,"大人：20,810円／U25(25歳以下)：16,950円",4日間,4,2026年4月1日〜2027年3月31日,"2026年4月1日〜2027年4月4日 
 購入当日もしくは翌日から有効",,['https://www2s.biglobe.ne.jp/~t_aoyagi/railway/free/map/jrhokkaido93.gif'],"北海道新幹線 特急・急行 快速・普通 
 グリーン車 指定 自由 立席 ライナー ＳＬ 指定 自由 
 × ▲ △ ▲ ○ ▲ ▲ △ ○ 
 
 ○：乗車可 ▲：乗車券のみ有効 ×：乗車不可 
 
 △：合計5回まで利用可能 －：設定なし","['2026年4月27日〜2026年5月6日,2026年8月10日〜2026年8月19日,2026年12月28日〜2027年1月6日は利用できない。'
 'U25用は購入時に年齢を確認できる公的機での証明書必要']",2,新千歳空港駅の指定席券売機、話せる券売機,ＪＲ北海道：,,https://www.jrhokkaido.co.jp/CM/Otoku/007245/,"[{'text': 'ＪＲ北海道', 'url': 'https://www.jrhokkaido.co.jp/CM/Otoku/007245/'}
 {'text': 'ＪＲ北海道', 'url': 'https://www.jrhokkaido.co.jp/travel/freepass/'}]",,https://www2s.biglobe.ne.jp/~t_aoyagi/railway/free/jrhokkaido93.htm,jrhokkaido93.htm,8,2026-08-10 01:30:50.424840+00:00,Peachひがし北海道フリーパス,,,,https://www2s.biglobe.ne.jp/~t_aoyagi/railway/free/jrhokkaido93.htm
jrhokkaido87,FDAひがし北海道フリーパス,ＪＲ北海道,['ＪＲ北海道'],1,FALSE,hokkaido,北海道,北海道,['北海道'],kikan,期間限定タイプ,期间限定,['実券'],TRUE,FALSE,period,2026/4/1  〜2027/3/31,2026/4/1,2027/3/31,20810,,20810,"大人：20,810円／U25(25歳以下)：16,950円",4日間,4,2026年4月1日〜2027年3月31日,"2026年4月1日〜2027年4月4日 
 購入当日もしくは翌日から有効",,['https://www2s.biglobe.ne.jp/~t_aoyagi/railway/free/map/jrhokkaido93.gif'],"北海道新幹線 特急・急行 快速・普通 
 グリーン車 指定 自由 立席 ライナー ＳＬ 指定 自由 
 × ▲ △ ▲ ○ ▲ ▲ △ ○ 
 
 ○：乗車可 ▲：乗車券のみ有効 ×：乗車不可 
 
 △：合計5回まで利用可能 －：設定なし","['2026年4月27日〜2026年5月6日,2026年8月10日〜2026年8月19日,2026年12月28日〜2027年1月6日は利用できない。'
 'U25用は購入時に年齢を確認できる公的機での証明書必要']",2,新千歳空港駅の指定席券売機、話せる券売機,ＪＲ北海道：,,https://www.jrhokkaido.co.jp/CM/Otoku/007245/,"[{'text': 'ＪＲ北海道', 'url': 'https://www.jrhokkaido.co.jp/CM/Otoku/007245/'}
 {'text': 'ＪＲ北海道', 'url': 'https://www.jrhokkaido.co.jp/travel/freepass_fda/'}
 {'text': 'FDA', 'url': 'https://www.fujidream.co.jp/campaign/hokkaido-freepass/'}]",,https://www2s.biglobe.ne.jp/~t_aoyagi/railway/free/jrhokkaido87.htm,jrhokkaido87.htm,9,2026-08-10 01:30:50.424840+00:00,FDAひがし北海道フリーパス,,,,https://www2s.biglobe.ne.jp/~t_aoyagi/railway/free/jrhokkaido87.htm
jrhokkaido95,Peachきた北海道フリーパス,ＪＲ北海道,['ＪＲ北海道'],1,FALSE,hokkaido,北海道,北海道,['北海道'],kikan,期間限定タイプ,期间限定,['実券'],TRUE,FALSE,period,2026/4/1  〜2027/3/31,2026/4/1,2027/3/31,16670,,16670,"大人：16,670円／U25(25歳以下)：13,990円",3日間,3,2026年4月1日〜2027年3月31日,"2026年4月1日〜2027年4月3日 
 購入当日もしくは翌日から有効",,['https://www2s.biglobe.ne.jp/~t_aoyagi/railway/free/map/jrhokkaido95.gif'],"北海道新幹線 特急・急行 快速・普通 
 グリーン車 指定 自由 立席 ライナー ＳＬ 指定 自由 
 × ▲ △ ▲ ○ ▲ ▲ △ ○ 
 
 ○：乗車可 ▲：乗車券のみ有効 ×：乗車不可 
 
 △：合計5回まで利用可能 －：設定なし","['2026年4月27日〜2026年5月6日,2026年8月10日〜2026年8月19日,2026年12月28日〜2027年1月6日は利用できない。'
 'U25用は購入時に年齢を確認できる公的機での証明書必要']",2,新千歳空港駅の指定席券売機、話せる券売機,ＪＲ北海道：,,https://www.jrhokkaido.co.jp/CM/Otoku/007015/,"[{'text': 'ＪＲ北海道', 'url': 'https://www.jrhokkaido.co.jp/CM/Otoku/007015/'}
 {'text': 'ＪＲ北海道', 'url': 'https://www.jrhokkaido.co.jp/travel/freepass/'}]",,https://www2s.biglobe.ne.jp/~t_aoyagi/railway/free/jrhokkaido95.htm,jrhokkaido95.htm,10,2026-08-10 01:30:50.424840+00:00,Peachきた北海道フリーパス,,,,https://www2s.biglobe.ne.jp/~t_aoyagi/railway/free/jrhokkaido95.htm
jrhokkaido86,FDAきた北海道フリーパス,ＪＲ北海道,['ＪＲ北海道'],1,FALSE,hokkaido,北海道,北海道,['北海道'],kikan,期間限定タイプ,期间限定,['実券'],TRUE,FALSE,period,2026/4/1  〜2027/3/31,2026/4/1,2027/3/31,16670,,16670,"大人：16,670円／U25(25歳以下)：13,990円",3日間,3,2026年4月1日〜2027年3月31日,"2026年4月1日〜2027年4月3日 
 購入当日もしくは翌日から有効",,['https://www2s.biglobe.ne.jp/~t_aoyagi/railway/free/map/jrhokkaido95.gif'],"北海道新幹線 特急・急行 快速・普通 
 グリーン車 指定 自由 立席 ライナー ＳＬ 指定 自由 
 × ▲ △ ▲ ○ ▲ ▲ △ ○ 
 
 ○：乗車可 ▲：乗車券のみ有効 ×：乗車不可 
 
 △：合計5回まで利用可能 －：設定なし","['2026年4月27日〜2026年5月6日,2026年8月10日〜2026年8月19日,2026年12月28日〜2027年1月6日は利用できない。'
 'U25用は購入時に年齢を確認できる公的機での証明書必要']",2,新千歳空港駅の指定席券売機、話せる券売機,ＪＲ北海道：,,https://www.jrhokkaido.co.jp/CM/Otoku/007015/,"[{'text': 'ＪＲ北海道', 'url': 'https://www.jrhokkaido.co.jp/CM/Otoku/007015/'}
 {'text': 'ＪＲ北海道', 'url': 'https://www.jrhokkaido.co.jp/travel/freepass_fda/'}
 {'text': 'FDA', 'url': 'https://www.fujidream.co.jp/campaign/hokkaido-freepass/'}]",,https://www2s.biglobe.ne.jp/~t_aoyagi/railway/free/jrhokkaido86.htm,jrhokkaido86.htm,11,2026-08-10 01:30:50.424840+00:00,FDAきた北海道フリーパス,,,,https://www2s.biglobe.ne.jp/~t_aoyagi/railway/free/jrhokkaido86.htm
jrhokkaido88,ANAきた北海道フリーパス,ＪＲ北海道,['ＪＲ北海道'],1,FALSE,hokkaido,北海道,北海道,['北海道'],kikan,期間限定タイプ,期间限定,['実券'],TRUE,FALSE,period,2026/4/1  〜2027/3/31,2026/4/1,2027/3/31,16670,,16670,"大人：16,670円／U25(25歳以下)：13,990円",3日間,3,2026年4月1日〜2027年3月31日,"2026年4月1日〜2027年4月3日 
 購入当日もしくは翌日から有効",,['https://www2s.biglobe.ne.jp/~t_aoyagi/railway/free/map/jrhokkaido95.gif'],"北海道新幹線 特急・急行 快速・普通 
 グリーン車 指定 自由 立席 ライナー ＳＬ 指定 自由 
 × ▲ △ ▲ ○ ▲ ▲ △ ○ 
 
 ○：乗車可 ▲：乗車券のみ有効 ×：乗車不可 
 
 △：合計5回まで利用可能 －：設定なし","['2026年4月27日〜2026年5月6日,2026年8月10日〜2026年8月19日,2026年12月28日〜2027年1月6日は利用できない。'
 'U25用は購入時に年齢を確認できる公的機での証明書必要']",2,新千歳空港駅の指定席券売機、話せる券売機,ＪＲ北海道：,,https://www.jrhokkaido.co.jp/CM/Otoku/007015/,"[{'text': 'ＪＲ北海道', 'url': 'https://www.jrhokkaido.co.jp/CM/Otoku/007015/'}
 {'text': 'ＪＲ北海道', 'url': 'https://www.jrhokkaido.co.jp/travel/freepass_ana/'}]",,https://www2s.biglobe.ne.jp/~t_aoyagi/railway/free/jrhokkaido88.htm,jrhokkaido88.htm,12,2026-08-10 01:30:50.424840+00:00,ANAきた北海道フリーパス,,,,https://www2s.biglobe.ne.jp/~t_aoyagi/railway/free/jrhokkaido88.htm
jrhokkaido107,網走＆小清水＆知床ぐる旅パスポート,ＪＲ北海道,['ＪＲ北海道'],1,FALSE,hokkaido,北海道,北海道,['北海道'],kikan,期間限定タイプ,期间限定,['デジタル'],FALSE,TRUE,ended,終了,,,4500,,4500,"券種 大人 小人 有効期間 
 網走・小清水フリーパス 4,500円 － 36時間 
 網走・小清水・女満別空港フリーパス 
 女満別空港連絡バス付き 5,000円 － 36時間 
 網走・小清水・女満別空港フリーパス 
 どこバス+plusエアポート付き 6,000円 － 36時間 
 知床・網走・小清水・女満別空港フリーパス 
 知床エアポートライナー付き 9,800円 － 48時間",,,2025年7月15日〜2025年9月30日,2025年7月19日〜2025年9月30日,"券種 JR釧網線 どこバス+plus どこバス+plusエアポート 網走バス 斜里バス 
 浜小清水－網走 知床斜里－浜小清水 網走市内施設巡り 常呂線 小清水線 女満別空港連絡バス 網走線 知床線 知床エアポートライナー 
 網走・小清水フリーパス 〇 ー 〇 ー 〇 〇 〇 ー ー ー ー 
 網走・小清水・女満別空港フリーパス 
 女満別空港連絡バス付き 〇 ー 〇 ー 〇 〇 〇 〇 ー ー ー 
 網走・小清水・女満別空港フリーパス 
 どこバス+plusエアポート付き 〇 ー 〇 〇 〇 〇 〇 〇 ー ー ー 
 知床・網走・小清水・女満別空港フリーパス 
 知床エアポートライナー付き 〇 〇 〇 ー 〇 〇 〇 〇 〇 〇 〇",['https://www2s.biglobe.ne.jp/~t_aoyagi/railway/free/map/jrhokkaido107.gif'],"北海道新幹線 在来線特急・急行列車 快速・普通 ジェイ・アール北海道バス 
 グリーン車 普通車個室 普通車指定 普通車自由 ライナー 指定 自由 
 × × × × × × ▲ ○ × 
 
 ○：乗車可 △：６回まで利用可 ▲：乗車券のみ有効 ×：乗車不可",[],0,Okho Navi(オホナビ),ＪＲ北海道：,,https://www.jrhokkaido.co.jp/CM/Otoku/007146/,"[{'text': 'ＪＲ北海道', 'url': 'https://www.jrhokkaido.co.jp/CM/Otoku/007146/'}
 {'text': 'バス＆JR ぐる旅パスポート', 'url': 'https://gurutabi.dokobus-abashiri.jp/product/'}]",,https://www2s.biglobe.ne.jp/~t_aoyagi/railway/free/jrhokkaido107.htm,jrhokkaido107.htm,13,2026-08-10 01:30:50.424840+00:00,網走＆小清水＆知床ぐる旅パスポート,,,,https://www2s.biglobe.ne.jp/~t_aoyagi/railway/free/jrhokkaido107.htm
jrhokkaido113,釧網線フリーパス,ＪＲ北海道,['ＪＲ北海道'],1,FALSE,hokkaido,北海道,北海道,['北海道'],kikan,期間限定タイプ,期间限定,['デジタル'],FALSE,TRUE,ended,終了,,,5400,2700,2700,"大人：5,400円／小人：2,700円",３日間,3,2026年6月26日〜2027年2月28日,2026年7月1日〜2027年2月26日,,['https://www2s.biglobe.ne.jp/~t_aoyagi/railway/free/map/jrhokkaido113.gif'],"北海道新幹線 在来線特急・急行列車 快速・普通 
 グリーン車 普通車個室 普通車指定 普通車自由 寝台 ライナー ＳＬ 指定 自由 
 × × × × × × × ▲ ▲ ○ 
 
 ○：乗車可 ▲：乗車券のみ有効 ×：乗車不可",[],0,JR北海道ePass ぐるっと北海道 JAL MaaS,ＪＲ北海道：,,https://www.jrhokkaido.co.jp/CM/Otoku/007252/,"[{'text': 'ＪＲ北海道', 'url': 'https://www.jrhokkaido.co.jp/CM/Otoku/007252/'}]",,https://www2s.biglobe.ne.jp/~t_aoyagi/railway/free/jrhokkaido113.htm,jrhokkaido113.htm,14,2026-08-10 01:30:50.424840+00:00,釧網線フリーパス,"不明 
 発売枚数の上限に達し次第、発売終了。",,,https://www2s.biglobe.ne.jp/~t_aoyagi/railway/free/jrhokkaido113.htm
jrhokkaido114,地球探索鉄道花咲線フリーパス,ＪＲ北海道,['ＪＲ北海道'],1,FALSE,hokkaido,北海道,北海道,['北海道'],kikan,期間限定タイプ,期间限定,['デジタル'],FALSE,TRUE,ended,終了,,,40200,2000,2000,"大人：4,0200円／小人：2,000円",３日間,3,2026年6月26日〜2027年2月28日,2026年7月1日〜2027年2月26日,,['https://www2s.biglobe.ne.jp/~t_aoyagi/railway/free/map/jrhokkaido114.gif'],"北海道新幹線 在来線特急・急行列車 快速・普通 
 グリーン車 普通車個室 普通車指定 普通車自由 寝台 ライナー ＳＬ 指定 自由 
 × × × × × × × ▲ ▲ ○ 
 
 ○：乗車可 ▲：乗車券のみ有効 ×：乗車不可",[],0,JR北海道ePass ぐるっと北海道 JAL MaaS,ＪＲ北海道：,,https://www.jrhokkaido.co.jp/CM/Otoku/007152/,"[{'text': 'ＪＲ北海道', 'url': 'https://www.jrhokkaido.co.jp/CM/Otoku/007152/'}]",,https://www2s.biglobe.ne.jp/~t_aoyagi/railway/free/jrhokkaido114.htm,jrhokkaido114.htm,15,2026-08-10 01:30:50.424840+00:00,地球探索鉄道花咲線フリーパス,"不明 
 発売枚数の上限に達し次第、発売終了。",,,https://www2s.biglobe.ne.jp/~t_aoyagi/railway/free/jrhokkaido114.htm
jrhokkaido80,かみくるパス,ＪＲ北海道,['ＪＲ北海道'],1,FALSE,hokkaido,北海道,北海道,['北海道'],kikan,期間限定タイプ,期间限定,['デジタル'],FALSE,TRUE,ended,終了,,,3500,1750,1750,"大人 小人 
 １日乗車券 3,500円 1,750円 
 ２日乗車券 6,000円 3,000円 
 ３日乗車券 9,000円 4,500円","１日乗車券：１日間 
 ２日乗車券：２日間 
 ３日乗車券：３日間",1,"１日乗車券：2026年1月29日〜2026年2月28日 
 ２日乗車券：2026年1月29日〜2026年2月27日 
 ３日乗車券：2026年1月29日〜2026年2月26日",2026年1月29日〜2026年2月28日,,['https://www2s.biglobe.ne.jp/~t_aoyagi/railway/free/map/jrhokkaido80.gif'],"北海道新幹線 在来線特急・急行列車 快速・普通 ジェイ・アール北海道バス 
 グリーン車 普通車個室 普通車指定 普通車自由 ライナー 指定 自由 
 × × × × × × ▲ ○ × 
 
 ○：乗車可 ▲：乗車券のみ有効 ×：乗車不可",[],0,ＪＲ北海道の主な駅,ＪＲ北海道：,,https://ticket.jorudan.co.jp/kamikuru/ja/,"[{'text': 'ジョルダン', 'url': 'https://ticket.jorudan.co.jp/kamikuru/ja/'}
 {'text': '北海道上川総合振興局', 'url': 'https://www.kamikawa.pref.hokkaido.lg.jp/ts/tss/209858.html'}]",,https://www2s.biglobe.ne.jp/~t_aoyagi/railway/free/jrhokkaido80.htm,jrhokkaido80.htm,16,2026-08-10 01:30:50.424840+00:00,かみくるパス,,,,https://www2s.biglobe.ne.jp/~t_aoyagi/railway/free/jrhokkaido80.htm
jrhokkaido115,北見・網走周遊フリーパス,ＪＲ北海道,['ＪＲ北海道'],1,FALSE,hokkaido,北海道,北海道,['北海道'],kikan,期間限定タイプ,期间限定,['デジタル'],FALSE,TRUE,period,2026/8/3  〜9/29,2026/8/3,2026/9/29,3000,1500,1500,"２日間用 大人：3,000円／小人：1,500円 
 ３日間用 大人：4,000円／小人：2,000円",２／３日間,3,"2026年8月3日〜2026年9月29日 
 2026年1月16日〜2026年2月22日","2026年8月3日〜2026年9月30日 
 2026年1月16日〜2026年2月23日",,['https://www2s.biglobe.ne.jp/~t_aoyagi/railway/free/map/jrhokkaido115.gif'],"北海道新幹線 在来線特急・急行列車 快速・普通 
 グリーン車 普通車個室 普通車指定 普通車自由 寝台 ライナー ＳＬ 指定 自由 
 × ▲ ▲ ▲ ▲ × × ▲ ▲ ○ 
 
 ○：乗車可 ▲：乗車券のみ有効 ×：乗車不可",[],0,OkhoNavi,ＪＲ北海道：,,https://www.jrhokkaido.co.jp/CM/Otoku/007256/,"[{'text': 'ＪＲ北海道', 'url': 'https://www.jrhokkaido.co.jp/CM/Otoku/007256/'}]",,https://www2s.biglobe.ne.jp/~t_aoyagi/railway/free/jrhokkaido115.htm,jrhokkaido115.htm,17,2026-08-10 01:30:50.424840+00:00,北見・網走周遊フリーパス,"不明 
 発売枚数の上限に達し次第、発売終了。",,,https://www2s.biglobe.ne.jp/~t_aoyagi/railway/free/jrhokkaido115.htm
jrhokkaido116,遠軽・北見・網走周遊フリーパス,ＪＲ北海道,['ＪＲ北海道'],1,FALSE,hokkaido,北海道,北海道,['北海道'],kikan,期間限定タイプ,期间限定,['デジタル'],FALSE,TRUE,period,2026/8/3  〜9/29,2026/8/3,2026/9/29,5000,2500,2500,"２日間用 大人：5,000円／小人：2,500円 
 ３日間用 大人：6,000円／小人：3,000円",２／３日間,3,"2026年8月3日〜2026年9月29日 
 2026年1月16日〜2026年2月22日","2026年8月3日〜2026年9月30日 
 2026年1月16日〜2026年2月23日",,['https://www2s.biglobe.ne.jp/~t_aoyagi/railway/free/map/jrhokkaido116.gif'],"北海道新幹線 在来線特急・急行列車 快速・普通 
 グリーン車 普通車個室 普通車指定 普通車自由 寝台 ライナー ＳＬ 指定 自由 
 × ▲ ▲ ▲ ▲ × × ▲ ▲ ○ 
 
 ○：乗車可 ▲：乗車券のみ有効 ×：乗車不可",[],0,OkhoNavi ぐるっと北海道,ＪＲ北海道：,,https://www.jrhokkaido.co.jp/CM/Otoku/007256/,"[{'text': 'ＪＲ北海道', 'url': 'https://www.jrhokkaido.co.jp/CM/Otoku/007256/'}]",,https://www2s.biglobe.ne.jp/~t_aoyagi/railway/free/jrhokkaido116.htm,jrhokkaido116.htm,18,2026-08-10 01:30:50.424840+00:00,遠軽・北見・網走周遊フリーパス,"不明 
 発売枚数の上限に達し次第、発売終了。",,,https://www2s.biglobe.ne.jp/~t_aoyagi/railway/free/jrhokkaido116.htm
sapporo02,地下鉄専用1日乗車券,札幌市交通局,['札幌市交通局'],1,FALSE,hokkaido,北海道,北海道,['北海道'],tunen,通年発売タイプ,全年发售,['実券'],TRUE,FALSE,on_sale,発売中,,,830,420,420,大人830円／小人420円,１日,1,通年,通年,,['https://www2s.biglobe.ne.jp/~t_aoyagi/railway/free/map/sapporo02.gif'],,[],0,地下鉄各駅券売機等,札幌市交通局 TEL:011-896-2724,,https://www.city.sapporo.jp/st/josyaken/card.html#ichinichi,"[{'text': '札幌市交通局', 'url': 'https://www.city.sapporo.jp/st/josyaken/card.html#ichinichi'}]",,https://www2s.biglobe.ne.jp/~t_aoyagi/railway/free/sapporo02.htm,sapporo02.htm,19,2026-08-10 01:30:50.424840+00:00,地下鉄専用1日乗車券,,,,https://www2s.biglobe.ne.jp/~t_aoyagi/railway/free/sapporo02.htm
sapporo21,ドニチカキップ,札幌市交通局,['札幌市交通局'],1,FALSE,hokkaido,北海道,北海道,['北海道'],holiday,週末限定タイプ,周末限定,['実券'],TRUE,FALSE,on_sale,発売中,,,520,260,260,大人520円／小人260円,１日,1,通年,土、日、祝日,,['https://www2s.biglobe.ne.jp/~t_aoyagi/railway/free/map/sapporo02.gif'],,[],0,各地下鉄駅事務室・各定期券発売所・交通案内センター,札幌市交通局 TEL:011-896-2724,,http://www.city.sapporo.jp/st/josyaken/doni-chika/donichika.html,"[{'text': '札幌市交通局', 'url': 'http://www.city.sapporo.jp/st/josyaken/doni-chika/donichika.html'}]",,https://www2s.biglobe.ne.jp/~t_aoyagi/railway/free/sapporo21.htm,sapporo21.htm,20,2026-08-10 01:30:50.424840+00:00,ドニチカキップ,,,,https://www2s.biglobe.ne.jp/~t_aoyagi/railway/free/sapporo21.htm
sapporo24,路面電車1日乗車券,札幌市交通事業振興公社,['札幌市交通事業振興公社'],1,FALSE,hokkaido,北海道,北海道,['北海道'],tunen,通年発売タイプ,全年发售,['実券' 'デジタル'],TRUE,TRUE,on_sale,発売中,,,570,290,290,大人：570円 小人：290円,１日,1,通年,平日,,['https://www2s.biglobe.ne.jp/~t_aoyagi/railway/free/map/sapporo23.gif'],,[],0,"市電(路面電車)車内 
 
地下鉄駅事務室：大通,すすきの,中島公園,幌平橋,西18丁目,西11丁目,豊水すすきの 
 
大通定期券発売所 
 
 ジョルダンモバイルチケット",札幌市交通事業振興公社・電車事業所 TEL:011-551-3944,,https://www.stsp.or.jp/business/streetcar/price/,"[{'text': '札幌市交通事業振興公社', 'url': 'https://www.stsp.or.jp/business/streetcar/price/'}
 {'text': 'ジョルダンモバイルチケット', 'url': 'https://ticket.jorudan.co.jp/sapporo/stsp/ja/'}]",,https://www2s.biglobe.ne.jp/~t_aoyagi/railway/free/sapporo24.htm,sapporo24.htm,21,2026-08-10 01:30:50.424840+00:00,札幌市電１日乗車券,,,,https://www2s.biglobe.ne.jp/~t_aoyagi/railway/free/sapporo24.htm
sapporo22,札幌市電24時間乗車券,札幌市交通事業振興公社,['札幌市交通事業振興公社'],1,FALSE,hokkaido,北海道,北海道,['北海道'],tunen,通年発売タイプ,全年发售,['デジタル'],FALSE,TRUE,on_sale,発売中,,,840,420,420,大人：840円 小人：420円,１日,1,通年,使用開始から24時間,,['https://www2s.biglobe.ne.jp/~t_aoyagi/railway/free/map/sapporo23.gif'],,[],0,ジョルダンモバイルチケット,札幌市交通事業振興公社・電車事業所 TEL:011-551-3944,,https://www.stsp.or.jp/business/streetcar/price/,"[{'text': '札幌市交通事業振興公社', 'url': 'https://www.stsp.or.jp/business/streetcar/price/'}
 {'text': 'ジョルダンモバイルチケット', 'url': 'https://ticket.jorudan.co.jp/sapporo/stsp/ja/'}]",,https://www2s.biglobe.ne.jp/~t_aoyagi/railway/free/sapporo22.htm,sapporo22.htm,22,2026-08-10 01:30:50.424840+00:00,札幌市電24時間乗車券,,,,https://www2s.biglobe.ne.jp/~t_aoyagi/railway/free/sapporo22.htm
sapporo23,どサン子パス,札幌市交通事業振興公社,['札幌市交通事業振興公社'],1,FALSE,hokkaido,北海道,北海道,['北海道'],holiday,週末限定タイプ,周末限定,['実券' 'デジタル'],TRUE,TRUE,on_sale,発売中,,,460,,460,大人460円,１日,1,通年,"土・日・祝日 
 年末年始（12月29日〜1月3日）",,['https://www2s.biglobe.ne.jp/~t_aoyagi/railway/free/map/sapporo23.gif'],,[],0,"市電(路面電車)車内 
 
地下鉄駅事務室：大通,すすきの,中島公園,幌平橋,西18丁目,西11丁目,豊水すすきの 
 
大通定期券発売所 
 ジョルダンモバイルチケット",札幌市交通事業振興公社・電車事業所 TEL:011-551-3944,,https://www.stsp.or.jp/business/streetcar/price/,"[{'text': '札幌市交通事業振興公社', 'url': 'https://www.stsp.or.jp/business/streetcar/price/'}
 {'text': 'ジョルダンモバイルチケット', 'url': 'https://ticket.jorudan.co.jp/sapporo/stsp/ja/'}]",,https://www2s.biglobe.ne.jp/~t_aoyagi/railway/free/sapporo23.htm,sapporo23.htm,23,2026-08-10 01:30:50.424840+00:00,どサン子パス,,,,https://www2s.biglobe.ne.jp/~t_aoyagi/railway/free/sapporo23.htm
hakodate01,市電１日乗車券,函館市企業局交通部,['函館市企業局交通部'],1,FALSE,hokkaido,北海道,北海道,['北海道'],tunen,通年発売タイプ,全年发售,['実券'],TRUE,FALSE,on_sale,発売中,,,800,400,400,大人800円／小人400円,１日,1,通年,通年,,['https://www2s.biglobe.ne.jp/~t_aoyagi/railway/free/map/hakodate.gif'],,[],0,駒場営業所、市電車内、市内乗車券販売所,函館市企業局交通部 TEL 0138-52-1273,,https://www.city.hakodate.hokkaido.jp/docs/2014012100977/#S1day,"[{'text': '函館市企業局交通部', 'url': 'https://www.city.hakodate.hokkaido.jp/docs/2014012100977/#S1day'}]",,https://www2s.biglobe.ne.jp/~t_aoyagi/railway/free/hakodate01.htm,hakodate01.htm,24,2026-08-10 01:30:50.424840+00:00,市電１日乗車券,,,,https://www2s.biglobe.ne.jp/~t_aoyagi/railway/free/hakodate01.htm
hakodate51,スマホ市電１日乗車券,函館市企業局交通部,['函館市企業局交通部'],1,FALSE,hokkaido,北海道,北海道,['北海道'],tunen,通年発売タイプ,全年发售,['デジタル'],FALSE,TRUE,on_sale,発売中,,,800,400,400,大人800円／小人400円,１日,1,,通年,,['https://www2s.biglobe.ne.jp/~t_aoyagi/railway/free/map/hakodate.gif'],,[],0,DohNa!!,函館市企業局交通部 TEL 0138-52-1273,,https://www.city.hakodate.hokkaido.jp/docs/2014012100977/#S1day,"[{'text': '函館市企業局交通部', 'url': 'https://www.city.hakodate.hokkaido.jp/docs/2014012100977/#S1day'}]",,https://www2s.biglobe.ne.jp/~t_aoyagi/railway/free/hakodate51.htm,hakodate51.htm,25,2026-08-10 01:30:50.424840+00:00,スマホ市電１日乗車券,,,,https://www2s.biglobe.ne.jp/~t_aoyagi/railway/free/hakodate51.htm
hakodate52,スマホ市電２４時間乗車券,函館市企業局交通部,['函館市企業局交通部'],1,FALSE,hokkaido,北海道,北海道,['北海道'],tunen,通年発売タイプ,全年发售,['デジタル'],FALSE,TRUE,on_sale,発売中,,,1130,570,570,"大人1,130円／小人570円",１日,1,通年,利用開始から24時間,,['https://www2s.biglobe.ne.jp/~t_aoyagi/railway/free/map/hakodate.gif'],,[],0,DohNa!!,函館市企業局交通部 TEL 0138-52-1273,,https://www.city.hakodate.hokkaido.jp/docs/2014012100977/#S24hour,"[{'text': '函館市企業局交通部', 'url': 'https://www.city.hakodate.hokkaido.jp/docs/2014012100977/#S24hour'}]",,https://www2s.biglobe.ne.jp/~t_aoyagi/railway/free/hakodate52.htm,hakodate52.htm,26,2026-08-10 01:30:50.424840+00:00,スマホ市電２４時間乗車券,,,,https://www2s.biglobe.ne.jp/~t_aoyagi/railway/free/hakodate52.htm
hakodate53,スマホ市電・函館バス共通１日乗車券,函館市企業局交通部,['函館市企業局交通部'],1,FALSE,hokkaido,北海道,北海道,['北海道'],tunen,通年発売タイプ,全年发售,['デジタル'],FALSE,TRUE,on_sale,発売中,,,1600,800,800,"大人：1,600円／小人：800円",１日,1,,通年,,['https://www2s.biglobe.ne.jp/~t_aoyagi/railway/free/map/hakodate02.gif'],,[],0,DohNa!!,"函館市企業局交通部 TEL 0138-52-1273 
 函館バス TEL 0138-51-3960",,https://www.city.hakodate.hokkaido.jp/docs/2014012100977/#trambus1_s,"[{'text': '函館市企業局交通部', 'url': 'https://www.city.hakodate.hokkaido.jp/docs/2014012100977/#trambus1_s'}
 {'text': '函館バス', 'url': 'http://www.hakobus.co.jp/e-ticket/'}]",,https://www2s.biglobe.ne.jp/~t_aoyagi/railway/free/hakodate53.htm,hakodate53.htm,27,2026-08-10 01:30:50.424840+00:00,スマホ市電・函館バス共通１日乗車券,,,,https://www2s.biglobe.ne.jp/~t_aoyagi/railway/free/hakodate53.htm
hakodate54,スマホ市電・函館バス共通２日乗車券,函館市企業局交通部,['函館市企業局交通部'],1,FALSE,hokkaido,北海道,北海道,['北海道'],tunen,通年発売タイプ,全年发售,['デジタル'],FALSE,TRUE,on_sale,発売中,,,2600,1300,1300,"大人：2,600円／小人：1,300円",２日間,2,,通年,,['https://www2s.biglobe.ne.jp/~t_aoyagi/railway/free/map/hakodate02.gif'],,[],0,DohNa!!,"函館市企業局交通部 TEL 0138-52-1273 
 函館バス TEL 0138-51-3960",,https://www.city.hakodate.hokkaido.jp/docs/2014012100977/#trambus2_s,"[{'text': '函館市企業局交通部', 'url': 'https://www.city.hakodate.hokkaido.jp/docs/2014012100977/#trambus2_s'}
 {'text': '函館バス', 'url': 'http://www.hakobus.co.jp/e-ticket/'}]",,https://www2s.biglobe.ne.jp/~t_aoyagi/railway/free/hakodate54.htm,hakodate54.htm,28,2026-08-10 01:30:50.424840+00:00,スマホ市電・函館バス共通２日乗車券,,,,https://www2s.biglobe.ne.jp/~t_aoyagi/railway/free/hakodate54.htm
hakodate92,NighTram TICKET,函館市企業局交通部,['函館市企業局交通部'],1,FALSE,hokkaido,北海道,北海道,['北海道'],kisetu,季節発売タイプ,季节发售,['デジタル'],FALSE,TRUE,ended,終了,,,480,240,240,大人：480円／小人：240円,乗車当日の17時以降,,2026年1月5日〜2026年3月31日,2026年1月5日〜2026年3月31日,,['https://www2s.biglobe.ne.jp/~t_aoyagi/railway/free/map/hakodate.gif'],,['スマートフォン専用'],1,WEBアプリ「DohNa!!」,函館市企業局交通部 TEL 0138-52-1273,,https://www.city.hakodate.hokkaido.jp/docs/2021010500081/,"[{'text': '函館市企業局交通部', 'url': 'https://www.city.hakodate.hokkaido.jp/docs/2021010500081/'}]",,https://www2s.biglobe.ne.jp/~t_aoyagi/railway/free/hakodate92.htm,hakodate92.htm,29,2026-08-10 01:30:50.424840+00:00,NighTram TICKET,,,,https://www2s.biglobe.ne.jp/~t_aoyagi/railway/free/hakodate92.htm
isaribi91,いさりび１日きっぷ,道南いさりび鉄道,['道南いさりび鉄道'],1,FALSE,hokkaido,北海道,北海道,['北海道'],tunen,通年発売タイプ,全年发售,['実券' 'デジタル'],TRUE,TRUE,on_sale,発売中,,,1100,550,550,"大人：1,100円／小人：550円",１日,1,通年,通年,,['https://www2s.biglobe.ne.jp/~t_aoyagi/railway/free/map/isaribi.gif'],,[],0,"「 DohNa!! 」 
 道南いさりび鉄道本社窓口(函館市若松町12番5号) 
 
道南いさりび鉄道五稜郭駅売店 
 道の駅みそぎの郷きこない(木古内駅そば) 
 北斗市商工会(上磯駅そば) 
 フラワーショップ清水目(上磯駅そば) 
 
函館市観光案内所(JR函館駅内) 
 澤田米穀店(清川口駅)",道南いさりび鉄道 TEL 0138-83-1977,,https://www.shr-isaribi.jp/ticket-guide/otoku/isaribi1dayho/,"[{'text': '道南いさりび鉄道', 'url': 'https://www.shr-isaribi.jp/ticket-guide/otoku/isaribi1dayho/'}]",,https://www2s.biglobe.ne.jp/~t_aoyagi/railway/free/isaribi91.htm,isaribi91.htm,30,2026-08-10 01:30:50.424840+00:00,いさりび１日きっぷ,,,,https://www2s.biglobe.ne.jp/~t_aoyagi/railway/free/isaribi91.htm
isaribi92,いさりび1日カンパス,道南いさりび鉄道,['道南いさりび鉄道'],1,FALSE,hokkaido,北海道,北海道,['北海道'],tunen,通年発売タイプ,全年发售,['デジタル'],FALSE,TRUE,on_sale,発売中,,,2100,1050,1050,"4月14日〜11月9日 大人：2,500円／小人：1,250円 
 11月10日〜4月13日 大人：2,100円／小人：1,050円",１日,1,利用日の７日前より利用当日,通年,,['https://www2s.biglobe.ne.jp/~t_aoyagi/railway/free/map/isaribi92.gif'],,[],0,「 DohNa!! 」,道南いさりび鉄道 TEL 0138-83-1977,,https://www.shr-isaribi.jp/ticket-guide/otoku/isaribi1daykanpass/,"[{'text': '道南いさりび鉄道', 'url': 'https://www.shr-isaribi.jp/ticket-guide/otoku/isaribi1daykanpass/'}
 {'text': '函館バス', 'url': 'http://www.hakobus.co.jp/e-ticket/'}]",,https://www2s.biglobe.ne.jp/~t_aoyagi/railway/free/isaribi92.htm,isaribi92.htm,31,2026-08-10 01:30:50.424840+00:00,いさりび1日カンパス,,,,https://www2s.biglobe.ne.jp/~t_aoyagi/railway/free/isaribi92.htm
jreast51,五能線フリーパス,ＪＲ東日本 全国 欄も参照して下さい,['ＪＲ東日本 全国 欄も参照して下さい'],1,FALSE,tohoku,東北,东北,['東北'],tunen,通年発売タイプ,全年发售,['実券'],TRUE,FALSE,on_sale,発売中,,,4040,2020,2020,"大人：4,040円／小人：2,020円",２日,2,通年,通年,,['https://www2s.biglobe.ne.jp/~t_aoyagi/railway/free/map/jreast51.gif'],"新幹線 特急・急行 快速・普通 
 グリーン ライナー 指定 自由 
 － ▲ ▲ ▲ ▲ ○ 
 
 ○：乗車可 ▲：乗車券のみ有効 ×：乗車不可 －：対象無し",[],0,フリー区間内と周辺のＪＲのおもな駅,,,http://www.jreast.co.jp/tickets/info.aspx?GoodsCd=3006,"[{'text': 'ＪＲ東日本', 'url': 'http://www.jreast.co.jp/tickets/info.aspx?GoodsCd=3006'}]",,https://www2s.biglobe.ne.jp/~t_aoyagi/railway/free/jreast51.htm,jreast51.htm,1,2026-08-10 01:30:50.424840+00:00,五能線フリーパス,,,,https://www2s.biglobe.ne.jp/~t_aoyagi/railway/free/jreast51.htm
sendaimarugoto,仙台まるごとパス,ＪＲ東日本 全国 欄も参照して下さい,['ＪＲ東日本 全国 欄も参照して下さい' '仙台空港鉄道'],2,TRUE,tohoku,東北,东北,['東北'],tunen,通年発売タイプ,全年发售,['実券' 'デジタル'],TRUE,TRUE,on_sale,発売中,,,2930,1470,1470,"大人：2,930円／小人：1,470円",２日,2,通年,通年,,['https://www2s.biglobe.ne.jp/~t_aoyagi/railway/free/map/sendaimarugoto.gif'],"新幹線 特急・急行 快速・普通 
 グリーン指定 グリーン自由 ライナー 指定 自由 
 － ▲ ▲ ▲ ▲ ▲ ○ 
 
 ○：乗車可 ▲：乗車券のみ有効 ×：乗車不可",[],0,"ＪＲ東日本の主な駅のみどりの窓口・びゅうプラザ・提携販売センター・営業販売センター及びJTB等の主な旅行会社、仙台空港駅 
 TOHOKU MaaS(スマートフォン)",仙台まるごとパス運営協議会 TEL:022-268-9603,,http://sendaitravelpass.jp/,"[{'text': '仙台まるごとパス運営協議会', 'url': 'http://sendaitravelpass.jp/'}
 {'text': 'ＪＲ東日本', 'url': 'http://www.jreast.co.jp/tickets/info.aspx?GoodsCd=2991'}
 {'text': 'ＪＲ東日本', 'url': 'https://www.jreast.co.jp/sendai/tohoku_tickets/#ticket06'}]",,https://www2s.biglobe.ne.jp/~t_aoyagi/railway/free/sendaimarugoto.htm,sendaimarugoto.htm,2,2026-08-10 01:30:50.424840+00:00,仙台まるごとパス,,,,https://www2s.biglobe.ne.jp/~t_aoyagi/railway/free/sendaimarugoto.htm
aizugurutto,会津ぐるっとカード,ＪＲ東日本 全国 欄も参照して下さい,['ＪＲ東日本 全国 欄も参照して下さい' '会津鉄道'],2,TRUE,tohoku,東北,东北,['東北'],tunen,通年発売タイプ,全年发售,['実券' 'デジタル'],TRUE,TRUE,on_sale,発売中,,,3040,1520,1520,"大人：3,040円 小人：1,520円",２日,2,通年,通年,,['https://www2s.biglobe.ne.jp/~t_aoyagi/railway/free/map/aizugurutto.gif'],"新幹線 特急・急行 快速・普通 
 グリーン指定 グリーン自由 ライナー 指定 自由 
 － ▲ ▲ ▲ ▲ ▲ ○ 
 
 ○：乗車可 ▲：乗車券のみ有効 ×：乗車不可",[],0,"本件発売個所 
 
 JR東日本 会津若松,喜多方,会津坂下 
 会津バス 若松駅前バスターミナル 
 喜多方営業所 
 坂下営業所 
 磐梯東都バス 猪苗代磐梯営業所 
 案内所,施設 東山温泉観光協会 
 七日町駅「駅カフェ」 
 裏磐梯観光協会 
 
会津美里町観光協会 
 宿泊施設 Active Resorts 裏磐梯 
 裏磐梯レイクリゾート 
 裏磐梯高原ホテル 
 磐梯桧原湖畔ホテル
 
 会津アストリアホテルズ 
 休暇村裏磐梯 
 スマートフォン TOHOKU MaaS(スマートフォン) 
 
 引換券発売個所 
 
発売箇所で「会津ぐるっとカード引換券」を購入し、エリア内の引換箇所で「会津ぐるっとカード」と交換する。 
 
 
 JR東日本の主な駅のみどりの窓口
 
 ローソン・ミニストップ店頭端末「Loppi」
 
 ファミリーマート店頭端末
 
 セブン-イレブン店頭端末
 
 近畿日本ツーリスト
 
 東武トップツアーズ
 
 日本旅行
 
 東都観光バス本社
 
 会津トラベルサービス
 
 ミキ・ツーリスト","会津カード運営協議会 
 
会津若松観光ビューロー TEL:0242-23-8000 
 
会津若松市観光課 TEL:0242-39-1251(土日祝祭日を除く)",,https://www.aizukanko.com/kk/aizucard/index.htm,"[{'text': '会津カード運営協議会', 'url': 'https://www.aizukanko.com/kk/aizucard/index.htm'}
 {'text': 'ＪＲ東日本', 'url': 'https://www.jreast.co.jp/sendai/tohoku_tickets/#ticket08'}
 {'text': '会津鉄道', 'url': 'http://www.aizutetsudo.jp/ticket/gurutto-card/'}
 {'text': '会津バス', 'url': 'https://www.aizubus.com/rosen/machinaka-shuyu#H302'}]",,https://www2s.biglobe.ne.jp/~t_aoyagi/railway/free/aizugurutto.htm,aizugurutto.htm,3,2026-08-10 01:30:50.424840+00:00,会津ぐるっとカード,,,,https://www2s.biglobe.ne.jp/~t_aoyagi/railway/free/aizugurutto.htm
jreast64-1,津軽フリーパス,ＪＲ東日本 全国 欄も参照して下さい,['ＪＲ東日本 全国 欄も参照して下さい'],1,FALSE,tohoku,東北,东北,['東北'],tunen,通年発売タイプ,全年发售,['デジタル'],FALSE,TRUE,on_sale,発売中,,,2620,1310,1310,"大人：2,620円 小人：1,310円",２日,2,通年,通年,,['https://www2s.biglobe.ne.jp/~t_aoyagi/railway/free/map/jreast64.gif'],"新幹線 特急・急行 快速・普通 津軽鉄道 
 グリーン ライナー 指定 自由 ストーブ列車 自由 
 － × × ▲ ▲ ○ × ○ 
 
 ○：乗車可 ▲：乗車券のみ有効 ×：乗車不可",[],0,TOHOKU MaaS(スマートフォン),ＪＲ東日本 TEL:,,https://maas-portal.com/tohoku/tickets/10230,"[{'text': 'TOHOKU MaaS', 'url': 'https://maas-portal.com/tohoku/tickets/10230'}
 {'text': 'ＪＲ東日本', 'url': 'http://www.jreast.co.jp/tickets/info.aspx?GoodsCd=2863'}]",,https://www2s.biglobe.ne.jp/~t_aoyagi/railway/free/jreast64-1.htm,jreast64-1.htm,4,2026-08-10 01:30:50.424840+00:00,津軽フリーパス(デジタルフリーパス),,,,https://www2s.biglobe.ne.jp/~t_aoyagi/railway/free/jreast64-1.htm
jreast34,小さな旅ホリデーパス,ＪＲ東日本 全国 欄も参照して下さい,['ＪＲ東日本 全国 欄も参照して下さい'],1,FALSE,tohoku,東北,东北,['東北'],holiday,週末限定タイプ,周末限定,['実券'],TRUE,FALSE,on_sale,発売中,,,2850,1420,1420,"大人：2,850円／小人：1,420円",１日,1,通年,"土・休日 
 4月29日〜5月5日,7月20日〜8月31日,12月23日〜1月7日の毎日",,['https://www2s.biglobe.ne.jp/~t_aoyagi/railway/free/map/jreast34.gif'],"新幹線 特急・急行 快速・普通 BRT 
 グリーン指定 グリーン自由 ライナー 指定 自由 
 × ▲(1) ▲ ▲ ▲ ▲ ○ ○ 
 
 ○：乗車可 ▲：乗車券のみ有効 ×：乗車不可 
 
 (1)「つばさ」号は福島〜新庄間のみ特急券別購入で乗車可能",[],0,フリー区間内のＪＲのおもな駅,ＪＲ東日本 TEL:,,http://www.jreast.co.jp/tickets/info.aspx?GoodsCd=2992,"[{'text': 'ＪＲ東日本', 'url': 'http://www.jreast.co.jp/tickets/info.aspx?GoodsCd=2992'}]",,https://www2s.biglobe.ne.jp/~t_aoyagi/railway/free/jreast34.htm,jreast34.htm,5,2026-08-10 01:30:50.424840+00:00,小さな旅ホリデーパス,,,,https://www2s.biglobe.ne.jp/~t_aoyagi/railway/free/jreast34.htm
jreast36,あおもりホリデーパス,ＪＲ東日本 全国 欄も参照して下さい,['ＪＲ東日本 全国 欄も参照して下さい'],1,FALSE,tohoku,東北,东北,['東北'],holiday,週末限定タイプ,周末限定,['実券' 'デジタル'],TRUE,TRUE,on_sale,発売中,,,2720,1360,1360,"大人：2,720円／小人：1,360円",１日,1,通年,"土・休日 
 4月29日〜5月5日,7月20日〜7月31日,8月8日〜8月31日,12月23日〜1月7日の毎日",,['https://www2s.biglobe.ne.jp/~t_aoyagi/railway/free/map/jreast36.gif'],"新幹線 特急・急行 快速・普通 ＢＲＴ 
 グリーン指定 グリーン自由 ライナー 指定 自由 
 × ▲ ▲ ▲ ▲ ▲ ○ ○ 
 
 ○：乗車可 ▲：乗車券のみ有効 ×：乗車不可",[],0,"フリー区間内のＪＲのおもな駅 
 TOHOKU MaaS(スマートフォン)",ＪＲ東日本 TEL:,,http://www.jreast.co.jp/tickets/info.aspx?GoodsCd=3004,"[{'text': 'ＪＲ東日本', 'url': 'http://www.jreast.co.jp/tickets/info.aspx?GoodsCd=3004'}
 {'text': 'ＪＲ東日本(デジタル版)', 'url': 'http://www.jreast.co.jp/tickets/info.aspx?GoodsCd=2806'}]",,https://www2s.biglobe.ne.jp/~t_aoyagi/railway/free/jreast36.htm,jreast36.htm,6,2026-08-10 01:30:50.424840+00:00,あおもりホリデーパス,,,,https://www2s.biglobe.ne.jp/~t_aoyagi/railway/free/jreast36.htm
jreast48,あきたホリデーパス,ＪＲ東日本 全国 欄も参照して下さい,['ＪＲ東日本 全国 欄も参照して下さい'],1,FALSE,tohoku,東北,东北,['東北'],kikan,期間限定タイプ,期间限定,['実券'],TRUE,FALSE,ended,終了,,,1880,1220,1220,"大人：2,440円／小人：1,220円 
 大人休日倶楽部会員：1,880円",１日間,1,2025年10月1日〜2026年2月23日,"2025年11月1日〜2026年2月23日の土・日・休日 
 2025年12月22日〜2026年1月7日",,['https://www2s.biglobe.ne.jp/~t_aoyagi/railway/free/map/jreast48.gif'],"新幹線 特急・急行 快速・普通 
 グリーン ライナー 指定 自由 
 ×(1) ▲ ▲ ▲ ▲ ○ 
 
 ○：乗車可 ▲：乗車券のみ有効 ×：乗車不可 －：対象無し 
 
 (1)秋田〜田沢湖間の「こまち」に乗車の場合、▲",['秋田〜田沢湖間の「こまち」に乗車の場合、乗車券のみ有効' '秋田内陸縦貫鉄道の「もりよし」に乗車の場合、乗車券のみ有効'],2,フリー区間内と周辺のＪＲのおもな駅,,,https://www.jreast.co.jp/tickets/info.aspx?GoodsCd=2951,"[{'text': 'ＪＲ東日本', 'url': 'https://www.jreast.co.jp/tickets/info.aspx?GoodsCd=2951'}]",,https://www2s.biglobe.ne.jp/~t_aoyagi/railway/free/jreast48.htm,jreast48.htm,7,2026-08-10 01:30:50.424840+00:00,あきたホリデーパス,,,,https://www2s.biglobe.ne.jp/~t_aoyagi/railway/free/jreast48.htm
sendaimarugotowide,仙台まるごとパスワイド,ＪＲ東日本 全国 欄も参照して下さい,['ＪＲ東日本 全国 欄も参照して下さい'],1,FALSE,tohoku,東北,东北,['東北'],kikan,期間限定タイプ,期间限定,['デジタル'],FALSE,TRUE,period,〜2027/3/30,,2027/3/30,3380,1690,1690,"大人：3,380円／小人：1,690円",２日,2,2026年3月13日〜2027年3月30日,2026年3月13日〜2027年3月31日,,['https://www2s.biglobe.ne.jp/~t_aoyagi/railway/free/map/sendaimarugotowide.gif'],"新幹線 特急・急行 快速・普通 
 グリーン指定 グリーン自由 ライナー 指定 自由 
 － ▲ ▲ ▲ ▲ ▲ ○ 
 
 ○：乗車可 ▲：乗車券のみ有効 ×：乗車不可",[],0,TOHOKU MaaS(スマートフォン),,,https://www.jreast.co.jp/multi/maas/tohoku-maas/sendai-miyagi/,"[{'text': 'TOHOKU MaaS', 'url': 'https://www.jreast.co.jp/multi/maas/tohoku-maas/sendai-miyagi/'}
 {'text': 'ＪＲ東日本', 'url': 'https://www.jreast.co.jp/tickets/info.aspx?GoodsCd=2823'}]",,https://www2s.biglobe.ne.jp/~t_aoyagi/railway/free/sendaimarugotowide.htm,sendaimarugotowide.htm,8,2026-08-10 01:30:50.424840+00:00,仙台まるごとパスワイド,,,,https://www2s.biglobe.ne.jp/~t_aoyagi/railway/free/sendaimarugotowide.htm
tugaru99,コロプラ☆乗り放題1日フリーきっぷ,津軽鉄道,['津軽鉄道'],1,FALSE,tohoku,東北,东北,['東北'],kikan,期間限定タイプ,期间限定,['実券'],TRUE,FALSE,period,〜2027/3/31,,2027/3/31,2450,,2450,"大人：2,450円",１日間,1,2014年4月1日〜2027年3月31日,2014年4月1日〜2027年3月31日,,['https://www2s.biglobe.ne.jp/~t_aoyagi/railway/free/map/tugaru.gif'],,['ストーブ列車は、別途ストーブ列車料金が必要'],1,"津軽五所川原,金木,津軽中里","津軽鉄道・総務課 TEL:0173-34-2148 
 （平日8:30〜17:00／土曜8:30〜12:30／日曜・祝日休み）",,https://colopl.co.jp/service/other/coloca/transport/area01/norimono_tsugaru/,"[{'text': 'コロプラ', 'url': 'https://colopl.co.jp/service/other/coloca/transport/area01/norimono_tsugaru/'}]",,https://www2s.biglobe.ne.jp/~t_aoyagi/railway/free/tugaru99.htm,tugaru99.htm,9,2026-08-10 01:30:50.424840+00:00,コロプラ☆乗り放題1日フリーきっぷ,,,,https://www2s.biglobe.ne.jp/~t_aoyagi/railway/free/tugaru99.htm
tugaru91,１日フリーパス,津軽鉄道,['津軽鉄道'],1,FALSE,tohoku,東北,东北,['東北'],kikan,期間限定タイプ,期间限定,['実券'],TRUE,FALSE,ended,終了,,,1500,700,700,"大人：1,500円／小人：700円",１日間,1,"2026年2月7日 
 2025年12月6日 
 2025年11月1日 
 2025年9月6日 
 2025年3月1日","2026年2月7日 
 2025年12月6日 
 2025年11月1日 
 2025年9月6日 
 2025年3月1日",,['https://www2s.biglobe.ne.jp/~t_aoyagi/railway/free/map/tugaru.gif'],,['ストーブ列車の旧型客車は利用不可'],1,"五所河原,金木,津軽中里 
 機関士・車掌","津軽鉄道・総務課 TEL:0173-34-2148 
 （平日8:30〜17:00／土曜8:30〜12:30／日曜・祝日休み）",,https://t-ate.com/archives/25255.html,"[{'text': '津軽半島観光アテンダント', 'url': 'https://t-ate.com/archives/25255.html'}]",,https://www2s.biglobe.ne.jp/~t_aoyagi/railway/free/tugaru91.htm,tugaru91.htm,10,2026-08-10 01:30:50.424840+00:00,１日フリーパス,,,,https://www2s.biglobe.ne.jp/~t_aoyagi/railway/free/tugaru91.htm
tugaru94,９５周年記念イベント参加権付２日間フリーパス,津軽鉄道,['津軽鉄道'],1,FALSE,tohoku,東北,东北,['東北'],kikan,期間限定タイプ,期间限定,['実券'],TRUE,FALSE,ended,終了,,,5000,,5000,"大人：5,000円／小人：---円",２日間,2,2025年11月15日〜2025年11月16日,2025年11月15日〜2025年11月16日,,['https://www2s.biglobe.ne.jp/~t_aoyagi/railway/free/map/tugaru.gif'],,[],0,五所河原,"津軽鉄道・総務課 TEL:0173-34-2148 
 （平日8:30〜17:00／土曜8:30〜12:30／日曜・祝日休み）",,https://tsutetsu.com/archives/5349,"[{'text': '津軽鉄道', 'url': 'https://tsutetsu.com/archives/5349'}
 {'text': '津軽半島観光アテンダント', 'url': 'https://t-ate.com/archives/24906.html'}]",,https://www2s.biglobe.ne.jp/~t_aoyagi/railway/free/tugaru94.htm,tugaru94.htm,11,2026-08-10 01:30:50.424840+00:00,９５周年記念イベント参加権付２日間フリーパス,,,,https://www2s.biglobe.ne.jp/~t_aoyagi/railway/free/tugaru94.htm
tugaru95,開業９５周年記念 津鉄１日フリー切符,津軽鉄道,['津軽鉄道'],1,FALSE,tohoku,東北,东北,['東北'],kikan,期間限定タイプ,期间限定,['実券'],TRUE,FALSE,ended,終了,,,950,,950,大人：950円／小人：---円,1日間,1,2025年11月15日〜2025年11月16日,2025年11月15日〜2025年11月16日,,['https://www2s.biglobe.ne.jp/~t_aoyagi/railway/free/map/tugaru.gif'],,[],0,五所河原,"津軽鉄道・総務課 TEL:0173-34-2148 
 （平日8:30〜17:00／土曜8:30〜12:30／日曜・祝日休み）",,https://tsutetsu.com/archives/5349,"[{'text': '津軽鉄道', 'url': 'https://tsutetsu.com/archives/5349'}
 {'text': '津軽半島観光アテンダント', 'url': 'https://t-ate.com/archives/24906.html'}]",,https://www2s.biglobe.ne.jp/~t_aoyagi/railway/free/tugaru95.htm,tugaru95.htm,12,2026-08-10 01:30:50.424840+00:00,開業９５周年記念 津鉄１日フリー切符,,,,https://www2s.biglobe.ne.jp/~t_aoyagi/railway/free/tugaru95.htm
konan01,大黒様きっぷ,弘南鉄道,['弘南鉄道'],1,FALSE,tohoku,東北,东北,['東北'],tunen,通年発売タイプ,全年发售,['実券' 'デジタル'],TRUE,TRUE,on_sale,発売中,,,1000,500,500,"大人：1,000円 小人：500円",１日間,1,通年,通年,,['https://www2s.biglobe.ne.jp/~t_aoyagi/railway/free/map/konan.gif'],,[],0,"弘南線、大鰐線の有人駅 
 
 ジョルダンモバイルチケット TOHOKU MaaS(スマートフォン)",弘南鉄道 業務部営業課 TEL:,,http://konantetsudo.jp/2016/10/01/ticket007/,"[{'text': '弘南鉄道', 'url': 'http://konantetsudo.jp/2016/10/01/ticket007/'}
 {'text': 'ジョルダンモバイルチケット', 'url': 'https://ticket.jorudan.co.jp/konantetsudo/dkk-1d/ja/'}]",,https://www2s.biglobe.ne.jp/~t_aoyagi/railway/free/konan01.htm,konan01.htm,13,2026-08-10 01:30:50.424840+00:00,大黒様きっぷ,,,,https://www2s.biglobe.ne.jp/~t_aoyagi/railway/free/konan01.htm
aoimori03,青い森ツーリストパス,青い森鉄道,['青い森鉄道'],1,FALSE,tohoku,東北,东北,['東北'],tunen,通年発売タイプ,全年发售,['デジタル'],FALSE,TRUE,on_sale,発売中,,,2270,1140,1140,"1日券 大人：2,270円 小人：1,140円 
 2日券 大人：4,180円 小人：2,090円",1日間/2日間,1,通年,"通年 
 8月1日〜8月7日は除く",,['https://www2s.biglobe.ne.jp/~t_aoyagi/railway/free/map/aoimori.gif'],,"['三沢空港到着便利用者限定(到着後7日以内利用開始)' '引き換え時に搭乗券の提示必要。（三沢,八戸,野辺地,浅虫温泉,青森）'
 'ＪＲの全車指定快速(リゾートあすなろ)乗車不可。']",3,JAL MaaS,青い森鉄道・総務部総務企画課 TEL:017-752-0330,,https://aoimorirailway.com/archives/otoku-ticket/%e9%9d%92%e3%81%84%e6%a3%ae%e3%83%84%e3%83%bc%e3%83%aa%e3%82%b9%e3%83%88%e3%83%91%e3%82%b9%e3%80%80%e4%b8%89%e6%b2%a2%e7%a9%ba%e6%b8%af%e5%88%a9%e7%94%a8%e8%80%85%e5%90%91%e3%81%91,"[{'text': '青い森鉄道', 'url': 'https://aoimorirailway.com/archives/otoku-ticket/%e9%9d%92%e3%81%84%e6%a3%ae%e3%83%84%e3%83%bc%e3%83%aa%e3%82%b9%e3%83%88%e3%83%91%e3%82%b9%e3%80%80%e4%b8%89%e6%b2%a2%e7%a9%ba%e6%b8%af%e5%88%a9%e7%94%a8%e8%80%85%e5%90%91%e3%81%91'}]",,https://www2s.biglobe.ne.jp/~t_aoyagi/railway/free/aoimori03.htm,aoimori03.htm,14,2026-08-10 01:30:50.424840+00:00,青い森ツーリストパス,,,,https://www2s.biglobe.ne.jp/~t_aoyagi/railway/free/aoimori03.htm
aoimori100,Aomori city おでかけフリーパス,青い森鉄道,['青い森鉄道'],1,FALSE,tohoku,東北,东北,['東北'],tunen,通年発売タイプ,全年发售,['実券' 'デジタル'],TRUE,TRUE,on_sale,発売中,,,700,,700,大人：700円／小人：---円,1日間,1,通年,通年,,['https://www2s.biglobe.ne.jp/~t_aoyagi/railway/free/map/aoimori100.gif'],,['大人1名に小学生以下2名まで利用可能' '8月1日〜7日および浅虫温泉花火大会開催日は利用不可'],2,"青森駅,浅虫温泉窓口 
 RYDE PASS",青い森鉄道・総務部総務企画課 TEL:017-752-0330,,https://aoimorirailway.com/archives/otoku-ticket/aomori-city-odekake,"[{'text': '青い森鉄道', 'url': 'https://aoimorirailway.com/archives/otoku-ticket/aomori-city-odekake'}
 {'text': 'RYDE PASS', 'url': 'https://pass.ryde-go.com/products/X987XQSWQ98Q'}]",,https://www2s.biglobe.ne.jp/~t_aoyagi/railway/free/aoimori100.htm,aoimori100.htm,15,2026-08-10 01:30:50.424840+00:00,Aomori city おでかけフリーパス,,,,https://www2s.biglobe.ne.jp/~t_aoyagi/railway/free/aoimori100.htm
aoimori02,青い森ワンデーパス,青い森鉄道,['青い森鉄道'],1,FALSE,tohoku,東北,东北,['東北'],holiday,週末限定タイプ,周末限定,['実券'],TRUE,FALSE,on_sale,発売中,,,2270,1140,1140,"大人：2,270円／中高生：1,650円／小人：1,140円",1日間,1,通年,"土日祝日 
 4月29日〜5月5日 
 7月20日〜7月31日,8月8日〜8月31日 
 12月23日〜1月7日の毎日",,['https://www2s.biglobe.ne.jp/~t_aoyagi/railway/free/map/aoimori.gif'],,['ＪＲの全車指定快速(リゾートあすなろ)は指定券が必要。'],1,"八戸,三沢,野辺地,浅虫温泉,青森 
 自動券売機 
 全国のローソン,ミニストップ,ファミリーマート,セブン－イレブンのマルチメディア端末設置店",青い森鉄道・総務部総務企画課 TEL:017-752-0330,,http://aoimorirailway.com/archives/otoku-ticket/1dp,"[{'text': '青い森鉄道', 'url': 'http://aoimorirailway.com/archives/otoku-ticket/1dp'}]",,https://www2s.biglobe.ne.jp/~t_aoyagi/railway/free/aoimori02.htm,aoimori02.htm,16,2026-08-10 01:30:50.424840+00:00,青い森ワンデーパス,,,,https://www2s.biglobe.ne.jp/~t_aoyagi/railway/free/aoimori02.htm
igraoimori81,もりもりフリーパス,青い森鉄道,['青い森鉄道' 'IGRいわて銀河鉄道'],2,TRUE,tohoku,東北,东北,['東北'],kikan,期間限定タイプ,期间限定,['実券' 'デジタル'],TRUE,TRUE,ended,終了,,,5500,2750,2750,"大人：5,500円 小人：2,750円",2日間,2,2025年6月1日〜2026年2月27日,2025年6月1日〜2026年2月28日,,['https://www2s.biglobe.ne.jp/~t_aoyagi/railway/free/map/igr_aoimori.gif'],,['快速指定席は利用不可'],1,"青い森鉄道線の各有人駅窓口 
 
いわて銀河鉄道線 盛岡駅窓口 
 RIDE PASS","青い森鉄道・総務部総務企画課 TEL:017-752-0330 
 IGRいわて銀河鉄道：TEL:019-626-9151",,https://aoimorirailway.com/archives/otoku-ticket/morimori,"[{'text': '青い森鉄道', 'url': 'https://aoimorirailway.com/archives/otoku-ticket/morimori'}
 {'text': 'ＩＧＲいわて銀河鉄道', 'url': 'https://igr.jp/ticket/morimori2025'}
 {'text': 'RIDE PASS', 'url': 'https://pass.ryde-go.com/products/ED182L4S553V'}]",,https://www2s.biglobe.ne.jp/~t_aoyagi/railway/free/igraoimori81.htm,igraoimori81.htm,17,2026-08-10 01:30:50.424840+00:00,もりもりフリーパス,,,,https://www2s.biglobe.ne.jp/~t_aoyagi/railway/free/igraoimori81.htm
aoimori92,メハチパス,青い森鉄道,['青い森鉄道'],1,FALSE,tohoku,東北,东北,['東北'],kikan,期間限定タイプ,期间限定,['実券'],TRUE,FALSE,ended,終了,,,920,460,460,大人：920円／小人：460円,1日間,1,"2023年5月10日〜2023年5月28日 
 2022年12月1日〜2023年2月28日","2023年5月10日〜2023年5月28日 
 2022年12月1日〜2023年2月28日",,['https://www2s.biglobe.ne.jp/~t_aoyagi/railway/free/map/aoimori92.gif'],,[],0,八戸,青い森鉄道 TEL:017-752-0330,,https://aoimorirailway.com/archives/36443,"[{'text': '青い森鉄道', 'url': 'https://aoimorirailway.com/archives/36443'}]",,https://www2s.biglobe.ne.jp/~t_aoyagi/railway/free/aoimori92.htm,aoimori92.htm,18,2026-08-10 01:30:50.424840+00:00,メハチパス,,,,https://www2s.biglobe.ne.jp/~t_aoyagi/railway/free/aoimori92.htm
aoimori94,ツーデーパス,青い森鉄道,['青い森鉄道'],1,FALSE,tohoku,東北,东北,['東北'],kikan,期間限定タイプ,期间限定,['実券'],TRUE,FALSE,ended,終了,,,3570,1790,1790,"大人：3,570円／小人：1,790円",2日間,2,2026年1月31日〜2026年2月27日,2026年1月31日〜2026年2月28日,,['https://www2s.biglobe.ne.jp/~t_aoyagi/railway/free/map/aoimori.gif'],,['ＪＲの全車指定快速(リゾートあすなろ)乗車不可。'],1,"自動券売機(当日のみ)：青森,筒井,東青森,小柳,矢田前,野内,浅虫温泉,小湊,野辺地,乙供,上北町,三沢,下田,陸奥市川,八戸,剣吉,三戸 
 有人駅窓口",青い森鉄道・総務部総務企画課 TEL:017-752-0330,,https://aoimorirailway.com/wp/wp-content/uploads/2026/01/0cabb64989486f55af72c24eec30f67b.pdf,"[{'text': '青い森鉄道', 'url': 'https://aoimorirailway.com/wp/wp-content/uploads/2026/01/0cabb64989486f55af72c24eec30f67b.pdf'}]",,https://www2s.biglobe.ne.jp/~t_aoyagi/railway/free/aoimori94.htm,aoimori94.htm,19,2026-08-10 01:30:50.424840+00:00,ツーデーパス,,,,https://www2s.biglobe.ne.jp/~t_aoyagi/railway/free/aoimori94.htm
aoimori101,Aomori city おでかけフリーパス（コラボデザイン版）,青い森鉄道,['青い森鉄道'],1,FALSE,tohoku,東北,东北,['東北'],kikan,期間限定タイプ,期间限定,['実券'],TRUE,FALSE,ended,終了,,,700,,700,大人：700円／小人：---円,1日間,1,2026年4月18日〜2026年6月21日,2026年4月18日〜2026年6月21日,,['https://www2s.biglobe.ne.jp/~t_aoyagi/railway/free/map/aoimori100.gif'],,['大人1名に小学生以下2名まで利用可能'],1,"青森駅,浅虫温泉窓口",青い森鉄道・総務部総務企画課 TEL:017-752-0330,,https://aoimorirailway.com/wp/wp-content/uploads/2026/04/e8e3445a739f55056b4e1cb4891d5fad.pdf,"[{'text': '青い森鉄道', 'url': 'https://aoimorirailway.com/wp/wp-content/uploads/2026/04/e8e3445a739f55056b4e1cb4891d5fad.pdf'}]",,https://www2s.biglobe.ne.jp/~t_aoyagi/railway/free/aoimori101.htm,aoimori101.htm,20,2026-08-10 01:30:50.424840+00:00,Aomori city おでかけフリーパス(コラボデザイン版),,,,https://www2s.biglobe.ne.jp/~t_aoyagi/railway/free/aoimori101.htm
aoimori102,青い森ワンデーパス（コラボデザイン版）,青い森鉄道,['青い森鉄道'],1,FALSE,tohoku,東北,东北,['東北'],kikan,期間限定タイプ,期间限定,['実券'],TRUE,FALSE,ended,終了,,,2270,,2270,"大人：2,270円",1日間,1,2026年4月18日〜2026年6月21日,"2026年4月18日〜2026年6月21日の土休日 
 4月29日〜5月5日",,['https://www2s.biglobe.ne.jp/~t_aoyagi/railway/free/map/aoimori.gif'],,['ＪＲの全車指定快速(リゾートあすなろ)は指定券が必要。'],1,"八戸,三沢,野辺地,小湊,浅虫温泉,青森",青い森鉄道・総務部総務企画課 TEL:017-752-0330,,https://aoimorirailway.com/wp/wp-content/uploads/2026/04/e8e3445a739f55056b4e1cb4891d5fad.pdf,"[{'text': '青い森鉄道', 'url': 'https://aoimorirailway.com/wp/wp-content/uploads/2026/04/e8e3445a739f55056b4e1cb4891d5fad.pdf'}]",,https://www2s.biglobe.ne.jp/~t_aoyagi/railway/free/aoimori102.htm,aoimori102.htm,21,2026-08-10 01:30:50.424840+00:00,青い森ワンデーパス(コラボデザイン版),,,,https://www2s.biglobe.ne.jp/~t_aoyagi/railway/free/aoimori102.htm
akitajukan01,秋田内陸ワンデーパス,秋田内陸縦貫鉄道,['秋田内陸縦貫鉄道'],1,FALSE,tohoku,東北,东北,['東北'],tunen,通年発売タイプ,全年发售,['実券' 'デジタル'],TRUE,TRUE,on_sale,発売中,,,1500,750,750,"全線タイプ 大人：2,500円／小人：1,250円 
 
Ａタイプ 大人：1,500円／小人： 750円 
 
Ｂタイプ 大人：1,500円／小人： 750円 
 
モバイル版 大人：2,400円／小人：1,200円",１日,1,通年,通年,,['https://www2s.biglobe.ne.jp/~t_aoyagi/railway/free/map/akitajukan.gif'],"タイプ 急行もりよし号 快速・普通 
 全線タイプ ○ ○ 
 Ａタイプ ○ ○ 
 Ｂタイプ ○ ○ 
 モバイル版 ○ ○ 
 
 ○：乗車可 ▲：乗車券のみ有効 ×：乗車不可",['急行列車乗車可。'],1,"鷹巣,合川,米内沢,阿仁前田温泉,阿仁合,角館 
 
道の駅あに「最寄駅 比立内ひたちない」 
 本庄商店（旧上桧木内かみひのきない小学校そば）「最寄駅 上桧木内かみひのきない」 
 （株）中央商会（ガソリンスタンドJOMO桧木内ひのきないSS）「最寄駅 松葉まつば」 
 西木温泉ふれあいプラザクリオン「最寄駅 西明寺さいみょうじ」 
 
 ジョルダンモバイルチケット TOHOKU MaaS(スマートフォン)",秋田内陸縦貫鉄道株式会社 TEL:0186-82-3231,,https://www.akita-nairiku.com/ticket/,"[{'text': '秋田内陸縦貫鉄道', 'url': 'https://www.akita-nairiku.com/ticket/'}
 {'text': 'ジョルダンモバイルチケット', 'url': 'https://ticket.jorudan.co.jp/akita-nairiku/ja/'}]",,https://www2s.biglobe.ne.jp/~t_aoyagi/railway/free/akitajukan01.htm,akitajukan01.htm,22,2026-08-10 01:30:50.424840+00:00,秋田内陸ワンデーパス,,,,https://www2s.biglobe.ne.jp/~t_aoyagi/railway/free/akitajukan01.htm
akitajukan02,秋田内陸ツーデーパス,秋田内陸縦貫鉄道,['秋田内陸縦貫鉄道'],1,FALSE,tohoku,東北,东北,['東北'],tunen,通年発売タイプ,全年发售,['実券'],TRUE,FALSE,on_sale,発売中,,,3500,1750,1750,"大人：3,500円／小人：1,750円",１日,1,通年,通年,,['https://www2s.biglobe.ne.jp/~t_aoyagi/railway/free/map/akitajukan03.gif'],"急行もりよし号 快速・普通 
 ○ ○ 
 
 
 ○：乗車可 ▲：乗車券のみ有効 ×：乗車不可",['急行列車乗車可。'],1,"鷹巣,合川,米内沢,阿仁前田,阿仁合,角館",秋田内陸縦貫鉄道株式会社 TEL:0186-82-3231,,http://www.akita-nairiku.com/ticket/,"[{'text': '秋田内陸縦貫鉄道', 'url': 'http://www.akita-nairiku.com/ticket/'}]",,https://www2s.biglobe.ne.jp/~t_aoyagi/railway/free/akitajukan02.htm,akitajukan02.htm,23,2026-08-10 01:30:50.424840+00:00,秋田内陸ツーデーパス,,,,https://www2s.biglobe.ne.jp/~t_aoyagi/railway/free/akitajukan02.htm
akitajukan03,バースデー1日乗り放題きっぷ,秋田内陸縦貫鉄道,['秋田内陸縦貫鉄道'],1,FALSE,tohoku,東北,东北,['東北'],tunen,通年発売タイプ,全年发售,['実券'],TRUE,FALSE,on_sale,発売中,,,1500,750,750,"大人：1,500円／小人：750円",１日,1,通年,申込者の誕生日と前後3日間（実質7日間）のうち1日,,['https://www2s.biglobe.ne.jp/~t_aoyagi/railway/free/map/akitajukan03.gif'],"急行もりよし号 快速・普通 
 ▲ ○ 
 
 
 ○：乗車可 ▲：乗車券のみ有効 ×：乗車不可",['本人を含めて同行者3名まで利用可能' '誕生日を証明するものが必要。'],2,"鷹巣,合川,米内沢,阿仁前田,阿仁合,角館",秋田内陸縦貫鉄道株式会社 TEL:0186-82-3231,,http://www.akita-nairiku.com/ticket/,"[{'text': '秋田内陸縦貫鉄道', 'url': 'http://www.akita-nairiku.com/ticket/'}]",,https://www2s.biglobe.ne.jp/~t_aoyagi/railway/free/akitajukan03.htm,akitajukan03.htm,24,2026-08-10 01:30:50.424840+00:00,バースデー1日乗り放題きっぷ,,,,https://www2s.biglobe.ne.jp/~t_aoyagi/railway/free/akitajukan03.htm
akitajukan94,丙午一日満喫きっぷ,秋田内陸縦貫鉄道,['秋田内陸縦貫鉄道'],1,FALSE,tohoku,東北,东北,['東北'],kikan,期間限定タイプ,期间限定,['実券'],TRUE,FALSE,period,2026/1/1  〜12/31,2026/1/1,2026/12/31,2000,,2000,"大人：2,000円",１日間,1,2026年1月1日〜2026年12月31日,2026年1月1日〜2026年12月31日,,['https://www2s.biglobe.ne.jp/~t_aoyagi/railway/free/map/akitajukan03.gif'],,['急行列車は別途料金必要' '1966年生まれ限定'],2,"角館,阿仁合,鷹巣,合川,米内沢,阿仁前田温泉",秋田内陸縦貫鉄道 TEL:0186-82-3231,,https://www.akita-nairiku.com/topics/?p=4502,"[{'text': '秋田内陸縦貫鉄道', 'url': 'https://www.akita-nairiku.com/topics/?p=4502'}]",,https://www2s.biglobe.ne.jp/~t_aoyagi/railway/free/akitajukan94.htm,akitajukan94.htm,25,2026-08-10 01:30:50.424840+00:00,丙午一日満喫きっぷ,,,,https://www2s.biglobe.ne.jp/~t_aoyagi/railway/free/akitajukan94.htm
akitajukan92,コロプラフリーきっぷ,秋田内陸縦貫鉄道,['秋田内陸縦貫鉄道'],1,FALSE,tohoku,東北,东北,['東北'],kikan,期間限定タイプ,期间限定,['実券'],TRUE,FALSE,period,〜2027/3/31,,2027/3/31,3400,,3400,"大人：3,400円",１日間,1,2012年11月1日〜2027年3月31日,2012年11月1日〜2027年3月31日,,['https://www2s.biglobe.ne.jp/~t_aoyagi/railway/free/map/akitajukan03.gif'],,['急行列車利用可'],1,"鷹巣,阿仁合,角館の各駅窓口",秋田内陸縦貫鉄道 TEL:0186-82-3231,,https://colopl.co.jp/service/other/coloca/transport/area01/norimono_akitanairiku/,"[{'text': 'コラプロ', 'url': 'https://colopl.co.jp/service/other/coloca/transport/area01/norimono_akitanairiku/'}]",,https://www2s.biglobe.ne.jp/~t_aoyagi/railway/free/akitajukan92.htm,akitajukan92.htm,26,2026-08-10 01:30:50.424840+00:00,コロプラフリーきっぷ,,,,https://www2s.biglobe.ne.jp/~t_aoyagi/railway/free/akitajukan92.htm
yurikogen02,沿線満喫(おもちゃ)切符,由利高原鉄道,['由利高原鉄道'],1,FALSE,tohoku,東北,东北,['東北'],tunen,通年発売タイプ,全年发售,['実券'],TRUE,FALSE,on_sale,発売中,,,1480,900,900,"大人：1,700円 小人：1,000円 
 2021年4月1日〜2022年2月28日 
 大人：1,480円 小人：900円",１日,1,発売中,発売日,,['https://www2s.biglobe.ne.jp/~t_aoyagi/railway/free/map/yurikogen.gif'],,['おもちゃ美術館入館料込み'],1,羽後本荘、矢島,由利高原鉄道 TEL:0184-56-2736,,http://www.obako5.com/沿線満喫おもちゃ切符/,"[{'text': '由利高原鉄道', 'url': 'http://www.obako5.com/沿線満喫おもちゃ切符/'}]",,https://www2s.biglobe.ne.jp/~t_aoyagi/railway/free/yurikogen02.htm,yurikogen02.htm,27,2026-08-10 01:30:50.424840+00:00,沿線満喫(おもちゃ)切符,,,,https://www2s.biglobe.ne.jp/~t_aoyagi/railway/free/yurikogen02.htm
yurikogen01,楽楽遊遊乗車券,由利高原鉄道,['由利高原鉄道'],1,FALSE,tohoku,東北,东北,['東北'],holiday,週末限定タイプ,周末限定,['実券'],TRUE,FALSE,on_sale,発売中,,,1100,500,500,"大人：1,100円 小人：500円",１日,1,"土日祝日 
 4月28日〜5月6日,8月12日〜8月18日,12月29日〜1月3日",発売当日,,['https://www2s.biglobe.ne.jp/~t_aoyagi/railway/free/map/yurikogen.gif'],,[],0,"羽後本荘、矢島、前郷,まごころ列車",由利高原鉄道 TEL:0184-56-2736,,http://www.obako5.com/楽楽遊遊乗車券%EF%BC%91日フリー券/,"[{'text': '由利高原鉄道', 'url': 'http://www.obako5.com/楽楽遊遊乗車券%EF%BC%91日フリー券/'}]",,https://www2s.biglobe.ne.jp/~t_aoyagi/railway/free/yurikogen01.htm,yurikogen01.htm,28,2026-08-10 01:30:50.424840+00:00,楽楽遊遊乗車券,,,,https://www2s.biglobe.ne.jp/~t_aoyagi/railway/free/yurikogen01.htm
igr93,IGRホリデーフリーきっぷ,IGRいわて銀河鉄道,['IGRいわて銀河鉄道'],1,FALSE,tohoku,東北,东北,['東北'],holiday,週末限定タイプ,周末限定,['実券' 'デジタル'],TRUE,TRUE,on_sale,発売中,,,3000,1500,1500,"大人：3,000円／小人・中学生：1,500円",１日,1,通年,"土休日 
 8月1日〜4日,12月30日〜1月3日",,['https://www2s.biglobe.ne.jp/~t_aoyagi/railway/free/map/igr.gif'],,[],0,"IGRいわて銀河鉄道各駅(小繋,斗米駅を除く) 
 RIDE PASS",IGRインフォメーション TEL:019-626-9151,,https://igr.jp/ticket/holiday,"[{'text': 'IGRいわて銀河鉄道', 'url': 'https://igr.jp/ticket/holiday'}
 {'text': 'RIDE PASS', 'url': 'https://pass.ryde-go.com/products/KVD3E94SK030'}]",,https://www2s.biglobe.ne.jp/~t_aoyagi/railway/free/igr93.htm,igr93.htm,29,2026-08-10 01:30:50.424840+00:00,IGRホリデーフリーきっぷ,,,,https://www2s.biglobe.ne.jp/~t_aoyagi/railway/free/igr93.htm
igr97,ＩＧＲでＧＯ！でたとこきっぷ,IGRいわて銀河鉄道,['IGRいわて銀河鉄道'],1,FALSE,tohoku,東北,东北,['東北'],kikan,期間限定タイプ,期间限定,['実券'],TRUE,FALSE,ended,終了,,,1000,,1000,"大人：1,000円／小人：---円",1日,1,2025年9月1日〜2025年11月30日,2025年9月1日〜2025年11月30日,,['https://www2s.biglobe.ne.jp/~t_aoyagi/railway/free/map/igr97.gif'],,"['スクラッチを削って表示された駅(渋民,いわて沼宮内,奥中山高原,目時)まで']",1,盛岡駅,IGRインフォメーション TEL:019-626-9151,,https://igr.jp/2025/08/22/detatoko_kippu/,"[{'text': 'IGRいわて銀河鉄道', 'url': 'https://igr.jp/2025/08/22/detatoko_kippu/'}]",,https://www2s.biglobe.ne.jp/~t_aoyagi/railway/free/igr97.htm,igr97.htm,31,2026-08-10 01:30:50.424840+00:00,ＩＧＲでＧＯ！でたとこきっぷ,,,,https://www2s.biglobe.ne.jp/~t_aoyagi/railway/free/igr97.htm
igr98,金田一温泉湯めぐりきっぷ,IGRいわて銀河鉄道,['IGRいわて銀河鉄道'],1,FALSE,tohoku,東北,东北,['東北'],kikan,期間限定タイプ,期间限定,['デジタル'],FALSE,TRUE,ended,終了,,,5000,,5000,"大人：5,000円／小人：---円",２日,2,2025年10月17日〜2026年3月30日,2025年10月17日〜2026年3月31日,,['https://www2s.biglobe.ne.jp/~t_aoyagi/railway/free/map/igr98.gif'],,[],0,RIDE PASS,IGRインフォメーション TEL:019-626-9151,,https://igr.jp/2025/10/09/yumeguri_kippu/,"[{'text': 'IGRいわて銀河鉄道', 'url': 'https://igr.jp/2025/10/09/yumeguri_kippu/'}
 {'text': 'RIDE PASS', 'url': 'https://pass.ryde-go.com/products/9G3M61S4M08W'}]",,https://www2s.biglobe.ne.jp/~t_aoyagi/railway/free/igr98.htm,igr98.htm,32,2026-08-10 01:30:50.424840+00:00,金田一温泉湯めぐりきっぷ,,,,https://www2s.biglobe.ne.jp/~t_aoyagi/railway/free/igr98.htm
sanriku11,リアス線全線フリー乗車券,三陸鉄道,['三陸鉄道'],1,FALSE,tohoku,東北,东北,['東北'],tunen,通年発売タイプ,全年发售,['実券'],TRUE,FALSE,on_sale,発売中,,,6500,3250,3250,"大人：6,500円／小人：3,250円",2日間,2,通年,通年,,['https://www2s.biglobe.ne.jp/~t_aoyagi/railway/free/map/sanrikuall.gif'],,[],0,"盛,釜石,大槌,陸中山田,宮古,岩泉小本,島越,田野畑,普代,陸中野田,久慈",三陸鉄道・旅客営業部 TEL:0193-62-7000,,https://www.sanrikutetsudou.com/%E3%81%8A%E5%BE%97%E3%81%8D%E3%81%A3%E3%81%B7%E6%83%85%E5%A0%B1/%E4%BC%81%E7%94%BB%E4%B9%97%E8%BB%8A%E5%88%B8/#a,"[{'text': '三陸鉄道', 'url': 'https://www.sanrikutetsudou.com/%E3%81%8A%E5%BE%97%E3%81%8D%E3%81%A3%E3%81%B7%E6%83%85%E5%A0%B1/%E4%BC%81%E7%94%BB%E4%B9%97%E8%BB%8A%E5%88%B8/#a'}
 {'text': 'セブンイレブンチケット', 'url': 'https://7ticket.jp/g/002384'}]",,https://www2s.biglobe.ne.jp/~t_aoyagi/railway/free/sanriku11.htm,sanriku11.htm,33,2026-08-10 01:30:50.424840+00:00,三陸鉄道全線フリー乗車券,,,,https://www2s.biglobe.ne.jp/~t_aoyagi/railway/free/sanriku11.htm
sanriku25,岩泉龍泉洞１日フリーきっぷ,三陸鉄道,['三陸鉄道'],1,FALSE,tohoku,東北,东北,['東北'],tunen,通年発売タイプ,全年发售,['実券'],TRUE,FALSE,on_sale,発売中,,,4000,2000,2000,"大人：4,000円／小人：2,000円",１日間,1,通年,通年,,['https://www2s.biglobe.ne.jp/~t_aoyagi/railway/free/map/sanriku25.gif'],,['岩泉町民バスは往復' '龍泉洞入洞料含む'],2,"久慈,宮古",三陸鉄道・旅客営業部 TEL:0193-62-7000,,https://www.sanrikutetsudou.com/2026/04/01/%e5%b2%a9%e6%b3%89%e9%be%8d%e6%b3%89%e6%b4%9e%ef%bc%91%e6%97%a5%e3%83%95%e3%83%aa%e3%83%bc%e3%81%8d%e3%81%a3%e3%81%b7%e7%99%ba%e5%a3%b2%e3%81%ae%e3%81%8a%e7%9f%a5%e3%82%89%e3%81%9b/,"[{'text': '三陸鉄道', 'url': 'https://www.sanrikutetsudou.com/2026/04/01/%e5%b2%a9%e6%b3%89%e9%be%8d%e6%b3%89%e6%b4%9e%ef%bc%91%e6%97%a5%e3%83%95%e3%83%aa%e3%83%bc%e3%81%8d%e3%81%a3%e3%81%b7%e7%99%ba%e5%a3%b2%e3%81%ae%e3%81%8a%e7%9f%a5%e3%82%89%e3%81%9b/'}]",,https://www2s.biglobe.ne.jp/~t_aoyagi/railway/free/sanriku25.htm,sanriku25.htm,34,2026-08-10 01:30:50.424840+00:00,岩泉龍泉洞１日フリーきっぷ,,,,https://www2s.biglobe.ne.jp/~t_aoyagi/railway/free/sanriku25.htm
sanriku12,１日フリー乗車券(盛〜釜石間用),三陸鉄道,['三陸鉄道'],1,FALSE,tohoku,東北,东北,['東北'],holiday,週末限定タイプ,周末限定,['実券'],TRUE,FALSE,on_sale,発売中,,,1700,850,850,"大人：1,700円／小人：850円",１日間,1,土休日,土休日,,['https://www2s.biglobe.ne.jp/~t_aoyagi/railway/free/map/sanrikus.gif'],,[],0,"盛,釜石",三陸鉄道・旅客営業部 TEL:0193-62-7000,,https://www.sanrikutetsudou.com/%E3%81%8A%E5%BE%97%E3%81%8D%E3%81%A3%E3%81%B7%E6%83%85%E5%A0%B1/%E4%BC%81%E7%94%BB%E4%B9%97%E8%BB%8A%E5%88%B8/#b,"[{'text': '三陸鉄道', 'url': 'https://www.sanrikutetsudou.com/%E3%81%8A%E5%BE%97%E3%81%8D%E3%81%A3%E3%81%B7%E6%83%85%E5%A0%B1/%E4%BC%81%E7%94%BB%E4%B9%97%E8%BB%8A%E5%88%B8/#b'}
 {'text': 'セブンイレブンチケット', 'url': 'https://7ticket.jp/g/002384'}]",,https://www2s.biglobe.ne.jp/~t_aoyagi/railway/free/sanriku12.htm,sanriku12.htm,35,2026-08-10 01:30:50.424840+00:00,１日フリー乗車券(盛〜釜石間用),,,,https://www2s.biglobe.ne.jp/~t_aoyagi/railway/free/sanriku12.htm
sanriku13,１日フリー乗車券(釜石〜宮古間用),三陸鉄道,['三陸鉄道'],1,FALSE,tohoku,東北,东北,['東北'],holiday,週末限定タイプ,周末限定,['実券'],TRUE,FALSE,on_sale,発売中,,,2700,1350,1350,"大人：2,700円／小人：1,350円",１日間,1,土休日,土休日,,['https://www2s.biglobe.ne.jp/~t_aoyagi/railway/free/map/sanrikum.gif'],,[],0,"盛,釜石,大槌,陸中山田,宮古",三陸鉄道・旅客営業部 TEL:0193-62-7000,,https://www.sanrikutetsudou.com/%E3%81%8A%E5%BE%97%E3%81%8D%E3%81%A3%E3%81%B7%E6%83%85%E5%A0%B1/%E4%BC%81%E7%94%BB%E4%B9%97%E8%BB%8A%E5%88%B8/#b,"[{'text': '三陸鉄道', 'url': 'https://www.sanrikutetsudou.com/%E3%81%8A%E5%BE%97%E3%81%8D%E3%81%A3%E3%81%B7%E6%83%85%E5%A0%B1/%E4%BC%81%E7%94%BB%E4%B9%97%E8%BB%8A%E5%88%B8/#b'}
 {'text': 'セブンイレブンチケット', 'url': 'https://7ticket.jp/g/002384'}]",,https://www2s.biglobe.ne.jp/~t_aoyagi/railway/free/sanriku13.htm,sanriku13.htm,36,2026-08-10 01:30:50.424840+00:00,１日フリー乗車券(釜石〜宮古間用),,,,https://www2s.biglobe.ne.jp/~t_aoyagi/railway/free/sanriku13.htm
sanriku14,１日フリー乗車券(宮古〜久慈間用),三陸鉄道,['三陸鉄道'],1,FALSE,tohoku,東北,东北,['東北'],holiday,週末限定タイプ,周末限定,['実券' 'デジタル'],TRUE,TRUE,on_sale,発売中,,,2900,1450,1450,"大人：2,900円／小人：1,450円",１日間,1,土休日,土休日,,['https://www2s.biglobe.ne.jp/~t_aoyagi/railway/free/map/sanrikun.gif'],,[],0,"宮古,岩泉小本,島越,田野畑,普代,陸中野田,久慈 
 
 RIDE PASS セブンイレブンチケット",三陸鉄道・旅客営業部 TEL:0193-62-7000,,https://www.sanrikutetsudou.com/%E3%81%8A%E5%BE%97%E3%81%8D%E3%81%A3%E3%81%B7%E6%83%85%E5%A0%B1/%E4%BC%81%E7%94%BB%E4%B9%97%E8%BB%8A%E5%88%B8/#b,"[{'text': '三陸鉄道', 'url': 'https://www.sanrikutetsudou.com/%E3%81%8A%E5%BE%97%E3%81%8D%E3%81%A3%E3%81%B7%E6%83%85%E5%A0%B1/%E4%BC%81%E7%94%BB%E4%B9%97%E8%BB%8A%E5%88%B8/#b'}
 {'text': 'RIDE PASS', 'url': 'https://pass.ryde-go.com/products/VG8J2QSKLZ8W'}
 {'text': 'セブンイレブンチケット', 'url': 'https://7ticket.jp/g/002384'}]",,https://www2s.biglobe.ne.jp/~t_aoyagi/railway/free/sanriku14.htm,sanriku14.htm,37,2026-08-10 01:30:50.424840+00:00,１日フリー乗車券(宮古〜久慈間用),,,,https://www2s.biglobe.ne.jp/~t_aoyagi/railway/free/sanriku14.htm
sanriku22,中高生1日フリー乗車券(盛〜釜石間用),三陸鉄道,['三陸鉄道'],1,FALSE,tohoku,東北,东北,['東北'],holiday,週末限定タイプ,周末限定,['実券'],TRUE,FALSE,on_sale,発売中,,,,,1200,"中高生：1,200円",１日間,1,通年,土休日,,['https://www2s.biglobe.ne.jp/~t_aoyagi/railway/free/map/sanrikus.gif'],,['中学生・高校生限定(購入時に学生証などの証明書必要)'],1,"盛,釜石",三陸鉄道・旅客営業部 TEL:0193-62-7000,,https://www.sanrikutetsudou.com/%E3%81%8A%E5%BE%97%E3%81%8D%E3%81%A3%E3%81%B7%E6%83%85%E5%A0%B1/%E4%BC%81%E7%94%BB%E4%B9%97%E8%BB%8A%E5%88%B8/#b,"[{'text': '三陸鉄道', 'url': 'https://www.sanrikutetsudou.com/%E3%81%8A%E5%BE%97%E3%81%8D%E3%81%A3%E3%81%B7%E6%83%85%E5%A0%B1/%E4%BC%81%E7%94%BB%E4%B9%97%E8%BB%8A%E5%88%B8/#b'}]",,https://www2s.biglobe.ne.jp/~t_aoyagi/railway/free/sanriku22.htm,sanriku22.htm,38,2026-08-10 01:30:50.424840+00:00,中高生1日フリー乗車券（盛〜釜石間用）,,,,https://www2s.biglobe.ne.jp/~t_aoyagi/railway/free/sanriku22.htm
sanriku23,中高生1日フリー乗車券(釜石〜宮古間用),三陸鉄道,['三陸鉄道'],1,FALSE,tohoku,東北,东北,['東北'],holiday,週末限定タイプ,周末限定,['実券'],TRUE,FALSE,on_sale,発売中,,,,,1700,"中高生：1,700円",１日間,1,通年,土休日,,['https://www2s.biglobe.ne.jp/~t_aoyagi/railway/free/map/sanrikum.gif'],,['中学生・高校生限定(購入時に学生証などの証明書必要)'],1,"釜石,大槌,陸中山田,宮古",三陸鉄道・旅客営業部 TEL:0193-62-7000,,https://www.sanrikutetsudou.com/%E3%81%8A%E5%BE%97%E3%81%8D%E3%81%A3%E3%81%B7%E6%83%85%E5%A0%B1/%E4%BC%81%E7%94%BB%E4%B9%97%E8%BB%8A%E5%88%B8/#b,"[{'text': '三陸鉄道', 'url': 'https://www.sanrikutetsudou.com/%E3%81%8A%E5%BE%97%E3%81%8D%E3%81%A3%E3%81%B7%E6%83%85%E5%A0%B1/%E4%BC%81%E7%94%BB%E4%B9%97%E8%BB%8A%E5%88%B8/#b'}]",,https://www2s.biglobe.ne.jp/~t_aoyagi/railway/free/sanriku23.htm,sanriku23.htm,39,2026-08-10 01:30:50.424840+00:00,中高生1日フリー乗車券（釜石〜宮古間）,,,,https://www2s.biglobe.ne.jp/~t_aoyagi/railway/free/sanriku23.htm
sanriku86,三鉄ワンコインフリーパス,三陸鉄道,['三陸鉄道'],1,FALSE,tohoku,東北,东北,['東北'],kikan,期間限定タイプ,期间限定,['実券'],TRUE,FALSE,period,2026/8/21  〜11/7,2026/8/21,2026/11/7,500,500,500,大人：500円／小人：500円,1日間,1,2026年8月21日〜2026年11月7日,"2026年9月12日 
 2026年10月17日 
 2026年11月7日",,['https://www2s.biglobe.ne.jp/~t_aoyagi/railway/free/map/sanrikuall.gif'],,[],0,"盛,釜石,大槌,陸中山田,宮古,岩泉小本,島越,田野畑,普代,陸中野田,久慈",三陸鉄道・旅客営業部 TEL:0193-62-7000,,https://www.sanrikutetsudou.com/2026/08/05/%e4%b8%89%e9%89%84%e3%83%af%e3%83%b3%e3%82%b3%e3%82%a4%e3%83%b3%e3%83%95%e3%83%aa%e3%83%bc%e3%83%91%e3%82%b9%e7%99%ba%e5%a3%b2%e3%81%ab%e3%81%a4%e3%81%84%e3%81%a6/,"[{'text': '三陸鉄道', 'url': 'https://www.sanrikutetsudou.com/2026/08/05/%e4%b8%89%e9%89%84%e3%83%af%e3%83%b3%e3%82%b3%e3%82%a4%e3%83%b3%e3%83%95%e3%83%aa%e3%83%bc%e3%83%91%e3%82%b9%e7%99%ba%e5%a3%b2%e3%81%ab%e3%81%a4%e3%81%84%e3%81%a6/'}]",,https://www2s.biglobe.ne.jp/~t_aoyagi/railway/free/sanriku86.htm,sanriku86.htm,40,2026-08-10 01:30:50.424840+00:00,三鉄ワンコインフリーパス,,,,https://www2s.biglobe.ne.jp/~t_aoyagi/railway/free/sanriku86.htm
sanriku84,やませジョイフルよ市きっぷ,三陸鉄道,['三陸鉄道'],1,FALSE,tohoku,東北,东北,['東北'],kikan,期間限定タイプ,期间限定,['実券'],TRUE,FALSE,ended,終了,,,1500,500,500,"大人：1,500円／小人：500円",１日間,1,"2023年10月14日,15日,28日",発売当日限り,,['https://www2s.biglobe.ne.jp/~t_aoyagi/railway/free/map/sanriku84.gif'],,['小人用は商品券なし。'],1,"久慈,陸中野田,普代",三陸鉄道 TEL:0193-62-7000,,https://www.sanrikutetsudou.com/?p=20168,"[{'text': '三陸鉄道', 'url': 'https://www.sanrikutetsudou.com/?p=20168'}]",,https://www2s.biglobe.ne.jp/~t_aoyagi/railway/free/sanriku84.htm,sanriku84.htm,41,2026-08-10 01:30:50.424840+00:00,やませジョイフルよ市きっぷ,,,,https://www2s.biglobe.ne.jp/~t_aoyagi/railway/free/sanriku84.htm
sanriku85,400円きっぷ,三陸鉄道,['三陸鉄道'],1,FALSE,tohoku,東北,东北,['東北'],kikan,期間限定タイプ,期间限定,['実券'],TRUE,FALSE,ended,終了,,,400,400,400,大人：400円／小人：400円,1日間,1,"2024年9月1日〜2024年9月14日 
 2024年9月29日〜2024年10月12日 
 2024年10月22日〜2024年11月4日","2024年9月14日 
 2024年10月12日 
 2024年11月4日",,['https://www2s.biglobe.ne.jp/~t_aoyagi/railway/free/map/sanrikuall.gif'],,[],0,"盛,釜石,大槌,陸中山田,宮古,岩泉小本,島越,田野畑,普代,陸中野田,久慈",三陸鉄道・旅客営業部 TEL:0193-62-7000,,https://www.sanrikutetsudou.com/2024/08/30/400%e5%86%86%e3%81%a7%e3%83%aa%e3%82%a2%e3%82%b9%e7%b7%9a%e5%85%a8%e7%b7%9a%e4%b9%97%e3%82%8a%e6%94%be%e9%a1%8c%ef%bc%81400%e5%86%86%e3%81%8d%e3%81%a3%e3%81%b7%e7%99%ba%e5%a3%b2%e6%b1%ba%e5%ae%9a/,"[{'text': '三陸鉄道', 'url': 'https://www.sanrikutetsudou.com/2024/08/30/400%e5%86%86%e3%81%a7%e3%83%aa%e3%82%a2%e3%82%b9%e7%b7%9a%e5%85%a8%e7%b7%9a%e4%b9%97%e3%82%8a%e6%94%be%e9%a1%8c%ef%bc%81400%e5%86%86%e3%81%8d%e3%81%a3%e3%81%b7%e7%99%ba%e5%a3%b2%e6%b1%ba%e5%ae%9a/'}]",,https://www2s.biglobe.ne.jp/~t_aoyagi/railway/free/sanriku85.htm,sanriku85.htm,42,2026-08-10 01:30:50.424840+00:00,400円きっぷ,,,,https://www2s.biglobe.ne.jp/~t_aoyagi/railway/free/sanriku85.htm
flower02,もっちぃ親子・孫乗り放題きっぷ,山形鉄道,['山形鉄道'],1,FALSE,tohoku,東北,东北,['東北'],tunen,通年発売タイプ,全年发售,['実券' 'デジタル'],TRUE,TRUE,on_sale,発売中,,,,,1000,"1,000円",１日,1,通年,平日のみ,,['https://www2s.biglobe.ne.jp/~t_aoyagi/railway/free/map/yamagata.gif'],,['大人1名と小学生以下2名まで(大人だけでの利用不可)'],1,"赤湯,宮内,長井,荒砥,車内 
 RYDE PASS",山形鉄道 TEL:0238-88-2002,,https://flower-liner.jp/ticket/,"[{'text': '山形鉄道', 'url': 'https://flower-liner.jp/ticket/'}
 {'text': 'RYDE PASS', 'url': 'https://pass.ryde-go.com/products/6PV8ZDMSD3G5'}]",,https://www2s.biglobe.ne.jp/~t_aoyagi/railway/free/flower02.htm,flower02.htm,43,2026-08-10 01:30:50.424840+00:00,もっちぃ親子・孫乗り放題きっぷ,,,,https://www2s.biglobe.ne.jp/~t_aoyagi/railway/free/flower02.htm
flower01,土休日フリーきっぷ,山形鉄道,['山形鉄道'],1,FALSE,tohoku,東北,东北,['東北'],holiday,週末限定タイプ,周末限定,['実券' 'デジタル'],TRUE,TRUE,on_sale,発売中,,,1000,,1000,"大人：1,000円(小学生二人まで利用可)",１日,1,通年,土休日,,['https://www2s.biglobe.ne.jp/~t_aoyagi/railway/free/map/yamagata.gif'],,[],0,"赤湯,宮内,長井,荒砥,車内 
 RYDE PASS",山形鉄道 TEL:0238-88-2002,,http://flower-liner.jp/ticket/,"[{'text': '山形鉄道', 'url': 'http://flower-liner.jp/ticket/'}
 {'text': 'RYDE PASS', 'url': 'https://pass.ryde-go.com/products/KVD3E94SQ30J'}]",,https://www2s.biglobe.ne.jp/~t_aoyagi/railway/free/flower01.htm,flower01.htm,44,2026-08-10 01:30:50.424840+00:00,土休日フリーきっぷ,,,,https://www2s.biglobe.ne.jp/~t_aoyagi/railway/free/flower01.htm
sendai01,地下鉄一日乗車券,仙台市交通局,['仙台市交通局'],1,FALSE,tohoku,東北,东北,['東北'],tunen,通年発売タイプ,全年发售,['実券'],TRUE,FALSE,on_sale,発売中,,,620,310,310,"平日 大人：840円／小人：420円 
 土休日 大人：620円／小人：310円",１日間,1,通年,通年,,['https://www2s.biglobe.ne.jp/~t_aoyagi/railway/free/map/sendai01.gif'],,[],0,地下鉄各駅,仙台市交通局 TEL:022-222-2256,,https://www.kotsu.city.sendai.jp/fare/waribiki.html,"[{'text': '仙台市交通局', 'url': 'https://www.kotsu.city.sendai.jp/fare/waribiki.html'}]",,https://www2s.biglobe.ne.jp/~t_aoyagi/railway/free/sendai01.htm,sendai01.htm,45,2026-08-10 01:30:50.424840+00:00,地下鉄一日乗車券,,,,https://www2s.biglobe.ne.jp/~t_aoyagi/railway/free/sendai01.htm
sendai03,るーぷる仙台・地下鉄共通一日乗車券,仙台市交通局,['仙台市交通局'],1,FALSE,tohoku,東北,东北,['東北'],tunen,通年発売タイプ,全年发售,['実券'],TRUE,FALSE,on_sale,発売中,,,920,460,460,大人：920円／小人：460円,１日間,1,通年,土・日・休日,,['https://www2s.biglobe.ne.jp/~t_aoyagi/railway/free/map/sendai03.gif'],,['土休日のみ利用可'],1,"仙台駅西口バスプール案内所
 
 仙台市交通局各営業所・出張所および乗車券発売所
 
 地下鉄南北線・東西線各駅の窓口
 
 るーぷる仙台車内
 
 宮城 MaaS(スマートフォン) TOHOKU MaaS(スマートフォン)",仙台市交通局 TEL:022-222-2256,,https://www.kotsu.city.sendai.jp/fare/waribiki.html,"[{'text': '仙台市交通局', 'url': 'https://www.kotsu.city.sendai.jp/fare/waribiki.html'}
 {'text': '宮城 MaaS(スマートフォン)', 'url': 'https://cs.sendai-maas.jp/tabs/home/merchandises/select-ticket?agency-id=8000020041009&item=looplesubway1dayfree_QR'}]",,https://www2s.biglobe.ne.jp/~t_aoyagi/railway/free/sendai03.htm,sendai03.htm,46,2026-08-10 01:30:50.424840+00:00,るーぷる仙台・地下鉄共通一日乗車券,,,,https://www2s.biglobe.ne.jp/~t_aoyagi/railway/free/sendai03.htm
sendai92,Pokemon GO Fest 2024:仙台 地下鉄24時間券・地下鉄36時間券,仙台市交通局,['仙台市交通局'],1,FALSE,tohoku,東北,东北,['東北'],kikan,期間限定タイプ,期间限定,['デジタル'],FALSE,TRUE,ended,終了,,,500,250,250,"【24時間券】 大人：500円 小人：250円 
 【36時間券】 大人：700円 小人：350円",１日間,1,2024年5月22日〜2024年6月2日,2024年5月30日〜2024年6月2日,,['https://www2s.biglobe.ne.jp/~t_aoyagi/railway/free/map/sendai01.gif'],,[],0,仙台MaaS,仙台市交通局 TEL:022-222-2256,,http://www.kotsu.city.sendai.jp/subway/news/event/1anni_event2.html#nenmatsu,"[{'text': '仙台市交通局', 'url': 'http://www.kotsu.city.sendai.jp/subway/news/event/1anni_event2.html#nenmatsu'}]",,https://www2s.biglobe.ne.jp/~t_aoyagi/railway/free/sendai92.htm,sendai92.htm,47,2026-08-10 01:30:50.424840+00:00,Pokemon GO Fest 2024:仙台 地下鉄24時間券・地下鉄36時間券,,,,https://www2s.biglobe.ne.jp/~t_aoyagi/railway/free/sendai92.htm
sendai93,東北絆まつり2024仙台 地下鉄24時間券・地下鉄36時間券,仙台市交通局,['仙台市交通局'],1,FALSE,tohoku,東北,东北,['東北'],kikan,期間限定タイプ,期间限定,['デジタル'],FALSE,TRUE,ended,終了,,,500,250,250,"【24時間券】 大人：500円 小人：250円 
 【36時間券】 大人：700円 小人：350円",１日間,1,2024年5月30日〜2024年6月9日,2024年6月7日〜2024年6月9日,,['https://www2s.biglobe.ne.jp/~t_aoyagi/railway/free/map/sendai01.gif'],,[],0,仙台MaaS,仙台市交通局 TEL:022-222-2256,,http://www.kotsu.city.sendai.jp/subway/news/event/1anni_event2.html#nenmatsu,"[{'text': '仙台市交通局', 'url': 'http://www.kotsu.city.sendai.jp/subway/news/event/1anni_event2.html#nenmatsu'}]",,https://www2s.biglobe.ne.jp/~t_aoyagi/railway/free/sendai93.htm,sendai93.htm,48,2026-08-10 01:30:50.424840+00:00,東北絆まつり2024仙台 地下鉄24時間券・地下鉄36時間券,,,,https://www2s.biglobe.ne.jp/~t_aoyagi/railway/free/sendai93.htm
abukyu12,飯坂温泉日帰りきっぷ,阿武隈急行,['阿武隈急行'],1,FALSE,tohoku,東北,东北,['東北'],tunen,通年発売タイプ,全年发售,['実券'],TRUE,FALSE,on_sale,発売中,,,1500,750,750,"大人：1,500円／小人：750円",1日間,1,通年,通年,,['https://www2s.biglobe.ne.jp/~t_aoyagi/railway/free/map/iisakahigaeri.gif'],,[],0,"福島,保原,梁川,丸森,角田",阿武隈急行 TEL:024-577-7132／飯坂温泉観光協会 TEL:024-542-4241,,http://www.abukyu.co.jp/?page_id=7,"[{'text': '阿武隈急行', 'url': 'http://www.abukyu.co.jp/?page_id=7'}
 {'text': '阿武隈急行・伊達なTRAIN NAVI', 'url': 'http://www.abukyu.co.jp/datenatrain/special/144/'}]",,https://www2s.biglobe.ne.jp/~t_aoyagi/railway/free/abukyu12.htm,abukyu12.htm,50,2026-08-10 01:30:50.424840+00:00,飯坂温泉日帰りきっぷ,,,,https://www2s.biglobe.ne.jp/~t_aoyagi/railway/free/abukyu12.htm
abukyu01,「阿武急の日」フリー乗車券,阿武隈急行,['阿武隈急行'],1,FALSE,tohoku,東北,东北,['東北'],tunen,通年発売タイプ,全年发售,['実券'],TRUE,FALSE,on_sale,発売中,,,600,300,300,大人：600円 小人：300円,１日間,1,利用当日,毎月第一日曜日と10月14日，1月1日,,['https://www2s.biglobe.ne.jp/~t_aoyagi/railway/free/map/abukyu.gif'],,[],0,"福島,保原,梁川,丸森,角田、当日の車内",阿武隈急行 TEL:024-577-7132,,http://www.abukyu.co.jp/?page_id=7,"[{'text': '阿武隈急行', 'url': 'http://www.abukyu.co.jp/?page_id=7'}]",,https://www2s.biglobe.ne.jp/~t_aoyagi/railway/free/abukyu01.htm,abukyu01.htm,51,2026-08-10 01:30:50.424840+00:00,「阿武急の日」フリー乗車券,,,,https://www2s.biglobe.ne.jp/~t_aoyagi/railway/free/abukyu01.htm
abukyu05,あぶ急トクだねきっぷ,阿武隈急行,['阿武隈急行'],1,FALSE,tohoku,東北,东北,['東北'],tunen,通年発売タイプ,全年发售,['実券'],TRUE,FALSE,period,"毎月9,19,29日",,,900,450,450,大人：900円／小人：450円,１日間,1,発売中,毎月９のつく日,,['https://www2s.biglobe.ne.jp/~t_aoyagi/railway/free/map/abukyu.gif'],,[],0,"福島,保原,梁川,丸森,角田",阿武隈急行・福島駅 TEL:024-52-1322,,http://www.abukyu.co.jp/?page_id=7,"[{'text': '阿武隈急行', 'url': 'http://www.abukyu.co.jp/?page_id=7'}]",,https://www2s.biglobe.ne.jp/~t_aoyagi/railway/free/abukyu05.htm,abukyu05.htm,52,2026-08-10 01:30:50.424840+00:00,あぶ急トクだねきっぷ,,,,https://www2s.biglobe.ne.jp/~t_aoyagi/railway/free/abukyu05.htm
abukyu102,学割乗車券,阿武隈急行,['阿武隈急行'],1,FALSE,tohoku,東北,东北,['東北'],holiday,週末限定タイプ,周末限定,['実券'],TRUE,FALSE,on_sale,発売中,,,,,700,700円,１日間,1,"土休日 
 2026年7月17日〜2026年8月21日 
 2026年12月18日〜2027年1月15日","土休日 
 2026年7月17日〜2026年8月21日 
 2026年12月18日〜2027年1月15日",,['https://www2s.biglobe.ne.jp/~t_aoyagi/railway/free/map/abukyu.gif'],,['中学生、高校生限定(購入時学生証必要)'],1,"福島,保原,梁川,丸森,角田,車内",阿武隈急行・営業企画課 TEL:024-577-7132,,https://www.abukyu.co.jp/?p=4313,"[{'text': '阿武隈急行', 'url': 'https://www.abukyu.co.jp/?p=4313'}]",,https://www2s.biglobe.ne.jp/~t_aoyagi/railway/free/abukyu102.htm,abukyu102.htm,53,2026-08-10 01:30:50.424840+00:00,学割乗車券,,,,https://www2s.biglobe.ne.jp/~t_aoyagi/railway/free/abukyu102.htm
abukyu85,初恋＊れ〜るとりっぷ フリー乗車券,阿武隈急行,['阿武隈急行'],1,FALSE,tohoku,東北,东北,['東北'],kikan,期間限定タイプ,期间限定,['実券'],TRUE,FALSE,period,2024/12/1〜,2024/12/1,,1000,500,500,"大人：1,000円／小人：500円",１日間,1,"2024年4月9日〜 
 2024年9月1日〜 
 2024年12月1日〜","2024年4月9日〜 
 2024年9月1日〜 
 2024年12月1日〜",,['https://www2s.biglobe.ne.jp/~t_aoyagi/railway/free/map/abukyu.gif'],,[],0,"福島,保原,梁川,丸森,角田",阿武隈急行・営業企画課 TEL:024-577-7132,,http://www.abukyu.co.jp/?p=2850,"[{'text': '阿武隈急行', 'url': 'http://www.abukyu.co.jp/?p=2850'}]",,https://www2s.biglobe.ne.jp/~t_aoyagi/railway/free/abukyu85.htm,abukyu85.htm,54,2026-08-10 01:30:50.424840+00:00,初恋＊れ〜るとりっぷ フリー乗車券,,,,https://www2s.biglobe.ne.jp/~t_aoyagi/railway/free/abukyu85.htm
abukyu84,イベントフリー切符,阿武隈急行,['阿武隈急行'],1,FALSE,tohoku,東北,东北,['東北'],kikan,期間限定タイプ,期间限定,['実券'],TRUE,FALSE,ended,終了,,,900,450,450,大人：900円／小人：450円,１日間,1,2026年7月13日〜2026年7月18日,2026年7月18日,,['https://www2s.biglobe.ne.jp/~t_aoyagi/railway/free/map/abukyu.gif'],,[],0,"福島,保原,梁川,丸森,角田",阿武隈急行・営業企画課 TEL:024-577-7132,,https://www.abukyu.co.jp/?p=4309,"[{'text': '阿武隈急行', 'url': 'https://www.abukyu.co.jp/?p=4309'}]",,https://www2s.biglobe.ne.jp/~t_aoyagi/railway/free/abukyu84.htm,abukyu84.htm,55,2026-08-10 01:30:50.424840+00:00,イベントフリー切符,,,,https://www2s.biglobe.ne.jp/~t_aoyagi/railway/free/abukyu84.htm
abukyu101,ポケモン天文台 1DAY PASS,阿武隈急行,['阿武隈急行'],1,FALSE,tohoku,東北,东北,['東北'],kikan,期間限定タイプ,期间限定,['実券'],TRUE,FALSE,period,2026/7/5  〜9/15,2026/7/5,2026/9/15,1800,900,900,"大人：1,800円／小人：900円",１日間,1,2026年7月5日〜2026年9月15日,2026年7月5日〜2026年9月15日,,['https://www2s.biglobe.ne.jp/~t_aoyagi/railway/free/map/abukyu.gif'],,[],0,"福島,保原,梁川,丸森,角田",阿武隈急行・営業企画課 TEL:024-577-7132,,https://www.abukyu.co.jp/?p=4290,"[{'text': '阿武隈急行', 'url': 'https://www.abukyu.co.jp/?p=4290'}]",,https://www2s.biglobe.ne.jp/~t_aoyagi/railway/free/abukyu101.htm,abukyu101.htm,56,2026-08-10 01:30:50.424840+00:00,ポケモン天文台 １DAY PASS,,,,https://www2s.biglobe.ne.jp/~t_aoyagi/railway/free/abukyu101.htm
abukyu92,櫻めぐり切符,阿武隈急行,['阿武隈急行'],1,FALSE,tohoku,東北,东北,['東北'],spring,春期間限定タイプ,春季限定,['実券'],TRUE,FALSE,ended,終了,,,1000,500,500,"大人：1,000円／小人：500円",１日,1,2025年3月29日〜2025年5月6日,2025年3月29日〜2025年5月6日,,['https://www2s.biglobe.ne.jp/~t_aoyagi/railway/free/map/abukyu.gif'],,[],0,"福島,保原,梁川,丸森,角田,車内",阿武隈急行・営業企画部営業企画課 TEL:024-577-7132,,https://www.abukyu.co.jp/?p=3418,"[{'text': '阿武隈急行', 'url': 'https://www.abukyu.co.jp/?p=3418'}]",,https://www2s.biglobe.ne.jp/~t_aoyagi/railway/free/abukyu92.htm,abukyu92.htm,57,2026-08-10 01:30:50.424840+00:00,櫻めぐり切符,,,,https://www2s.biglobe.ne.jp/~t_aoyagi/railway/free/abukyu92.htm
abukyu87,伊達のふる里夏まつりおトクきっぷ,阿武隈急行,['阿武隈急行'],1,FALSE,tohoku,東北,东北,['東北'],summer,夏限定タイプ,夏季限定,['実券'],TRUE,FALSE,ended,終了,,,700,,700,大人：700円,１日間,1,2026年8月8日,2026年8月8日,,['https://www2s.biglobe.ne.jp/~t_aoyagi/railway/free/map/abukyu.gif'],,[],0,"福島,保原,梁川,丸森,角田",阿武隈急行・営業企画課 TEL:024-577-7132,,https://www.abukyu.co.jp/?p=4327,"[{'text': '阿武隈急行', 'url': 'https://www.abukyu.co.jp/?p=4327'}]",,https://www2s.biglobe.ne.jp/~t_aoyagi/railway/free/abukyu87.htm,abukyu87.htm,58,2026-08-10 01:30:50.424840+00:00,伊達のふる里夏まつりおトクきっぷ,500枚,,,https://www2s.biglobe.ne.jp/~t_aoyagi/railway/free/abukyu87.htm
abukyu97,シニア割ワンコインきっぷ,阿武隈急行,['阿武隈急行'],1,FALSE,tohoku,東北,东北,['東北'],winter,年末年始限定タイプ,年末年初限定,['実券'],TRUE,FALSE,period,2026/2/1  〜3/31,2026/2/1,2026/3/31,,,500,500円,１日間,1,2026年2月1日〜2026年3月31日,2026年2月1日〜2026年3月31日,,['https://www2s.biglobe.ne.jp/~t_aoyagi/railway/free/map/abukyu.gif'],,['65歳以上限定(証明書必要)'],1,"福島,保原,梁川,丸森,角田,車内",阿武隈急行・営業企画課 TEL:024-577-7132,,http://www.abukyu.co.jp/?p=2723,"[{'text': '阿武隈急行', 'url': 'http://www.abukyu.co.jp/?p=2723'}]",,https://www2s.biglobe.ne.jp/~t_aoyagi/railway/free/abukyu97.htm,abukyu97.htm,59,2026-08-10 01:30:50.424840+00:00,シニア割ワンコインきっぷ,,,,https://www2s.biglobe.ne.jp/~t_aoyagi/railway/free/abukyu97.htm
fukusima03,いい電1日フリーきっぷ,福島交通,['福島交通'],1,FALSE,tohoku,東北,东北,['東北'],tunen,通年発売タイプ,全年发售,['実券'],TRUE,FALSE,on_sale,発売中,,,1000,,1000,"大人：1,000円",１日,1,通年,通年,,['https://www2s.biglobe.ne.jp/~t_aoyagi/railway/free/map/fukushima.gif'],,['大人1名と小学生1名まで利用可'],1,"福島,桜水,飯坂温泉駅",福島交通 鉄道部 TEL:024-557-9552,,https://ii-den.jp/how/ticket.php#day,"[{'text': '福島交通', 'url': 'https://ii-den.jp/how/ticket.php#day'}]",,https://www2s.biglobe.ne.jp/~t_aoyagi/railway/free/fukusima03.htm,fukusima03.htm,60,2026-08-10 01:30:50.424840+00:00,いい電1日フリーきっぷ,,,,https://www2s.biglobe.ne.jp/~t_aoyagi/railway/free/fukusima03.htm
fukusima01,飯坂温泉湯ったり切符,福島交通,['福島交通'],1,FALSE,tohoku,東北,东北,['東北'],tunen,通年発売タイプ,全年发售,['実券'],TRUE,FALSE,on_sale,発売中,,,1300,650,650,"大人：1,300円／小人：650円",１日,1,通年,通年,,['https://www2s.biglobe.ne.jp/~t_aoyagi/railway/free/map/fukushima.gif'],,[],0,"福島,桜水,飯坂温泉駅",福島交通 鉄道部 TEL:024-557-9552 飯坂温泉観光協会 TEL:024-542-4241,,https://ii-den.jp/how/ticket.php#spa,"[{'text': '福島交通', 'url': 'https://ii-den.jp/how/ticket.php#spa'}]",,https://www2s.biglobe.ne.jp/~t_aoyagi/railway/free/fukusima01.htm,fukusima01.htm,61,2026-08-10 01:30:50.424840+00:00,飯坂温泉湯ったり切符,,,,https://www2s.biglobe.ne.jp/~t_aoyagi/railway/free/fukusima01.htm
fukusima02,花ももフリーきっぷ,福島交通,['福島交通'],1,FALSE,tohoku,東北,东北,['東北'],tunen,通年発売タイプ,全年发售,['実券'],TRUE,FALSE,on_sale,発売中,,,1800,,1800,"大人：1,800円 (花もも湯入館券付) 
 大人：4,000円 (花もも湯入館券付&ランチバイキング) 
 大人：6,200円 (花もも湯入館券付&ディナーバイキング)",１日,1,通年,通年,,['https://www2s.biglobe.ne.jp/~t_aoyagi/railway/free/map/fukushima.gif'],,['飯坂電車は、大人1名と小学生1名まで利用可。'],1,"福島,桜水,飯坂温泉駅",福島交通 鉄道部 TEL:024-557-9552,,https://ii-den.jp/how/ticket.php#hanamomo,"[{'text': '福島交通', 'url': 'https://ii-den.jp/how/ticket.php#hanamomo'}]",,https://www2s.biglobe.ne.jp/~t_aoyagi/railway/free/fukusima02.htm,fukusima02.htm,62,2026-08-10 01:30:50.424840+00:00,花ももフリーきっぷ,,,,https://www2s.biglobe.ne.jp/~t_aoyagi/railway/free/fukusima02.htm
fukusima93,いい電コロプラ1日フリー切符,福島交通,['福島交通'],1,FALSE,tohoku,東北,东北,['東北'],kikan,期間限定タイプ,期间限定,['実券'],TRUE,FALSE,period,〜2027/3/31,,2027/3/31,1000,,1000,"大人：1,000円",１日,1,2013年1月10日〜2027年3月31日,2013年1月10日〜2027年3月31日,,['https://www2s.biglobe.ne.jp/~t_aoyagi/railway/free/map/fukushima.gif'],,[],0,"福島,桜水,飯坂温泉駅",福島交通 鉄道部 TEL:024-558-4611,,https://colopl.co.jp/service/other/coloca/transport/area01/norimono_fukushima/,"[{'text': 'コロプラ', 'url': 'https://colopl.co.jp/service/other/coloca/transport/area01/norimono_fukushima/'}]",,https://www2s.biglobe.ne.jp/~t_aoyagi/railway/free/fukusima93.htm,fukusima93.htm,63,2026-08-10 01:30:50.424840+00:00,いい電コロプラ1日フリー切符,,,,https://www2s.biglobe.ne.jp/~t_aoyagi/railway/free/fukusima93.htm
aizu01,会津・日光フリーきっぷ(若松エリア),会津鉄道,['会津鉄道'],1,FALSE,tohoku,東北,东北,['東北'],tunen,通年発売タイプ,全年发售,['実券'],TRUE,FALSE,on_sale,発売中,,,5150,2610,2610,"大人：5,150円／小人：2,610円",２日間,2,通年,通年,,['https://www2s.biglobe.ne.jp/~t_aoyagi/railway/free/map/aizu01.gif'],,[],0,"会津田島,西若松,芦ノ巻温泉,湯野上温泉,会津下郷,車掌",会津鉄道・営業部旅客グループ TEL:0242-28-5886,,http://www.aizutetsudo.jp/ticket/aizu-nikko-free/,"[{'text': '会津鉄道', 'url': 'http://www.aizutetsudo.jp/ticket/aizu-nikko-free/'}
 {'text': '野岩鉄道', 'url': 'http://www.yagan.co.jp/pdf/ticket.pdf?201903'}]",,https://www2s.biglobe.ne.jp/~t_aoyagi/railway/free/aizu01.htm,aizu01.htm,65,2026-08-10 01:30:50.424840+00:00,会津・日光フリーきっぷ (若松エリア),,,,https://www2s.biglobe.ne.jp/~t_aoyagi/railway/free/aizu01.htm
aizu02,会津・日光フリーきっぷ(南会津エリア),会津鉄道,['会津鉄道'],1,FALSE,tohoku,東北,东北,['東北'],tunen,通年発売タイプ,全年发售,['実券'],TRUE,FALSE,on_sale,発売中,,,4190,2130,2130,"大人：4,190円／小人：2,130円",２日間,2,通年,通年,,['https://www2s.biglobe.ne.jp/~t_aoyagi/railway/free/map/aizu02.gif'],,[],0,"会津田島,西若松,芦ノ巻温泉,湯野上温泉,会津下郷,車掌",会津鉄道・営業部旅客グループ TEL:0242-28-5886,,http://www.aizutetsudo.jp/ticket/aizu-nikko-free/,"[{'text': '会津鉄道', 'url': 'http://www.aizutetsudo.jp/ticket/aizu-nikko-free/'}
 {'text': '野岩鉄道', 'url': 'http://www.yagan.co.jp/pdf/ticket.pdf?201903'}]",,https://www2s.biglobe.ne.jp/~t_aoyagi/railway/free/aizu02.htm,aizu02.htm,66,2026-08-10 01:30:50.424840+00:00,会津・日光フリーきっぷ (南会津エリア),,,,https://www2s.biglobe.ne.jp/~t_aoyagi/railway/free/aizu02.htm
aizu96,いい夫婦の日フリーきっぷ,会津鉄道,['会津鉄道'],1,FALSE,tohoku,東北,东北,['東北'],kikan,期間限定タイプ,期间限定,['実券'],TRUE,FALSE,ended,終了,,,1100,,1100,"大人：1,100円×2人",２日間,2,2025年11月22日〜2025年11月24日,2025年11月22日〜2025年11月25日,,['https://www2s.biglobe.ne.jp/~t_aoyagi/railway/free/map/aizu.gif'],,"['福島県内に在住の夫婦が利用可能' '単独利用不可' 'お座トロ展望列車,特急列車利用時は別途座席指定券,特急券が必要']",3,"西若松,芦ノ牧温泉,湯野上温泉,会津下郷,会津田島,会津高原尾瀬口,車掌",会津鉄道株式会社営業部旅客グループ TEL:0242-28-5886,,https://aizutetsudo.jp/news/%e3%80%8c%e3%81%84%e3%81%84%e5%a4%ab%e5%a9%a6%e3%81%ae%e6%97%a5%e3%83%95%e3%83%aa%e3%83%bc%e3%81%8d%e3%81%a3%e3%81%b7%e3%80%8d%e3%81%ab%e3%81%a4%e3%81%84%e3%81%a6/,"[{'text': '会津鉄道', 'url': 'https://aizutetsudo.jp/news/%e3%80%8c%e3%81%84%e3%81%84%e5%a4%ab%e5%a9%a6%e3%81%ae%e6%97%a5%e3%83%95%e3%83%aa%e3%83%bc%e3%81%8d%e3%81%a3%e3%81%b7%e3%80%8d%e3%81%ab%e3%81%a4%e3%81%84%e3%81%a6/'}]",,https://www2s.biglobe.ne.jp/~t_aoyagi/railway/free/aizu96.htm,aizu96.htm,67,2026-08-10 01:30:50.424840+00:00,いい夫婦の日フリーきっぷ,,,,https://www2s.biglobe.ne.jp/~t_aoyagi/railway/free/aizu96.htm
aizu91,コロプラ☆乗り放題キップ,会津鉄道,['会津鉄道'],1,FALSE,tohoku,東北,东北,['東北'],kikan,期間限定タイプ,期间限定,['実券'],TRUE,FALSE,period,〜2027/3/30,,2027/3/30,3100,1550,1550,"大人：3,100円／小人：1,550円",２日間,2,2014年4月1日〜2027年3月30日,2014年4月1日〜2027年3月31日,,['https://www2s.biglobe.ne.jp/~t_aoyagi/railway/free/map/aizu.gif'],,['「お座トロ展望列車」は別途「トロッコ整理券」必要' '子供単独での使用は不可'],2,"会津田島,西若松,芦ノ牧温泉,湯野上温泉,会津下郷,会津高原尾瀬口",会津鉄道株式会社営業部旅客グループ TEL:0242-28-5886,,http://www.aizutetsudo.jp/ticket/koropura/,"[{'text': '会津鉄道', 'url': 'http://www.aizutetsudo.jp/ticket/koropura/'}
 {'text': 'コロプラ', 'url': 'https://colopl.co.jp/service/other/coloca/transport/area01/norimono_aidu/'}]",,https://www2s.biglobe.ne.jp/~t_aoyagi/railway/free/aizu91.htm,aizu91.htm,68,2026-08-10 01:30:50.424840+00:00,コロプラ☆乗り放題キップ,,,,https://www2s.biglobe.ne.jp/~t_aoyagi/railway/free/aizu91.htm
jreast17,都区内パス,ＪＲ東日本 全国 欄も 参照して下さい,['ＪＲ東日本 全国 欄も 参照して下さい'],1,FALSE,kanto,関東,关东,['関東'],tunen,通年発売タイプ,全年发售,['実券' 'デジタル'],TRUE,TRUE,on_sale,発売中,,,870,430,430,大人：870円／小人：430円,１日間,1,通年,通年,,['https://www2s.biglobe.ne.jp/~t_aoyagi/railway/free/map/jreast17.gif'],"東海道新幹線 東北・上越新幹線 在来線特急・急行 快速・普通 東京モノレール りんかい線 
 のぞみ ひかり/こだま グリーン ライナー 指定 自由 
 × × × ▲ ▲ ▲ ▲ ○ × × 
 
 ○：乗車可 ▲：乗車券のみ有効 ×：乗車不可",[],0,"フリー区間内の駅の指定席券売機、自動券売機 
 モバイルSuicaアプリ",ＪＲ東日本 TEL:,,http://www.jreast.co.jp/tickets/info.aspx?GoodsCd=2485,"[{'text': 'ＪＲ東日本', 'url': 'http://www.jreast.co.jp/tickets/info.aspx?GoodsCd=2485'}]",,https://www2s.biglobe.ne.jp/~t_aoyagi/railway/free/jreast17.htm,jreast17.htm,1,2026-08-10 01:30:50.424840+00:00,都区内パス,,,,https://www2s.biglobe.ne.jp/~t_aoyagi/railway/free/jreast17.htm
tokyo01,東京フリーきっぷ,ＪＲ東日本 全国 欄も 参照して下さい,['ＪＲ東日本 全国 欄も 参照して下さい' '東京地下鉄' '東京都交通局'],3,TRUE,kanto,関東,关东,['関東'],tunen,通年発売タイプ,全年发售,['実券' 'デジタル'],TRUE,TRUE,on_sale,発売中,,,1720,860,860,"大人：1,720円／小人：860円",１日間,1,通年,通年,,['https://www2s.biglobe.ne.jp/~t_aoyagi/railway/free/map/tokyofree.gif'],"東海道新幹線 東北新幹線 
 上越新幹線 在来線 
 特急・急行 快速・普通 東京モノレール りんかい線 
 のぞみ ひかり 
 こだま グリーン ライナー 指定 自由 
 × ▲ ▲ ▲ ▲ ▲ ▲ ○ × × 
 
 ○：乗車可 ▲：乗車券のみ有効 ×：乗車不可",['「のぞみ」は乗車不可。'],1,都区内のＪＲ各駅、都営地下鉄各駅、東京地下鉄の定期券売場など,"東京都交通局 TEL:03-5320-6075 
 東京メトロお客様センター TEL:03-3941-2004",,http://www.jreast.co.jp/tickets/info.aspx?GoodsCd=2487,"[{'text': 'ＪＲ東日本', 'url': 'http://www.jreast.co.jp/tickets/info.aspx?GoodsCd=2487'}
 {'text': '東京都交通局', 'url': 'http://www.kotsu.metro.tokyo.jp/subway/fare/otoku_free.html'}
 {'text': '東京地下鉄', 'url': 'https://www.tokyometro.jp/ticket/value/1day/index.html#anc03'}]",,https://www2s.biglobe.ne.jp/~t_aoyagi/railway/free/tokyo01.htm,tokyo01.htm,2,2026-08-10 01:30:50.424840+00:00,東京フリーきっぷ,,,,https://www2s.biglobe.ne.jp/~t_aoyagi/railway/free/tokyo01.htm
jreast18,ヨコハマ・みなとみらいパス,ＪＲ東日本 全国 欄も 参照して下さい,['ＪＲ東日本 全国 欄も 参照して下さい'],1,FALSE,kanto,関東,关东,['関東'],tunen,通年発売タイプ,全年发售,['実券' 'デジタル'],TRUE,TRUE,on_sale,発売中,,,560,280,280,大人：560円／小人：280円,１日,1,通年,通年,,['https://www2s.biglobe.ne.jp/~t_aoyagi/railway/free/map/jreast18.gif'],"東海道新幹線 東北・上越新幹線 在来線特急・急行 快速・普通 みなとみらい線 
 のぞみ ひかり/こだま グリーン ライナー 指定 自由 
 － － － ▲ ▲ ▲ ▲ ○ ○ 
 
 ○：乗車可 ▲：乗車券のみ有効 ×：乗車不可",[],0,"フリー区間内の駅の指定席券売機、および一部駅の自動券売機 
 モバイルSuicaアプリ",,,http://www.jreast.co.jp/tickets/info.aspx?GoodsCd=2483,"[{'text': 'ＪＲ東日本', 'url': 'http://www.jreast.co.jp/tickets/info.aspx?GoodsCd=2483'}]",,https://www2s.biglobe.ne.jp/~t_aoyagi/railway/free/jreast18.htm,jreast18.htm,3,2026-08-10 01:30:50.424840+00:00,ヨコハマ・みなとみらいパス,,,,https://www2s.biglobe.ne.jp/~t_aoyagi/railway/free/jreast18.htm
jreast071,ぐんまワンデーローカルパス,ＪＲ東日本 全国 欄も 参照して下さい,['ＪＲ東日本 全国 欄も 参照して下さい'],1,FALSE,kanto,関東,关东,['関東'],tunen,通年発売タイプ,全年发售,['デジタル'],FALSE,TRUE,on_sale,発売中,,,2600,1300,1300,"大人：2,600円 小人：1,300円",１日,1,通年,通年,,['https://www2s.biglobe.ne.jp/~t_aoyagi/railway/free/map/jreast071.gif'],"東海道新幹線 東北・上越新幹線 在来線特急・急行 快速・普通 
 のぞみ ひかり/こだま グリーン ライナー 指定 自由 
 － － × ▲ ▲ ▲ ▲ ○ 
 
 ○：乗車可 ▲：乗車券のみ有効 ×：乗車不可",['わたらせ渓谷鐵道トロッコ列車は利用不可'],1,GunMaaS,ＪＲ東日本 TEL:,,http://www.jreast.co.jp/tickets/info.aspx?GoodsCd=2989,"[{'text': 'ＪＲ東日本', 'url': 'http://www.jreast.co.jp/tickets/info.aspx?GoodsCd=2989'}
 {'text': 'GunMaaS', 'url': 'https://lp.g3m.jp/#ticket'}]",,https://www2s.biglobe.ne.jp/~t_aoyagi/railway/free/jreast071.htm,jreast071.htm,4,2026-08-10 01:30:50.424840+00:00,ぐんまワンデーローカルパス,,,,https://www2s.biglobe.ne.jp/~t_aoyagi/railway/free/jreast071.htm
jreast10,休日おでかけパス,ＪＲ東日本 全国 欄も 参照して下さい,['ＪＲ東日本 全国 欄も 参照して下さい'],1,FALSE,kanto,関東,关东,['関東'],holiday,週末限定タイプ,周末限定,['実券'],TRUE,FALSE,on_sale,発売中,,,2950,1470,1470,"大人：2,950円／小人：1,470円",１日間,1,通年,"土・休日 
 
4月29日〜5月5日,7月20日〜8月31日,12月29日〜1月3日",,['https://www2s.biglobe.ne.jp/~t_aoyagi/railway/free/map/jreast10.gif'],"東海道新幹線 東北・上越新幹線 在来線特急・急行 快速・普通 東京モノレール りんかい線 
 グリーン ライナー 指定 自由 
 × ▲ ▲ ▲ ▲ ▲ ○ ○ ○ 
 
 ○：乗車可 ▲：乗車券のみ有効 ×：乗車不可",['東海道新幹線には乗車できません。'],1,フリー区間内の駅の指定席券売機,ＪＲ東日本：,,http://www.jreast.co.jp/tickets/info.aspx?GoodsCd=2490,"[{'text': 'ＪＲ東日本', 'url': 'http://www.jreast.co.jp/tickets/info.aspx?GoodsCd=2490'}]",,https://www2s.biglobe.ne.jp/~t_aoyagi/railway/free/jreast10.htm,jreast10.htm,5,2026-08-10 01:30:50.424840+00:00,休日おでかけパス,,,,https://www2s.biglobe.ne.jp/~t_aoyagi/railway/free/jreast10.htm
jreast12,のんびりホリデーSuicaパス,ＪＲ東日本 全国 欄も 参照して下さい,['ＪＲ東日本 全国 欄も 参照して下さい'],1,FALSE,kanto,関東,关东,['関東'],holiday,週末限定タイプ,周末限定,[],FALSE,FALSE,on_sale,発売中,,,2850,1420,1420,"大人：2,850円／小人：1,420円 
 新規購入の場合は別途保証金500円が必要",１日間,1,通年,"土休日 および 
 4月29日〜5月5日 
 7月20日〜8月31日 
 12月29日〜1月3日の毎日",,['https://www2s.biglobe.ne.jp/~t_aoyagi/railway/free/map/jreast09.gif'],"東海道新幹線 東北・上越新幹線 在来線特急・急行 快速・普通 東京モノレール りんかい線 
 グリーン ライナー 指定 自由 
 × × ▲ ▲ ▲ ▲ ○ ○ ○ 
 
 ○：乗車可 ▲：乗車券のみ有効 ×：乗車不可",['Suica限定(ただし、定期券、モバイルSuicaは対象外）。' '新幹線には乗車できない。'],2,フリー区間内の主な駅,ＪＲ東日本：,,http://www.jreast.co.jp/tickets/info.aspx?GoodsCd=2682,"[{'text': 'ＪＲ東日本', 'url': 'http://www.jreast.co.jp/tickets/info.aspx?GoodsCd=2682'}]",,https://www2s.biglobe.ne.jp/~t_aoyagi/railway/free/jreast12.htm,jreast12.htm,6,2026-08-10 01:30:50.424840+00:00,のんびりホリデーSuicaパス,,,,https://www2s.biglobe.ne.jp/~t_aoyagi/railway/free/jreast12.htm
jreast37,モノレール＆都区内パス,ＪＲ東日本 全国 欄も 参照して下さい,['ＪＲ東日本 全国 欄も 参照して下さい'],1,FALSE,kanto,関東,关东,['関東'],holiday,週末限定タイプ,周末限定,['デジタル'],FALSE,TRUE,on_sale,発売中,,,1450,,1450,"大人：1,450円",１日間,1,"土休日 および 
 4月29日〜5月5日 
 7月20日〜8月31日 
 12月29日〜1月3日の毎日","土休日 および 
 4月29日〜5月5日 
 7月20日〜8月31日 
 12月29日〜1月3日の毎日",,['https://www2s.biglobe.ne.jp/~t_aoyagi/railway/free/map/jreast37.gif'],"東海道新幹線 東北・上越新幹線 在来線特急・急行 快速・普通 東京モノレール りんかい線 
 のぞみ ひかり/こだま グリーン ライナー 指定 自由 
 × × × ▲ ▲ ▲ ▲ ○ ○ × 
 
 ○：乗車可 ▲：乗車券のみ有効 ×：乗車不可",['モバイルSuicaのみ'],1,モバイルSuica,ＪＲ東日本 TEL:,,https://www.jreast.co.jp/tickets/info.aspx?GoodsCd=2846,"[{'text': 'ＪＲ東日本', 'url': 'https://www.jreast.co.jp/tickets/info.aspx?GoodsCd=2846'}]",,https://www2s.biglobe.ne.jp/~t_aoyagi/railway/free/jreast37.htm,jreast37.htm,7,2026-08-10 01:30:50.424840+00:00,モノレール＆都区内パス,,,,https://www2s.biglobe.ne.jp/~t_aoyagi/railway/free/jreast37.htm
jreast45,ときわ路パス,ＪＲ東日本 全国 欄も 参照して下さい,['ＪＲ東日本 全国 欄も 参照して下さい'],1,FALSE,kanto,関東,关东,['関東'],kisetu,季節発売タイプ,季节发售,['実券'],TRUE,FALSE,period,2026/6/18  〜8/30,2026/6/18,2026/8/30,2430,650,650,"大人：2,430円／小人：650円",１日,1,"【夏季】 2026年6月18日〜2026年8月30日 
 
【秋季】 2026年9月3日〜2026年12月20日 
 
【冬季】 2027年1月6日〜2027年3月28日","【夏季】 2026年7月18日〜2026年8月30日の土休日 
 
【秋季】 2026年10月3日〜2026年12月20日の土休日,2026年11月13日 
 
【冬季】 2027年2月6日〜2027年3月28日の土休日",,['https://www2s.biglobe.ne.jp/~t_aoyagi/railway/free/map/jreast45.gif'],"東海道新幹線 東北・上越新幹線 在来線特急・急行 快速・普通 
 グリーン ライナー 指定 自由 
 － － ▲ ▲ ▲ ▲ ○ 
 
 ○：乗車可 ▲：乗車券のみ有効 ×：乗車不可",['特急･急行列車は特急・急行券が必要です。' 'グリーン車はグリーン券、ライナーはライナー券が必要です。'],2,フリー区間内のＪＲの主な駅,ＪＲ東日本,,http://www.jreast.co.jp/tickets/info.aspx?GoodsCd=3008,"[{'text': 'ＪＲ東日本', 'url': 'http://www.jreast.co.jp/tickets/info.aspx?GoodsCd=3008'}]",,https://www2s.biglobe.ne.jp/~t_aoyagi/railway/free/jreast45.htm,jreast45.htm,8,2026-08-10 01:30:50.424840+00:00,ときわ路パス,,,,https://www2s.biglobe.ne.jp/~t_aoyagi/railway/free/jreast45.htm
jreast46,サンキュー ちばフリーパス,ＪＲ東日本 全国 欄も 参照して下さい,['ＪＲ東日本 全国 欄も 参照して下さい'],1,FALSE,kanto,関東,关东,['関東'],kikan,期間限定タイプ,期间限定,['実券'],TRUE,FALSE,period,2026/8/1  〜10/30,2026/8/1,2026/10/30,4170,2080,2080,"大人：4,170円／小人：2,080円",2日間,2,"2026年8月1日〜2026年10月30日 
 2026年12月4日〜2027年2月27日","2026年9月1日〜2026年10月31日 
 2027年1月4日〜2027年2月28日","九十九里鉄道バス 東金駅〜本須賀・白里 ほか（片貝線・豊海線） 
 千葉交通バス JR 成田駅西口〜竜角寺台車庫 
 ジェイアールバス関東 館山駅〜潮留橋〜安房神戸〜安房自然村〜フラワーパーク〜長尾橋〜野島埼灯台口〜安房白浜 
 館山駅〜城山公園前〜西岬〜洲の崎〜伊戸〜南房パラダイス 
 八日市場駅〜多古台 BT〜成田空港〜航空科学博物館〜JR 成田駅 
 多古台 BT〜佐原駅 
 館山日東バス 館山駅〜安房白浜（豊房線） 
 館山駅〜亀田病院（鴨川日東バスとの共同運行） 
 館山駅〜館山航空隊 
 鴨川日東バス 亀田病院〜平塚本郷 
 亀田病院〜東京湾フェリー 
 仁右衛門島入口〜鴨川駅〜鴨川シーワールド〜天津駅〜小湊駅〜誕生寺入口 
 京成タクシー成田 安食駅〜竜角寺台車庫 
 期間限定周遊バス 「房総さとやま GO」 
 JR 久留里駅〜養老渓谷駅〜上総中野駅",['https://www2s.biglobe.ne.jp/~t_aoyagi/railway/free/map/jreast46.gif'],"東海道新幹線 東北・上越新幹線 在来線特急・急行 快速・普通 
 グリーン ライナー 指定 自由 
 － － ▲ ▲ ▲ ▲ ○ 
 
 ○：乗車可 ▲：乗車券のみ有効 ×：乗車不可",['特急･急行列車は特急・急行券が必要。' 'グリーン車はグリーン券、ライナーはライナー券が必要。'],2,"千葉県内の主要駅,久里浜駅に設置の指定席券売機",ＪＲ東日本,,http://www.jreast.co.jp/tickets/info.aspx?GoodsCd=2833,"[{'text': 'ＪＲ東日本', 'url': 'http://www.jreast.co.jp/tickets/info.aspx?GoodsCd=2833'}]",,https://www2s.biglobe.ne.jp/~t_aoyagi/railway/free/jreast46.htm,jreast46.htm,9,2026-08-10 01:30:50.424840+00:00,サンキュー ちばフリーパス,,,,https://www2s.biglobe.ne.jp/~t_aoyagi/railway/free/jreast46.htm
jreast13,ひみつの平日パス,ＪＲ東日本 全国 欄も 参照して下さい,['ＪＲ東日本 全国 欄も 参照して下さい'],1,FALSE,kanto,関東,关东,['関東'],kikan,期間限定タイプ,期间限定,['実券'],TRUE,FALSE,ended,終了,,,2720,1360,1360,"大人：2,720円／小人：1,360円",１日間,1,2022年2月1日〜2022年3月4日,2022年2月1日〜2022年3月4日の平日,,['https://www2s.biglobe.ne.jp/~t_aoyagi/railway/free/map/jreast10.gif'],"東海道新幹線 東北・上越新幹線 在来線特急・急行 快速・普通 東京モノレール りんかい線 
 グリーン ライナー 指定 自由 
 × ▲ ▲ ▲ ▲ ▲ ○ ○ ○ 
 
 ○：乗車可 ▲：乗車券のみ有効 ×：乗車不可",['東海道新幹線には乗車できません。'],1,フリー区間内の主な駅,ＪＲ東日本：,,http://www.jreast.co.jp/tickets/info.aspx?GoodsCd=2737,"[{'text': 'ＪＲ東日本', 'url': 'http://www.jreast.co.jp/tickets/info.aspx?GoodsCd=2737'}]",,https://www2s.biglobe.ne.jp/~t_aoyagi/railway/free/jreast13.htm,jreast13.htm,10,2026-08-10 01:30:50.424840+00:00,ひみつの平日パス,,,,https://www2s.biglobe.ne.jp/~t_aoyagi/railway/free/jreast13.htm
yagan01,会津鬼怒川線史跡めぐり往復割引きっぷ,野岩鉄道,['野岩鉄道'],1,FALSE,kanto,関東,关东,['関東'],tunen,通年発売タイプ,全年发售,['実券'],TRUE,FALSE,on_sale,発売中,,,,,370,"発駅 着駅 中三依 
 温泉 上三依 
 塩原温泉口 男鹿高原 会津高原 
 尾瀬口 
 龍王峡 大人 1,040円 1,180円 1,290円 1,530円 
 小人 520円 590円 650円 770円 
 川治温泉 大人 730円 1,040円 1,180円 1,400円 
 小人 370円 520円 590円 700円 
 川治湯元 大人 730円 900円 1,180円 1,400円 
 小人 370円 450円 590円 700円",１日,1,通年,発売当日限り,,['https://www2s.biglobe.ne.jp/~t_aoyagi/railway/free/map/yagan01.gif'],,[],0,"龍王峡,川治温泉,川治湯元 
 営業時間 8:50〜17:50",野岩鉄道 TEL:0288-77-2355,,http://www.yagan.co.jp/information/0000000597/detail.html,"[{'text': '野岩鉄道', 'url': 'http://www.yagan.co.jp/information/0000000597/detail.html'}]",,https://www2s.biglobe.ne.jp/~t_aoyagi/railway/free/yagan01.htm,yagan01.htm,11,2026-08-10 01:30:50.424840+00:00,会津鬼怒川線史跡めぐり往復割引きっぷ,,,,https://www2s.biglobe.ne.jp/~t_aoyagi/railway/free/yagan01.htm
yagan11,野岩鉄道会津鬼怒川線全線フリーきっぷ,野岩鉄道,['野岩鉄道'],1,FALSE,kanto,関東,关东,['関東'],tunen,通年発売タイプ,全年发售,['実券'],TRUE,FALSE,on_sale,発売中,,,2100,1060,1060,"大人：2,100円 小人：1,060円",１日,1,通年,通年,,['https://www2s.biglobe.ne.jp/~t_aoyagi/railway/free/map/yagan11.gif'],,[],0,"新藤原,龍王峡,川治温泉,川治湯元,湯西川温泉,上三依塩原温泉口,会津高原尾瀬口 
 野岩鉄道列車車掌",野岩鉄道 TEL:0288-77-2355,,http://www.yagan.co.jp/information/0000000601/detail.html,"[{'text': '野岩鉄道', 'url': 'http://www.yagan.co.jp/information/0000000601/detail.html'}]",,https://www2s.biglobe.ne.jp/~t_aoyagi/railway/free/yagan11.htm,yagan11.htm,12,2026-08-10 01:30:50.424840+00:00,野岩鉄道 会津鬼怒川線全線フリーきっぷ,,,,https://www2s.biglobe.ne.jp/~t_aoyagi/railway/free/yagan11.htm
yagan12,野岩・会津全線フリーきっぷ,野岩鉄道,['野岩鉄道'],1,FALSE,kanto,関東,关东,['関東'],tunen,通年発売タイプ,全年发售,['実券'],TRUE,FALSE,on_sale,発売中,,,4820,2420,2420,"大人：4,820円 小人：2,420円",２日,2,通年,通年,,['https://www2s.biglobe.ne.jp/~t_aoyagi/railway/free/map/yagan12.gif'],,[],0,"新藤原〜会津高原尾瀬口の各駅（中三依温泉,男鹿高原を除く) 
 東武トップツアーズ各店",野岩鉄道 TEL:0288-77-2355,,http://www.yagan.co.jp/information/0000000629/detail.html,"[{'text': '野岩鉄道', 'url': 'http://www.yagan.co.jp/information/0000000629/detail.html'}
 {'text': '会津鉄道', 'url': 'http://www.aizutetsudo.jp/ticket/yagan-free/'}]",,https://www2s.biglobe.ne.jp/~t_aoyagi/railway/free/yagan12.htm,yagan12.htm,13,2026-08-10 01:30:50.424840+00:00,野岩・会津全線フリーきっぷ,,,,https://www2s.biglobe.ne.jp/~t_aoyagi/railway/free/yagan12.htm
yagan13,塩原温泉・野岩鉄道満喫切符,野岩鉄道,['野岩鉄道'],1,FALSE,kanto,関東,关东,['関東'],tunen,通年発売タイプ,全年发售,['実券'],TRUE,FALSE,on_sale,発売中,,,2200,1100,1100,"大人：2,200円 小人：1,100円",１日,1,通年,通年,,['https://www2s.biglobe.ne.jp/~t_aoyagi/railway/free/map/yagan13.gif'],,[],0,"新藤原,龍王峡,川治温泉,川治湯元,湯西川温泉,上三依塩原温泉口,会津高原尾瀬口 
 野岩鉄道列車車掌 
 東武日光駅ツーリストセンター,鬼怒川温泉駅ツーリストセンター,塩原もの語り館,那須地区総合観光案内所(那須塩原駅構内)",野岩鉄道 TEL:0288-77-2355,,https://www.yagan.co.jp/information/0000000940/detail.html,"[{'text': '野岩鉄道', 'url': 'https://www.yagan.co.jp/information/0000000940/detail.html'}]",,https://www2s.biglobe.ne.jp/~t_aoyagi/railway/free/yagan13.htm,yagan13.htm,14,2026-08-10 01:30:50.424840+00:00,塩原温泉・野岩鉄道満喫切符,,,,https://www2s.biglobe.ne.jp/~t_aoyagi/railway/free/yagan13.htm
kantetu02,常総線・真岡鉄道共通一日自由きっぷ,真岡鐵道,['真岡鐵道' '関東鉄道'],2,TRUE,kanto,関東,关东,['関東'],holiday,週末限定タイプ,周末限定,['実券'],TRUE,FALSE,on_sale,発売中,,,2300,1150,1150,"大人：2,300円／小人：1,150円",１日,1,"通年 
 有効開始日の７日前から発売","土曜・休日と4/1〜5/31,7/1〜8/31,11/1〜1/31の毎日",,['https://www2s.biglobe.ne.jp/~t_aoyagi/railway/free/map/kantetu-mooka.gif'],,['「ＳＬもおか号」を利用の際は別途整理券が必要です。'],1,"関東鉄道：取手,戸頭,守谷,新守谷,水海道,下妻,下館 
 真岡鐵道：真岡,益子,茂木",関東鉄道 TEL:0298-22-3718,,https://www.kantetsu.co.jp/train/special-ticket#tix06,"[{'text': '関東鉄道', 'url': 'https://www.kantetsu.co.jp/train/special-ticket#tix06'}
 {'text': '真岡鐵道', 'url': 'https://www.moka-railway.co.jp/fare/'}]",,https://www2s.biglobe.ne.jp/~t_aoyagi/railway/free/kantetu02.htm,kantetu02.htm,15,2026-08-10 01:30:50.424840+00:00,常総線・真岡鐵道線共通一日自由きっぷ,,,,https://www2s.biglobe.ne.jp/~t_aoyagi/railway/free/kantetu02.htm
mooka92,益子陶器市フリー切符,真岡鐵道,['真岡鐵道'],1,FALSE,kanto,関東,关东,['関東'],kikan,期間限定タイプ,期间限定,['実券'],TRUE,FALSE,ended,終了,,,1500,750,750,"大人：1,500円／小人：750円",１日,1,2026年4月29日〜2026年5月6日,発売当日,,['https://www2s.biglobe.ne.jp/~t_aoyagi/railway/free/map/mooka92.gif'],,['SLもおか号利用時は別途整理券必要'],1,"下館駅(真岡鐵道ホーム),真岡駅,益子駅",真岡鐵道・旅行センター TEL:0285-84-7913,,https://www.moka-railway.co.jp/wp-content/uploads/2026/04/daa080f6a08dfee4dc5e6b2a1c7ee607.pdf,"[{'text': '真岡鐵道', 'url': 'https://www.moka-railway.co.jp/wp-content/uploads/2026/04/daa080f6a08dfee4dc5e6b2a1c7ee607.pdf'}]",,https://www2s.biglobe.ne.jp/~t_aoyagi/railway/free/mooka92.htm,mooka92.htm,16,2026-08-10 01:30:50.424840+00:00,益子陶器市フリー切符,,,,https://www2s.biglobe.ne.jp/~t_aoyagi/railway/free/mooka92.htm
utsunomiya01,ライトライン一日乗車券,宇都宮ライトレール,['宇都宮ライトレール'],1,FALSE,kanto,関東,关东,['関東'],tunen,通年発売タイプ,全年发售,['実券'],TRUE,FALSE,on_sale,発売中,,,1000,500,500,"大人：1,000円 小人：500円 
 餃子券付 大人：1,300円",１日,1,"通年 
 当日を含め、利用日の3日前から購入可能",通年,,['https://www2s.biglobe.ne.jp/~t_aoyagi/railway/free/map/utsunomiya01.gif'],,[],0,"宇都宮駅東口 定期券うりば 
 宇都宮ライトレール車両基地(平石) 定期券うりば 
 道の駅はが 総合案内所 
 宇都宮東ホテル 1Fフロント 
 フォーポイント フレックス by シェラトン 宇都宮 1Fフロント 
 産地直売と暮らしの品 えにし 
 交通未来都市うつのみやオープンスクエア (宇都宮駅西口 トナリエ宇都宮3F)",宇都宮ライトレール運輸企画部 TEL:028-666-6074,,https://www.miyarail.co.jp/userguide-ticket-info#oneday-ticket,"[{'text': '宇都宮ライトレール', 'url': 'https://www.miyarail.co.jp/userguide-ticket-info#oneday-ticket'}]",,https://www2s.biglobe.ne.jp/~t_aoyagi/railway/free/utsunomiya01.htm,utsunomiya01.htm,17,2026-08-10 01:30:50.424840+00:00,ライトライン一日乗車券,,,,https://www2s.biglobe.ne.jp/~t_aoyagi/railway/free/utsunomiya01.htm
watarase01,一日フリーきっぷ,わたらせ渓谷鉄道,['わたらせ渓谷鉄道'],1,FALSE,kanto,関東,关东,['関東'],tunen,通年発売タイプ,全年发售,['実券' 'デジタル'],TRUE,TRUE,on_sale,発売中,,,1500,700,700,"大人：1,880円／小人：940円 
 
2025年12月1日〜2026年2月28日 
 
 GunMaaS 大人：1,500円／小人：700円",１日,1,通年,通年,,['https://www2s.biglobe.ne.jp/~t_aoyagi/railway/free/map/watarase.gif'],,[],0,"桐生、相老、大間々、通洞、足尾の各駅 
 GunMaaS",わたらせ渓谷鉄道 TEL:0277-73-2110,,http://www.watetsu.com/otoku.html,"[{'text': 'わたらせ渓谷鉄道', 'url': 'http://www.watetsu.com/otoku.html'}
 {'text': 'わたらせ渓谷鉄道', 'url': 'https://www.watetsu.com/news/news_det.php?E=1917'}]",,https://www2s.biglobe.ne.jp/~t_aoyagi/railway/free/watarase01.htm,watarase01.htm,18,2026-08-10 01:30:50.424840+00:00,一日フリーきっぷ,,,,https://www2s.biglobe.ne.jp/~t_aoyagi/railway/free/watarase01.htm
watarase91,コロプラ一日フリーきっぷ,わたらせ渓谷鉄道,['わたらせ渓谷鉄道'],1,FALSE,kanto,関東,关东,['関東'],kikan,期間限定タイプ,期间限定,['実券'],TRUE,FALSE,period,〜2027/3/31,,2027/3/31,2510,,2510,"大人：2,510円／小人：---円",１日,1,2014年4月1日〜2027年3月31日,2014年4月1日〜2027年3月31日,,['https://www2s.biglobe.ne.jp/~t_aoyagi/railway/free/map/watarase.gif'],,[],0,相老、大間々、通洞,わたらせ渓谷鉄道 TEL:0277-73-2110 (平日8:30〜17:15),,https://colopl.co.jp/service/other/coloca/transport/area02/norimono_watarase/,"[{'text': 'コロプラ', 'url': 'https://colopl.co.jp/service/other/coloca/transport/area02/norimono_watarase/'}]",,https://www2s.biglobe.ne.jp/~t_aoyagi/railway/free/watarase91.htm,watarase91.htm,19,2026-08-10 01:30:50.424840+00:00,コロプラ一日フリーきっぷ,,,,https://www2s.biglobe.ne.jp/~t_aoyagi/railway/free/watarase91.htm
jomou02,赤城南麓１日フリー切符,上毛電気鉄道,['上毛電気鉄道'],1,FALSE,kanto,関東,关东,['関東'],tunen,通年発売タイプ,全年发售,['実券' 'デジタル'],TRUE,TRUE,on_sale,発売中,,,1300,650,650,"大人：1,300円／小人：650円",１日,1,通年,通年,,['https://www2s.biglobe.ne.jp/~t_aoyagi/railway/free/map/jomo.gif'],,[],0,"中央前橋,大胡,赤城,西桐生 
 GunMaaS",上毛電気鉄道 TEL: 027-231-3597,,http://www.jomorailway.com/akagifree_ticket.html,"[{'text': '上毛電気鉄道', 'url': 'http://www.jomorailway.com/akagifree_ticket.html'}]",,https://www2s.biglobe.ne.jp/~t_aoyagi/railway/free/jomou02.htm,jomou02.htm,20,2026-08-10 01:30:50.424840+00:00,赤城南麓１日フリー切符,,,,https://www2s.biglobe.ne.jp/~t_aoyagi/railway/free/jomou02.htm
jomou03,運転免許返納者割引ワンデーフリーパス,上毛電気鉄道,['上毛電気鉄道'],1,FALSE,kanto,関東,关东,['関東'],tunen,通年発売タイプ,全年发售,['実券'],TRUE,FALSE,on_sale,発売中,,,500,,500,大人：500円,１日,1,通年,通年,,['https://www2s.biglobe.ne.jp/~t_aoyagi/railway/free/map/jomo.gif'],,[],0,"中央前橋,大胡,赤城,西桐生",上毛電気鉄道 TEL: 027-231-3597,,https://jomorailway.com/hennopas_ticket.html,"[{'text': '上毛電気鉄道', 'url': 'https://jomorailway.com/hennopas_ticket.html'}]",,https://www2s.biglobe.ne.jp/~t_aoyagi/railway/free/jomou03.htm,jomou03.htm,21,2026-08-10 01:30:50.424840+00:00,運転免許返納者割引ワンデーフリーパス,,,,https://www2s.biglobe.ne.jp/~t_aoyagi/railway/free/jomou03.htm
jomou98,上毛電気鉄道×前橋ウィッチーズ 赤城南麓1日フリー切符,上毛電気鉄道,['上毛電気鉄道'],1,FALSE,kanto,関東,关东,['関東'],kikan,期間限定タイプ,期间限定,['実券'],TRUE,FALSE,ended,終了,,,1300,,1300,"大人：1,300円",１日,1,2026年1月17日〜2026年4月30日,2026年1月17日〜2026年4月30日,,['https://www2s.biglobe.ne.jp/~t_aoyagi/railway/free/map/jomo.gif'],,[],0,"中央前橋,大胡,赤城,西桐生",上毛電気鉄道本社営業課 TEL: 027-231-3597,,http://www.jomorailway.com/images/info/20260114info.pdf,"[{'text': '上毛電気鉄道', 'url': 'http://www.jomorailway.com/images/info/20260114info.pdf'}]",,https://www2s.biglobe.ne.jp/~t_aoyagi/railway/free/jomou98.htm,jomou98.htm,22,2026-08-10 01:30:50.424840+00:00,上毛電気鉄道×前橋ウィッチーズ 赤城南麓1日フリー切符,不明,,,https://www2s.biglobe.ne.jp/~t_aoyagi/railway/free/jomou98.htm
jomou91,早春桜花切符,上毛電気鉄道,['上毛電気鉄道'],1,FALSE,kanto,関東,关东,['関東'],spring,春期間限定タイプ,春季限定,['実券'],TRUE,FALSE,ended,終了,,,1000,500,500,"大人：1,000円 小人：500円",１日,1,2023年3月18日〜2023年4月16日,2023年3月18日〜2023年4月16日の土休日,,['https://www2s.biglobe.ne.jp/~t_aoyagi/railway/free/map/jomo.gif'],,[],0,"中央前橋,大胡,赤城,西桐生,本社営業課",上毛電気鉄道本社営業課 TEL: 027-231-3597,,https://www.jomorailway.com/limittime_ticket.html,"[{'text': '上毛電気鉄道', 'url': 'https://www.jomorailway.com/limittime_ticket.html'}]",,https://www2s.biglobe.ne.jp/~t_aoyagi/railway/free/jomou91.htm,jomou91.htm,23,2026-08-10 01:30:50.424840+00:00,早春桜花切符,,,,https://www2s.biglobe.ne.jp/~t_aoyagi/railway/free/jomou91.htm
jomou01,鉄道の日＆群馬県民の日記念ワンデーフリー切符,上毛電気鉄道,['上毛電気鉄道'],1,FALSE,kanto,関東,关东,['関東'],autumn,秋限定タイプ,秋季限定,['実券'],TRUE,FALSE,ended,終了,,,1000,500,500,"大人：1,000円／小人：500円",１日,1,2024年9月20日〜2024年11月30日,"2024年10月1日〜2024年11月30の土休日,10月14日,10月28日",,['https://www2s.biglobe.ne.jp/~t_aoyagi/railway/free/map/jomo.gif'],,[],0,"中央前橋,大胡,赤城,西桐生",上毛電気鉄道・本社営業 TEL: 027-231-3597,,https://www.jomorailway.com/oneday_ticket.html,"[{'text': '上毛電気鉄道', 'url': 'https://www.jomorailway.com/oneday_ticket.html'}]",,https://www2s.biglobe.ne.jp/~t_aoyagi/railway/free/jomou01.htm,jomou01.htm,24,2026-08-10 01:30:50.424840+00:00,鉄道の日＆群馬県民の日記念 ワンデーフリーパス,"大人1,900枚、小人200枚。売切れ次第終了",,,https://www2s.biglobe.ne.jp/~t_aoyagi/railway/free/jomou01.htm
joshin11,1日全線フリー乗車券,上信電鉄,['上信電鉄'],1,FALSE,kanto,関東,关东,['関東'],tunen,通年発売タイプ,全年发售,['実券' 'デジタル'],TRUE,TRUE,on_sale,発売中,,,2260,1130,1130,"大人：2,260円 小人：1,130円",１日,1,通年,通年,,['https://www2s.biglobe.ne.jp/~t_aoyagi/railway/free/map/joshin.gif'],,[],0,"高崎,吉井,上州福島,上州富岡,下仁田 
 GunMaaS",上信電鉄・運輸部鉄道運輸課 TEL:027-323-8073,,https://www.joshin-dentetsu.co.jp/ticket/1289/,"[{'text': '上信電鉄', 'url': 'https://www.joshin-dentetsu.co.jp/ticket/1289/'}]",,https://www2s.biglobe.ne.jp/~t_aoyagi/railway/free/joshin11.htm,joshin11.htm,25,2026-08-10 01:30:50.424840+00:00,1日全線フリー乗車券,,,,https://www2s.biglobe.ne.jp/~t_aoyagi/railway/free/joshin11.htm
joshin12,上野三碑巡り記念乗車券,上信電鉄,['上信電鉄'],1,FALSE,kanto,関東,关东,['関東'],tunen,通年発売タイプ,全年发售,['実券'],TRUE,FALSE,on_sale,発売中,,,1140,570,570,"大人：1,140円 小人：570円",１日,1,通年,通年,,['https://www2s.biglobe.ne.jp/~t_aoyagi/railway/free/map/joshin12.gif'],,[],0,"高崎,根古屋,山名,吉井",上信電鉄 TEL:027-323-8066,,https://www.joshin-dentetsu.co.jp/ticket/1154/,"[{'text': '上信電鉄', 'url': 'https://www.joshin-dentetsu.co.jp/ticket/1154/'}]",,https://www2s.biglobe.ne.jp/~t_aoyagi/railway/free/joshin12.htm,joshin12.htm,26,2026-08-10 01:30:50.424840+00:00,上野三碑巡り記念乗車券,,,,https://www2s.biglobe.ne.jp/~t_aoyagi/railway/free/joshin12.htm
joshin94,群馬県民の日・鉄道記念日1日全線フリー乗車券,上信電鉄,['上信電鉄'],1,FALSE,kanto,関東,关东,['関東'],autumn,秋限定タイプ,秋季限定,['実券'],TRUE,FALSE,ended,終了,,,1500,750,750,"大人：1,500円 小人：750円",１日,1,2025年10月1日〜2025年10月28日,"2025年10月1日〜2025年10月28日の土休日 
 10月14日,10月28日",,['https://www2s.biglobe.ne.jp/~t_aoyagi/railway/free/map/joshin.gif'],,[],0,"高崎,上州富岡,下仁田",上信電鉄・運輸部鉄道運輸課 TEL:027-323-8073,,https://www.joshin-dentetsu.co.jp/wp/wp-content/uploads/2025/09/445f59a198092929445462460c7de587.pdf,"[{'text': '上信電鉄', 'url': 'https://www.joshin-dentetsu.co.jp/wp/wp-content/uploads/2025/09/445f59a198092929445462460c7de587.pdf'}]",,https://www2s.biglobe.ne.jp/~t_aoyagi/railway/free/joshin94.htm,joshin94.htm,27,2026-08-10 01:30:50.424840+00:00,群馬県民の日/鉄道記念日 一日フリー乗車券,,,,https://www2s.biglobe.ne.jp/~t_aoyagi/railway/free/joshin94.htm
joshin93,寿・ワンコイン1日フリー乗車券,上信電鉄,['上信電鉄'],1,FALSE,kanto,関東,关东,['関東'],winter,年末年始限定タイプ,年末年初限定,['実券'],TRUE,FALSE,ended,終了,,,500,250,250,大人:500円／小人：250円,１日,1,2025年12月29日〜2026年1月2日,2026年1月1日〜2026年1月2日,,['https://www2s.biglobe.ne.jp/~t_aoyagi/railway/free/map/joshin.gif'],,[],0,上信電鉄各駅(無人駅除く),上信電鉄・運輸部鉄道 TEL:027-323-8073,,https://www.joshin-dentetsu.co.jp/wp/wp-content/uploads/2025/11/a0f7f8d8869b0aec32e215758de7173f.pdf,"[{'text': '上信電鉄', 'url': 'https://www.joshin-dentetsu.co.jp/wp/wp-content/uploads/2025/11/a0f7f8d8869b0aec32e215758de7173f.pdf'}]",,https://www2s.biglobe.ne.jp/~t_aoyagi/railway/free/joshin93.htm,joshin93.htm,28,2026-08-10 01:30:50.424840+00:00,寿・ワンコイン1日フリー乗車券,,,,https://www2s.biglobe.ne.jp/~t_aoyagi/railway/free/joshin93.htm
joshin98,上信電鉄 高校生世代限定お得きっぷ,上信電鉄,['上信電鉄'],1,FALSE,kanto,関東,关东,['関東'],kikan,期間限定タイプ,期间限定,['デジタル'],FALSE,TRUE,ended,終了,,,,,500,高校生：500円,１日,1,2025年11月1日〜20251年12月31日,2025年11月1日〜20251年12月31日,,['https://www2s.biglobe.ne.jp/~t_aoyagi/railway/free/map/joshin.gif'],,[],0,GunMaaS,上信電鉄・運輸部鉄道運輸課 TEL:027-323-8073,,https://www.joshin-dentetsu.co.jp/info/2789/,"[{'text': '上信電鉄', 'url': 'https://www.joshin-dentetsu.co.jp/info/2789/'}
 {'text': '群馬県', 'url': 'https://www.pref.gunma.jp/page/722770.html'}]",,https://www2s.biglobe.ne.jp/~t_aoyagi/railway/free/joshin98.htm,joshin98.htm,29,2026-08-10 01:30:50.424840+00:00,上信電鉄 高校生世代限定お得きっぷ,,,,https://www2s.biglobe.ne.jp/~t_aoyagi/railway/free/joshin98.htm
joshin99,上信電鉄 複数人お得きっぷ,上信電鉄,['上信電鉄'],1,FALSE,kanto,関東,关东,['関東'],kikan,期間限定タイプ,期间限定,['デジタル'],FALSE,TRUE,ended,終了,,,,,2600,"区間 人数 販売額 
 高崎〜上州富岡 ２人 2,600円 
 ３人 3,900円 
 高崎〜下仁田 ２人 3,000円 
 ３人 4,500円",１日,1,2025年11月1日〜20251年12月31日,2025年11月1日〜20251年12月31日,,['https://www2s.biglobe.ne.jp/~t_aoyagi/railway/free/map/joshin99.gif'],,[],0,GunMaaS,上信電鉄・運輸部鉄道運輸課 TEL:027-323-8073,,https://www.joshin-dentetsu.co.jp/info/2789/,"[{'text': '上信電鉄', 'url': 'https://www.joshin-dentetsu.co.jp/info/2789/'}
 {'text': '群馬県', 'url': 'https://www.pref.gunma.jp/page/722761.html'}]",,https://www2s.biglobe.ne.jp/~t_aoyagi/railway/free/joshin99.htm,joshin99.htm,30,2026-08-10 01:30:50.424840+00:00,上信電鉄 複数人お得きっぷ,,,,https://www2s.biglobe.ne.jp/~t_aoyagi/railway/free/joshin99.htm
minatosen11,湊線１日フリーきっぷ,ひたちなか海浜鉄道,['ひたちなか海浜鉄道'],1,FALSE,kanto,関東,关东,['関東'],tunen,通年発売タイプ,全年发售,['実券'],TRUE,FALSE,on_sale,発売中,,,1000,500,500,"〜2026年3月31日 大人：1,000円 小人：500円 
 
2026年4月1日〜 大人：1,100円 小人：550円",１日,1,発売中,発売当日,,['https://www2s.biglobe.ne.jp/~t_aoyagi/railway/free/map/minato.gif'],,[],0,"勝田,那珂湊 
 各駅自動販売機(金上,那珂湊,殿山,平磯,磯崎,阿字ヶ浦)",ひたちなか海浜鉄道・湊駅 TEL:029-262-2361,,http://www.hitachinaka-rail.co.jp/gain,"[{'text': 'ひたちなか海浜鉄道', 'url': 'http://www.hitachinaka-rail.co.jp/gain'}]",,https://www2s.biglobe.ne.jp/~t_aoyagi/railway/free/minatosen11.htm,minatosen11.htm,31,2026-08-10 01:30:50.424840+00:00,湊線１日フリーきっぷ,,,,https://www2s.biglobe.ne.jp/~t_aoyagi/railway/free/minatosen11.htm
minatosen13,1日フリー乗車券,ひたちなか海浜鉄道,['ひたちなか海浜鉄道'],1,FALSE,kanto,関東,关东,['関東'],kikan,期間限定タイプ,期间限定,['実券'],TRUE,FALSE,on_sale,発売中,,,950,,950,大人：950円,１日,1,発売中,通年,,['https://www2s.biglobe.ne.jp/~t_aoyagi/railway/free/map/minato.gif'],,[],0,ひたちなか海浜鉄道オンライン,ひたちなか海浜鉄道・湊駅 TEL:029-262-2361,,https://hitachinaka-rail-net.tourbooking-japan.com/A/ja-JP/product-detail/298,"[{'text': 'ひたちなか海浜鉄道', 'url': 'https://hitachinaka-rail-net.tourbooking-japan.com/A/ja-JP/product-detail/298'}]",,https://www2s.biglobe.ne.jp/~t_aoyagi/railway/free/minatosen13.htm,minatosen13.htm,32,2026-08-10 01:30:50.424840+00:00,1日フリー乗車券,,,,https://www2s.biglobe.ne.jp/~t_aoyagi/railway/free/minatosen13.htm
minatosen02,ひたち海浜公園入園券付き湊線１日フリー切符,ひたちなか海浜鉄道,['ひたちなか海浜鉄道'],1,FALSE,kanto,関東,关东,['関東'],tunen,通年発売タイプ,全年发售,['実券'],TRUE,FALSE,on_sale,発売中,,,1200,,1200,"大人：1,200円 シルバー(65歳以上)：1,100円 
 
【季節料金設定期間中】 
 
大人：1,600円 シルバー(65歳以上)：1,500円",１日,1,通年,発売当日限り有効,,['https://www2s.biglobe.ne.jp/~t_aoyagi/railway/free/map/minato.gif'],,[],0,"勝田,那珂湊 
 ひたちなか海浜鉄道オンライン",ひたちなか海浜鉄道・湊駅 TEL:029-262-2361,,http://www.hitachinaka-rail.co.jp/gain,"[{'text': 'ひたちなか海浜鉄道', 'url': 'http://www.hitachinaka-rail.co.jp/gain'}]",,https://www2s.biglobe.ne.jp/~t_aoyagi/railway/free/minatosen02.htm,minatosen02.htm,33,2026-08-10 01:30:50.424840+00:00,ひたち海浜公園入園券付き湊線１日フリー切符,,,,https://www2s.biglobe.ne.jp/~t_aoyagi/railway/free/minatosen02.htm
minatosen03,湊線応援券付き湊線１日フリー切符,ひたちなか海浜鉄道,['ひたちなか海浜鉄道'],1,FALSE,kanto,関東,关东,['関東'],kikan,期間限定タイプ,期间限定,['実券'],TRUE,FALSE,on_sale,発売中,,,1000,,1000,"〜2026年3月31日 大人：1,000円 
 2026年4月1日〜 大人：1,100円",１日,1,発売中,購入日から１年以内,,['https://www2s.biglobe.ne.jp/~t_aoyagi/railway/free/map/minato.gif'],,[],0,"勝田,那珂湊",ひたちなか海浜鉄道・湊駅 TEL:029-262-2361,,http://www.hitachinaka-rail.co.jp/gain,"[{'text': 'ひたちなか海浜鉄道', 'url': 'http://www.hitachinaka-rail.co.jp/gain'}]",,https://www2s.biglobe.ne.jp/~t_aoyagi/railway/free/minatosen03.htm,minatosen03.htm,34,2026-08-10 01:30:50.424840+00:00,湊線応援券付き湊線１日フリー切符,,,,https://www2s.biglobe.ne.jp/~t_aoyagi/railway/free/minatosen03.htm
minatosen92,殿山ゆいかデビュー４周年記念乗車券,ひたちなか海浜鉄道,['ひたちなか海浜鉄道'],1,FALSE,kanto,関東,关东,['関東'],kikan,期間限定タイプ,期间限定,['実券'],TRUE,FALSE,ended,終了,,,600,,600,"大人：600円 ※ひたちなか市の補助事業適用時 
 
大人：1,000円",１日,1,2025年4月28日〜2025年8月31日,2025年4月28日〜2025年8月31日,,['https://www2s.biglobe.ne.jp/~t_aoyagi/railway/free/map/minato.gif'],,[],0,"那珂湊,阿字ヶ浦(4/28〜5/6) 
 オンライングッズサイト「 BASE 」",ひたちなか海浜鉄道・那珂湊駅 TEL:029-262-2361,,http://www.hitachinaka-rail.co.jp/blog/2023/04/27/8389.html,"[{'text': 'ひたちなか海浜鉄道', 'url': 'http://www.hitachinaka-rail.co.jp/blog/2023/04/27/8389.html'}]",,https://www2s.biglobe.ne.jp/~t_aoyagi/railway/free/minatosen92.htm,minatosen92.htm,35,2026-08-10 01:30:50.424840+00:00,殿山ゆいか デビュー４周年記念乗車券,,,,https://www2s.biglobe.ne.jp/~t_aoyagi/railway/free/minatosen92.htm
minatosen91,コロプラ1日フリー乗車券,ひたちなか海浜鉄道,['ひたちなか海浜鉄道'],1,FALSE,kanto,関東,关东,['関東'],kikan,期間限定タイプ,期间限定,['実券'],TRUE,FALSE,period,〜2027/3/31,,2027/3/31,1500,,1500,"大人：1,500円",１日,1,2012年11月1日〜2027年3月31日,2012年11月1日〜2027年3月31日,,['https://www2s.biglobe.ne.jp/~t_aoyagi/railway/free/map/minato.gif'],,[],0,"勝田,那珂湊",ひたちなか海浜鉄道・湊駅 TEL:029-262-2361,,http://www.hitachinaka-rail.co.jp/gain,"[{'text': 'ひたちなか海浜鉄道', 'url': 'http://www.hitachinaka-rail.co.jp/gain'}
 {'text': 'コラプロ', 'url': 'https://colopl.co.jp/service/other/coloca/transport/area02/norimono_hitatinaka/'}]",,https://www2s.biglobe.ne.jp/~t_aoyagi/railway/free/minatosen91.htm,minatosen91.htm,36,2026-08-10 01:30:50.424840+00:00,コロプラ1日フリー乗車券,,,,https://www2s.biglobe.ne.jp/~t_aoyagi/railway/free/minatosen91.htm
kantetu94,竜鉄コロッケ★フリーきっぷ,関東鉄道,['関東鉄道'],1,FALSE,kanto,関東,关东,['関東'],tunen,通年発売タイプ,全年发售,['実券'],TRUE,FALSE,on_sale,発売中,,,600,,600,大人：600円,１日,1,通年,通年,,['https://www2s.biglobe.ne.jp/~t_aoyagi/railway/free/map/ryugasaki.gif'],,[],0,竜ヶ崎,関東鉄道鉄道部業務課 TEL:029-822-3718,,https://www.kantetsu.co.jp/train/special-ticket#tix03,"[{'text': '関東鉄道', 'url': 'https://www.kantetsu.co.jp/train/special-ticket#tix03'}]",,https://www2s.biglobe.ne.jp/~t_aoyagi/railway/free/kantetu94.htm,kantetu94.htm,37,2026-08-10 01:30:50.424840+00:00,竜鉄コロッケ★フリーきっぷ,,,,https://www2s.biglobe.ne.jp/~t_aoyagi/railway/free/kantetu94.htm
kantetu01,常総線１日フリーきっぷ,関東鉄道,['関東鉄道'],1,FALSE,kanto,関東,关东,['関東'],holiday,週末限定タイプ,周末限定,['実券'],TRUE,FALSE,on_sale,発売中,,,2000,1000,1000,"大人：2,000円／小人：1,000円 
 大人１人に対して小人２人まで無料",１日,1,"通年 
 有効開始日の７日前から発売","土曜・休日と11/13(茨城県民の日),12/29〜1/3",,['https://www2s.biglobe.ne.jp/~t_aoyagi/railway/free/map/kantetu.gif'],,[],0,常総線の駅員配置駅と車内,関東鉄道 TEL:0298-22-3718,,https://www.kantetsu.co.jp/train/special-ticket#tix01,"[{'text': '関東鉄道', 'url': 'https://www.kantetsu.co.jp/train/special-ticket#tix01'}]",,https://www2s.biglobe.ne.jp/~t_aoyagi/railway/free/kantetu01.htm,kantetu01.htm,38,2026-08-10 01:30:50.424840+00:00,常総線１日フリーきっぷ,,,,https://www2s.biglobe.ne.jp/~t_aoyagi/railway/free/kantetu01.htm
tukuba91,ＴＸ！１日乗り放題きっぷ,首都圏新都市鉄道,['首都圏新都市鉄道'],1,FALSE,kanto,関東,关东,['関東'],kisetu,季節発売タイプ,季节发售,['実券'],TRUE,FALSE,period,2026/7/18  〜8/31,2026/7/18,2026/8/31,2560,690,690,"大人：2,560円 小人：690円",１日,1,"2026年3月20日〜2026年5月10日 
 
2026年7月18日〜2026年8月31日 
 
 2025年11月26日〜2026年1月12日 
 
 2025年9月1日〜2025年9月30日",利用当日,,['https://www2s.biglobe.ne.jp/~t_aoyagi/railway/free/map/tsukuba.gif'],,[],0,"各駅自動券売機(初電〜18:00),各駅案内カウンター",首都圏新都市鉄道：,,https://www.mir.co.jp/assets_rti/pdf/f95dfba02a6990f02f83bbaf236ac0d5.pdf,"[{'text': '首都圏新都市鉄道', 'url': 'https://www.mir.co.jp/assets_rti/pdf/f95dfba02a6990f02f83bbaf236ac0d5.pdf'}]",,https://www2s.biglobe.ne.jp/~t_aoyagi/railway/free/tukuba91.htm,tukuba91.htm,40,2026-08-10 01:30:50.424840+00:00,ＴＸ！１日乗り放題きっぷ,,,,https://www2s.biglobe.ne.jp/~t_aoyagi/railway/free/tukuba91.htm
tukuba92,埼玉県民の日フリー乗車券,首都圏新都市鉄道,['首都圏新都市鉄道'],1,FALSE,kanto,関東,关东,['関東'],autumn,秋限定タイプ,秋季限定,['実券'],TRUE,FALSE,ended,終了,,,2420,690,690,"大人：2,420円 小人：690円",１日,1,2025年11月14日,2025年11月14日,,['https://www2s.biglobe.ne.jp/~t_aoyagi/railway/free/map/tsukuba.gif'],,[],0,"八潮,三郷中央",首都圏新都市鉄道：,,https://www.pref.saitama.lg.jp/a0301/kenminnohi/kenminnohifreezyousyaken.html,"[{'text': '埼玉県', 'url': 'https://www.pref.saitama.lg.jp/a0301/kenminnohi/kenminnohifreezyousyaken.html'}
 {'text': '首都圏新都市鉄道', 'url': 'https://www.mir.co.jp/topics/2025/1114tx_1.html'}]",,https://www2s.biglobe.ne.jp/~t_aoyagi/railway/free/tukuba92.htm,tukuba92.htm,41,2026-08-10 01:30:50.424840+00:00,埼玉県民の日フリー乗車券 (首都圏新都市鉄道),,,,https://www2s.biglobe.ne.jp/~t_aoyagi/railway/free/tukuba92.htm
ryutetsu,流鉄流山線一日フリー乗車券,流鉄,['流鉄'],1,FALSE,kanto,関東,关东,['関東'],tunen,通年発売タイプ,全年发售,['実券'],TRUE,FALSE,on_sale,発売中,,,500,250,250,大人：500円 小人：250円,１日,1,利用当日,通年,,['https://www2s.biglobe.ne.jp/~t_aoyagi/railway/free/map/ryutetsu.gif'],,[],0,各駅,流鉄：,,http://www.ryutetsu.jp/oneday.html,"[{'text': '流鉄', 'url': 'http://www.ryutetsu.jp/oneday.html'}]",,https://www2s.biglobe.ne.jp/~t_aoyagi/railway/free/ryutetsu.htm,ryutetsu.htm,42,2026-08-10 01:30:50.424840+00:00,流鉄流山線一日フリー乗車券,,,,https://www2s.biglobe.ne.jp/~t_aoyagi/railway/free/ryutetsu.htm
maihama01,１日フリーきっぷ,舞浜リゾートライン,['舞浜リゾートライン'],1,FALSE,kanto,関東,关东,['関東'],tunen,通年発売タイプ,全年发售,['実券'],TRUE,FALSE,on_sale,発売中,,,700,350,350,"券種 大人 小人 
 1日フリーきっぷ 700円 350円 
 2日フリーきっぷ 900円 450円 
 3日フリーきっぷ 1,200円 600円 
 4日フリーきっぷ 1,500円 750円",各有効日数,,通年,通年,,['https://www2s.biglobe.ne.jp/~t_aoyagi/railway/free/map/disny.gif'],,[],0,各駅自動販売機,"東京ディズニーリゾート・インフォメーションセンター： 
 TEL 0570-00-8632(045-330-5211)",,https://www.tokyodisneyresort.jp/tdr/resortline/fare.html,"[{'text': '東京ディズニーリゾート', 'url': 'https://www.tokyodisneyresort.jp/tdr/resortline/fare.html'}
 {'text': '東京ディズニーリゾート', 'url': 'https://www.tokyodisneyresort.jp/tdr/resortline/ticket.html'}]",,https://www2s.biglobe.ne.jp/~t_aoyagi/railway/free/maihama01.htm,maihama01.htm,43,2026-08-10 01:30:50.424840+00:00,１日フリーきっぷ ２日フリーきっぷ ３日フリーきっぷ ４日フリーきっぷ,,,,https://www2s.biglobe.ne.jp/~t_aoyagi/railway/free/maihama01.htm
hokusou91,北総線1日乗車券,北総鉄道,['北総鉄道'],1,FALSE,kanto,関東,关东,['関東'],kikan,期間限定タイプ,期间限定,['実券' 'デジタル'],TRUE,TRUE,period,2026/7/25  〜8/23,2026/7/25,2026/8/23,1000,500,500,"大人：1,000円 小人：500円",１日,1,"2026年3月28日〜2026年5月10日の土休日 
 2026年7月25日〜2026年8月23日の土休日 
 2026年10月3日〜2026年11月23日の土休日 
 2026年12月19日〜2027年1月17日の土休日,12月30日〜1月3日",発売当日,,['https://www2s.biglobe.ne.jp/~t_aoyagi/railway/free/map/hokusou.gif'],,[],0,"北総線各駅及び京成高砂駅の定期券発売所 
 RYDE PASS(ライドパス)アプリ",北総鉄道運輸部営業課 TEL:047-445-1901,,https://www.hokuso-railway.co.jp/topics/detail/66691,"[{'text': '北総鉄道', 'url': 'https://www.hokuso-railway.co.jp/topics/detail/66691'}
 {'text': 'RYDE PASS', 'url': 'https://pass.ryde-go.com/products/DMW849MS737E'}]",,https://www2s.biglobe.ne.jp/~t_aoyagi/railway/free/hokusou91.htm,hokusou91.htm,47,2026-08-10 01:30:50.424840+00:00,北総線１日乗車券,,,,https://www2s.biglobe.ne.jp/~t_aoyagi/railway/free/hokusou91.htm
hokusou95,北総・下町めぐりきっぷ,北総鉄道,['北総鉄道'],1,FALSE,kanto,関東,关东,['関東'],kikan,期間限定タイプ,期间限定,['実券'],TRUE,FALSE,period,2026/7/25  〜8/23,2026/7/25,2026/8/23,1420,710,710,"大人：1,420円 小人：710円",１日,1,"2026年3月28日〜2026年5月10日の土休日 
 2026年7月25日〜2026年8月23日の土休日 
 2026年10月3日〜2026年11月23日の土休日 
 2026年12月19日〜2027年1月17日の土休日,12月30日〜1月3日",発売当日,,['https://www2s.biglobe.ne.jp/~t_aoyagi/railway/free/map/hokusou95.gif'],,[],0,北総線各駅(京成高砂駅を除く),"北総鉄道運輸部営業課 TEL:047-445-1901 
 京成電鉄お客様ダイヤル 0570-081-160",,https://www.hokuso-railway.co.jp/topics/detail/66732?doing_wp_cron=1783780289.5002450942993164062500,"[{'text': '北総鉄道', 'url': 'https://www.hokuso-railway.co.jp/topics/detail/66732?doing_wp_cron=1783780289.5002450942993164062500'}
 {'text': '京成電鉄', 'url': 'https://www.keisei.co.jp/cms/files/keisei/MASTER/0110/Ymkrzm3H.pdf'}]",,https://www2s.biglobe.ne.jp/~t_aoyagi/railway/free/hokusou95.htm,hokusou95.htm,48,2026-08-10 01:30:50.424840+00:00,北総・下町めぐりきっぷ,,,,https://www2s.biglobe.ne.jp/~t_aoyagi/railway/free/hokusou95.htm
toyo81,春の土休日1日乗車券,東葉高速鉄道,['東葉高速鉄道'],1,FALSE,kanto,関東,关东,['関東'],spring,春期間限定タイプ,春季限定,['実券'],TRUE,FALSE,ended,終了,,,900,100,100,大人：900円／小人：100円,１日,1,2025年4月26日〜2025年5月11日の土休日,購入当日限り,,['https://www2s.biglobe.ne.jp/~t_aoyagi/railway/free/map/toyokosoku.gif'],,[],0,"各駅窓口(西船橋,北習志野駅乗換口を除く)",東葉高速鉄道・総務部企画課 TEL:047-458-0018,,https://www.toyokosoku.co.jp/information/otoku/15055.html,"[{'text': '東葉高速鉄道', 'url': 'https://www.toyokosoku.co.jp/information/otoku/15055.html'}]",,https://www2s.biglobe.ne.jp/~t_aoyagi/railway/free/toyo81.htm,toyo81.htm,49,2026-08-10 01:30:50.424840+00:00,春の土休日1日乗車券,"大人：2,500枚 小人：1,500枚 
 売り切れ次第終了",,,https://www2s.biglobe.ne.jp/~t_aoyagi/railway/free/toyo81.htm
toyo95,夏の土休日1日乗車券,東葉高速鉄道,['東葉高速鉄道'],1,FALSE,kanto,関東,关东,['関東'],summer,夏限定タイプ,夏季限定,['実券'],TRUE,FALSE,period,2026/7/18  〜8/16,2026/7/18,2026/8/16,900,100,100,大人：900円／小人：100円,1日,1,2026年7月18日〜2026年8月16日,2026年7月18日〜2026年8月16日の土休日,,['https://www2s.biglobe.ne.jp/~t_aoyagi/railway/free/map/toyokosoku.gif'],,['発売当日に限り有効'],1,各駅窓口(西船橋を除く),東葉高速鉄道・総務部企画課 TEL:047-458-0018,,https://www.toyokosoku.co.jp/information/otoku/16428.html,"[{'text': '東葉高速鉄道', 'url': 'https://www.toyokosoku.co.jp/information/otoku/16428.html'}]",,https://www2s.biglobe.ne.jp/~t_aoyagi/railway/free/toyo95.htm,toyo95.htm,50,2026-08-10 01:30:50.424840+00:00,夏の土休日1日乗車券,,,,https://www2s.biglobe.ne.jp/~t_aoyagi/railway/free/toyo95.htm
toyo92,年末年始の土休日1日乗車券,東葉高速鉄道,['東葉高速鉄道'],1,FALSE,kanto,関東,关东,['関東'],winter,年末年始限定タイプ,年末年初限定,['実券'],TRUE,FALSE,ended,終了,,,900,100,100,大人：900円／小人：100円,１日間,1,"2025年12月20日〜2026年1月12日の土休日 
 2025年12月30日〜2026年1月3日の毎日",発売当日,,['https://www2s.biglobe.ne.jp/~t_aoyagi/railway/free/map/toyokosoku.gif'],,[],0,"各駅窓口(西船橋駅,北習志野駅乗換口を除く)",東葉高速鉄道・総務部企画課 TEL:047-458-0018,,https://www.toyokosoku.co.jp/information/otoku/15660.html,"[{'text': '東葉高速鉄道', 'url': 'https://www.toyokosoku.co.jp/information/otoku/15660.html'}]",,https://www2s.biglobe.ne.jp/~t_aoyagi/railway/free/toyo92.htm,toyo92.htm,51,2026-08-10 01:30:50.424840+00:00,年末年始の土休日1日乗車券,"大人券：3,500枚 小人券：1,500枚",,,https://www2s.biglobe.ne.jp/~t_aoyagi/railway/free/toyo92.htm
toyo96,東葉車両基地まつり1日乗車券,東葉高速鉄道,['東葉高速鉄道'],1,FALSE,kanto,関東,关东,['関東'],kikan,期間限定タイプ,期间限定,['実券'],TRUE,FALSE,ended,終了,,,900,100,100,大人：900円／小人：100円,1日,1,2025年10月25日,2025年10月25日,,['https://www2s.biglobe.ne.jp/~t_aoyagi/railway/free/map/toyokosoku.gif'],,[],0,"東葉高速線各駅窓口 
 (西船橋.北習志野駅乗換口を除く)",東葉高速鉄道・総務部企画課 TEL:047-458-0018,,https://www.toyokosoku.co.jp/information/otoku/15425.html,"[{'text': '東葉高速鉄道', 'url': 'https://www.toyokosoku.co.jp/information/otoku/15425.html'}]",,https://www2s.biglobe.ne.jp/~t_aoyagi/railway/free/toyo96.htm,toyo96.htm,52,2026-08-10 01:30:50.424840+00:00,東葉車両基地まつり1日乗車券,大人券：900枚／小人券：400枚,,,https://www2s.biglobe.ne.jp/~t_aoyagi/railway/free/toyo96.htm
toyo83,東葉高速線 開業30周年記念1日乗車券,東葉高速鉄道,['東葉高速鉄道'],1,FALSE,kanto,関東,关东,['関東'],kikan,期間限定タイプ,期间限定,['実券'],TRUE,FALSE,ended,終了,,,800,100,100,大人：800円／小人：100円,１日,1,"2026年4月19日〜2026年5月10日の土休日 
 2026年4月27日",購入当日限り,,['https://www2s.biglobe.ne.jp/~t_aoyagi/railway/free/map/toyokosoku.gif'],,[],0,"各駅窓口(西船橋,北習志野駅乗換口を除く)",東葉高速鉄道・総務部企画課 TEL:047-458-0018,,https://www.toyokosoku.co.jp/information/otoku/16143.html,"[{'text': '東葉高速鉄道', 'url': 'https://www.toyokosoku.co.jp/information/otoku/16143.html'}]",,https://www2s.biglobe.ne.jp/~t_aoyagi/railway/free/toyo83.htm,toyo83.htm,53,2026-08-10 01:30:50.424840+00:00,東葉高速線 開業30周年記念1日乗車券,"大人：3,500枚 小人：1,500枚 
 2026年4月27日 大人：1,000枚 小人：500枚 
 売り切れ次第終了",,,https://www2s.biglobe.ne.jp/~t_aoyagi/railway/free/toyo83.htm
yamaman01,１日乗車券,山万,['山万'],1,FALSE,kanto,関東,关东,['関東'],tunen,通年発売タイプ,全年发售,['実券'],TRUE,FALSE,on_sale,発売中,,,500,250,250,大人：500円 小人：250円,１日間,1,通年,通年,,['https://www2s.biglobe.ne.jp/~t_aoyagi/railway/free/map/yamaman.gif'],,[],0,ユーカリが丘駅,山万・鉄道事業部 TEL：043-487-5036,,http://town.yukarigaoka.jp/yukariline/fare/,"[{'text': '山万', 'url': 'http://town.yukarigaoka.jp/yukariline/fare/'}]",,https://www2s.biglobe.ne.jp/~t_aoyagi/railway/free/yamaman01.htm,yamaman01.htm,54,2026-08-10 01:30:50.424840+00:00,１日乗車券,,,,https://www2s.biglobe.ne.jp/~t_aoyagi/railway/free/yamaman01.htm
tyoshi01,弧廻手形,銚子電鉄,['銚子電鉄'],1,FALSE,kanto,関東,关东,['関東'],tunen,通年発売タイプ,全年发售,['実券'],TRUE,FALSE,on_sale,発売中,,,700,350,350,大人：700円／小人：350円,１日,1,通年,通年,,['https://www2s.biglobe.ne.jp/~t_aoyagi/railway/free/map/cyoshi.gif'],,['12月31日午後9時30分〜1月1日午前10時は、発売停止'],1,"仲ノ町,観音,笠上黒生,犬吠,外川又は車内",銚子電気鉄道 TEL:0479-22-0316,,https://www.choshi-dentetsu.jp/pass/,"[{'text': '銚子電気鉄道', 'url': 'https://www.choshi-dentetsu.jp/pass/'}]",,https://www2s.biglobe.ne.jp/~t_aoyagi/railway/free/tyoshi01.htm,tyoshi01.htm,55,2026-08-10 01:30:50.424840+00:00,弧廻手形,,,,https://www2s.biglobe.ne.jp/~t_aoyagi/railway/free/tyoshi01.htm
tyoshi93,銚子1日旅人パス,銚子電鉄,['銚子電鉄'],1,FALSE,kanto,関東,关东,['関東'],tunen,通年発売タイプ,全年发售,['実券' 'デジタル'],TRUE,TRUE,on_sale,発売中,,,1000,500,500,"大人：1,000円 小人：500円",１日,1,通年,通年,,['https://www2s.biglobe.ne.jp/~t_aoyagi/railway/free/map/tyoshi93.gif'],,['12月31日午後9時30分〜1月1日午前10時は、発売停止'],1,"仲ノ町,観音,笠上黒生,犬吠,外川及び車内 
 銚子駅構内・銚子市観光協会窓口 
 EeeE銚子","銚子電鉄 TEL:0479-22-0316 
 千葉交通銚子営業所 TEL:0479-22-8486 
 千葉交タクシー銚子営業所 TEL:0479-22-4877",,https://www.choshi-dentetsu.jp/pass/,"[{'text': '銚子電鉄', 'url': 'https://www.choshi-dentetsu.jp/pass/'}]",,https://www2s.biglobe.ne.jp/~t_aoyagi/railway/free/tyoshi93.htm,tyoshi93.htm,56,2026-08-10 01:30:50.424840+00:00,銚子1日旅人パス,,,,https://www2s.biglobe.ne.jp/~t_aoyagi/railway/free/tyoshi93.htm
tyoshi04,ちょうしいいライド！パス,銚子電鉄,['銚子電鉄'],1,FALSE,kanto,関東,关东,['関東'],tunen,通年発売タイプ,全年发售,['デジタル'],FALSE,TRUE,on_sale,発売中,,,600,300,300,大人：600円／小人：300円,１日,1,通年,通年,,['https://www2s.biglobe.ne.jp/~t_aoyagi/railway/free/map/cyoshi.gif'],,[],0,RYDE PASS,銚子電気鉄道 TEL:0479-22-0316,,https://www.choshi-dentetsu.jp/pass/,"[{'text': '銚子電鉄', 'url': 'https://www.choshi-dentetsu.jp/pass/'}
 {'text': 'RYDE PASS', 'url': 'https://pass.ryde-go.com/products/VM8LPZS6M9RP'}]",,https://www2s.biglobe.ne.jp/~t_aoyagi/railway/free/tyoshi04.htm,tyoshi04.htm,57,2026-08-10 01:30:50.424840+00:00,ちょうしいいライド！パス,,,,https://www2s.biglobe.ne.jp/~t_aoyagi/railway/free/tyoshi04.htm
tyoshi05,犬吠崖っぷちライン1日乗車券,銚子電鉄,['銚子電鉄'],1,FALSE,kanto,関東,关东,['関東'],tunen,通年発売タイプ,全年发售,['デジタル'],FALSE,TRUE,on_sale,発売中,,,600,300,300,大人：600円／小人：300円,１日,1,通年,通年,,['https://www2s.biglobe.ne.jp/~t_aoyagi/railway/free/map/cyoshi.gif'],,[],0,ジョルダンモバイルチケット,銚子電気鉄道 TEL:0479-22-0316,,https://www.choshi-dentetsu.jp/news/7439/,"[{'text': '銚子電鉄', 'url': 'https://www.choshi-dentetsu.jp/news/7439/'}
 {'text': 'ジョルダンモバイルチケット', 'url': 'https://ticket.jorudan.co.jp/choshi-dentetsu/ja/'}]",,https://www2s.biglobe.ne.jp/~t_aoyagi/railway/free/tyoshi05.htm,tyoshi05.htm,58,2026-08-10 01:30:50.424840+00:00,犬吠崖っぷちライン1日乗車券,,,,https://www2s.biglobe.ne.jp/~t_aoyagi/railway/free/tyoshi05.htm
tyoshi11,デジタル1日乗車券 Beica,銚子電鉄,['銚子電鉄'],1,FALSE,kanto,関東,关东,['関東'],tunen,通年発売タイプ,全年发售,['デジタル'],FALSE,TRUE,on_sale,発売中,,,600,300,300,大人：600円／小人：300円,１日,1,発売中,通年,,['https://www2s.biglobe.ne.jp/~t_aoyagi/railway/free/map/cyoshi.gif'],,[],0,EeeE銚子,銚子電気鉄道 TEL:0479-22-0316,,https://www.choshi-dentetsu.jp/pass/,"[{'text': '銚子電鉄', 'url': 'https://www.choshi-dentetsu.jp/pass/'}
 {'text': 'EeeE銚子', 'url': 'https://www.jreast.co.jp/multi/maas/eeeechoshi/'}]",,https://www2s.biglobe.ne.jp/~t_aoyagi/railway/free/tyoshi11.htm,tyoshi11.htm,59,2026-08-10 01:30:50.424840+00:00,デジタル1日乗車券 Beica,,,,https://www2s.biglobe.ne.jp/~t_aoyagi/railway/free/tyoshi11.htm
tyoshi91,元旦限定弧廻手形,銚子電鉄,['銚子電鉄'],1,FALSE,kanto,関東,关东,['関東'],winter,年末年始限定タイプ,年末年初限定,['実券'],TRUE,FALSE,ended,終了,,,600,300,300,大人：600円 小人：300円,2019年12月31日 21:30〜2020年1月1日終電まで,31,2019年12月31日 21:30〜2020年1月1日,2019年12月31日 21:30〜2020年1月1日,,['https://www2s.biglobe.ne.jp/~t_aoyagi/railway/free/map/cyoshi.gif'],,[],0,"仲ノ町,観音,笠上黒上,犬吠,外川駅 
 車内で販売",銚子電鉄 TEL:,,http://www.choshi-dentetsu.jp/detail/news/34,"[{'text': '銚子電鉄', 'url': 'http://www.choshi-dentetsu.jp/detail/news/34'}]",,https://www2s.biglobe.ne.jp/~t_aoyagi/railway/free/tyoshi91.htm,tyoshi91.htm,60,2026-08-10 01:30:50.424840+00:00,元旦限定弧廻手形,,,,https://www2s.biglobe.ne.jp/~t_aoyagi/railway/free/tyoshi91.htm
isumi01,いすみ鉄道一日フリー乗車券(平日用),いすみ鉄道,['いすみ鉄道'],1,FALSE,kanto,関東,关东,['関東'],tunen,通年発売タイプ,全年发售,['実券' 'デジタル'],TRUE,TRUE,on_sale,発売中,,,1200,600,600,"大人：1,200円／小人：600円",１日,1,通年,通年,,['https://www2s.biglobe.ne.jp/~t_aoyagi/railway/free/map/isumi.gif'],"急行列車 普通列車 
 指定 自由 
 平日用 － － ○ 
 
 ○：乗車可 ▲：指定券/急行券が必要 ×：乗車不可 －：対象無し",['急行列車は急行券が別途必要です。'],1,"大多喜,大原,列車内乗務員 
 ジョルダンモバイルチケット",いすみ鉄道 TEL:0470-82-2161,,https://isumirail.co.jp/tickets,"[{'text': 'いすみ鉄道', 'url': 'https://isumirail.co.jp/tickets'}
 {'text': 'ジョルダンモバイルチケット', 'url': 'https://ticket.jorudan.co.jp/isumirail/ja/'}]",,https://www2s.biglobe.ne.jp/~t_aoyagi/railway/free/isumi01.htm,isumi01.htm,61,2026-08-10 01:30:50.424840+00:00,いすみ鉄道一日フリー乗車券(平日用),,,,https://www2s.biglobe.ne.jp/~t_aoyagi/railway/free/isumi01.htm
isumi02,いすみ鉄道一日フリー乗車券(土休日用),いすみ鉄道,['いすみ鉄道'],1,FALSE,kanto,関東,关东,['関東'],holiday,週末限定タイプ,周末限定,['実券' 'デジタル'],TRUE,TRUE,on_sale,発売中,,,1500,750,750,"大人：1,500円／小人：750円",１日,1,土休日,土休日,,['https://www2s.biglobe.ne.jp/~t_aoyagi/railway/free/map/isumi.gif'],"急行列車 普通列車 
 指定 自由 
 土休日用 ▲ ○ ○ 
 
 ○：乗車可 ▲：指定席券が必要 ×：乗車不可 －：対象無し",['急行列車指定席は指定席券が別途必要です。'],1,"大多喜,大原,列車内乗務員 
 ジョルダンモバイルチケット",いすみ鉄道 TEL:0470-82-2161,,https://isumirail.co.jp/tickets,"[{'text': 'いすみ鉄道', 'url': 'https://isumirail.co.jp/tickets'}
 {'text': 'ジョルダンモバイルチケット', 'url': 'https://ticket.jorudan.co.jp/isumirail/ja/'}]",,https://www2s.biglobe.ne.jp/~t_aoyagi/railway/free/isumi02.htm,isumi02.htm,62,2026-08-10 01:30:50.424840+00:00,いすみ鉄道一日フリー乗車券(土休日用),,,,https://www2s.biglobe.ne.jp/~t_aoyagi/railway/free/isumi02.htm
isumi06,ないすみーとゅー iSumica,いすみ鉄道,['いすみ鉄道'],1,FALSE,kanto,関東,关东,['関東'],tunen,通年発売タイプ,全年发售,['デジタル'],FALSE,TRUE,on_sale,発売中,,,1100,560,560,"大人：1,100円／小人：560円",１日,1,通年,通年,,['https://www2s.biglobe.ne.jp/~t_aoyagi/railway/free/map/isumi06.gif'],"急行列車 普通列車 
 指定 自由 
 ▲ ○ ○ 
 
 ○：乗車可 ▲：指定券/急行券が必要 ×：乗車不可 －：対象無し",['急行列車は急行券が別途必要です。'],1,まるごとわかしおMaaS,いすみ鉄道 TEL:0470-82-2161,,https://isumirail.co.jp/blog/archives/8861,"[{'text': 'いすみ鉄道', 'url': 'https://isumirail.co.jp/blog/archives/8861'}
 {'text': 'まるごとわかしおMaaS', 'url': 'https://maas-portal.com/marugotowakashio-maas/tickets/7395'}]",,https://www2s.biglobe.ne.jp/~t_aoyagi/railway/free/isumi06.htm,isumi06.htm,63,2026-08-10 01:30:50.424840+00:00,ないすみーとゅー iSumica,,,,https://www2s.biglobe.ne.jp/~t_aoyagi/railway/free/isumi06.htm
kominato01,1日フリーきっぷ,小湊鉄道,['小湊鉄道'],1,FALSE,kanto,関東,关东,['関東'],tunen,通年発売タイプ,全年发售,['実券' 'デジタル'],TRUE,TRUE,on_sale,発売中,,,2000,1000,1000,"大人：2,000円／小人：1,000円",１日,1,通年,通年,,['https://www2s.biglobe.ne.jp/~t_aoyagi/railway/free/map/kominato01.gif'],,[],0,"五井駅ホーム事務所,各駅自動券売機,車掌 
 ジョルダンモバイルチケット",小湊鉄道 TEL:0436-21-6771,,https://www.kominato.co.jp/ticket/deal/#one-day-free-pass,"[{'text': '小湊鉄道', 'url': 'https://www.kominato.co.jp/ticket/deal/#one-day-free-pass'}
 {'text': 'ジョルダンモバイルチケット', 'url': 'https://ticket.jorudan.co.jp/kominato/1d/ja/'}]",,https://www2s.biglobe.ne.jp/~t_aoyagi/railway/free/kominato01.htm,kominato01.htm,64,2026-08-10 01:30:50.424840+00:00,１日フリー乗車券,,,,https://www2s.biglobe.ne.jp/~t_aoyagi/railway/free/kominato01.htm
kominato02,上総鶴舞・高滝周遊乗車券,小湊鉄道,['小湊鉄道'],1,FALSE,kanto,関東,关东,['関東'],tunen,通年発売タイプ,全年发售,['実券' 'デジタル'],TRUE,TRUE,on_sale,発売中,,,1420,710,710,"大人：1,420円／小人：710円",１日,1,通年,通年,,['https://www2s.biglobe.ne.jp/~t_aoyagi/railway/free/map/kominato02.gif'],,[],0,"五井駅ホーム事務所，主要駅 
 ジョルダンモバイルチケット",小湊鉄道 TEL:0436-21-6771,,https://www.kominato.co.jp/ticket/deal/#tour-ticket,"[{'text': '小湊鉄道', 'url': 'https://www.kominato.co.jp/ticket/deal/#tour-ticket'}
 {'text': 'ジョルダンモバイルチケット', 'url': 'https://ticket.jorudan.co.jp/kominato/kat-1d/ja/'}]",,https://www2s.biglobe.ne.jp/~t_aoyagi/railway/free/kominato02.htm,kominato02.htm,65,2026-08-10 01:30:50.424840+00:00,上総鶴舞・高滝周遊乗車券,,,,https://www2s.biglobe.ne.jp/~t_aoyagi/railway/free/kominato02.htm
kominato03,里山フリーきっぷ,小湊鉄道,['小湊鉄道'],1,FALSE,kanto,関東,关东,['関東'],tunen,通年発売タイプ,全年发售,['実券'],TRUE,FALSE,on_sale,発売中,,,1400,1000,1000,"大人：1,400円／小人：1,000円",１日,1,通年,通年,,['https://www2s.biglobe.ne.jp/~t_aoyagi/railway/free/map/kominato03.gif'],,['房総里山トロッコ列車の指定席片道1回分込'],1,"養老渓谷,里見,車掌",小湊鉄道 TEL:0436-21-6771,,https://www.kominato.co.jp/ticket/deal/#round-trip-ticket,"[{'text': '小湊鉄道', 'url': 'https://www.kominato.co.jp/ticket/deal/#round-trip-ticket'}]",,https://www2s.biglobe.ne.jp/~t_aoyagi/railway/free/kominato03.htm,kominato03.htm,66,2026-08-10 01:30:50.424840+00:00,里山フリーきっぷ,,,,https://www2s.biglobe.ne.jp/~t_aoyagi/railway/free/kominato03.htm
kominato82,なつやすみファミリーきっぷ,小湊鉄道,['小湊鉄道'],1,FALSE,kanto,関東,关东,['関東'],kikan,期間限定タイプ,期间限定,['デジタル'],FALSE,TRUE,ended,終了,,,,,2000,"大人1名＋小人1名：2,000円 
 大人1名＋小人2名：：2,000円",１日,1,2025年7月18日,2025年7月26日〜2025年8月31日,,['https://www2s.biglobe.ne.jp/~t_aoyagi/railway/free/map/kominato01.gif'],,[],0,小湊鉄道 Web Site,小湊鉄道 TEL:0436-21-6771,,https://www.kominato.co.jp/wp-content/uploads/2025/07/8b0dea9c33aca2f5e51caf0610cb09e9.png,"[{'text': '小湊鉄道', 'url': 'https://www.kominato.co.jp/wp-content/uploads/2025/07/8b0dea9c33aca2f5e51caf0610cb09e9.png'}]",,https://www2s.biglobe.ne.jp/~t_aoyagi/railway/free/kominato82.htm,kominato82.htm,67,2026-08-10 01:30:50.424840+00:00,なつやすみファミリーきっぷ,,,,https://www2s.biglobe.ne.jp/~t_aoyagi/railway/free/kominato82.htm
chiba01,ホリデーフリーきっぷ,千葉都市モノレール,['千葉都市モノレール'],1,FALSE,kanto,関東,关东,['関東'],holiday,週末限定タイプ,周末限定,['実券'],TRUE,FALSE,on_sale,発売中,,,630,320,320,大人：630円／小人：320円,１日,1,利用当日,土・日・休日,,['https://www2s.biglobe.ne.jp/~t_aoyagi/railway/free/map/chibamono.gif'],,[],0,"千葉,千葉みなと,都賀,千城台駅窓口、各駅自動販売機",千葉都市モノレール・業務課 TEL：043-287-8215,,http://chiba-monorail.co.jp/index.php/ryoukin/free/,"[{'text': '千葉都市モノレール', 'url': 'http://chiba-monorail.co.jp/index.php/ryoukin/free/'}]",,https://www2s.biglobe.ne.jp/~t_aoyagi/railway/free/chiba01.htm,chiba01.htm,68,2026-08-10 01:30:50.424840+00:00,ホリデーフリーきっぷ,,,,https://www2s.biglobe.ne.jp/~t_aoyagi/railway/free/chiba01.htm
chiba04,2-Dayフリーきっぷ,千葉都市モノレール,['千葉都市モノレール'],1,FALSE,kanto,関東,关东,['関東'],holiday,週末限定タイプ,周末限定,['実券'],TRUE,FALSE,on_sale,発売中,,,1050,530,530,"大人：1,050円／小人：530円",２日,2,利用当日,土・日・休日,,['https://www2s.biglobe.ne.jp/~t_aoyagi/railway/free/map/chibamono.gif'],,[],0,"千葉,千葉みなと,都賀,千城台駅窓口、各駅自動販売機",千葉都市モノレール・業務課 TEL：043-287-8215,,http://chiba-monorail.co.jp/index.php/ryoukin/free/,"[{'text': '千葉都市モノレール', 'url': 'http://chiba-monorail.co.jp/index.php/ryoukin/free/'}]",,https://www2s.biglobe.ne.jp/~t_aoyagi/railway/free/chiba04.htm,chiba04.htm,69,2026-08-10 01:30:50.424840+00:00,2-Dayフリーきっぷ,,,,https://www2s.biglobe.ne.jp/~t_aoyagi/railway/free/chiba04.htm
chiba02,お昼のお出かけフリーきっぷ,千葉都市モノレール,['千葉都市モノレール'],1,FALSE,kanto,関東,关东,['関東'],tunen,通年発売タイプ,全年发售,['実券'],TRUE,FALSE,on_sale,発売中,,,630,320,320,大人：630円／小人：320円,１日,1,利用当日,祝日を除く月曜日から金曜日の平日の10時〜18時,,['https://www2s.biglobe.ne.jp/~t_aoyagi/railway/free/map/chibamono.gif'],,[],0,"千葉,千葉みなと,都賀,千城台駅窓口、各駅自動販売機",千葉都市モノレール・業務課 TEL：043-287-8215,,http://chiba-monorail.co.jp/index.php/ryoukin/free/,"[{'text': '千葉都市モノレール', 'url': 'http://chiba-monorail.co.jp/index.php/ryoukin/free/'}]",,https://www2s.biglobe.ne.jp/~t_aoyagi/railway/free/chiba02.htm,chiba02.htm,70,2026-08-10 01:30:50.424840+00:00,お昼のお出かけフリーきっぷ,,,,https://www2s.biglobe.ne.jp/~t_aoyagi/railway/free/chiba02.htm
tobu96,東武鉄道×秩父鉄道SAITAMAプラチナルート乗車券,秩父鉄道,['秩父鉄道' '東武鉄道'],2,TRUE,kanto,関東,关东,['関東'],tunen,通年発売タイプ,全年发售,['実券'],TRUE,FALSE,on_sale,発売中,,,2000,1000,1000,"大人：2,000円／小人：1,000円",１日間,1,通年,通年,,['https://www2s.biglobe.ne.jp/~t_aoyagi/railway/free/map/tobu96.gif'],,[],0,"東武鉄道：東上線,越生線の各駅(みなみ寄居駅を除く) 
 秩父鉄道：ふかや花園,寄居,長瀞,秩父,御花畑,影森,三峰口の各駅窓口","東武鉄道お客様センター TEL:03-5962-0102 
 秩父鉄道運輸課 TEL：048-580-6363",,https://www.tobu.co.jp/odekake/ticket/tokyo-shitamachi/saitama_platinum.html,"[{'text': '東武鉄道', 'url': 'https://www.tobu.co.jp/odekake/ticket/tokyo-shitamachi/saitama_platinum.html'}
 {'text': '秩父鉄道', 'url': 'https://www.chichibu-railway.co.jp/information/couponpass.html#platinum'}]",,https://www2s.biglobe.ne.jp/~t_aoyagi/railway/free/tobu96.htm,tobu96.htm,71,2026-08-10 01:30:50.424840+00:00,東武鉄道×秩父鉄道 SAITAMAプラチナルート乗車券,,,,https://www2s.biglobe.ne.jp/~t_aoyagi/railway/free/tobu96.htm
titibu03,秩父路遊々フリーきっぷ,秩父鉄道,['秩父鉄道'],1,FALSE,kanto,関東,关东,['関東'],tunen,通年発売タイプ,全年发售,['デジタル'],FALSE,TRUE,on_sale,発売中,,,1700,500,500,"大人：1,700円／小人：500円",１日,1,通年,通年,,['https://www2s.biglobe.ne.jp/~t_aoyagi/railway/free/map/titibu01.gif'],,['ＳＬパレオエクスプレスは乗車整理券が必要。' '急行列車に乗車する際は急行券が必要。'],2,ＭａａＳアプリ「ＥＭｏｔ」,秩父鉄道運輸課 TEL：048-580-6363,,https://www.chichibu-railway.co.jp/information/couponpass.html#yuuyuuemot,"[{'text': '秩父鉄道', 'url': 'https://www.chichibu-railway.co.jp/information/couponpass.html#yuuyuuemot'}]",,https://www2s.biglobe.ne.jp/~t_aoyagi/railway/free/titibu03.htm,titibu03.htm,72,2026-08-10 01:30:50.424840+00:00,秩父路遊々フリーきっぷ (デジタル版),,,,https://www2s.biglobe.ne.jp/~t_aoyagi/railway/free/titibu03.htm
titibu98,長瀞・秩父GO！GO！フリーきっぷ,秩父鉄道,['秩父鉄道'],1,FALSE,kanto,関東,关东,['関東'],kikan,期間限定タイプ,期间限定,['実券'],TRUE,FALSE,ended,終了,,,1700,500,500,"大人：1,700円／小人：500円",１日,1,2025年2月8日〜2025年3月14日,2025年2月8日〜2025年3月14日,,['https://www2s.biglobe.ne.jp/~t_aoyagi/railway/free/map/titibu01.gif'],,['ＳＬパレオエクスプレスは乗車整理券が必要。' '急行列車に乗車可。'],2,"羽生,熊谷",秩父鉄道運輸課 TEL：048-523-3822,,https://www.chichibu-railway.co.jp/blog/news/ticket_gogofree/,"[{'text': '秩父鉄道', 'url': 'https://www.chichibu-railway.co.jp/blog/news/ticket_gogofree/'}]",,https://www2s.biglobe.ne.jp/~t_aoyagi/railway/free/titibu98.htm,titibu98.htm,73,2026-08-10 01:30:50.424840+00:00,長瀞・秩父GO！GO！フリーきっぷ,,,,https://www2s.biglobe.ne.jp/~t_aoyagi/railway/free/titibu98.htm
saitama_titibu,埼玉県民の日フリー乗車券,秩父鉄道,['秩父鉄道'],1,FALSE,kanto,関東,关东,['関東'],autumn,秋限定タイプ,秋季限定,['実券'],TRUE,FALSE,ended,終了,,,1200,500,500,"大人：1,200円／小人：500円",１日間,1,2025年11月9日〜2025年11月14日,2025年11月14日,,['https://www2s.biglobe.ne.jp/~t_aoyagi/railway/free/map/titibu01.gif'],,['ＳＬに乗車する場合、別途乗車整理券、急行電車は急行券が別途が必要。'],1,EMot,秩父鉄道 TEL:,,https://www.pref.saitama.lg.jp/a0301/kenminnohi/kenminnohifreezyousyaken.html,"[{'text': '埼玉県', 'url': 'https://www.pref.saitama.lg.jp/a0301/kenminnohi/kenminnohifreezyousyaken.html'}]",,https://www2s.biglobe.ne.jp/~t_aoyagi/railway/free/saitama_titibu.htm,saitama_titibu.htm,74,2026-08-10 01:30:50.424840+00:00,埼玉県民の日フリー乗車券 (秩父鉄道),,,,https://www2s.biglobe.ne.jp/~t_aoyagi/railway/free/saitama_titibu.htm
srail92,ＳＲ一日乗車券,埼玉高速鉄道,['埼玉高速鉄道'],1,FALSE,kanto,関東,关东,['関東'],holiday,週末限定タイプ,周末限定,['実券'],TRUE,FALSE,on_sale,発売中,,,580,290,290,大人：580円 小人：290円,１日,1,"土休日 
 12/30〜1/3",発売当日,,['https://www2s.biglobe.ne.jp/~t_aoyagi/railway/free/map/saitamakousoku.gif'],,[],0,各駅窓口(赤羽岩淵駅を除く),"埼玉高速鉄道 運輸部旅客課 
 TEL:048-878-6855 (平日9:00〜17:00)",,http://www.s-rail.co.jp/ticket/otoku.html#oneDay,"[{'text': '埼玉高速鉄道', 'url': 'http://www.s-rail.co.jp/ticket/otoku.html#oneDay'}]",,https://www2s.biglobe.ne.jp/~t_aoyagi/railway/free/srail92.htm,srail92.htm,75,2026-08-10 01:30:50.424840+00:00,ＳＲ一日乗車券,,,,https://www2s.biglobe.ne.jp/~t_aoyagi/railway/free/srail92.htm
srail83,こども50円きっぷ,埼玉高速鉄道,['埼玉高速鉄道'],1,FALSE,kanto,関東,关东,['関東'],kikan,期間限定タイプ,期间限定,['実券'],TRUE,FALSE,ended,終了,,,,50,50,小人：50円,1日間,1,2025年5月1日〜2025年5月5日,2025年5月5日,,['https://www2s.biglobe.ne.jp/~t_aoyagi/railway/free/map/saitamakousoku.gif'],,[],0,各駅窓口(赤羽岩淵駅を除く),"埼玉高速鉄道 運輸部旅客課 
 TEL:048-878-6855 (平日9:00〜17:45)",,https://www.s-rail.co.jp/news/2025/pr20250422-gw.php,"[{'text': '埼玉高速鉄道', 'url': 'https://www.s-rail.co.jp/news/2025/pr20250422-gw.php'}]",,https://www2s.biglobe.ne.jp/~t_aoyagi/railway/free/srail83.htm,srail83.htm,76,2026-08-10 01:30:50.424840+00:00,こども50円きっぷ,,,,https://www2s.biglobe.ne.jp/~t_aoyagi/railway/free/srail83.htm
srail85,ゴールデンウィーク スーパーバリューパス,埼玉高速鉄道,['埼玉高速鉄道'],1,FALSE,kanto,関東,关东,['関東'],kikan,期間限定タイプ,期间限定,['実券'],TRUE,FALSE,ended,終了,,,580,290,290,"券種 大人 小人 
 １日券 580円 290円 
 ２日券 800円 350円 
 ３日券 1,000円 450円","１日券：１日間 
 ２日券：２日間 
 ３日券：３日間 
 連続していない複数日の利用も可能",1,2025年4月26日〜2025年5月6日,2025年4月26日〜2025年5月6日,,['https://www2s.biglobe.ne.jp/~t_aoyagi/railway/free/map/saitamakousoku.gif'],,[],0,各駅窓口(赤羽岩淵駅を除く),"埼玉高速鉄道 運輸部旅客課 
 TEL:048-878-6855 (平日9:00〜17:45)",,https://www.s-rail.co.jp/news/2025/pr20250422-gw.php,"[{'text': '埼玉高速鉄道', 'url': 'https://www.s-rail.co.jp/news/2025/pr20250422-gw.php'}]",,https://www2s.biglobe.ne.jp/~t_aoyagi/railway/free/srail85.htm,srail85.htm,77,2026-08-10 01:30:50.424840+00:00,ゴールデンウィーク スーパーバリューパス,,,,https://www2s.biglobe.ne.jp/~t_aoyagi/railway/free/srail85.htm
srail94,たたら祭りハッピーきっぷ,埼玉高速鉄道,['埼玉高速鉄道'],1,FALSE,kanto,関東,关东,['関東'],kikan,期間限定タイプ,期间限定,['実券'],TRUE,FALSE,ended,終了,,,300,150,150,大人：300円／小人：150円,１日,1,2025年8月23日〜2025年8月24日,2025年8月23日〜2025年8月24日,,['https://www2s.biglobe.ne.jp/~t_aoyagi/railway/free/map/saitamakousoku.gif'],,[],0,埼玉高速鉄道線各駅（赤羽岩淵駅を除く）,"埼玉高速鉄道 運輸部旅客課 
 TEL:048-878-6855 (平日9:00〜17:00)",,https://www.s-rail.co.jp/news/2025/pr20250812-tatara25.php,"[{'text': '埼玉高速鉄道', 'url': 'https://www.s-rail.co.jp/news/2025/pr20250812-tatara25.php'}]",,https://www2s.biglobe.ne.jp/~t_aoyagi/railway/free/srail94.htm,srail94.htm,78,2026-08-10 01:30:50.424840+00:00,たたら祭りハッピーきっぷ,,,,https://www2s.biglobe.ne.jp/~t_aoyagi/railway/free/srail94.htm
srail93,2025鉄道の日記念乗車券,埼玉高速鉄道,['埼玉高速鉄道'],1,FALSE,kanto,関東,关东,['関東'],kikan,期間限定タイプ,期间限定,['実券'],TRUE,FALSE,ended,終了,,,580,,580,大人：580円,１日,1,2025年10月14日〜2025年10月20日,2025年10月14日〜2025年10月20日,,['https://www2s.biglobe.ne.jp/~t_aoyagi/railway/free/map/saitamakousoku.gif'],,[],0,各駅窓口(赤羽岩淵駅を除く),"埼玉高速鉄道 運輸部旅客課 
 TEL:048-878-6855 (平日9:00〜17:00)",,https://www.s-rail.co.jp/news/2025/pr20251006-tetsudounohi.php,"[{'text': '埼玉高速鉄道', 'url': 'https://www.s-rail.co.jp/news/2025/pr20251006-tetsudounohi.php'}]",,https://www2s.biglobe.ne.jp/~t_aoyagi/railway/free/srail93.htm,srail93.htm,79,2026-08-10 01:30:50.424840+00:00,2025年鉄道の日記念乗車券,"大人券：1,000枚",,,https://www2s.biglobe.ne.jp/~t_aoyagi/railway/free/srail93.htm
srail87,サンクス25グランプリきっぷ,埼玉高速鉄道,['埼玉高速鉄道'],1,FALSE,kanto,関東,关东,['関東'],kikan,期間限定タイプ,期间限定,['実券'],TRUE,FALSE,ended,終了,,,250,100,100,大人：250円／小人：100円,1日間,1,2026年2月20日〜2026年3月28日,2026年2月20日〜2026年3月28日,,['https://www2s.biglobe.ne.jp/~t_aoyagi/railway/free/map/saitamakousoku87.gif'],,[],0,各駅窓口(赤羽岩淵駅を除く),"埼玉高速鉄道 運輸部旅客課 
 TEL:048-878-6855 (平日9:00〜17:45)",,https://www.s-rail.co.jp/news/2026/pr20260206-thanks25-ticket.php,"[{'text': '埼玉高速鉄道', 'url': 'https://www.s-rail.co.jp/news/2026/pr20260206-thanks25-ticket.php'}]",,https://www2s.biglobe.ne.jp/~t_aoyagi/railway/free/srail87.htm,srail87.htm,80,2026-08-10 01:30:50.424840+00:00,サンクス25グランプリきっぷ,,,,https://www2s.biglobe.ne.jp/~t_aoyagi/railway/free/srail87.htm
saitama_kosoku,埼玉県民の日フリー乗車券,埼玉高速鉄道,['埼玉高速鉄道'],1,FALSE,kanto,関東,关东,['関東'],autumn,秋限定タイプ,秋季限定,['実券'],TRUE,FALSE,ended,終了,,,580,290,290,大人：580円 小人：290円,１日間,1,2025年11月14日,2025年11月14日,,['https://www2s.biglobe.ne.jp/~t_aoyagi/railway/free/map/saitamakousoku.gif'],,[],0,各駅（赤羽岩淵駅を除く）,埼玉高速鉄道 TEL:,,https://www.pref.saitama.lg.jp/a0301/kenminnohi/kenminnohifreezyousyaken.html,"[{'text': '埼玉県', 'url': 'https://www.pref.saitama.lg.jp/a0301/kenminnohi/kenminnohifreezyousyaken.html'}]",,https://www2s.biglobe.ne.jp/~t_aoyagi/railway/free/saitama_kosoku.htm,saitama_kosoku.htm,81,2026-08-10 01:30:50.424840+00:00,埼玉県民の日フリー乗車券 (埼玉高速鉄道),,,,https://www2s.biglobe.ne.jp/~t_aoyagi/railway/free/saitama_kosoku.htm
srail91,ゆく年くる年 冬休みスーパーバリューパス,埼玉高速鉄道,['埼玉高速鉄道'],1,FALSE,kanto,関東,关东,['関東'],winter,年末年始限定タイプ,年末年初限定,['実券'],TRUE,FALSE,ended,終了,,,800,350,350,大人：800円／小人：350円,任意の2日間,2,2025年12月27日〜2026年1月3日,2025年12月27日〜2026年1月3日,,['https://www2s.biglobe.ne.jp/~t_aoyagi/railway/free/map/saitamakousoku.gif'],,[],0,各駅窓口(赤羽岩淵駅を除く),"埼玉高速鉄道 運輸部旅客課 
 TEL:048-878-6855 (平日9:00〜17:45)",,https://www.s-rail.co.jp/news/2025/pr20251219-supervalue2025.php,"[{'text': '埼玉高速鉄道', 'url': 'https://www.s-rail.co.jp/news/2025/pr20251219-supervalue2025.php'}]",,https://www2s.biglobe.ne.jp/~t_aoyagi/railway/free/srail91.htm,srail91.htm,82,2026-08-10 01:30:50.424840+00:00,ゆく年くる年 冬休みスーパーバリューパス,,,,https://www2s.biglobe.ne.jp/~t_aoyagi/railway/free/srail91.htm
saitama50,ニューシャトル １日フリー乗車券,埼玉新都市交通,['埼玉新都市交通'],1,FALSE,kanto,関東,关东,['関東'],tunen,通年発売タイプ,全年发售,['実券'],TRUE,FALSE,on_sale,発売中,,,720,360,360,大人：720円 小人：360円,1日,1,通年,通年,,['https://www2s.biglobe.ne.jp/~t_aoyagi/railway/free/map/saitama_shuttle.gif'],,[],0,各駅出札窓口,埼玉新都市交通,,http://www.new-shuttle.jp/ticket/post_1.html,"[{'text': '埼玉新都市交通', 'url': 'http://www.new-shuttle.jp/ticket/post_1.html'}]",,https://www2s.biglobe.ne.jp/~t_aoyagi/railway/free/saitama50.htm,saitama50.htm,83,2026-08-10 01:30:50.424840+00:00,ニューシャトル １日フリー乗車券,,,,https://www2s.biglobe.ne.jp/~t_aoyagi/railway/free/saitama50.htm
saitama51,伊奈バラまつりフリーきっぷ,埼玉新都市交通,['埼玉新都市交通'],1,FALSE,kanto,関東,关东,['関東'],kikan,期間限定タイプ,期间限定,['実券'],TRUE,FALSE,ended,終了,,,1100,,1100,"大人：1,100円(バラ園入場券込み)",発売期間内の１日限り,1,2026年5月1日〜2026年5月31日,2026年5月1日〜2026年5月31日,,['https://www2s.biglobe.ne.jp/~t_aoyagi/railway/free/map/saitama_shuttle.gif'],,[],0,"大宮,鉄道博物館,加茂宮,東宮原",埼玉新都市交通,,https://www.new-shuttle.jp/topics/2026/04/post_349.html,"[{'text': '埼玉新都市交通', 'url': 'https://www.new-shuttle.jp/topics/2026/04/post_349.html'}]",,https://www2s.biglobe.ne.jp/~t_aoyagi/railway/free/saitama51.htm,saitama51.htm,84,2026-08-10 01:30:50.424840+00:00,伊奈バラまつりフリーきっぷ,,,,https://www2s.biglobe.ne.jp/~t_aoyagi/railway/free/saitama51.htm
saitama91,けんかつブルワリーフェスタフリーきっぷ,埼玉新都市交通,['埼玉新都市交通'],1,FALSE,kanto,関東,关东,['関東'],kikan,期間限定タイプ,期间限定,['実券'],TRUE,FALSE,ended,終了,,,1000,,1000,"大人：1,000円",１日,1,2019年7月6日〜2019年8月24日,2019年8月24日,,['https://www2s.biglobe.ne.jp/~t_aoyagi/railway/free/map/saitama_shuttle.gif'],,[],0,"大宮,鉄道博物館の各駅 
 県民活動総合センター","埼玉新都市交通 TEL:048-722-1221 
 公益財団法人いきいき埼玉 経営企画担当 TEL:048-728-7117",,http://www.new-shuttle.jp/topics/2019/07/post-134.html,"[{'text': '埼玉高速鉄道', 'url': 'http://www.new-shuttle.jp/topics/2019/07/post-134.html'}]",,https://www2s.biglobe.ne.jp/~t_aoyagi/railway/free/saitama91.htm,saitama91.htm,85,2026-08-10 01:30:50.424840+00:00,けんかつブルワリーフェスタフリーきっぷ,,,,https://www2s.biglobe.ne.jp/~t_aoyagi/railway/free/saitama91.htm
saitama93,『ありがとう、さようなら1050系』ニューシャトル1日フリー乗車券,埼玉新都市交通,['埼玉新都市交通'],1,FALSE,kanto,関東,关东,['関東'],kikan,期間限定タイプ,期间限定,['実券'],TRUE,FALSE,ended,終了,,,720,,720,大人：720円 小人：---円,１日,1,2026年2月15日〜2026年5月14日,2026年2月15日〜2026年5月14日,,['https://www2s.biglobe.ne.jp/~t_aoyagi/railway/free/map/saitama_shuttle.gif'],,[],0,大宮駅定期券発売窓口,埼玉新都市交通,,https://www.new-shuttle.jp/topics/files/pdf/de085dc1dcc93adf683f87917c329e9da6a1658a.pdf,"[{'text': '埼玉新都市交通', 'url': 'https://www.new-shuttle.jp/topics/files/pdf/de085dc1dcc93adf683f87917c329e9da6a1658a.pdf'}]",,https://www2s.biglobe.ne.jp/~t_aoyagi/railway/free/saitama93.htm,saitama93.htm,86,2026-08-10 01:30:50.424840+00:00,『ありがとう、さようなら1050系』 ニューシャトル1日フリー乗車券,"1,000枚",,,https://www2s.biglobe.ne.jp/~t_aoyagi/railway/free/saitama93.htm
saitama_sinkotsu,埼玉県民の日記念ニューシャトル1日フリー乗車券,埼玉新都市交通,['埼玉新都市交通'],1,FALSE,kanto,関東,关东,['関東'],autumn,秋限定タイプ,秋季限定,['実券'],TRUE,FALSE,ended,終了,,,500,200,200,大人：500円／小人：200円,１日間,1,2025年11月7日〜2025年11月16日,2025年11月14日〜2025年11月16日,,['https://www2s.biglobe.ne.jp/~t_aoyagi/railway/free/map/saitama_shuttle.gif'],,[],0,フリー区間各駅,埼玉新都市交通 運輸部営業課 TEL:048-722-1279,,https://www.pref.saitama.lg.jp/a0301/kenminnohi/kenminnohifreezyousyaken.html,"[{'text': '埼玉県', 'url': 'https://www.pref.saitama.lg.jp/a0301/kenminnohi/kenminnohifreezyousyaken.html'}
 {'text': '埼玉新都市交通', 'url': 'https://www.new-shuttle.jp/topics/2025/10/1_2.html'}]",,https://www2s.biglobe.ne.jp/~t_aoyagi/railway/free/saitama_sinkotsu.htm,saitama_sinkotsu.htm,87,2026-08-10 01:30:50.424840+00:00,埼玉県民の日フリー乗車券 (埼玉新都市交通),"2,000枚 
 なくなり次第終了",,,https://www2s.biglobe.ne.jp/~t_aoyagi/railway/free/saitama_sinkotsu.htm
keisei03,下町日和きっぷ,京成電鉄,['京成電鉄'],1,FALSE,kanto,関東,关东,['関東'],tunen,通年発売タイプ,全年发售,['実券'],TRUE,FALSE,on_sale,発売中,,,510,260,260,大人：510円／小人：260円,１日,1,通年,通年,,['https://www2s.biglobe.ne.jp/~t_aoyagi/railway/free/map/keisei03.gif'],,[],0,フリー区間内各駅,京成電鉄 TEL:,,http://www.keisei.co.jp/keisei/tetudou/ticket/shitamachi/index.html,"[{'text': '京成電鉄', 'url': 'http://www.keisei.co.jp/keisei/tetudou/ticket/shitamachi/index.html'}]",,https://www2s.biglobe.ne.jp/~t_aoyagi/railway/free/keisei03.htm,keisei03.htm,88,2026-08-10 01:30:50.424840+00:00,下町日和きっぷ,,,,https://www2s.biglobe.ne.jp/~t_aoyagi/railway/free/keisei03.htm
keisei81,京成線ワンデーパス,京成電鉄,['京成電鉄'],1,FALSE,kanto,関東,关东,['関東'],kikan,期間限定タイプ,期间限定,['実券' 'デジタル'],TRUE,TRUE,ended,終了,,,2000,1000,1000,"大人：2,000円／小人：1,000円",1日,1,"2023年2月1日〜2023年3月31日 
 2023年11月11日〜2023年12月17日","2023年2月1日〜2023年3月31日 
 2023年11月11日〜2023年12月17日",,['https://www2s.biglobe.ne.jp/~t_aoyagi/railway/free/map/keisei.gif'],,['北総線内の駅（京成高砂〜印旛日本医大間）の乗降不可'],1,"京成線各駅自動販売機（北総線内各駅を除く） 
 RYDE PASS(ライドパス)アプリ",京成電鉄 TEL:,,https://www.keisei.co.jp/cms/files/keisei/MASTER/0110/jmhcuWW1.pdf,"[{'text': '京成電鉄', 'url': 'https://www.keisei.co.jp/cms/files/keisei/MASTER/0110/jmhcuWW1.pdf'}
 {'text': 'RYDE PASS(ライドパス)', 'url': 'https://pass.ryde-go.com/products/GQV304YS2Y89'}]",,https://www2s.biglobe.ne.jp/~t_aoyagi/railway/free/keisei81.htm,keisei81.htm,89,2026-08-10 01:30:50.424840+00:00,京成線ワンデーパス,,,,https://www2s.biglobe.ne.jp/~t_aoyagi/railway/free/keisei81.htm
keisei83,ナゾ解きした町電車旅2024 １日乗車券,京成電鉄,['京成電鉄'],1,FALSE,kanto,関東,关东,['関東'],kikan,期間限定タイプ,期间限定,['実券'],TRUE,FALSE,ended,終了,,,3000,,3000,"大人：3,000円",1日,1,2025年6月19日〜2025年12月19日,2025年6月19日〜2025年12月19日,,['https://www2s.biglobe.ne.jp/~t_aoyagi/railway/free/map/keisei83.gif'],,['成田空港線(成田スカイアクセス線)の乗降不可'],1,"京成上野,日暮里,千住大橋,押上,青砥,京成高砂,京成金町,市川真間,京成八幡,東中山,京成船橋,京成津田沼,八千代台,勝田台,京成佐倉,京成成田,空港第２ビル,京成稲毛,京成千葉,学園前,松戸,八柱,新鎌ヶ谷,北習志野,新津田沼",京成お客様ダイヤル TEL:0570-081-160,,https://www.keisei.co.jp//cms/files/keisei/MASTER/0110/rWTUDMuH.pdf,"[{'text': '京成電鉄', 'url': 'https://www.keisei.co.jp//cms/files/keisei/MASTER/0110/rWTUDMuH.pdf'}]",,https://www2s.biglobe.ne.jp/~t_aoyagi/railway/free/keisei83.htm,keisei83.htm,90,2026-08-10 01:30:50.424840+00:00,ナゾ解きした町電車旅2025 1日乗車券,,,,https://www2s.biglobe.ne.jp/~t_aoyagi/railway/free/keisei83.htm
tobu02,東京スカイツリー周辺散策フリーきっぷ,東武鉄道,['東武鉄道'],1,FALSE,kanto,関東,关东,['関東'],tunen,通年発売タイプ,全年发售,['実券'],TRUE,FALSE,on_sale,発売中,,,510,250,250,大人：510円／小人：250円,１日間,1,通年,発売当日限り,,['https://www2s.biglobe.ne.jp/~t_aoyagi/railway/free/map/tobu02.gif'],,[],0,フリー区間の各駅,東武鉄道お客様センター TEL:03-5962-0102,,https://www.tobu.co.jp/odekake/ticket/tokyo-shitamachi/sky-tree.html,"[{'text': '東武鉄道', 'url': 'https://www.tobu.co.jp/odekake/ticket/tokyo-shitamachi/sky-tree.html'}]",,https://www2s.biglobe.ne.jp/~t_aoyagi/railway/free/tobu02.htm,tobu02.htm,91,2026-08-10 01:30:50.424840+00:00,東京スカイツリー周辺散策フリーきっぷ,,,,https://www2s.biglobe.ne.jp/~t_aoyagi/railway/free/tobu02.htm
tobu03,台東・墨田 東京下町周遊きっぷ,東武鉄道,['東武鉄道'],1,FALSE,kanto,関東,关东,['関東'],tunen,通年発売タイプ,全年发售,['実券'],TRUE,FALSE,on_sale,発売中,,,500,,500,"1日券 大人：500円 
 2日券 大人：700円",1日券：１日間 2日券：２日間,1,通年,発売当日限り,,['https://www2s.biglobe.ne.jp/~t_aoyagi/railway/free/map/tobu03.gif'],,[],0,"フリー区間の各駅 
 東武ツーリストインフォメーションセンター浅草(浅草駅構内) 
 
東武バスセントラルスカイツリーシャトル案内所(東京スカイツリータウン内) 
 
浅草文化観光センター 
 パークス上野(上野恩賜公園案内所) 
 墨田区観光案内所(吾妻橋,両国,産業観光プラザすみだまち処<東京ソラマチ５階>)",東武鉄道お客様センター TEL:03-5962-0102,,https://www.tobu.co.jp/odekake/ticket/tokyo-shitamachi/taito-sumida.html,"[{'text': '東武鉄道', 'url': 'https://www.tobu.co.jp/odekake/ticket/tokyo-shitamachi/taito-sumida.html'}]",,https://www2s.biglobe.ne.jp/~t_aoyagi/railway/free/tobu03.htm,tobu03.htm,92,2026-08-10 01:30:50.424840+00:00,台東・墨田 東京下町周遊きっぷ,,,,https://www2s.biglobe.ne.jp/~t_aoyagi/railway/free/tobu03.htm
tobu94,日光・鬼怒川エリア鉄道乗り放題きっぷ,東武鉄道,['東武鉄道'],1,FALSE,kanto,関東,关东,['関東'],tunen,通年発売タイプ,全年发售,['実券'],TRUE,FALSE,on_sale,発売中,,,500,250,250,大人：500円／小人：250円,1日間,1,通年,通年,,['https://www2s.biglobe.ne.jp/~t_aoyagi/railway/free/map/tobu94.gif'],,[],0,"下今市,東武日光,鬼怒川温泉",東武鉄道お客様センター TEL:03-5962-0102,,https://www.tobu.co.jp/odekake/ticket/nikko-kinugawa/train.html,"[{'text': '東武鉄道', 'url': 'https://www.tobu.co.jp/odekake/ticket/nikko-kinugawa/train.html'}]",,https://www2s.biglobe.ne.jp/~t_aoyagi/railway/free/tobu94.htm,tobu94.htm,93,2026-08-10 01:30:50.424840+00:00,日光・鬼怒川エリア鉄道乗り放題きっぷ,,,,https://www2s.biglobe.ne.jp/~t_aoyagi/railway/free/tobu94.htm
tobu04,日光・大内宿フリーきっぷ,東武鉄道,['東武鉄道'],1,FALSE,kanto,関東,关东,['関東'],tunen,通年発売タイプ,全年发售,['実券'],TRUE,FALSE,on_sale,発売中,,,4860,2410,2410,"大人：4,860円／小人：2，410円",２日間,2,通年,"発売当日から２日間 
 レトロバス猿游号はいずれか1日",,['https://www2s.biglobe.ne.jp/~t_aoyagi/railway/free/map/tobu04.gif'],,[],0,"東武鉄道：東武日光駅ツーリストセンター,鬼怒川温泉駅ツーリストセンター",東武鉄道お客様センター TEL:03-5962-0102,,https://www.tobu.co.jp/odekake/ticket/nikko-kinugawa/ouchijuku.html,"[{'text': '東武鉄道', 'url': 'https://www.tobu.co.jp/odekake/ticket/nikko-kinugawa/ouchijuku.html'}
 {'text': '野岩鉄道', 'url': 'http://www.yagan.co.jp/information/0000000766/detail.html'}
 {'text': '会津鉄道', 'url': 'http://www.aizutetsudo.jp/wp/wp-content/uploads/2021/04/47d7891a563840ca015d313263cf9a8d.pdf'}]",,https://www2s.biglobe.ne.jp/~t_aoyagi/railway/free/tobu04.htm,tobu04.htm,95,2026-08-10 01:30:50.424840+00:00,日光・大内宿フリーきっぷ,,,,https://www2s.biglobe.ne.jp/~t_aoyagi/railway/free/tobu04.htm
saitama_tobu,埼玉県民の日フリー乗車券,東武鉄道,['東武鉄道'],1,FALSE,kanto,関東,关东,['関東'],autumn,秋限定タイプ,秋季限定,['実券'],TRUE,FALSE,ended,終了,,,480,240,240,大人：480円／小人：240円,１日間,1,2025年11月8日〜2025年11月14日,2025年11月14日,,['https://www2s.biglobe.ne.jp/~t_aoyagi/railway/free/map/tobu51.gif'],,[],0,"浅草〜羽生,小村井〜亀戸,杉戸高野台〜柳生,大宮〜南桜井の各駅(大師前,押上を除く) 
 東上線の各駅(みなみ寄居,寄居を除く) 
 浅草駅旅行センター",東武鉄道 TEL:,,https://www.pref.saitama.lg.jp/a0301/kenminnohi/kenminnohifreezyousyaken.html,"[{'text': '埼玉県', 'url': 'https://www.pref.saitama.lg.jp/a0301/kenminnohi/kenminnohifreezyousyaken.html'}
 {'text': '東武鉄道', 'url': 'https://www.tobu.co.jp/news/4440/'}]",,https://www2s.biglobe.ne.jp/~t_aoyagi/railway/free/saitama_tobu.htm,saitama_tobu.htm,96,2026-08-10 01:30:50.424840+00:00,埼玉県民の日フリー乗車券 (東武鉄道),,,,https://www2s.biglobe.ne.jp/~t_aoyagi/railway/free/saitama_tobu.htm
tobu91,東上線１日フリーきっぷ,東武鉄道,['東武鉄道'],1,FALSE,kanto,関東,关东,['関東'],kikan,期間限定タイプ,期间限定,['実券'],TRUE,FALSE,period,2026/7/18  〜8/31,2026/7/18,2026/8/31,1500,100,100,"大人：1,500円／小人：100円",１日間,1,"2025年3月12日〜2025年4月6日 
 2026年7月18日〜2026年8月31日",発売当日限り,,['https://www2s.biglobe.ne.jp/~t_aoyagi/railway/free/map/tobutojo.gif'],,[],0,"東上線,越生線の各駅(寄居,みなみ寄居を除く)",東武鉄道お客様センター TEL:03-5962-0102,,https://www.tobu.co.jp/odekake/campaign/217/,"[{'text': '東武鉄道', 'url': 'https://www.tobu.co.jp/odekake/campaign/217/'}]",,https://www2s.biglobe.ne.jp/~t_aoyagi/railway/free/tobu91.htm,tobu91.htm,97,2026-08-10 01:30:50.424840+00:00,東上線１日フリーきっぷ,,,,https://www2s.biglobe.ne.jp/~t_aoyagi/railway/free/tobu91.htm
tobu05,東武本線乗り放題デジタルきっぷ,東武鉄道,['東武鉄道'],1,FALSE,kanto,関東,关东,['関東'],kikan,期間限定タイプ,期间限定,['デジタル'],FALSE,TRUE,ended,終了,,,3000,1700,1700,"大人：3,000円／中高生：2,700円／小人：1,700円",東京スカイツリー入場日より２日間(最大48時間),2,"2021年7月15日〜2021年9月29日 
 前日までの発売",2021年7月16日〜2021年9月30日,,['https://www2s.biglobe.ne.jp/~t_aoyagi/railway/free/map/tobu05.gif'],,[],0,東武鉄道オンライン購入サイト,東武鉄道お客様センター TEL:03-5962-0102,,https://www.tobu.co.jp/odekake/special/skytree-dejitalticket/,"[{'text': '東武鉄道', 'url': 'https://www.tobu.co.jp/odekake/special/skytree-dejitalticket/'}]",,https://www2s.biglobe.ne.jp/~t_aoyagi/railway/free/tobu05.htm,tobu05.htm,98,2026-08-10 01:30:50.424840+00:00,東武本線乗り放題デジタルきっぷ,,,,https://www2s.biglobe.ne.jp/~t_aoyagi/railway/free/tobu05.htm
tobu62,リアル桃鉄でガチ沿線めぐり 東武 vs 近鉄 新幹線で東西制覇！(スカイツリーラインエリア)フリーきっぷ,東武鉄道,['東武鉄道'],1,FALSE,kanto,関東,关东,['関東'],kikan,期間限定タイプ,期间限定,['実券'],TRUE,FALSE,ended,終了,,,2500,1500,1500,"1日券 大人：2,500円／小人：1,500円 (参加券込み) 
 2日券 大人：3,750円／小人：1,900円 (参加券込み)",１日間／２日間,1,2025年11月1日〜2026年3月31日,2025年11月1日〜2026年3月31日,,['https://www2s.biglobe.ne.jp/~t_aoyagi/railway/free/map/tobu62.gif'],,[],0,"浅草,とうきょうスカイツリ,曳舟,亀戸,北千住,西新井,竹ノ塚,草加,新越谷,北越谷,春日部,北春日部,東武動物公園,久喜,羽生,館林,南栗橋,栗橋,栃木 
 TOBU MALL",東武鉄道お客様センター TEL:03-5962-0102,,https://www.tobu.co.jp/odekake/campaign/realmomotetsu/index.html,"[{'text': '東武鉄道', 'url': 'https://www.tobu.co.jp/odekake/campaign/realmomotetsu/index.html'}]",,https://www2s.biglobe.ne.jp/~t_aoyagi/railway/free/tobu62.htm,tobu62.htm,99,2026-08-10 01:30:50.424840+00:00,リアル桃鉄でガチ沿線めぐり 東武 vs 近鉄 新幹線で東西制覇！(スカイツリーラインエリア)フリーきっぷ,,,,https://www2s.biglobe.ne.jp/~t_aoyagi/railway/free/tobu62.htm
tobu63,リアル桃鉄でガチ沿線めぐり 東武 vs 近鉄 新幹線で東西制覇！(東上線エリア)フリーきっぷ,東武鉄道,['東武鉄道'],1,FALSE,kanto,関東,关东,['関東'],kikan,期間限定タイプ,期间限定,['実券'],TRUE,FALSE,ended,終了,,,2500,1500,1500,"1日券 大人：2,500円／小人：1,500円 (参加券込み) 
 2日券 大人：3,750円／小人：1,900円 (参加券込み)",１日間／２日間,1,2025年11月1日〜2026年3月31日,2025年11月1日〜2026年3月31日,,['https://www2s.biglobe.ne.jp/~t_aoyagi/railway/free/map/tobu63.gif'],,[],0,"池袋,下板橋,大山,上板橋,成増,和光市,朝霞台,志木,ふじみ野,川越,川越市,若葉,坂戸,東松山,森林公園,小川町,武州長瀬 
 TOBU MALL",東武鉄道お客様センター TEL:03-5962-0102,,https://www.tobu.co.jp/odekake/campaign/realmomotetsu/index.html,"[{'text': '東武鉄道', 'url': 'https://www.tobu.co.jp/odekake/campaign/realmomotetsu/index.html'}]",,https://www2s.biglobe.ne.jp/~t_aoyagi/railway/free/tobu63.htm,tobu63.htm,100,2026-08-10 01:30:50.424840+00:00,リアル桃鉄でガチ沿線めぐり 東武 vs 近鉄 新幹線で東西制覇！(東上線エリア)フリーきっぷ,,,,https://www2s.biglobe.ne.jp/~t_aoyagi/railway/free/tobu63.htm
tobu64,リアル桃鉄でガチ沿線めぐり 東武 vs 近鉄 新幹線で東西制覇！(アーバンパークラインエリア)フリーきっぷ,東武鉄道,['東武鉄道'],1,FALSE,kanto,関東,关东,['関東'],kikan,期間限定タイプ,期间限定,['実券'],TRUE,FALSE,ended,終了,,,2500,1500,1500,"1日券 大人：2,500円／小人：1,500円 (参加券込み) 
 2日券 大人：3,750円／小人：1,900円 (参加券込み)",１日間／２日間,1,2025年11月1日〜2026年3月31日,2025年11月1日〜2026年3月31日,,['https://www2s.biglobe.ne.jp/~t_aoyagi/railway/free/map/tobu64.gif'],,[],0,"大宮,岩槻,七光台,野田市,流山おおたかの森,柏,新鎌ケ谷,船橋 
 TOBU MALL",東武鉄道お客様センター TEL:03-5962-0102,,https://www.tobu.co.jp/odekake/campaign/realmomotetsu/index.html,"[{'text': '東武鉄道', 'url': 'https://www.tobu.co.jp/odekake/campaign/realmomotetsu/index.html'}]",,https://www2s.biglobe.ne.jp/~t_aoyagi/railway/free/tobu64.htm,tobu64.htm,101,2026-08-10 01:30:50.424840+00:00,リアル桃鉄でガチ沿線めぐり 東武 vs 近鉄 新幹線で東西制覇！(アーバンパークラインエリア)フリーきっぷ,,,,https://www2s.biglobe.ne.jp/~t_aoyagi/railway/free/tobu64.htm
tobu95,東武宇都宮線1日フリー乗車券,東武鉄道,['東武鉄道'],1,FALSE,kanto,関東,关东,['関東'],kikan,期間限定タイプ,期间限定,['実券'],TRUE,FALSE,ended,終了,,,,,,無料配布,1日間,1,2025年6月15日,2025年6月15日,,['https://www2s.biglobe.ne.jp/~t_aoyagi/railway/free/map/tobu95.gif'],,[],0,東武宇都宮〜栃木間の各駅改札口,東武鉄道お客様センター TEL:03-5962-0102,,https://www.tobu.co.jp/odekake/campaign/184/,"[{'text': '東武鉄道', 'url': 'https://www.tobu.co.jp/odekake/campaign/184/'}]",,https://www2s.biglobe.ne.jp/~t_aoyagi/railway/free/tobu95.htm,tobu95.htm,102,2026-08-10 01:30:50.424840+00:00,東武宇都宮線1日フリー乗車券,,,,https://www2s.biglobe.ne.jp/~t_aoyagi/railway/free/tobu95.htm
seibu11,ムーミンバレーパークおでかけパス,西武鉄道,['西武鉄道'],1,FALSE,kanto,関東,关东,['関東'],tunen,通年発売タイプ,全年发售,['デジタル'],FALSE,TRUE,on_sale,発売中,,,4600,1500,1500,"大人：4,600円／中・高校生：2,400円／小人：1,500円",１日,1,通年,通年,,['https://www2s.biglobe.ne.jp/~t_aoyagi/railway/free/map/seibu.gif'],,[],0,EMot,西武鉄道お客さまセンター TEL:0570-005-712,,https://www.seiburailway.jp/railway/ticket/specialticket/mvpodekakepassdigital/,"[{'text': '西武鉄道', 'url': 'https://www.seiburailway.jp/railway/ticket/specialticket/mvpodekakepassdigital/'}
 {'text': 'EMot', 'url': 'https://www.emot.jp/service/detail/moominvalley.html'}]",,https://www2s.biglobe.ne.jp/~t_aoyagi/railway/free/seibu11.htm,seibu11.htm,103,2026-08-10 01:30:50.424840+00:00,ムーミンバレーパークおでかけパス,,,,https://www2s.biglobe.ne.jp/~t_aoyagi/railway/free/seibu11.htm
seibu13,メッツァ・ハイパーミュージアムおでかけパス,西武鉄道,['西武鉄道'],1,FALSE,kanto,関東,关东,['関東'],tunen,通年発売タイプ,全年发售,['デジタル'],FALSE,TRUE,on_sale,発売中,,,2700,1300,1300,"大人：2,700円／中・高校生：2,200円／小人：1,300円",１日,1,通年,通年,,['https://www2s.biglobe.ne.jp/~t_aoyagi/railway/free/map/seibu.gif'],,[],0,EMot スマートフォン専用,西武鉄道お客さまセンター TEL:0570-005-712,,https://www.seiburailway.jp/railway/ticket/specialticket/metsa-hypermuseum_digital/,"[{'text': '西武鉄道', 'url': 'https://www.seiburailway.jp/railway/ticket/specialticket/metsa-hypermuseum_digital/'}]",,https://www2s.biglobe.ne.jp/~t_aoyagi/railway/free/seibu13.htm,seibu13.htm,104,2026-08-10 01:30:50.424840+00:00,メッツァ・ハイパーミュージアムおでかけパス,,,,https://www2s.biglobe.ne.jp/~t_aoyagi/railway/free/seibu13.htm
seibu14,西武園ゆうえんちトクトクパス,西武鉄道,['西武鉄道'],1,FALSE,kanto,関東,关东,['関東'],tunen,通年発売タイプ,全年发售,['デジタル'],FALSE,TRUE,on_sale,発売中,,,5500,4100,4100,"大人：5,500円／中・高校生：4,800円／小人：4,100円",１日,1,通年,通年,,['https://www2s.biglobe.ne.jp/~t_aoyagi/railway/free/map/seibu.gif'],,[],0,EMot スマートフォン専用,西武鉄道お客さまセンター TEL:0570-005-712,,https://www.seiburailway.jp/railway/ticket/specialticket/yuuenchi_tokutoku_digital/,"[{'text': '西武鉄道', 'url': 'https://www.seiburailway.jp/railway/ticket/specialticket/yuuenchi_tokutoku_digital/'}]",,https://www2s.biglobe.ne.jp/~t_aoyagi/railway/free/seibu14.htm,seibu14.htm,105,2026-08-10 01:30:50.424840+00:00,西武園ゆうえんちトクトクパス,,,,https://www2s.biglobe.ne.jp/~t_aoyagi/railway/free/seibu14.htm
seibu120,はんのう満喫！ムーミンバレーパークおでかけパス,西武鉄道,['西武鉄道'],1,FALSE,kanto,関東,关东,['関東'],kikan,期間限定タイプ,期间限定,['デジタル'],FALSE,TRUE,period,2026/5/18  〜8/31,2026/5/18,2026/8/31,4600,1500,1500,"大人：4,600円／中・高校生：2,400円／小人：1,500円",１日,1,2026年5月18日〜2026年8月31日,2026年5月23日〜2026年8月31日,,['https://www2s.biglobe.ne.jp/~t_aoyagi/railway/free/map/seibu.gif'],,[],0,EMot,西武鉄道お客さまセンター TEL:04-2996-2888,,https://www.seiburailway.jp/railway/ticket/specialticket/hannomankitsu_digital/,"[{'text': '西武鉄道', 'url': 'https://www.seiburailway.jp/railway/ticket/specialticket/hannomankitsu_digital/'}]",,https://www2s.biglobe.ne.jp/~t_aoyagi/railway/free/seibu120.htm,seibu120.htm,106,2026-08-10 01:30:50.424840+00:00,はんのう満喫！ムーミンバレーパークおでかけパス,,,,https://www2s.biglobe.ne.jp/~t_aoyagi/railway/free/seibu120.htm
seibu117,「ラブライブ！蓮ノ空女学院スクールアイドルクラブ×西武鉄道 記念キャンペーン」 西武線１日フリーきっぷ,西武鉄道,['西武鉄道'],1,FALSE,kanto,関東,关东,['関東'],kikan,期間限定タイプ,期间限定,['実券'],TRUE,FALSE,ended,終了,,,1200,300,300,"大人：1,200円／小人：300円",１日間,1,2026年7月4日〜2026年7月20日,2026年7月4日〜2026年12月31日,,['https://www2s.biglobe.ne.jp/~t_aoyagi/railway/free/map/seibu82.gif'],,[],0,"2026年7月4日〜7月10日 新所沢 500枚 
 
2026年7月11日〜7月12日 西武球場前 2,500枚 
 
2026年7月13日〜7月20日 新所沢 売れ残り",西武鉄道お客さまセンター TEL:0570-005-712,,https://www.seiburailway.jp/railway/ticket/20260610_lovelive/,"[{'text': '西武鉄道', 'url': 'https://www.seiburailway.jp/railway/ticket/20260610_lovelive/'}]",,https://www2s.biglobe.ne.jp/~t_aoyagi/railway/free/seibu117.htm,seibu117.htm,107,2026-08-10 01:30:50.424840+00:00,ラブライブ！蓮ノ空女学院スクールアイドルクラブ×西武鉄道 記念キャンペーン」 西武線１日フリーきっぷ,,,,https://www2s.biglobe.ne.jp/~t_aoyagi/railway/free/seibu117.htm
seibu118,アニメ『魔入りました！入間くん』×西武鉄道 おトクにおでかけきっぷ,西武鉄道,['西武鉄道'],1,FALSE,kanto,関東,关东,['関東'],kikan,期間限定タイプ,期间限定,['実券'],TRUE,FALSE,period,2026/7/17  〜9/23,2026/7/17,2026/9/23,1800,1800,1800,"大人：1,800円／小人：1,800円",１日間,1,2026年7月17日〜2026年9月23日(初電〜16:00),2026年7月17日〜2026年9月23日,,['https://www2s.biglobe.ne.jp/~t_aoyagi/railway/free/map/seibu106.gif'],,[],0,"各駅の自動券売機(武蔵横手〜西武秩父駅間,小竹向原駅を除く)",西武鉄道お客さまセンター TEL:0570-005-712,,https://www.seiburailway.jp/railway/ticket/specialticket/otokuni-irumakun2026/,"[{'text': '西武鉄道', 'url': 'https://www.seiburailway.jp/railway/ticket/specialticket/otokuni-irumakun2026/'}]",,https://www2s.biglobe.ne.jp/~t_aoyagi/railway/free/seibu118.htm,seibu118.htm,108,2026-08-10 01:30:50.424840+00:00,アニメ『魔入りました！入間くん』 ×西武鉄道 おトクにおでかけきっぷ,,,,https://www2s.biglobe.ne.jp/~t_aoyagi/railway/free/seibu118.htm
seibu119,秩父 夏のおでかけきっぷ,西武鉄道,['西武鉄道'],1,FALSE,kanto,関東,关东,['関東'],kikan,期間限定タイプ,期间限定,['実券'],TRUE,FALSE,period,2026/7/24  〜8/31,2026/7/24,2026/8/31,3000,,3000,"大人：3,000円／小人：設定なし",１日間,1,2026年7月24日〜2026年8月31日(初電〜16:00),2026年7月24日〜2026年8月31日,,['https://www2s.biglobe.ne.jp/~t_aoyagi/railway/free/map/seibu82.gif'],,[],0,"各駅の自動券売機(小竹向原,武蔵横手,東吾野,西吾野,正丸,芦ヶ久保駅を除く)",西武鉄道お客さまセンター TEL:0570-005-712,,https://www.seiburailway.jp/railway/ticket/specialticket/natunoodekake/,"[{'text': '西武鉄道', 'url': 'https://www.seiburailway.jp/railway/ticket/specialticket/natunoodekake/'}]",,https://www2s.biglobe.ne.jp/~t_aoyagi/railway/free/seibu119.htm,seibu119.htm,109,2026-08-10 01:30:50.424840+00:00,秩父 夏のおでかけきっぷ,,,,https://www2s.biglobe.ne.jp/~t_aoyagi/railway/free/seibu119.htm
seibu122,西武園ゆうえんち 夏満喫トクトクパス,西武鉄道,['西武鉄道'],1,FALSE,kanto,関東,关东,['関東'],kikan,期間限定タイプ,期间限定,['デジタル'],FALSE,TRUE,period,2026/6/27  〜9/23,2026/6/27,2026/9/23,5700,4300,4300,"大人：5,700円／中・高校生：5,100円／小人：4,300円",１日,1,2026年6月25日〜2026年9月23日(プール休園日を除く),2026年6月27日〜2026年9月23日,,['https://www2s.biglobe.ne.jp/~t_aoyagi/railway/free/map/seibu.gif'],,[],0,EMot スマートフォン専用,西武鉄道お客さまセンター TEL:04-2996-2888,,https://www.seiburailway.jp/railway/ticket/specialticket/natsumankitsu_digital/,"[{'text': '西武鉄道', 'url': 'https://www.seiburailway.jp/railway/ticket/specialticket/natsumankitsu_digital/'}]",,https://www2s.biglobe.ne.jp/~t_aoyagi/railway/free/seibu122.htm,seibu122.htm,110,2026-08-10 01:30:50.424840+00:00,西武園ゆうえんち 夏満喫トクトクパス,,,,https://www2s.biglobe.ne.jp/~t_aoyagi/railway/free/seibu122.htm
seibu121,西武園ゆうえんち プールトクトクパス,西武鉄道,['西武鉄道'],1,FALSE,kanto,関東,关东,['関東'],kikan,期間限定タイプ,期间限定,['デジタル'],FALSE,TRUE,period,2026/6/27  〜9/23,2026/6/27,2026/9/23,3700,2300,2300,"大人：3,700円／中・高校生：3,200円／小人：2300円",１日,1,2026年6月27日〜2026年9月23日(プール休園日を除く),2026年6月27日〜2026年9月23日,,['https://www2s.biglobe.ne.jp/~t_aoyagi/railway/free/map/seibu.gif'],,[],0,EMot,西武鉄道お客さまセンター TEL:04-2996-2888,,https://www.seiburailway.jp/railway/ticket/specialticket/hannomankitsu_digital/,"[{'text': '西武鉄道', 'url': 'https://www.seiburailway.jp/railway/ticket/specialticket/hannomankitsu_digital/'}]",,https://www2s.biglobe.ne.jp/~t_aoyagi/railway/free/seibu121.htm,seibu121.htm,111,2026-08-10 01:30:50.424840+00:00,西武園ゆうえんち プールトクトクパス,,,,https://www2s.biglobe.ne.jp/~t_aoyagi/railway/free/seibu121.htm
seibu123,栗山巧 Legend History 1DayPass 第一弾「デビューの奇跡」,西武鉄道,['西武鉄道'],1,FALSE,kanto,関東,关东,['関東'],kikan,期間限定タイプ,期间限定,['実券'],TRUE,FALSE,period,2026/4/28  〜9/30,2026/4/28,2026/9/30,3000,,3000,"大人：3,000円 (2枚セット)",１日間,1,2026年4月28日〜2026年9月30日,2026年4月28日〜2026年10月31日,,['https://www2s.biglobe.ne.jp/~t_aoyagi/railway/free/map/seibu82.gif'],,[],0,"2026年4月28日〜4月30日 西武球場前駅 
 
2026年5月1日〜9月30日 所沢駅",西武鉄道お客さまセンター TEL:0570-005-712,,https://www.seiburailway.jp/railway/ticket/L1pass/,"[{'text': '西武鉄道', 'url': 'https://www.seiburailway.jp/railway/ticket/L1pass/'}]",,https://www2s.biglobe.ne.jp/~t_aoyagi/railway/free/seibu123.htm,seibu123.htm,112,2026-08-10 01:30:50.424840+00:00,栗山巧 Legend History 1DayPass 第一弾「デビューの奇跡」,,,,https://www2s.biglobe.ne.jp/~t_aoyagi/railway/free/seibu123.htm
seibu124,栗山巧 Legend History 1DayPass 第二弾「キャプテンの証」,西武鉄道,['西武鉄道'],1,FALSE,kanto,関東,关东,['関東'],kikan,期間限定タイプ,期间限定,['実券'],TRUE,FALSE,period,2026/6/26  〜9/30,2026/6/26,2026/9/30,3000,,3000,"大人：3,000円 (2枚セット)",１日間,1,2026年6月26日〜2026年9月30日,2026年6月26日〜2026年12月31日,,['https://www2s.biglobe.ne.jp/~t_aoyagi/railway/free/map/seibu82.gif'],,[],0,"2026年6月26日〜2026年6月28日 西武球場前駅 
 
2026年6月30日〜9月30日 所沢駅",西武鉄道お客さまセンター TEL:0570-005-712,,https://www.seiburailway.jp/railway/ticket/L1pass/,"[{'text': '西武鉄道', 'url': 'https://www.seiburailway.jp/railway/ticket/L1pass/'}]",,https://www2s.biglobe.ne.jp/~t_aoyagi/railway/free/seibu124.htm,seibu124.htm,113,2026-08-10 01:30:50.424840+00:00,栗山巧 Legend History 1DayPass 第二弾「キャプテンの証」,,,,https://www2s.biglobe.ne.jp/~t_aoyagi/railway/free/seibu124.htm
seibu125,サステナ車両7000系デビュー記念乗車券,西武鉄道,['西武鉄道'],1,FALSE,kanto,関東,关东,['関東'],kikan,期間限定タイプ,期间限定,['実券'],TRUE,FALSE,period,2026/7/24  〜8/31,2026/7/24,2026/8/31,2000,,2000,"大人：2,000円",１日間,1,2026年6月26日〜2026年11月30日,2026年6月26日〜2026年12月31日,,['https://www2s.biglobe.ne.jp/~t_aoyagi/railway/free/map/seibu82.gif'],,[],0,小手指駅,西武鉄道お客さまセンター TEL:0570-005-712,,https://www.seiburailway.jp/railway/ticket/20260610_lovelive/,"[{'text': '西武鉄道', 'url': 'https://www.seiburailway.jp/railway/ticket/20260610_lovelive/'}]",,https://www2s.biglobe.ne.jp/~t_aoyagi/railway/free/seibu125.htm,seibu125.htm,114,2026-08-10 01:30:50.424840+00:00,サステナ車両7000系デビュー記念乗車券,,,,https://www2s.biglobe.ne.jp/~t_aoyagi/railway/free/seibu125.htm
seibu97,奥むさし駅伝応援きっぷ,西武鉄道,['西武鉄道'],1,FALSE,kanto,関東,关东,['関東'],kikan,期間限定タイプ,期间限定,['実券'],TRUE,FALSE,ended,終了,,,500,250,250,大人：500円／小人：250円,1日,1,"飯能：2026年1月18日〜2026年1月25日 
 東飯能：2026年1月25日",2026年1月26日,,['https://www2s.biglobe.ne.jp/~t_aoyagi/railway/free/map/seibu97.gif'],,[],0,"飯能,東飯能",西武鉄道お客さまセンター TEL:04-2996-2888,,https://www.seiburailway.jp/file.jsp?newsroom/news/file/20251226_okumusashiekiden.pdf,"[{'text': '西武鉄道', 'url': 'https://www.seiburailway.jp/file.jsp?newsroom/news/file/20251226_okumusashiekiden.pdf'}]",,https://www2s.biglobe.ne.jp/~t_aoyagi/railway/free/seibu97.htm,seibu97.htm,115,2026-08-10 01:30:50.424840+00:00,奥むさし駅伝応援きっぷ,,,,https://www2s.biglobe.ne.jp/~t_aoyagi/railway/free/seibu97.htm
seibu106,西武鉄道・バス おトクにおでかけきっぷ,西武鉄道,['西武鉄道'],1,FALSE,kanto,関東,关东,['関東'],kikan,期間限定タイプ,期间限定,['実券' 'デジタル'],TRUE,TRUE,ended,終了,,,1700,,1700,"大人：1,700円",発売当日限り,,2025年11月21日〜2026年3月22日,2025年11月21日〜2026年3月22日,,['https://www2s.biglobe.ne.jp/~t_aoyagi/railway/free/map/seibu106.gif'],,"['高速乗合バス,空港連絡バス,深夜急行バス(池袋駅東口〜小手指駅),コミュニティバス,イオンシャトルバス(イオンモール東久留米),メッツァ線,西武球場線,イベント臨時輸送バス,西武観光バス(秩父地区･軽井沢地区)は乗車できない。'
 '深夜バスは、深夜割増運賃を別途支払い' '他社との共同運行路線は、西武バスのみ乗車可']",3,"西武線各駅(武蔵横手〜西武秩父間,小竹向原を除く)の自動券売機 
 発売時間 始発〜16:00 
 EMot",西武鉄道お客さまセンター TEL:0570-005-712,,https://www.seiburailway.jp/railway/ticket/specialticket/otokuni-odekake2025/,"[{'text': '西武鉄道', 'url': 'https://www.seiburailway.jp/railway/ticket/specialticket/otokuni-odekake2025/'}]",,https://www2s.biglobe.ne.jp/~t_aoyagi/railway/free/seibu106.htm,seibu106.htm,116,2026-08-10 01:30:50.424840+00:00,西武鉄道・バス おトクにおでかけきっぷ,,,,https://www2s.biglobe.ne.jp/~t_aoyagi/railway/free/seibu106.htm
seibu107,おいでよ！秩父・横瀬きっぷ,西武鉄道,['西武鉄道'],1,FALSE,kanto,関東,关东,['関東'],kikan,期間限定タイプ,期间限定,['実券'],TRUE,FALSE,ended,終了,,,1800,500,500,"大人：1,800円／小人：500円",発売期間内の１日限り,1,2024年7月20日〜2024年9月1日,2024年7月20日〜2024年9月1日,,['https://www2s.biglobe.ne.jp/~t_aoyagi/railway/free/map/seibu.gif'],,[],0,"西武線各駅の自動券売機 
 
(小竹向原,武蔵横手,東吾野,西吾野,正丸,芦ヶ久保駅及び多摩川線各駅は除く)",西武鉄道お客さまセンター TEL:04-2996-2888,,https://www.seiburailway.jp/sightseeing/eventcampaigninfo/oideyochichibu/,"[{'text': '西武鉄道', 'url': 'https://www.seiburailway.jp/sightseeing/eventcampaigninfo/oideyochichibu/'}]",,https://www2s.biglobe.ne.jp/~t_aoyagi/railway/free/seibu107.htm,seibu107.htm,117,2026-08-10 01:30:50.424840+00:00,おいでよ！秩父・横瀬きっぷ,,,,https://www2s.biglobe.ne.jp/~t_aoyagi/railway/free/seibu107.htm
seibu108,とこっと周遊きっぷ,西武鉄道,['西武鉄道'],1,FALSE,kanto,関東,关东,['関東'],kikan,期間限定タイプ,期间限定,['実券'],TRUE,FALSE,ended,終了,,,400,200,200,大人：400円／小人：200円,発売期間内の１日限り,1,"2025年7月18日〜2026年2月28日 
 初電車〜16:00",2025年7月18日〜2026年2月28日,,['https://www2s.biglobe.ne.jp/~t_aoyagi/railway/free/map/seibu108.gif'],,[],0,"所沢,西所沢,下山口,西武球場前,西武園ゆうえんち,西武園,東村山,久米川,小平,萩山,八坂,武蔵大和,多摩湖の各駅券売機",西武鉄道お客さまセンター TEL:0570-005-712,,https://www.seiburailway.jp/file.jsp?id=22933,"[{'text': '西武鉄道', 'url': 'https://www.seiburailway.jp/file.jsp?id=22933'}]",,https://www2s.biglobe.ne.jp/~t_aoyagi/railway/free/seibu108.htm,seibu108.htm,118,2026-08-10 01:30:50.424840+00:00,とこっと周遊きっぷ,,,,https://www2s.biglobe.ne.jp/~t_aoyagi/railway/free/seibu108.htm
seibu113,スパルタンレースきっぷ,西武鉄道,['西武鉄道'],1,FALSE,kanto,関東,关东,['関東'],kikan,期間限定タイプ,期间限定,['実券'],TRUE,FALSE,ended,終了,,,2230,1120,1120,"大人：2,230円／小人：1,120円",２日間,2,2026年2月21日 〜16:00まで,2026年2月21日〜2026年2月22日,,['https://www2s.biglobe.ne.jp/~t_aoyagi/railway/free/map/seibu82.gif'],,[],0,"池袋,西武新宿,高田馬場",西武鉄道お客さまセンター TEL:0570-005-712,,https://www.seiburailway.jp/file.jsp?newsroom/news/file/20260116_spartan.pdf,"[{'text': '西武鉄道', 'url': 'https://www.seiburailway.jp/file.jsp?newsroom/news/file/20260116_spartan.pdf'}]",,https://www2s.biglobe.ne.jp/~t_aoyagi/railway/free/seibu113.htm,seibu113.htm,119,2026-08-10 01:30:50.424840+00:00,スパルタンレースきっぷ,,,,https://www2s.biglobe.ne.jp/~t_aoyagi/railway/free/seibu113.htm
seibu105,LIONS THANKS FESTA 2025 記念乗車券,西武鉄道,['西武鉄道'],1,FALSE,kanto,関東,关东,['関東'],kikan,期間限定タイプ,期间限定,['実券'],TRUE,FALSE,ended,終了,,,3000,,3000,"大人：3,000円",１日×2セット,1,"2025年11月23日 
 2025年11月26日〜2025年12月25日",2025年11月23日〜2026年3月31日,,['https://www2s.biglobe.ne.jp/~t_aoyagi/railway/free/map/seibu.gif'],,[],0,"2025年11月23日：西武球場前(駅前広場) 
 2025年11月26日〜2025年12月25日：所沢,本川越,国分寺,拝島",西武鉄道お客さまセンター TEL:04-2996-2888,,https://www.seiburailway.jp/file.jsp?id=26107,"[{'text': '西武鉄道', 'url': 'https://www.seiburailway.jp/file.jsp?id=26107'}]",,https://www2s.biglobe.ne.jp/~t_aoyagi/railway/free/seibu105.htm,seibu105.htm,120,2026-08-10 01:30:50.424840+00:00,LIONS THANKS FESTA 2025 記念乗車券,"3,000セット",,,https://www2s.biglobe.ne.jp/~t_aoyagi/railway/free/seibu105.htm
saitama_seibu,埼玉県民の日フリー乗車券,西武鉄道,['西武鉄道'],1,FALSE,kanto,関東,关东,['関東'],autumn,秋限定タイプ,秋季限定,['実券'],TRUE,FALSE,ended,終了,,,800,400,400,大人：800円／小人：400円,１日間,1,2025年11月14日〜2024年11月17日,当日限り,,['https://www2s.biglobe.ne.jp/~t_aoyagi/railway/free/map/seibu.gif'],,[],0,"埼玉県内の西武線各駅 
 武蔵横手,東吾野,西吾野,正丸,芦ヶ久保を除く",西武鉄道お客さまセンター TEL:04-2926-2888,,https://www.pref.saitama.lg.jp/a0301/kenminnohi/kenminnohifreezyousyaken.html,"[{'text': '埼玉県', 'url': 'https://www.pref.saitama.lg.jp/a0301/kenminnohi/kenminnohifreezyousyaken.html'}
 {'text': '西武鉄道', 'url': 'https://www.seiburailway.jp/newsroom/news/20251028_KenminFree/'}]",,https://www2s.biglobe.ne.jp/~t_aoyagi/railway/free/saitama_seibu.htm,saitama_seibu.htm,121,2026-08-10 01:30:50.424840+00:00,埼玉県民の日フリー乗車券 (西武鉄道),,,,https://www2s.biglobe.ne.jp/~t_aoyagi/railway/free/saitama_seibu.htm
metro02,東京メトロ24時間券,東京地下鉄,['東京地下鉄'],1,FALSE,kanto,関東,关东,['関東'],tunen,通年発売タイプ,全年发售,['実券' 'デジタル'],TRUE,TRUE,on_sale,発売中,,,700,350,350,大人：700円／小人：350円,１日,1,通年,通年,,['https://www2s.biglobe.ne.jp/~t_aoyagi/railway/free/map/metro.gif'],,[],0,"磁気券 定期券売場,駅の自動券売機 
 IC券 定期券売場,駅の自動券売機 
 QR券 東京メトロ販売サイト 
 クレカタッチ 東京メトロ販売サイト",東京メトロ TEL:,,https://www.tokyometro.jp/ticket/value/1day/index.html#,"[{'text': '東京地下鉄', 'url': 'https://www.tokyometro.jp/ticket/value/1day/index.html#'}]",,https://www2s.biglobe.ne.jp/~t_aoyagi/railway/free/metro02.htm,metro02.htm,122,2026-08-10 01:30:50.424840+00:00,東京メトロ24時間券,,,,https://www2s.biglobe.ne.jp/~t_aoyagi/railway/free/metro02.htm
tokyo02,都営地下鉄・東京メトロ共通一日乗車券,東京地下鉄,['東京地下鉄' '東京都交通局'],2,TRUE,kanto,関東,关东,['関東'],tunen,通年発売タイプ,全年发售,['実券'],TRUE,FALSE,on_sale,発売中,,,900,450,450,大人：900円／小人：450円,１日,1,通年,通年,,['https://www2s.biglobe.ne.jp/~t_aoyagi/railway/free/map/tokyo02.gif'],,['座席定員制のバスは乗車できません。'],1,各駅の券売機,"東京都交通局 TEL:03-5320-6075 
 東京メトロお客様センター TEL:03-3941-2004",,http://www.kotsu.metro.tokyo.jp/subway/fare/otoku_metro_1day.html,"[{'text': '東京都交通局', 'url': 'http://www.kotsu.metro.tokyo.jp/subway/fare/otoku_metro_1day.html'}
 {'text': '東京地下鉄', 'url': 'https://www.tokyometro.jp/ticket/value/1day/index.html#anc02'}]",,https://www2s.biglobe.ne.jp/~t_aoyagi/railway/free/tokyo02.htm,tokyo02.htm,123,2026-08-10 01:30:50.424840+00:00,都営地下鉄･東京メトロ 共通一日乗車券,,,,https://www2s.biglobe.ne.jp/~t_aoyagi/railway/free/tokyo02.htm
metro109,『オルセー美術館所蔵 印象派―室内をめぐる物語』開催記念 東京メトロオリジナル24時間券,東京地下鉄,['東京地下鉄'],1,FALSE,kanto,関東,关东,['関東'],kikan,期間限定タイプ,期间限定,['実券'],TRUE,FALSE,ended,終了,,,700,,700,大人：700円,使用開始から24時間,1,2025年10月25日〜2026年2月15日,2025年10月25日〜2026年8月31日,,['https://www2s.biglobe.ne.jp/~t_aoyagi/railway/free/map/metro.gif'],,[],0,"国立西洋美術館 特設ショップ 
 表参道,池袋,銀座,新宿の旅客案内所 
 浅草文化観光センター 
 中央区観光情報センター 
 東京シティアイ 観光・ビジネス情報センター(KITTE地下1階) 
 TERMINAL GINZA観光案内所（GINZA SIX内）",東京メトロお客様センター TEL:0570-200-222 (平日9:00〜17:00),,https://www.tokyometro.jp/news/2025/221351.html,"[{'text': '東京地下鉄', 'url': 'https://www.tokyometro.jp/news/2025/221351.html'}]",,https://www2s.biglobe.ne.jp/~t_aoyagi/railway/free/metro109.htm,metro109.htm,125,2026-08-10 01:30:50.424840+00:00,『オルセー美術館所蔵 印象派―室内をめぐる物語』開催記念 東京メトロオリジナル24時間券,,,,https://www2s.biglobe.ne.jp/~t_aoyagi/railway/free/metro109.htm
metro110,ＴＶアニメ「正反対な君と僕」放送記念 東京メトロオリジナル24時間券,東京地下鉄,['東京地下鉄'],1,FALSE,kanto,関東,关东,['関東'],kikan,期間限定タイプ,期间限定,['実券'],TRUE,FALSE,ended,終了,,,700,,700,大人：700円,使用開始から24時間,1,2026年1月11日〜2026年2月23日,2026年1月11日〜2026年8月31日,,['https://www2s.biglobe.ne.jp/~t_aoyagi/railway/free/map/metro.gif'],,[],0,"アニメイト,書泉グランデ,書泉ブックタワー 
 アニメイト通販 , 書泉オンラインショップ",東京メトロお客様センター TEL:0570-200-222 (平日9:00〜17:00),,https://www.tokyometro.jp/news/images_h/metroNews260107_01.pdf,"[{'text': '東京地下鉄', 'url': 'https://www.tokyometro.jp/news/images_h/metroNews260107_01.pdf'}]",,https://www2s.biglobe.ne.jp/~t_aoyagi/railway/free/metro110.htm,metro110.htm,126,2026-08-10 01:30:50.424840+00:00,ＴＶアニメ「正反対な君と僕」放送記念 東京メトロオリジナル24時間券,,,,https://www2s.biglobe.ne.jp/~t_aoyagi/railway/free/metro110.htm
metro111,OVERWATCH×HELLO KITTY AND FRIENDS 東京メトロオリジナル24時間券,東京地下鉄,['東京地下鉄'],1,FALSE,kanto,関東,关东,['関東'],kikan,期間限定タイプ,期间限定,['実券'],TRUE,FALSE,ended,終了,,,700,,700,"単品 大人：700円 
 3枚セット 大人：2,100円",使用開始から24時間,1,2026年2月14日〜2026年3月15日,2026年2月14日〜2026年9月30日,,['https://www2s.biglobe.ne.jp/~t_aoyagi/railway/free/map/metro.gif'],,[],0,"ビックカメラ(池袋本店,池袋西口店,有楽町店,日本橋三越店,赤坂見附駅店,新宿西口店,新宿東口店,AKIBA店,渋谷東口店,渋谷ハチ公口店,AirBicCamera東京スカイツリータウン・ソラマチ店,AirBicCameraダイバーシティ東京プラザ店) 
 
ソフマップ(AKIBAパソコン・デジタル館,AKIBA駅前館,AKIBAアミューズメント館)",東京メトロお客様センター TEL:0570-200-222 (平日9:00〜17:00),,https://www.tokyometro.jp/news/2026/223356.html,"[{'text': '東京地下鉄', 'url': 'https://www.tokyometro.jp/news/2026/223356.html'}]",,https://www2s.biglobe.ne.jp/~t_aoyagi/railway/free/metro111.htm,metro111.htm,127,2026-08-10 01:30:50.424840+00:00,OVERWATCH×HELLO KITTY AND FRIENDS 東京メトロオリジナル24時間券,,,,https://www2s.biglobe.ne.jp/~t_aoyagi/railway/free/metro111.htm
toei03,都営まるごときっぷ,東京都交通局,['東京都交通局'],1,FALSE,kanto,関東,关东,['関東'],tunen,通年発売タイプ,全年发售,['実券'],TRUE,FALSE,on_sale,発売中,,,700,350,350,大人：700円／小人：350円,１日,1,通年,通年,,['https://www2s.biglobe.ne.jp/~t_aoyagi/railway/free/map/toei03.gif'],,['座席定員制のバスは乗車できません。'],1,"６ヶ月前から発売：定期券売場、地下鉄事務所 
 当日発売：地下鉄券売機、都電・都バスの車内",東京都交通局 TEL:03-5320-6075,,http://www.kotsu.metro.tokyo.jp/subway/fare/otoku_metro.html,"[{'text': '東京都交通局', 'url': 'http://www.kotsu.metro.tokyo.jp/subway/fare/otoku_metro.html'}]",,https://www2s.biglobe.ne.jp/~t_aoyagi/railway/free/toei03.htm,toei03.htm,128,2026-08-10 01:30:50.424840+00:00,都営まるごときっぷ,,,,https://www2s.biglobe.ne.jp/~t_aoyagi/railway/free/toei03.htm
toei02,都電一日乗車券/都電IC一日乗車券,東京都交通局,['東京都交通局'],1,FALSE,kanto,関東,关东,['関東'],tunen,通年発売タイプ,全年发售,['実券'],TRUE,FALSE,on_sale,発売中,,,400,200,200,大人：400円／小人：200円,１日,1,通年,通年,,['https://www2s.biglobe.ne.jp/~t_aoyagi/railway/free/map/arakawasen.gif'],,[],0,"都電一日乗車券 早稲田,大塚駅前,王子駅前,三ノ輪橋の定期券販売所,荒川電車営業所,車内 
 RYDE PASS 
 都電ＩＣ一日乗車券 車内",交通局電車部電車課 TEL:03-5320-6076,,http://www.kotsu.metro.tokyo.jp/toden/fare/otoku_toden_oneday.html,"[{'text': '東京都交通局', 'url': 'http://www.kotsu.metro.tokyo.jp/toden/fare/otoku_toden_oneday.html'}
 {'text': 'RYDE PASS', 'url': 'https://pass.ryde-go.com/products/X987XQS0LX8Q'}]",,https://www2s.biglobe.ne.jp/~t_aoyagi/railway/free/toei02.htm,toei02.htm,131,2026-08-10 01:30:50.424840+00:00,都電一日乗車券/都電IC一日乗車券,,,,https://www2s.biglobe.ne.jp/~t_aoyagi/railway/free/toei02.htm
toei23,都営地下鉄ワンデーパス,東京都交通局,['東京都交通局'],1,FALSE,kanto,関東,关东,['関東'],kisetu,季節発売タイプ,季节发售,['実券'],TRUE,FALSE,period,2026/7/18  〜8/30,2026/7/18,2026/8/30,500,100,100,大人：500円／小人：100円,1日間(発売当日限り),1,"春 2026年3月20日〜2026年4月5日の土日休日 
 2026年4月25日〜2026年5月6日 
 夏 2026年7月18日〜2026年8月30日の土日休日 
 2026年8月10日〜2026年8月14日 
 秋 
 冬 2025年12月27日〜2026年1月4日 
 2026年1月10日〜2026年1月12日","春 2026年3月20日〜2026年4月5日の土日休日 
 2026年4月25日〜2026年5月6日 
 夏 2026年7月18日〜2026年8月30日の土日休日 
 2026年8月10日〜2026年8月14日 
 秋 
 冬 2025年12月27日〜2026年1月4日 
 2026年1月10日〜2026年1月12日",,['https://www2s.biglobe.ne.jp/~t_aoyagi/railway/free/map/toei02.gif'],,['都電、都バスは乗車できません。'],1,"都営地下鉄各駅 
 (押上,目黒,白金台,白金高輪及び新宿線新宿を除く。)",東京都交通局 電車部営業課 TEL:03-5320-6075,,https://www.kotsu.metro.tokyo.jp/subway/fare/otoku_subway_oneday.html,"[{'text': '東京都交通局', 'url': 'https://www.kotsu.metro.tokyo.jp/subway/fare/otoku_subway_oneday.html'}]",,https://www2s.biglobe.ne.jp/~t_aoyagi/railway/free/toei23.htm,toei23.htm,132,2026-08-10 01:30:50.424840+00:00,都営地下鉄ワンデーパス PASMOワンデーパス,,,,https://www2s.biglobe.ne.jp/~t_aoyagi/railway/free/toei23.htm
toei92,ポケモン×工芸展－美とわざの大発見－都営まるごときっぷ,東京都交通局,['東京都交通局'],1,FALSE,kanto,関東,关东,['関東'],kikan,期間限定タイプ,期间限定,['実券'],TRUE,FALSE,ended,終了,,,700,350,350,大人：700円／小人：350円,１日,1,2024年11月1日〜2025年2月2日,2024年11月1日〜2025年2月2日,,['https://www2s.biglobe.ne.jp/~t_aoyagi/railway/free/map/toei03.gif'],,['座席定員制のバスは乗車できません。'],1,"都営浅草線：浅草,日本橋,五反田 
 
都営三田線：高島平,大手町 
 
都営新宿線：瑞江 
 
都営大江戸線：光が丘,六本木,大門",都営交通お客様センター TEL:03-3816-5700,,https://www.kotsu.metro.tokyo.jp/pickup_information/news/subway/2024/sub_p_2024103011760_h.html,"[{'text': '東京都交通局', 'url': 'https://www.kotsu.metro.tokyo.jp/pickup_information/news/subway/2024/sub_p_2024103011760_h.html'}]",,https://www2s.biglobe.ne.jp/~t_aoyagi/railway/free/toei92.htm,toei92.htm,133,2026-08-10 01:30:50.424840+00:00,ポケモン×工芸展－美とわざの大発見－ 都営まるごときっぷ,"10,000枚",,,https://www2s.biglobe.ne.jp/~t_aoyagi/railway/free/toei92.htm
tokyu01,世田谷線散策きっぷ,東京急行電鉄,['東京急行電鉄'],1,FALSE,kanto,関東,关东,['関東'],tunen,通年発売タイプ,全年发售,['実券' 'デジタル'],TRUE,TRUE,on_sale,発売中,,,100,190,100,"駅売り 大人：380円／小人：190円 
 Q SKIP 大人：360円 
 2026年3月13日〜3月19日 Q SKIP 大人：100円",１日間,1,通年,発売当日限り,,['https://www2s.biglobe.ne.jp/~t_aoyagi/railway/free/map/tokyu01.gif'],,[],0,"三軒茶屋,下高井戸 
 電子乗車券： Klook Q SKIP",東急電鉄 TEL:03-3477-0109,,http://www.tokyu.co.jp/railway/ticket/types/value_ticket/setagaya_ticket.html,"[{'text': '東急電鉄', 'url': 'http://www.tokyu.co.jp/railway/ticket/types/value_ticket/setagaya_ticket.html'}
 {'text': 'Q SKIP', 'url': 'https://www.q-skip.tokyu.co.jp/tickets/8'}
 {'text': 'Klook', 'url': 'https://www.klook.com/ja/activity/76498-setagaya-line-explorer-ticket-dynamic-voucher/'}]",,https://www2s.biglobe.ne.jp/~t_aoyagi/railway/free/tokyu01.htm,tokyu01.htm,134,2026-08-10 01:30:50.424840+00:00,世田谷線散策きっぷ,,,,https://www2s.biglobe.ne.jp/~t_aoyagi/railway/free/tokyu01.htm
tokyu02,東急線トライアングルパス,東京急行電鉄,['東京急行電鉄'],1,FALSE,kanto,関東,关东,['関東'],tunen,通年発売タイプ,全年发售,['実券' 'デジタル'],TRUE,TRUE,on_sale,発売中,,,450,240,240,"駅売り 大人：470円／小人：240円 
 Q SKIP 大人：450円",１日間,1,通年,通年,,['https://www2s.biglobe.ne.jp/~t_aoyagi/railway/free/map/tokyu93.gif'],,[],0,"東急線各駅の券売機 
 Q SKIP",東急電鉄・東急お客さまセンター TEL:03-3477-0109,,http://www.tokyu.co.jp/railway/ticket/types/value_ticket/triangle_ticket.html,"[{'text': '東急電鉄', 'url': 'http://www.tokyu.co.jp/railway/ticket/types/value_ticket/triangle_ticket.html'}
 {'text': 'Q SKIP', 'url': 'https://www.q-skip.tokyu.co.jp/tickets/6'}]",,https://www2s.biglobe.ne.jp/~t_aoyagi/railway/free/tokyu02.htm,tokyu02.htm,135,2026-08-10 01:30:50.424840+00:00,東急線トライアングルパス,,,,https://www2s.biglobe.ne.jp/~t_aoyagi/railway/free/tokyu02.htm
tokyu03,横浜中華街旅グルメきっぷ,東京急行電鉄,['東京急行電鉄'],1,FALSE,kanto,関東,关东,['関東'],tunen,通年発売タイプ,全年发售,['実券'],TRUE,FALSE,on_sale,発売中,,,3300,2200,2200,"大人：3,300円／小人：2,200円",１日間,1,通年,通年,,['https://www2s.biglobe.ne.jp/~t_aoyagi/railway/free/map/tokyu03.gif'],,[],0,"東急線各駅(横浜駅,こどもの国線,世田谷線各駅を除く)の窓口",東急電鉄 TEL:03-3477-0109,,http://www.tokyu.co.jp/railway/ticket/types/value_ticket/tabigurume_ticket.html,"[{'text': '東急電鉄', 'url': 'http://www.tokyu.co.jp/railway/ticket/types/value_ticket/tabigurume_ticket.html'}]",,https://www2s.biglobe.ne.jp/~t_aoyagi/railway/free/tokyu03.htm,tokyu03.htm,136,2026-08-10 01:30:50.424840+00:00,横浜中華街旅グルメきっぷ,,,,https://www2s.biglobe.ne.jp/~t_aoyagi/railway/free/tokyu03.htm
tokyu91,東急線ワンデーパス,東京急行電鉄,['東京急行電鉄'],1,FALSE,kanto,関東,关东,['関東'],tunen,通年発売タイプ,全年发售,['実券' 'デジタル'],TRUE,TRUE,on_sale,発売中,,,740,390,390,"駅売り 大人：780円／小人：390円 
 Q SKIP 大人：740円",１日間,1,通年,通年,,['https://www2s.biglobe.ne.jp/~t_aoyagi/railway/free/map/tokyu.gif'],,[],0,"東急線各駅(こどもの国線,世田谷線各駅を除く)の自動券売機 
 Q SKIP",東急電鉄 TEL:03-3477-0109,,https://www.tokyu.co.jp/railway/ticket/value-ticket/oneday-pass/,"[{'text': '東急電鉄', 'url': 'https://www.tokyu.co.jp/railway/ticket/value-ticket/oneday-pass/'}
 {'text': 'Q SKIP', 'url': 'https://www.q-skip.tokyu.co.jp/tickets/4'}]",,https://www2s.biglobe.ne.jp/~t_aoyagi/railway/free/tokyu91.htm,tokyu91.htm,137,2026-08-10 01:30:50.424840+00:00,東急線ワンデーパス,,,,https://www2s.biglobe.ne.jp/~t_aoyagi/railway/free/tokyu91.htm
tokyu95,東急線・東急バス 一日乗り放題パス,東京急行電鉄,['東京急行電鉄'],1,FALSE,kanto,関東,关东,['関東'],tunen,通年発売タイプ,全年发售,['実券' 'デジタル'],TRUE,TRUE,on_sale,発売中,,,1060,560,560,"駅売り 大人：1,110円／小人：560円 
 Q SKIP 大人：1,060円",１日間,1,発売中,発売中,,['https://www2s.biglobe.ne.jp/~t_aoyagi/railway/free/map/tokyu95.gif'],,"['以下の路線は対象外(空港連絡バス,高速乗り合いバス,通勤高速バス,深夜急行バス,ハチ公バス(上原・富ヶ谷ルート、本町・笹塚循環ルート、神宮前・千駄ヶ谷ルート),溝の口〜新横浜間直行バス)'
 '深夜バスは、普通運賃との差額を支払うことで乗車可能']",2,"東急線各駅自動券売機(世田谷線,こどもの国線を除く) 
 Q SKIP",東急電鉄・東急お客さまセンター TEL:03-3477-0109,,http://www.tokyu.co.jp/railway/ticket/types/value_ticket/ichinichinorihodai_ticket.html,"[{'text': '東急電鉄', 'url': 'http://www.tokyu.co.jp/railway/ticket/types/value_ticket/ichinichinorihodai_ticket.html'}
 {'text': 'Q SKIP', 'url': 'https://www.q-skip.tokyu.co.jp/tickets/32'}]",,https://www2s.biglobe.ne.jp/~t_aoyagi/railway/free/tokyu95.htm,tokyu95.htm,138,2026-08-10 01:30:50.424840+00:00,東急線・東急バス 一日乗り放題パス,,,,https://www2s.biglobe.ne.jp/~t_aoyagi/railway/free/tokyu95.htm
tokyu05,東急線みなとみらい線ワンデーパス,東京急行電鉄,['東京急行電鉄' '横浜高速鉄道'],2,TRUE,kanto,関東,关东,['関東'],tunen,通年発売タイプ,全年发售,['デジタル'],FALSE,TRUE,on_sale,発売中,,,780,610,610,"大人：1,220円／小人：610円 
 Q SKIP 大人：1,190円 
 2025年6月9日〜2025年7月6日 Q SKIP 大人：780円",１日間,1,通年,通年,,['https://www2s.biglobe.ne.jp/~t_aoyagi/railway/free/map/tokyu03.gif'],,['別途、「PASMO」が必要。 (モバイルPASMO、ApplePayのPASMO、PASMO定期券、クレジット一体型PASMO、PASMO以外のICカードを除く)'],1,"東急線各駅(こどもの国線,世田谷線各駅を除く)の券売機 
 Q SKIP",東急電鉄 TEL:03-3477-0109,,https://www.tokyu.co.jp/railway/ticket/types/value_ticket/minatomirai_onedayticket.html,"[{'text': '東急電鉄', 'url': 'https://www.tokyu.co.jp/railway/ticket/types/value_ticket/minatomirai_onedayticket.html'}
 {'text': 'Q SKIP', 'url': 'https://www.q-skip.tokyu.co.jp/tickets/59'}
 {'text': 'Q SKIP', 'url': 'https://www.q-skip.tokyu.co.jp/campaign/2'}]",,https://www2s.biglobe.ne.jp/~t_aoyagi/railway/free/tokyu05.htm,tokyu05.htm,139,2026-08-10 01:30:50.424840+00:00,東急線みなとみらい線ワンデーパス,,,,https://www2s.biglobe.ne.jp/~t_aoyagi/railway/free/tokyu05.htm
tokyu07,池上線・東急多摩川線ワンデーパス,東京急行電鉄,['東京急行電鉄'],1,FALSE,kanto,関東,关东,['関東'],tunen,通年発売タイプ,全年发售,['デジタル'],FALSE,TRUE,on_sale,発売中,,,220,,220,"Q SKIP 大人：440円 
 2025年6月9日〜2025年7月6日 Q SKIP 大人：220円",１日間,1,通年,通年,,['https://www2s.biglobe.ne.jp/~t_aoyagi/railway/free/map/tokyu07.gif'],,[],0,Q SKIP,東急電鉄・東急お客さまセンター TEL:03-3477-0109,,https://www.tokyu.co.jp/railway/ticket/types/value_ticket/iketama_ticket.html,"[{'text': '東急電鉄', 'url': 'https://www.tokyu.co.jp/railway/ticket/types/value_ticket/iketama_ticket.html'}
 {'text': 'Q SKIP', 'url': 'https://www.q-skip.tokyu.co.jp/tickets/7'}
 {'text': 'Q SKIP', 'url': 'https://www.q-skip.tokyu.co.jp/campaign/2'}]",,https://www2s.biglobe.ne.jp/~t_aoyagi/railway/free/tokyu07.htm,tokyu07.htm,140,2026-08-10 01:30:50.424840+00:00,池上線・東急多摩川線ワンデーパス,,,,https://www2s.biglobe.ne.jp/~t_aoyagi/railway/free/tokyu07.htm
sotetsutokyu01,相鉄・東急 共通1日乗車券,東京急行電鉄,['東京急行電鉄' '相模鉄道'],2,TRUE,kanto,関東,关东,['関東'],tunen,通年発売タイプ,全年发售,[],FALSE,FALSE,on_sale,発売中,,,1300,520,520,"大人：1,300円／小人：520円",１日,1,2024年3月16日〜通年,2024年3月16日〜通年,,['https://www2s.biglobe.ne.jp/~t_aoyagi/railway/free/map/sotetsu-tokyu.gif'],,['別途、「PASMO」が必要。 (モバイルPASMO、ApplePayのPASMO、PASMO定期券、クレジット一体型PASMO、PASMO以外のICカードを除く)'],1,"相鉄線,東急線(世田谷線・こどもの国線を除く)各駅の自動券売機",相鉄お客様センター TEL:045-319-2111,,https://www.sotetsu.co.jp/pressrelease/train/r24-43/,"[{'text': '相模鉄道', 'url': 'https://www.sotetsu.co.jp/pressrelease/train/r24-43/'}
 {'text': '東急電鉄', 'url': 'https://www.tokyu.co.jp/information/list/Pid%3Dpost_53471.html'}]",,https://www2s.biglobe.ne.jp/~t_aoyagi/railway/free/sotetsutokyu01.htm,sotetsutokyu01.htm,141,2026-08-10 01:30:50.424840+00:00,相鉄・東急 共通1日乗車券,,,,https://www2s.biglobe.ne.jp/~t_aoyagi/railway/free/sotetsutokyu01.htm
tokyu92,東急線キッズパス,東京急行電鉄,['東京急行電鉄'],1,FALSE,kanto,関東,关东,['関東'],holiday,週末限定タイプ,周末限定,['実券'],TRUE,FALSE,on_sale,発売中,,,100,,100,大人：-／小人：100円,１日間,1,土休日の始発〜22:30,"土休日 
 2026年3月20日〜2026年4月5日の毎日 
 2026年7月17日〜2026年8月30日の毎日",,['https://www2s.biglobe.ne.jp/~t_aoyagi/railway/free/map/tokyu.gif'],,[],0,"東急線各駅(こどもの国線,世田谷線各駅を除く)の券売機 
 Q SKIP （https://www.q-skip.tokyu.co.jp/）",東急電鉄 TEL:03-3477-0109,,https://www.tokyu.co.jp/railway/ticket/types/value_ticket/kidspass_ticket.html,"[{'text': '東急電鉄', 'url': 'https://www.tokyu.co.jp/railway/ticket/types/value_ticket/kidspass_ticket.html'}]",,https://www2s.biglobe.ne.jp/~t_aoyagi/railway/free/tokyu92.htm,tokyu92.htm,142,2026-08-10 01:30:50.424840+00:00,東急線キッズパス,,,,https://www2s.biglobe.ne.jp/~t_aoyagi/railway/free/tokyu92.htm
tokyu81,東急線・東京メトロ共通１日乗車券,東京急行電鉄,['東京急行電鉄'],1,FALSE,kanto,関東,关东,['関東'],kikan,期間限定タイプ,期间限定,[],FALSE,FALSE,on_sale,発売中,,,1280,640,640,"大人：1,280円／小人：640円",１日間,1,通年,通年,,['https://www2s.biglobe.ne.jp/~t_aoyagi/railway/free/map/tokyu81.gif'],,['別途、「PASMO」が必要。 (モバイルPASMO、ApplePayのPASMO、PASMO定期券、クレジット一体型PASMO、PASMO以外のICカードを除く)'],1,"東急線各駅(こどもの国線,世田谷線各駅を除く)の券売機",東急電鉄 TEL:03-3477-0109,,https://www.tokyu.co.jp/railway/ticket/types/value_ticket/metro_onedayticket.html,"[{'text': '東急電鉄', 'url': 'https://www.tokyu.co.jp/railway/ticket/types/value_ticket/metro_onedayticket.html'}]",,https://www2s.biglobe.ne.jp/~t_aoyagi/railway/free/tokyu81.htm,tokyu81.htm,143,2026-08-10 01:30:50.424840+00:00,東急線・東京メトロ共通１日乗車券,,,,https://www2s.biglobe.ne.jp/~t_aoyagi/railway/free/tokyu81.htm
tokyu82,東急線・都営地下鉄・東京メトロ共通１日乗車券,東京急行電鉄,['東京急行電鉄'],1,FALSE,kanto,関東,关东,['関東'],kikan,期間限定タイプ,期间限定,[],FALSE,FALSE,on_sale,発売中,,,1680,840,840,"大人：1,680円／小人：840円",１日間,1,通年,通年,,['https://www2s.biglobe.ne.jp/~t_aoyagi/railway/free/map/tokyu82.gif'],,['別途、「PASMO」が必要。 (モバイルPASMO、ApplePayのPASMO、PASMO定期券、クレジット一体型PASMO、PASMO以外のICカードを除く)'],1,"東急線各駅(こどもの国線,世田谷線各駅を除く)の券売機",東急電鉄 TEL:03-3477-0109,,https://www.tokyu.co.jp/railway/ticket/types/value_ticket/subway_metro_onedayticket.html,"[{'text': '東急電鉄', 'url': 'https://www.tokyu.co.jp/railway/ticket/types/value_ticket/subway_metro_onedayticket.html'}]",,https://www2s.biglobe.ne.jp/~t_aoyagi/railway/free/tokyu82.htm,tokyu82.htm,144,2026-08-10 01:30:50.424840+00:00,東急線・都営地下鉄・東京メトロ共通１日乗車券,,,,https://www2s.biglobe.ne.jp/~t_aoyagi/railway/free/tokyu82.htm
keikyu01,横浜1DAYきっぷ,京浜急行電鉄,['京浜急行電鉄'],1,FALSE,kanto,関東,关东,['関東'],tunen,通年発売タイプ,全年发售,['実券'],TRUE,FALSE,on_sale,発売中,,,1070,530,530,"大人：1,070円／小人：530円",１日間,1,通年,発売当日限り,,['https://www2s.biglobe.ne.jp/~t_aoyagi/railway/free/map/keikyu01.gif'],,['横浜市営地下鉄線の吉野町〜上大岡間は乗車できるが、途中下車不可。'],1,"横浜〜上大岡の各駅 
 京急線各駅（泉岳寺を除く）では、フリー区間までの往復運賃をセットにして発売している。",京浜急行 TEL:03-3280-9144(鉄道営業部),,http://www.keikyu.co.jp/information/otoku/otoku_yokohama/index.html,"[{'text': '京浜急行電鉄', 'url': 'http://www.keikyu.co.jp/information/otoku/otoku_yokohama/index.html'}]",,https://www2s.biglobe.ne.jp/~t_aoyagi/railway/free/keikyu01.htm,keikyu01.htm,145,2026-08-10 01:30:50.424840+00:00,横浜1DAYきっぷ,,,,https://www2s.biglobe.ne.jp/~t_aoyagi/railway/free/keikyu01.htm
keikyu03,東京1DAYきっぷ,京浜急行電鉄,['京浜急行電鉄'],1,FALSE,kanto,関東,关东,['関東'],tunen,通年発売タイプ,全年发售,['実券'],TRUE,FALSE,on_sale,発売中,,,910,450,450,大人：910円／小人：450円,１日間,1,通年,発売当日限り,,['https://www2s.biglobe.ne.jp/~t_aoyagi/railway/free/map/keikyu03.gif'],,['都バスは、深夜バス，座席定員制バス，その他交通局規程で定める運行系統を除く。'],1,"品川駅 
 京急線各駅(泉岳寺を除く)では、フリー区間までの往復運賃をセットにして発売している。",京浜急行 TEL:03-3280-9144(鉄道営業部),,http://www.keikyu.co.jp/information/otoku/otoku_tokyo/index.html,"[{'text': '京浜急行電鉄', 'url': 'http://www.keikyu.co.jp/information/otoku/otoku_tokyo/index.html'}]",,https://www2s.biglobe.ne.jp/~t_aoyagi/railway/free/keikyu03.htm,keikyu03.htm,146,2026-08-10 01:30:50.424840+00:00,東京1DAYきっぷ,,,,https://www2s.biglobe.ne.jp/~t_aoyagi/railway/free/keikyu03.htm
keikyu02,三浦半島1DAYきっぷ,京浜急行電鉄,['京浜急行電鉄'],1,FALSE,kanto,関東,关东,['関東'],tunen,通年発売タイプ,全年发售,['実券'],TRUE,FALSE,on_sale,発売中,,,1260,500,500,"大人：1,260円／小人：500円",１日間,1,通年,発売当日限り,,['https://www2s.biglobe.ne.jp/~t_aoyagi/railway/free/map/keikyu02.gif'],,[],0,"フリー区間各駅 
 京急線各駅(泉岳寺を除く)では、フリー区間までの往復運賃をセットにして発売している。2日間有効もあり。",京浜急行 TEL:03-3280-9144(鉄道営業部),,https://www.keikyu.co.jp/visit/otoku/otoku_miura.html,"[{'text': '京浜急行電鉄', 'url': 'https://www.keikyu.co.jp/visit/otoku/otoku_miura.html'}]",,https://www2s.biglobe.ne.jp/~t_aoyagi/railway/free/keikyu02.htm,keikyu02.htm,147,2026-08-10 01:30:50.424840+00:00,三浦半島1DAYきっぷ,,,,https://www2s.biglobe.ne.jp/~t_aoyagi/railway/free/keikyu02.htm
keikyu08,三浦半島まるごときっぷ,京浜急行電鉄,['京浜急行電鉄'],1,FALSE,kanto,関東,关东,['関東'],tunen,通年発売タイプ,全年发售,['実券' 'デジタル'],TRUE,TRUE,on_sale,発売中,,,4300,3420,3420,"磁気券 大人：4,500円／小人：3,420円 
 デジタル券 大人：4,300円／小人：3,420円",2日間,2,通年,発売当日限り,,['https://www2s.biglobe.ne.jp/~t_aoyagi/railway/free/map/keikyu02.gif'],,['指定店舗での食事券' '施設利用orおみやげ券 がセットになっている。'],2,"フリー区間各駅 
 京急線各駅(泉岳寺を除く)では、フリー区間までの往復運賃をセットにして発売している。 
 デジタル券： 三浦COCOON",京浜急行 TEL:03-3280-9144(鉄道営業部),,https://www.keikyu.co.jp/visit/otoku/marugoto/,"[{'text': '京浜急行電鉄', 'url': 'https://www.keikyu.co.jp/visit/otoku/marugoto/'}
 {'text': '三浦COCOON', 'url': 'https://miuracocoon.com/tickets/'}]",,https://www2s.biglobe.ne.jp/~t_aoyagi/railway/free/keikyu08.htm,keikyu08.htm,148,2026-08-10 01:30:50.424840+00:00,三浦半島まるごときっぷ,,,,https://www2s.biglobe.ne.jp/~t_aoyagi/railway/free/keikyu08.htm
keikyu04,よこすか満喫きっぷ,京浜急行電鉄,['京浜急行電鉄'],1,FALSE,kanto,関東,关东,['関東'],tunen,通年発売タイプ,全年发售,['実券' 'デジタル'],TRUE,TRUE,on_sale,発売中,,,3010,2500,2500,"磁気乗車券 大人：3,210円／小人：2,500円 
 デジタルきっぷ 大人：3,010円／小人：2,500円",１日間,1,通年,通年,,['https://www2s.biglobe.ne.jp/~t_aoyagi/railway/free/map/keikyu04.gif'],,[],0,"磁気券 ：フリー区間内各駅券売機 
 デジタル券 ： 三浦COCOON",京浜急行電鉄ご案内センター TEL:03-5789-8686 または 045-441-0999,,https://www.keikyu.co.jp/visit/otoku/yokosuka_mankitsu/,"[{'text': '京浜急行電鉄', 'url': 'https://www.keikyu.co.jp/visit/otoku/yokosuka_mankitsu/'}
 {'text': '三浦COCOON', 'url': 'https://miuracocoon.com/tickets/ot001/'}]",,https://www2s.biglobe.ne.jp/~t_aoyagi/railway/free/keikyu04.htm,keikyu04.htm,149,2026-08-10 01:30:50.424840+00:00,よこすか満喫きっぷ,,,,https://www2s.biglobe.ne.jp/~t_aoyagi/railway/free/keikyu04.htm
keikyu11,京急全線1日フリーパス,京浜急行電鉄,['京浜急行電鉄'],1,FALSE,kanto,関東,关东,['関東'],tunen,通年発売タイプ,全年发售,[],FALSE,FALSE,on_sale,発売中,,,2000,,2000,"大人：2,000円／小人：----円",１日間,1,発売中,発売当日,,['https://www2s.biglobe.ne.jp/~t_aoyagi/railway/free/map/keikyu11.gif'],,"['PASMO(記名・無記名)が必要 (モバイルPASMO,ApplePayのPASMO,PASMO定期券,クレジット一体型PASMO,PASMO以外のICカードを除く)']",1,京急各駅窓口(泉岳寺駅を除く),京急ご案内センター TEL：03-5789-8686,,https://www.keikyu.co.jp/visit/otoku/otoku_pasmo_ensen.html,"[{'text': '京浜急行電鉄', 'url': 'https://www.keikyu.co.jp/visit/otoku/otoku_pasmo_ensen.html'}]",,https://www2s.biglobe.ne.jp/~t_aoyagi/railway/free/keikyu11.htm,keikyu11.htm,150,2026-08-10 01:30:50.424840+00:00,京急全線1日フリーパス,,,,https://www2s.biglobe.ne.jp/~t_aoyagi/railway/free/keikyu11.htm
keikyu12,京急線・京急バス1日フリーパス,京浜急行電鉄,['京浜急行電鉄'],1,FALSE,kanto,関東,关东,['関東'],tunen,通年発売タイプ,全年发售,[],FALSE,FALSE,on_sale,発売中,,,3200,,3200,"大人：3,200円／小人：---円",１日間,1,発売中,購入から24時間,,['https://www2s.biglobe.ne.jp/~t_aoyagi/railway/free/map/keikyu12.gif'],,"['PASMO(記名・無記名)が必要 (モバイルPASMO,ApplePayのPASMO,PASMO定期券,クレジット一体型PASMO,PASMO以外のICカードを除く)']",1,京急各駅窓口(泉岳寺駅を除く),京急ご案内センター TEL：03-5789-8686,,https://www.keikyu.co.jp/visit/otoku/otoku_pasmo_ensen.html,"[{'text': '京浜急行電鉄', 'url': 'https://www.keikyu.co.jp/visit/otoku/otoku_pasmo_ensen.html'}]",,https://www2s.biglobe.ne.jp/~t_aoyagi/railway/free/keikyu12.htm,keikyu12.htm,151,2026-08-10 01:30:50.424840+00:00,京急線・京急バス1日フリーパス,,,,https://www2s.biglobe.ne.jp/~t_aoyagi/railway/free/keikyu12.htm
keikyu13,東京周遊パス,京浜急行電鉄,['京浜急行電鉄'],1,FALSE,kanto,関東,关东,['関東'],tunen,通年発売タイプ,全年发售,[],FALSE,FALSE,on_sale,発売中,,,1110,600,600,"大人：1,110円／小人：600円",１日間,1,発売中,発売当日,,['https://www2s.biglobe.ne.jp/~t_aoyagi/railway/free/map/keikyu13.gif'],,"['PASMO(記名・無記名)が必要 (モバイルPASMO,ApplePayのPASMO,PASMO定期券,クレジット一体型PASMO,PASMO以外のICカードを除く)']",1,品川,京急ご案内センター TEL：03-5789-8686,,https://www.keikyu.co.jp/visit/otoku/otoku_pasmo_ensen.html,"[{'text': '京浜急行電鉄', 'url': 'https://www.keikyu.co.jp/visit/otoku/otoku_pasmo_ensen.html'}]",,https://www2s.biglobe.ne.jp/~t_aoyagi/railway/free/keikyu13.htm,keikyu13.htm,152,2026-08-10 01:30:50.424840+00:00,東京周遊パス,,,,https://www2s.biglobe.ne.jp/~t_aoyagi/railway/free/keikyu13.htm
odakyu11,丹沢・大山フリーパス,小田急電鉄,['小田急電鉄'],1,FALSE,kanto,関東,关东,['関東'],tunen,通年発売タイプ,全年发售,['実券' 'デジタル'],TRUE,TRUE,on_sale,発売中,,,790,400,400,"Ａきっぷ 大人：1,750円／小人：880円 
 Ｂきっぷ 大人：790円／小人：400円",２日間,2,通年,通年,,['https://www2s.biglobe.ne.jp/~t_aoyagi/railway/free/map/odakyu11.gif'],,[],0,"小田急線・本厚木〜渋沢間の各駅自動販売機 
 小田急トラベル各営業所 
 EMot",小田急電鉄・小田急お客さまセンター TEL:03-3481-0066,,https://www.odakyu-freepass.jp/tanzawa/,"[{'text': '小田急電鉄', 'url': 'https://www.odakyu-freepass.jp/tanzawa/'}
 {'text': 'ＭａａＳアプリ「ＥＭｏｔ」', 'url': 'https://www.emot.jp/service/detail/tanzawaoyama_freepass.html'}]",,https://www2s.biglobe.ne.jp/~t_aoyagi/railway/free/odakyu11.htm,odakyu11.htm,153,2026-08-10 01:30:50.424840+00:00,丹沢・大山フリーパス,,,,https://www2s.biglobe.ne.jp/~t_aoyagi/railway/free/odakyu11.htm
keio02,京王線・井の頭線一日乗車券,京王電鉄,['京王電鉄'],1,FALSE,kanto,関東,关东,['関東'],tunen,通年発売タイプ,全年发售,['実券'],TRUE,FALSE,on_sale,発売中,,,1000,500,500,"大人：1,000円／小人：500円",１日,1,通年,通年,,['https://www2s.biglobe.ne.jp/~t_aoyagi/railway/free/map/keio.gif'],,[],0,京王線・井の頭線各駅,京王お客さまセンター TEL:03-3325-6644,,https://www.keio.co.jp/train/ticket/profitable/#section4,"[{'text': '京王電鉄', 'url': 'https://www.keio.co.jp/train/ticket/profitable/#section4'}]",,https://www2s.biglobe.ne.jp/~t_aoyagi/railway/free/keio02.htm,keio02.htm,154,2026-08-10 01:30:50.424840+00:00,京王線・井の頭線一日乗車券,,,,https://www2s.biglobe.ne.jp/~t_aoyagi/railway/free/keio02.htm
keio01,京王アミューズメントパスポート,京王電鉄,['京王電鉄'],1,FALSE,kanto,関東,关东,['関東'],tunen,通年発売タイプ,全年发售,['実券'],TRUE,FALSE,on_sale,発売中,,,4460,3030,3030,"遊園地 大人 小人 中高生 
 よみうりランド 5,620円 3,920円 4,530円 
 東京サマーランド 5,470円 3,090円 4,470円 
 サンリオ 
 ピューロランド 4,460円 3,030円 3,360円",１日,1,"通年 
 「東京サマーランド」は7月〜9月までの季節販売",通年,"セット券内容 
 
 
 遊園地 内容 
 よみうりランド 
 
 ワンデーパス 
 
※ゴンドラ,プールWAIは別料金
 
 東京サマーランド 
 １Ｄａｙパス 
 西東京バス往復乗車券 
 ※京王八王子駅発着 
 サンリオ 
 ピューロランド 
 パスポート",['https://www2s.biglobe.ne.jp/~t_aoyagi/railway/free/map/keio.gif'],,[],0,京王線・井の頭線各駅,京王電鉄 TEL:,,https://www.keio.co.jp/train/ticket/profitable/#section1,"[{'text': '京王電鉄', 'url': 'https://www.keio.co.jp/train/ticket/profitable/#section1'}]",,https://www2s.biglobe.ne.jp/~t_aoyagi/railway/free/keio01.htm,keio01.htm,155,2026-08-10 01:30:50.424840+00:00,京王アミューズメントパスポート,,,,https://www2s.biglobe.ne.jp/~t_aoyagi/railway/free/keio01.htm
keio03,いのかしら おでかけきっぷ,京王電鉄,['京王電鉄'],1,FALSE,kanto,関東,关东,['関東'],tunen,通年発売タイプ,全年发售,['実券'],TRUE,FALSE,on_sale,発売中,,,580,290,290,大人：580円／小人：290円,１日,1,通年,通年,,['https://www2s.biglobe.ne.jp/~t_aoyagi/railway/free/map/keio03.gif'],,[],0,"井の頭線全線 
 京王線新宿〜明大前間の各駅自動券売機",京王お客さまセンター TEL:03-3325-6644,,https://www.keio.co.jp/train/ticket/profitable/index.html,"[{'text': '京王電鉄', 'url': 'https://www.keio.co.jp/train/ticket/profitable/index.html'}]",,https://www2s.biglobe.ne.jp/~t_aoyagi/railway/free/keio03.htm,keio03.htm,156,2026-08-10 01:30:50.424840+00:00,いのかしら おでかけきっぷ,,,,https://www2s.biglobe.ne.jp/~t_aoyagi/railway/free/keio03.htm
keio103,「京王電鉄×PERSONA30th ANNIVERSARY 京王線・井の頭線一日乗車券,京王電鉄,['京王電鉄'],1,FALSE,kanto,関東,关东,['関東'],kikan,期間限定タイプ,期间限定,['実券'],TRUE,FALSE,ended,終了,,,1500,,1500,"大人：1,500円",１日,1,2026年2月6日〜2026年9月30日,2026年2月6日〜2026年9月30日,,['https://www2s.biglobe.ne.jp/~t_aoyagi/railway/free/map/keio.gif'],,[],0,"新宿,桜上水,府中,渋谷,吉祥寺",京王お客さまセンター TEL:042-357-6161,,https://www.keio.co.jp/news/update/news_release/news_release2025/pdf/nr20250109_persona.pdf,"[{'text': '京王電鉄', 'url': 'https://www.keio.co.jp/news/update/news_release/news_release2025/pdf/nr20250109_persona.pdf'}]",,https://www2s.biglobe.ne.jp/~t_aoyagi/railway/free/keio103.htm,keio103.htm,157,2026-08-10 01:30:50.424840+00:00,「京王電鉄×PERSONA30th ANNIVERSARY 京王線・井の頭線一日乗車券,,,,https://www2s.biglobe.ne.jp/~t_aoyagi/railway/free/keio103.htm
keio105,『銀魂』春のぶらり旅〜どうせ暇だろ、コノヤロー。〜×京王電鉄 京王線・井の頭線一日乗車券,京王電鉄,['京王電鉄'],1,FALSE,kanto,関東,关东,['関東'],kikan,期間限定タイプ,期间限定,['実券'],TRUE,FALSE,ended,終了,,,1500,,1500,"大人：1,500円",１日,1,2026年2月28日〜2026年8月31日,2026年2月28日〜2026年8月31日,,['https://www2s.biglobe.ne.jp/~t_aoyagi/railway/free/map/keio.gif'],,[],0,"新宿,調布,高幡不動,高尾,渋谷",京王お客さまセンター TEL:03-3325-6644,,https://www.keio.co.jp/news/update/news_release/news_release2025/pdf/nr20260206_gintama.pdf,"[{'text': '京王電鉄', 'url': 'https://www.keio.co.jp/news/update/news_release/news_release2025/pdf/nr20260206_gintama.pdf'}]",,https://www2s.biglobe.ne.jp/~t_aoyagi/railway/free/keio105.htm,keio105.htm,158,2026-08-10 01:30:50.424840+00:00,『銀魂』春のぶらり旅〜どうせ暇だろ、コノヤロー。〜×京王電鉄 京王線・井の頭線一日乗車券,,,,https://www2s.biglobe.ne.jp/~t_aoyagi/railway/free/keio105.htm
keio107,銀河特急 ミルキー☆サブウェイ×京王電鉄 京王線・井の頭線一日乗車券,京王電鉄,['京王電鉄'],1,FALSE,kanto,関東,关东,['関東'],kikan,期間限定タイプ,期间限定,['実券'],TRUE,FALSE,ended,終了,,,1500,,1500,"大人：1,500円",１日,1,2026年5月1日〜2026年8月31日,2026年5月1日〜2026年8月31日,,['https://www2s.biglobe.ne.jp/~t_aoyagi/railway/free/map/keio.gif'],,[],0,"新宿,桜上水,府中,渋谷,吉祥寺",京王お客さまセンター TEL:03-3325-6644,,https://www.keio.co.jp/news/update/news_release/news_release2026/pdf/nr20260413_milkygalacticuniverse.pdf,"[{'text': '京王電鉄', 'url': 'https://www.keio.co.jp/news/update/news_release/news_release2026/pdf/nr20260413_milkygalacticuniverse.pdf'}]",,https://www2s.biglobe.ne.jp/~t_aoyagi/railway/free/keio107.htm,keio107.htm,159,2026-08-10 01:30:50.424840+00:00,銀河特急 ミルキー☆サブウェイ×京王電鉄 京王線・井の頭線一日乗車券,,,,https://www2s.biglobe.ne.jp/~t_aoyagi/railway/free/keio107.htm
yurikamome03,ゆりかもめ24時間券,ゆりかもめ,['ゆりかもめ'],1,FALSE,kanto,関東,关东,['関東'],tunen,通年発売タイプ,全年发售,[],FALSE,FALSE,on_sale,発売中,,,900,450,450,大人：900円 小人：450円,購入した時間から24時間,1,通年,通年,,['https://www2s.biglobe.ne.jp/~t_aoyagi/railway/free/map/yurikamome.gif'],,['PASMO専用'],1,各駅の自動券売機,ゆりかもめ 営業課 03-3529-7782,,https://www.yurikamome.co.jp/ticket/coupon.html?type=24hour,"[{'text': 'ゆりかもめ', 'url': 'https://www.yurikamome.co.jp/ticket/coupon.html?type=24hour'}]",,https://www2s.biglobe.ne.jp/~t_aoyagi/railway/free/yurikamome03.htm,yurikamome03.htm,160,2026-08-10 01:30:50.424840+00:00,ゆりかもめ24時間券,,,,https://www2s.biglobe.ne.jp/~t_aoyagi/railway/free/yurikamome03.htm
yurikamome11,【ゆりかもめEnjoy Pass】ゆりかもめ一日乗車券,ゆりかもめ,['ゆりかもめ'],1,FALSE,kanto,関東,关东,['関東'],tunen,通年発売タイプ,全年发售,['デジタル'],FALSE,TRUE,on_sale,発売中,,,820,200,200,"大人：820円 小人：410円 
 2026/7/22〜11/30 小人：200円",１日,1,発売中,購入日より90日以内,,['https://www2s.biglobe.ne.jp/~t_aoyagi/railway/free/map/yurikamome.gif'],,[],0,ゆりかもめEnjoy Pass ジョルダンモバイルチケット,ゆりかもめ 営業課 03-3529-7782,,https://ars-yurikamome.triplabo.jp/activity/ja/LINKTIVITY-XUW91,"[{'text': 'ゆりかもめ', 'url': 'https://ars-yurikamome.triplabo.jp/activity/ja/LINKTIVITY-XUW91'}
 {'text': 'ジョルダンモバイルチケット', 'url': 'https://ticket.jorudan.co.jp/yurikamome/ja/'}]",,https://www2s.biglobe.ne.jp/~t_aoyagi/railway/free/yurikamome11.htm,yurikamome11.htm,161,2026-08-10 01:30:50.424840+00:00,【ゆりかもめEnjoy Pass】 ゆりかもめ一日乗車券,,,,https://www2s.biglobe.ne.jp/~t_aoyagi/railway/free/yurikamome11.htm
yurikamome12,【ゆりかもめEnjoy Pass】ゆりかもめ24時間券,ゆりかもめ,['ゆりかもめ'],1,FALSE,kanto,関東,关东,['関東'],tunen,通年発売タイプ,全年发售,['デジタル'],FALSE,TRUE,on_sale,発売中,,,820,410,410,大人：820円 小人：410円,１日,1,発売中,購入日より90日以内で、利用開始後24時間,,['https://www2s.biglobe.ne.jp/~t_aoyagi/railway/free/map/yurikamome.gif'],,[],0,ゆりかもめEnjoy Pass ジョルダンモバイルチケット,ゆりかもめ 営業課 03-3529-7782,,https://www.yurikamome.co.jp/ticket/digital-ticket.html,"[{'text': 'ゆりかもめ', 'url': 'https://www.yurikamome.co.jp/ticket/digital-ticket.html'}
 {'text': 'ジョルダンモバイルチケット', 'url': 'https://ticket.jorudan.co.jp/yurikamome/ja/'}]",,https://www2s.biglobe.ne.jp/~t_aoyagi/railway/free/yurikamome12.htm,yurikamome12.htm,162,2026-08-10 01:30:50.424840+00:00,【ゆりかもめEnjoy Pass】 ゆりかもめ24時間券,－,,,https://www2s.biglobe.ne.jp/~t_aoyagi/railway/free/yurikamome12.htm
yurikamome13,【ゆりかもめEnjoy Pass】ゆりかもめ一日乗車券＋Tokyo Subway Ticket（24時間券）,ゆりかもめ,['ゆりかもめ'],1,FALSE,kanto,関東,关东,['関東'],tunen,通年発売タイプ,全年发售,['デジタル'],FALSE,TRUE,on_sale,発売中,,,1620,810,810,"大人：1,620円 小人：810円",1日間,1,発売中,"ゆりかもめ一日乗車券：購入日より90日以内 
 
Tokyo Subway Ticket：購入日から12ヶ月以内",,['https://www2s.biglobe.ne.jp/~t_aoyagi/railway/free/map/yurikamome13.gif'],,[],0,ゆりかもめEnjoy Pass,ゆりかもめ 営業課 03-3529-7782,,https://ars-yurikamome.triplabo.jp/home,"[{'text': 'ゆりかもめ', 'url': 'https://ars-yurikamome.triplabo.jp/home'}]",,https://www2s.biglobe.ne.jp/~t_aoyagi/railway/free/yurikamome13.htm,yurikamome13.htm,163,2026-08-10 01:30:50.424840+00:00,【ゆりかもめEnjoy Pass】 ゆりかもめ一日乗車券＋Tokyo Subway Ticket（24時間券）,---,,,https://www2s.biglobe.ne.jp/~t_aoyagi/railway/free/yurikamome13.htm
yurikamome95,コミックマーケット版【ゆりかもめEnjoy Pass】ゆりかもめ一日乗車券,ゆりかもめ,['ゆりかもめ'],1,FALSE,kanto,関東,关东,['関東'],kikan,期間限定タイプ,期间限定,['デジタル'],FALSE,TRUE,ended,終了,,,820,410,410,大人：820円 小人：410円,１日,1,2025年8月7日〜,購入日より90日以内,,['https://www2s.biglobe.ne.jp/~t_aoyagi/railway/free/map/yurikamome.gif'],,[],0,ゆりかもめEnjoy Pass,ゆりかもめ 営業課 03-3529-7782,,https://www.yurikamome.co.jp/company/news/20250807_3624.html,"[{'text': 'ゆりかもめ', 'url': 'https://www.yurikamome.co.jp/company/news/20250807_3624.html'}]",,https://www2s.biglobe.ne.jp/~t_aoyagi/railway/free/yurikamome95.htm,yurikamome95.htm,164,2026-08-10 01:30:50.424840+00:00,コミックマーケット版 【ゆりかもめEnjoy Pass】 ゆりかもめ一日乗車券,不明,,,https://www2s.biglobe.ne.jp/~t_aoyagi/railway/free/yurikamome95.htm
rinkai01,りんかい線１日乗車券,東京臨海高速鉄道,['東京臨海高速鉄道'],1,FALSE,kanto,関東,关东,['関東'],tunen,通年発売タイプ,全年发售,['実券'],TRUE,FALSE,on_sale,発売中,,,730,370,370,大人：730円／小人：370円,１日,1,通年,通年,,['https://www2s.biglobe.ne.jp/~t_aoyagi/railway/free/map/rinkai.gif'],,[],0,りんかい線各駅(大崎駅を除く),東京臨海高速鉄道本社営業課 TEL:03-3527-7134,,https://www.twr.co.jp/route/tabid/126/Default.aspx,"[{'text': '東京臨海高速鉄道', 'url': 'https://www.twr.co.jp/route/tabid/126/Default.aspx'}]",,https://www2s.biglobe.ne.jp/~t_aoyagi/railway/free/rinkai01.htm,rinkai01.htm,165,2026-08-10 01:30:50.424840+00:00,りんかい線１日乗車券,,,,https://www2s.biglobe.ne.jp/~t_aoyagi/railway/free/rinkai01.htm
rinkai91,コミックマーケット108 記念1日乗車券,東京臨海高速鉄道,['東京臨海高速鉄道'],1,FALSE,kanto,関東,关东,['関東'],kikan,期間限定タイプ,期间限定,['実券'],TRUE,FALSE,period,2026/7/31  〜12/31,2026/7/31,2026/12/31,730,,730,大人：730円,１日,1,"108：2026年7月31日〜2026年12月31日 
 107：2025年12月17日〜2026年3月31日","108：2026年7月31日〜2026年12月31日 
 107：2025年12月17日〜2026年3月31日",,['https://www2s.biglobe.ne.jp/~t_aoyagi/railway/free/map/rinkai.gif'],,[],0,"りんかい線各駅の有人改札口 
 りんかい線オフィシャルストア",東京臨海高速鉄道本社営業課 TEL:03-3527-7134,,https://www.twr.co.jp/tabid/101/Default.aspx?itemid=1119&dispmid=860,"[{'text': '東京臨海高速鉄道', 'url': 'https://www.twr.co.jp/tabid/101/Default.aspx?itemid=1119&dispmid=860'}]",,https://www2s.biglobe.ne.jp/~t_aoyagi/railway/free/rinkai91.htm,rinkai91.htm,166,2026-08-10 01:30:50.424840+00:00,コミックマーケット108 記念１日乗車券,,,,https://www2s.biglobe.ne.jp/~t_aoyagi/railway/free/rinkai91.htm
rinkai92,ジブリの立体造型物展 1日乗車券,東京臨海高速鉄道,['東京臨海高速鉄道'],1,FALSE,kanto,関東,关东,['関東'],kikan,期間限定タイプ,期间限定,['実券'],TRUE,FALSE,ended,終了,,,730,,730,大人：730円,１日,1,2025年5月16日〜2025年11月30日,2025年5月16日〜2025年11月30日,,['https://www2s.biglobe.ne.jp/~t_aoyagi/railway/free/map/rinkai.gif'],,[],0,"りんかい線各駅の有人改札口 
 りんかい線オフィシャルストア",東京臨海高速鉄道本社営業課 TEL:03-3527-7134,,https://www.twr.co.jp/tabid/101/Default.aspx?itemid=1064&dispmid=860,"[{'text': '東京臨海高速鉄道', 'url': 'https://www.twr.co.jp/tabid/101/Default.aspx?itemid=1064&dispmid=860'}]",,https://www2s.biglobe.ne.jp/~t_aoyagi/railway/free/rinkai92.htm,rinkai92.htm,167,2026-08-10 01:30:50.424840+00:00,ジブリの立体造型物展 1日乗車券,,,,https://www2s.biglobe.ne.jp/~t_aoyagi/railway/free/rinkai92.htm
monorail01,東京モノレール沿線お散歩1dayパス,東京モノレール,['東京モノレール'],1,FALSE,kanto,関東,关东,['関東'],holiday,週末限定タイプ,周末限定,['実券'],TRUE,FALSE,on_sale,発売中,,,700,350,350,大人：700円 小人：350円,１日,1,利用当日,"土休日 
 2021年4月29日〜2021年5月5日 
 2021年12月29日〜2022年1月3日",,['https://www2s.biglobe.ne.jp/~t_aoyagi/railway/free/map/tokyo_monorail.gif'],,[],0,東京モノレール全駅,東京モノレール：,,http://www.tokyo-monorail.co.jp/tickets/value/ensenosanpo.html,"[{'text': '東京モノレール', 'url': 'http://www.tokyo-monorail.co.jp/tickets/value/ensenosanpo.html'}]",,https://www2s.biglobe.ne.jp/~t_aoyagi/railway/free/monorail01.htm,monorail01.htm,168,2026-08-10 01:30:50.424840+00:00,東京モノレール沿線お散歩1dayパス,,,,https://www2s.biglobe.ne.jp/~t_aoyagi/railway/free/monorail01.htm
tama01,一日乗車券,多摩都市モノレール,['多摩都市モノレール'],1,FALSE,kanto,関東,关东,['関東'],tunen,通年発売タイプ,全年发售,['実券'],TRUE,FALSE,on_sale,発売中,,,890,450,450,大人：890円／小人：450円,１日,1,通年,発売当日,,['https://www2s.biglobe.ne.jp/~t_aoyagi/railway/free/map/tama.gif'],,[],0,各駅の自動券売機,多摩都市モノレール TEL:042-526-7816,,https://www.tama-monorail.co.jp/monorail/ticket/index.html,"[{'text': '多摩都市モノレール', 'url': 'https://www.tama-monorail.co.jp/monorail/ticket/index.html'}]",,https://www2s.biglobe.ne.jp/~t_aoyagi/railway/free/tama01.htm,tama01.htm,169,2026-08-10 01:30:50.424840+00:00,一日乗車券,,,,https://www2s.biglobe.ne.jp/~t_aoyagi/railway/free/tama01.htm
tama02,多摩モノレールセット券,多摩都市モノレール,['多摩都市モノレール'],1,FALSE,kanto,関東,关东,['関東'],tunen,通年発売タイプ,全年发售,['実券'],TRUE,FALSE,on_sale,発売中,,,920,,500,"対象施設 大人 小人 内容 
 ららぽーと立川立飛 1,000円 ― お買物・お食事券引換券500円分 
 国営昭和記念公園 920円 
 (高校生以上) ― 国営昭和記念公園入園券付き 
 多摩動物公園 1,000円 
 (高校生以上) ― 入園整理券付き",１日,1,"通年 
 「ららぽーと立川立飛」は不定期発売",発売当日,,['https://www2s.biglobe.ne.jp/~t_aoyagi/railway/free/map/tama.gif'],,['「ららぽーと立川立飛」は不定期発売'],1,各駅の自動券売機,多摩都市モノレール TEL:042-526-7816,,https://www.tama-monorail.co.jp/monorail/ticket/set/index.html,"[{'text': '多摩都市モノレール', 'url': 'https://www.tama-monorail.co.jp/monorail/ticket/set/index.html'}]",,https://www2s.biglobe.ne.jp/~t_aoyagi/railway/free/tama02.htm,tama02.htm,170,2026-08-10 01:30:50.424840+00:00,多摩モノレールセット券,,,,https://www2s.biglobe.ne.jp/~t_aoyagi/railway/free/tama02.htm
tama92,たまモノこどもワンデーパス,多摩都市モノレール,['多摩都市モノレール'],1,FALSE,kanto,関東,关东,['関東'],kikan,期間限定タイプ,期间限定,['実券'],TRUE,FALSE,period,2026/7/18  〜9/30,2026/7/18,2026/9/30,,200,200,小人：200円,１日,1,"2026年4月25日〜2026年5月31日 
 2026年7月18日〜2026年9月30日","2026年4月25日〜2026年5月31日 
 2026年7月18日〜2026年9月30日",,['https://www2s.biglobe.ne.jp/~t_aoyagi/railway/free/map/tama.gif'],,[],0,多摩モノレール全駅の自動券売機,多摩都市モノレール TEL:042-526-7816,,https://www.tama-monorail.co.jp/2026/07/post-580.html,"[{'text': '多摩都市モノレール', 'url': 'https://www.tama-monorail.co.jp/2026/07/post-580.html'}]",,https://www2s.biglobe.ne.jp/~t_aoyagi/railway/free/tama92.htm,tama92.htm,171,2026-08-10 01:30:50.424840+00:00,たまモノこどもワンデーパス,,,,https://www2s.biglobe.ne.jp/~t_aoyagi/railway/free/tama92.htm
yokohama11,地下鉄１日乗車券,横浜市交通局,['横浜市交通局'],1,FALSE,kanto,関東,关东,['関東'],tunen,通年発売タイプ,全年发售,['実券' 'デジタル'],TRUE,TRUE,on_sale,発売中,,,740,370,370,大人：740円／小人：370円,１日,1,通年,通年,,['https://www2s.biglobe.ne.jp/~t_aoyagi/railway/free/map/yokohama01.gif'],,[],0,"各駅自動販売機,地下鉄各駅事務室,定期券発売所 
 PASMOへの搭載も可 
 my route",横浜市交通局 TEL:045-671-3177(地下鉄),,https://www.city.yokohama.lg.jp/kotsu/bus/unchin/ichinichi.html#07D6B,"[{'text': '横浜市交通局', 'url': 'https://www.city.yokohama.lg.jp/kotsu/bus/unchin/ichinichi.html#07D6B'}
 {'text': 'my route', 'url': 'https://www.myroute.fun/contents/ticket/20220730.html#anchor01'}]",,https://www2s.biglobe.ne.jp/~t_aoyagi/railway/free/yokohama11.htm,yokohama11.htm,172,2026-08-10 01:30:50.424840+00:00,地下鉄１日乗車券 地下鉄IC１日乗車券,,,,https://www2s.biglobe.ne.jp/~t_aoyagi/railway/free/yokohama11.htm
yokohama12,バス・地下鉄１日乗車券,横浜市交通局,['横浜市交通局'],1,FALSE,kanto,関東,关东,['関東'],tunen,通年発売タイプ,全年发售,['実券' 'デジタル'],TRUE,TRUE,on_sale,発売中,,,830,420,420,大人：830円／小人：420円,１日,1,通年,通年,,['https://www2s.biglobe.ne.jp/~t_aoyagi/railway/free/map/yokohama02.gif'],,[],0,"各駅自動販売機,地下鉄各駅事務室,定期券発売所 
 my route",横浜市交通局 TEL:045-671-3177(地下鉄),,https://www.city.yokohama.lg.jp/kotsu/bus/unchin/ichinichi.html#3362D,"[{'text': '横浜市交通局', 'url': 'https://www.city.yokohama.lg.jp/kotsu/bus/unchin/ichinichi.html#3362D'}
 {'text': 'my route', 'url': 'https://www.myroute.fun/contents/ticket/20220730.html#anchor01'}]",,https://www2s.biglobe.ne.jp/~t_aoyagi/railway/free/yokohama12.htm,yokohama12.htm,173,2026-08-10 01:30:50.424840+00:00,バス・地下鉄１日乗車券,,,,https://www2s.biglobe.ne.jp/~t_aoyagi/railway/free/yokohama12.htm
yokohama06,みなとぶらりチケット,横浜市交通局,['横浜市交通局'],1,FALSE,kanto,関東,关东,['関東'],tunen,通年発売タイプ,全年发售,['実券' 'デジタル'],TRUE,TRUE,on_sale,発売中,,,700,350,350,大人：700円／小人：350円,１日,1,通年,通年,,['https://www2s.biglobe.ne.jp/~t_aoyagi/railway/free/map/yokohama06.gif'],,[],0,"横浜,高島町,桜木町,関内,伊勢佐木長者町の各駅 
 横浜駅お客様サービスセンター,関内駅定期券発売所、横浜駅東口定期券発売窓口 
 観光案内所(桜木町) 
 日本旅行,近畿日本ツーリスト,名鉄観光,HIS(クーポンを発売しチケット発売駅で交換) 
 市内ホテル 
 遠州鉄道・浜松駅バスターミナル乗車券センター,高速バス浜松横浜線車内 
 my route(マイルート)",横浜市交通局 TEL: 045-671-3161,,https://www.city.yokohama.lg.jp/kotsu/bus/unchin/minatoburari.html#8B4F0,"[{'text': '横浜市交通局', 'url': 'https://www.city.yokohama.lg.jp/kotsu/bus/unchin/minatoburari.html#8B4F0'}
 {'text': 'my route(マイルート)', 'url': 'https://top.myroute.fun/ticket/kanagawa'}]",,https://www2s.biglobe.ne.jp/~t_aoyagi/railway/free/yokohama06.htm,yokohama06.htm,174,2026-08-10 01:30:50.424840+00:00,みなとぶらりチケット,,,,https://www2s.biglobe.ne.jp/~t_aoyagi/railway/free/yokohama06.htm
yokohama07,みなとぶらりチケットワイド,横浜市交通局,['横浜市交通局'],1,FALSE,kanto,関東,关东,['関東'],tunen,通年発売タイプ,全年发售,['実券' 'デジタル'],TRUE,TRUE,on_sale,発売中,,,750,380,380,大人：750円／小人：380円,１日,1,通年,通年,,['https://www2s.biglobe.ne.jp/~t_aoyagi/railway/free/map/yokohama07.gif'],,[],0,"新横浜,横浜,高島町,桜木町,関内,伊勢佐木長者町,阪東橋,吉野町 
 横浜駅東口定期券発売窓口 
 日本旅行,近畿日本ツーリスト,名鉄観光,HIS(クーポンを発売しチケット発売駅で交換) 
 市内ホテル 
 my route(マイルート)",横浜市交通局 TEL: 045-671-3161,,https://www.city.yokohama.lg.jp/kotsu/bus/unchin/minatoburari.html#2134C,"[{'text': '横浜市交通局', 'url': 'https://www.city.yokohama.lg.jp/kotsu/bus/unchin/minatoburari.html#2134C'}
 {'text': 'my route(マイルート)', 'url': 'https://top.myroute.fun/ticket/kanagawa'}]",,https://www2s.biglobe.ne.jp/~t_aoyagi/railway/free/yokohama07.htm,yokohama07.htm,175,2026-08-10 01:30:50.424840+00:00,みなとぶらりチケットワイド,,,,https://www2s.biglobe.ne.jp/~t_aoyagi/railway/free/yokohama07.htm
yokohama92,横浜春節祭2026デザインみなとぶらりチケット,横浜市交通局,['横浜市交通局'],1,FALSE,kanto,関東,关东,['関東'],kikan,期間限定タイプ,期间限定,['実券' 'デジタル'],TRUE,TRUE,ended,終了,,,500,250,250,大人：500円／小人：250円,１日,1,2026年1月20日〜2026年3月3日,"2026年1月20日〜2026年3月31日 
 デジタル版は、購入日より180日以内",,['https://www2s.biglobe.ne.jp/~t_aoyagi/railway/free/map/yokohama04.gif'],,[],0,"横浜,高島町,桜木町,関内,伊勢佐木長者町 
 
横浜駅東口定期券発売所 
 
横浜駅お客様サービスセンター 
 
桜木町駅観光案内所 
 
ニューオータニイン横浜プレミアム 
 
三井ガーデンホテル横浜みなとみらいプレミア 
 
ローズホテル横浜 
 
横浜桜木町ワシントンホテル 
 
横浜ベイシェラトン ホテル＆タワーズ 
 
リッチモンドホテル横浜馬車道 
 
 観光情報サイトアットヨコハマ",横浜市交通局高速鉄道本部営業課 TEL: 045-671-3171,文化・観光施設、ショッピング・レジャー施設などで、割引等のサービスあり。,https://www.city.yokohama.lg.jp/kotsu/bus/oshirase/shunsetsu2026.html,"[{'text': '横浜市交通局', 'url': 'https://www.city.yokohama.lg.jp/kotsu/bus/oshirase/shunsetsu2026.html'}]",,https://www2s.biglobe.ne.jp/~t_aoyagi/railway/free/yokohama92.htm,yokohama92.htm,176,2026-08-10 01:30:50.424840+00:00,横浜春節祭2026デザイン みなとぶらりチケット,"紙タイプ：3,000枚",,,https://www2s.biglobe.ne.jp/~t_aoyagi/railway/free/yokohama92.htm
yokohama105,横浜マラソン2025特別デザインみなとぶらりチケットワイド,横浜市交通局,['横浜市交通局'],1,FALSE,kanto,関東,关东,['関東'],kikan,期間限定タイプ,期间限定,['実券'],TRUE,FALSE,ended,終了,,,750,380,380,大人：750円／小人：380円,１日,1,2025年10月1日〜2025年10月27日,2025年10月1日〜2025年12月31日,,['https://www2s.biglobe.ne.jp/~t_aoyagi/railway/free/map/yokohama07.gif'],,[],0,"横浜駅〜吉野町駅の駅事務室 
 
横浜駅東口定期券発売所 
 
横浜駅お客様サービスセンター",横浜市交通局自動車本部営業課 TEL: 045-671-3211,文化・観光施設、ショッピング・レジャー施設などで、割引等のサービスあり。,https://www.city.yokohama.lg.jp/kotsu/bus/oshirase/marathon2025.html,"[{'text': '横浜市交通局', 'url': 'https://www.city.yokohama.lg.jp/kotsu/bus/oshirase/marathon2025.html'}]",,https://www2s.biglobe.ne.jp/~t_aoyagi/railway/free/yokohama105.htm,yokohama105.htm,177,2026-08-10 01:30:50.424840+00:00,横浜マラソン2025特別デザインみなとぶらりチケットワイド,"2,000枚",,,https://www2s.biglobe.ne.jp/~t_aoyagi/railway/free/yokohama105.htm
sotetsu01,相鉄・鉄道全線１日乗車券,相模鉄道,['相模鉄道'],1,FALSE,kanto,関東,关东,['関東'],tunen,通年発売タイプ,全年发售,['実券'],TRUE,FALSE,on_sale,発売中,,,880,220,220,大人：880円／小人：220円,１日,1,通年,通年,,['https://www2s.biglobe.ne.jp/~t_aoyagi/railway/free/map/sotetsu01.gif'],,[],0,相鉄線全駅の券売機,相鉄お客様センター TEL:045-319-2111,,https://www.sotetsu.co.jp/train/tickets/tour/#1day,"[{'text': '相模鉄道', 'url': 'https://www.sotetsu.co.jp/train/tickets/tour/#1day'}]",,https://www2s.biglobe.ne.jp/~t_aoyagi/railway/free/sotetsu01.htm,sotetsu01.htm,178,2026-08-10 01:30:50.424840+00:00,相鉄・鉄道全線１日乗車券,,,,https://www2s.biglobe.ne.jp/~t_aoyagi/railway/free/sotetsu01.htm
sotetsu81,相鉄 夏のワンデーパス(鉄道・バス全線),相模鉄道,['相模鉄道'],1,FALSE,kanto,関東,关东,['関東'],kikan,期間限定タイプ,期间限定,['デジタル'],FALSE,TRUE,ended,終了,,,1200,320,320,"大人：1,200円／小人：320円",１日,1,2025年8月1日〜2025年9月7日,2025年8月1日〜2025年9月7日,,['https://www2s.biglobe.ne.jp/~t_aoyagi/railway/free/map/sotetsu81.gif'],,[],0,RYDE PASS,相鉄お客様センター TEL:045-319-2111,,https://www.sotetsu.co.jp/pressrelease/train/r25-126/,"[{'text': '相模鉄道', 'url': 'https://www.sotetsu.co.jp/pressrelease/train/r25-126/'}
 {'text': 'RYDE PASS', 'url': 'https://pass.ryde-go.com/products/078W0DS1LP8Z'}]",,https://www2s.biglobe.ne.jp/~t_aoyagi/railway/free/sotetsu81.htm,sotetsu81.htm,180,2026-08-10 01:30:50.424840+00:00,相鉄 夏のワンデーパス(鉄道・バス全線),,,,https://www2s.biglobe.ne.jp/~t_aoyagi/railway/free/sotetsu81.htm
mm01,みなとみらい線一日乗車券,横浜高速鉄道,['横浜高速鉄道'],1,FALSE,kanto,関東,关东,['関東'],tunen,通年発売タイプ,全年发售,['実券' 'デジタル'],TRUE,TRUE,on_sale,発売中,,,410,230,230,"大人：460円／小人：230円 
 2025年6月9日〜2025年7月6日 Q SKIP 大人：410円",１日,1,通年,通年,,['https://www2s.biglobe.ne.jp/~t_aoyagi/railway/free/map/minatomirai.gif'],,[],0,"みなとみらい線各駅 
 Q SKIP",横浜高速鉄道 TEL:045-664-0629,,http://www.mm21railway.co.jp/info/oneday.html,"[{'text': '横浜高速鉄道', 'url': 'http://www.mm21railway.co.jp/info/oneday.html'}
 {'text': 'Q SKIP', 'url': 'https://www.q-skip.tokyu.co.jp/tickets/58'}
 {'text': 'Q SKIP', 'url': 'https://www.q-skip.tokyu.co.jp/campaign/2'}]",,https://www2s.biglobe.ne.jp/~t_aoyagi/railway/free/mm01.htm,mm01.htm,181,2026-08-10 01:30:50.424840+00:00,みなとみらい線一日乗車券,,,,https://www2s.biglobe.ne.jp/~t_aoyagi/railway/free/mm01.htm
seaside01,全線１日乗車券,横浜シーサイドライン,['横浜シーサイドライン'],1,FALSE,kanto,関東,关东,['関東'],tunen,通年発売タイプ,全年发售,['実券'],TRUE,FALSE,on_sale,発売中,,,680,340,340,大人：680円／小人：340円,１日,1,通年,通年,,['https://www2s.biglobe.ne.jp/~t_aoyagi/railway/free/map/seaside.gif'],,[],0,シーサイドライン各駅券売機,横浜新都市交通 TEL:045-787-7007,,http://www.seasideline.co.jp/fare_ticket/about_ticket/index.html,"[{'text': '横浜新都市交通', 'url': 'http://www.seasideline.co.jp/fare_ticket/about_ticket/index.html'}]",,https://www2s.biglobe.ne.jp/~t_aoyagi/railway/free/seaside01.htm,seaside01.htm,183,2026-08-10 01:30:50.424840+00:00,全線１日乗車券,,,,https://www2s.biglobe.ne.jp/~t_aoyagi/railway/free/seaside01.htm
seaside94,夏のお出かけこども１日乗車券,横浜シーサイドライン,['横浜シーサイドライン'],1,FALSE,kanto,関東,关东,['関東'],kikan,期間限定タイプ,期间限定,['実券'],TRUE,FALSE,period,2026/7/11  〜8/19,2026/7/11,2026/8/19,100,,100,大人：-円／小人：100円,１日,1,2026年7月11日〜2026年8月19日,2026年7月11日〜2026年8月19日,,['https://www2s.biglobe.ne.jp/~t_aoyagi/railway/free/map/seaside.gif'],,[],0,シーサイドライン各駅券売機,横浜新都市交通 TEL:045-787-7007,,https://www.seasideline.co.jp/pdf/26062411400327/%E5%B0%8F%E5%AD%A6%E7%94%9F%E9%99%90%E5%AE%9A!100%E5%86%86%E3%81%A7%E3%82%B7%E3%83%BC%E3%82%B5%E3%82%A4%E3%83%89%E3%83%A9%E3%82%A4%E3%83%B31%E6%97%A5%E4%B9%97%E3%82%8A%E6%94%BE%E9%A1%8C%EF%BC%81%E2%80%9C%E3%81%8A%E5%87%BA%E3%81%8B%E3%81%91%E3%82%B9%E3%83%9D%E3%83%83%E3%83%88%E3%81%9F%E3%81%8F%E3%81%95%E3%82%93!%E3%81%8A%E5%8F%8B%E9%81%94%E3%82%84%E5%AE%B6%E6%97%8F%E3%81%A8%E3%81%8A%E3%83%88%E3%82%AF%E3%81%AB%E3%81%8A%E5%87%BA%E3%81%8B%E3%81%91%E3%81%97%E3%82%88%E3%81%86!%E2%80%9D.pdf,"[{'text': '横浜新都市交通', 'url': 'https://www.seasideline.co.jp/pdf/26062411400327/%E5%B0%8F%E5%AD%A6%E7%94%9F%E9%99%90%E5%AE%9A!100%E5%86%86%E3%81%A7%E3%82%B7%E3%83%BC%E3%82%B5%E3%82%A4%E3%83%89%E3%83%A9%E3%82%A4%E3%83%B31%E6%97%A5%E4%B9%97%E3%82%8A%E6%94%BE%E9%A1%8C%EF%BC%81%E2%80%9C%E3%81%8A%E5%87%BA%E3%81%8B%E3%81%91%E3%82%B9%E3%83%9D%E3%83%83%E3%83%88%E3%81%9F%E3%81%8F%E3%81%95%E3%82%93!%E3%81%8A%E5%8F%8B%E9%81%94%E3%82%84%E5%AE%B6%E6%97%8F%E3%81%A8%E3%81%8A%E3%83%88%E3%82%AF%E3%81%AB%E3%81%8A%E5%87%BA%E3%81%8B%E3%81%91%E3%81%97%E3%82%88%E3%81%86!%E2%80%9D.pdf'}]",,https://www2s.biglobe.ne.jp/~t_aoyagi/railway/free/seaside94.htm,seaside94.htm,184,2026-08-10 01:30:50.424840+00:00,夏のお出かけこども１日乗車券,,,,https://www2s.biglobe.ne.jp/~t_aoyagi/railway/free/seaside94.htm
syonan01,湘南モノレール一日フリーきっぷ,湘南モノレール,['湘南モノレール'],1,FALSE,kanto,関東,关东,['関東'],tunen,通年発売タイプ,全年发售,['デジタル'],FALSE,TRUE,on_sale,発売中,,,610,310,310,大人：610円／小人：310円,１日,1,通年,発売当日限り,,['https://www2s.biglobe.ne.jp/~t_aoyagi/railway/free/map/syonan.gif'],,[],0,湘南モノレール公式サイト,湘南モノレール TEL:0467-45-3185,,http://www.shonan-monorail.co.jp/freeticket/oneday.html,"[{'text': '湘南モノレール', 'url': 'http://www.shonan-monorail.co.jp/freeticket/oneday.html'}]",,https://www2s.biglobe.ne.jp/~t_aoyagi/railway/free/syonan01.htm,syonan01.htm,185,2026-08-10 01:30:50.424840+00:00,湘南モノレール一日フリーきっぷ,,,,https://www2s.biglobe.ne.jp/~t_aoyagi/railway/free/syonan01.htm
syonan02,モノレールdeえのすい,湘南モノレール,['湘南モノレール'],1,FALSE,kanto,関東,关东,['関東'],tunen,通年発売タイプ,全年发售,['デジタル'],FALSE,TRUE,on_sale,発売中,,,3130,1480,1480,"大人：3,130円／小人：1,480円／中学生：1,780円／高校生：2,230円",１日,1,通年,発売当日限り,,['https://www2s.biglobe.ne.jp/~t_aoyagi/railway/free/map/syonan.gif'],,[],0,湘南モノレール公式サイト,湘南モノレール TEL:0467-45-3185,,https://www.shonan-monorail.co.jp/form/enosui2024/,"[{'text': '湘南モノレール', 'url': 'https://www.shonan-monorail.co.jp/form/enosui2024/'}]",,https://www2s.biglobe.ne.jp/~t_aoyagi/railway/free/syonan02.htm,syonan02.htm,186,2026-08-10 01:30:50.424840+00:00,モノレールdeえのすい,,,,https://www2s.biglobe.ne.jp/~t_aoyagi/railway/free/syonan02.htm
enoden01,江ノ電１日乗車券(のりおりくん),江ノ島電鉄,['江ノ島電鉄'],1,FALSE,kanto,関東,关东,['関東'],tunen,通年発売タイプ,全年发售,['実券' 'デジタル'],TRUE,TRUE,on_sale,発売中,,,800,400,400,大人：800円／小人：400円,１日,1,"通年 
 2025年9月13日〜15日,20日〜23日,10月11日〜13日,11月1日〜3日,22日〜24日は混雑対策のため駅窓口,券売機での当日発売無し",通年,,['https://www2s.biglobe.ne.jp/~t_aoyagi/railway/free/map/enoden.gif'],,[],0,"江ノ電各駅, EMot Pass Case",江ノ島電鉄 TEL:0466-24-2713,,https://www.enoden.co.jp/tourism/ticket/noriorikun/,"[{'text': '江ノ島電鉄', 'url': 'https://www.enoden.co.jp/tourism/ticket/noriorikun/'}
 {'text': 'EMot', 'url': 'https://www.emot.jp/service/detail/enoden_noriorikun.html'}]",,https://www2s.biglobe.ne.jp/~t_aoyagi/railway/free/enoden01.htm,enoden01.htm,187,2026-08-10 01:30:50.424840+00:00,江ノ電１日乗車券(のりおりくん),,,,https://www2s.biglobe.ne.jp/~t_aoyagi/railway/free/enoden01.htm
enoden03,江ノ電１日乗車券(のりおりくん)＆新江ノ島水族館セット,江ノ島電鉄,['江ノ島電鉄'],1,FALSE,kanto,関東,关东,['関東'],tunen,通年発売タイプ,全年发售,['実券'],TRUE,FALSE,on_sale,発売中,,,3050,1480,1480,"大人：3,050円／小人：1,480円 
 高校生：2,330円／中学生：1,880円",1日,1,通年,通年,,['https://www2s.biglobe.ne.jp/~t_aoyagi/railway/free/map/enoden.gif'],,['新江ノ島水族館のチケットがセット'],1,全国のセブン‐イレブン,江ノ島電鉄 TEL:0466-24-2713,,https://www.enoden.co.jp/train-news/14828/,"[{'text': '江ノ島電鉄', 'url': 'https://www.enoden.co.jp/train-news/14828/'}]",,https://www2s.biglobe.ne.jp/~t_aoyagi/railway/free/enoden03.htm,enoden03.htm,188,2026-08-10 01:30:50.424840+00:00,江ノ電１日乗車券(のりおりくん)＆新江ノ島水族館セット,,,,https://www2s.biglobe.ne.jp/~t_aoyagi/railway/free/enoden03.htm
kamakura,鎌倉フリー環境手形,江ノ島電鉄,['江ノ島電鉄'],1,FALSE,kanto,関東,关东,['関東'],tunen,通年発売タイプ,全年发售,['実券'],TRUE,FALSE,on_sale,発売中,,,600,300,300,大人：600円／小人：300円,１日間,1,通年,通年,,['https://www2s.biglobe.ne.jp/~t_aoyagi/railway/free/map/kamakura.gif'],,[],0,"江ノ電鎌倉インフォメーション 
 江ノ島電鉄：鎌倉,長谷",江ノ島電鉄 TEL:0466-24-2713,,https://www.enoden.co.jp/tourism/ticket/free/,"[{'text': '江ノ島電鉄', 'url': 'https://www.enoden.co.jp/tourism/ticket/free/'}]",,https://www2s.biglobe.ne.jp/~t_aoyagi/railway/free/kamakura.htm,kamakura.htm,189,2026-08-10 01:30:50.424840+00:00,鎌倉フリー環境手形,,,,https://www2s.biglobe.ne.jp/~t_aoyagi/railway/free/kamakura.htm
enoden82,ジモ得平日きっぷ,江ノ島電鉄,['江ノ島電鉄'],1,FALSE,kanto,関東,关东,['関東'],kikan,期間限定タイプ,期间限定,['デジタル'],FALSE,TRUE,ended,終了,,,1200,,1200,"大人：1,200円",平日の５日間,5,"発売日 利用日 
 2026年1月18日〜1月20日 2026年1月19日〜1月23日 
 2026年1月25日〜1月27日 2026年1月26日〜1月30日 
 2026年2月1日〜2月3日 2026年2月2日〜2月6日 
 202年2月8日〜2月10日 2026年2月9日〜2月13日(2月11日を除く)",,,['https://www2s.biglobe.ne.jp/~t_aoyagi/railway/free/map/enoden.gif'],,['予定数に達し次第終了'],1,EMot,江ノ島電鉄 TEL:0466-24-2713,,https://www.enoden.co.jp/train-news/26498/,"[{'text': '江ノ島電鉄', 'url': 'https://www.enoden.co.jp/train-news/26498/'}
 {'text': 'EMot', 'url': 'https://www.emot.jp/service/detail/enoden_jimotoku_five.html'}]",,https://www2s.biglobe.ne.jp/~t_aoyagi/railway/free/enoden82.htm,enoden82.htm,190,2026-08-10 01:30:50.424840+00:00,ジモ得平日きっぷ,,,,https://www2s.biglobe.ne.jp/~t_aoyagi/railway/free/enoden82.htm
hakone01,箱根フリーパス,小田急箱根,['小田急箱根'],1,FALSE,kanto,関東,关东,['関東'],tunen,通年発売タイプ,全年发售,['実券' 'デジタル'],TRUE,TRUE,on_sale,発売中,,,5000,1000,1000,"２日間用 大人：5,000円／小人：1,000円 
 ３日間用 大人：5,400円／小人：1,250円",２日または３日,2,通年,通年,,['https://www2s.biglobe.ne.jp/~t_aoyagi/railway/free/map/hakone01.gif'],,[],0,"小田原駅、箱根湯本駅、小田急トラベル営業所など 
 EMot",小田急箱根・鉄道部 TEL:0465-32-6823,,https://www.hakonenavi.jp/transportation/ticket/freepass/,"[{'text': '小田急箱根(箱根ナビ)', 'url': 'https://www.hakonenavi.jp/transportation/ticket/freepass/'}
 {'text': '小田急電鉄', 'url': 'https://www.odakyu-freepass.jp/hakone/'}
 {'text': 'EMot', 'url': 'https://www.emot.jp/service/detail/index_3.html'}]",,https://www2s.biglobe.ne.jp/~t_aoyagi/railway/free/hakone01.htm,hakone01.htm,191,2026-08-10 01:30:50.424840+00:00,箱根フリーパス,,,,https://www2s.biglobe.ne.jp/~t_aoyagi/railway/free/hakone01.htm
hakone14,箱根フリーパス「はこチケ」プラス,小田急箱根,['小田急箱根'],1,FALSE,kanto,関東,关东,['関東'],tunen,通年発売タイプ,全年发售,['デジタル'],FALSE,TRUE,on_sale,発売中,,,5000,1000,1000,"２日間用 大人：5,000円／小人：1,000円 
 ３日間用 大人：5,400円／小人：1,250円",２日または３日,2,通年,通年,,['https://www2s.biglobe.ne.jp/~t_aoyagi/railway/free/map/hakone01.gif'],,[],0,EMot,小田急箱根・鉄道部 TEL:0465-32-6823,,https://www.hakonenavi.jp/transportation/ticket/freepass_plus/,"[{'text': '小田急箱根(箱根ナビ)', 'url': 'https://www.hakonenavi.jp/transportation/ticket/freepass_plus/'}
 {'text': 'EMot', 'url': 'https://www.emot.jp/hakonearea_lp.html'}]",,https://www2s.biglobe.ne.jp/~t_aoyagi/railway/free/hakone14.htm,hakone14.htm,192,2026-08-10 01:30:50.424840+00:00,箱根フリーパス「はこチケ」プラス,,,,https://www2s.biglobe.ne.jp/~t_aoyagi/railway/free/hakone14.htm
hakone15,箱根のりものパス Lite,小田急箱根,['小田急箱根'],1,FALSE,kanto,関東,关东,['関東'],tunen,通年発売タイプ,全年发售,['実券' 'デジタル'],TRUE,TRUE,on_sale,発売中,,,3800,900,900,"大人：3,800円／小人：900円",１日,1,通年,通年,,['https://www2s.biglobe.ne.jp/~t_aoyagi/railway/free/map/hakone15.gif'],,"['下記は片道のみ(途中下車可) ' '箱根登山バス(宮ノ下→箱根町港) ' '箱根海賊船(箱根町港→桃源台) '
 '箱根ロープウェイ(桃源台→早雲山) ' '箱根登山ケーブル(早雲山→強羅)']",5,"箱根登山電車：強羅,早雲山 
 箱根登山バス：箱根町案内所,桃源台案内所 
 箱根海賊船；元箱根営業所 
 
 EMot",小田急箱根・鉄道部 TEL:0465-32-6823,,https://www.hakonenavi.jp/transportation/ticket/norimonolight/,"[{'text': '小田急箱根(箱根ナビ)', 'url': 'https://www.hakonenavi.jp/transportation/ticket/norimonolight/'}
 {'text': 'EMot', 'url': 'https://www.emot.jp/hakonearea_lp.html'}]",,https://www2s.biglobe.ne.jp/~t_aoyagi/railway/free/hakone15.htm,hakone15.htm,193,2026-08-10 01:30:50.424840+00:00,箱根のりものパス Lite,,,,https://www2s.biglobe.ne.jp/~t_aoyagi/railway/free/hakone15.htm
hakone11,大涌谷きっぷ,小田急箱根,['小田急箱根'],1,FALSE,kanto,関東,关东,['関東'],tunen,通年発売タイプ,全年发售,['実券' 'デジタル'],TRUE,TRUE,on_sale,発売中,,,3700,980,980,"大人：3,700円／小人：980円",２日間,2,発売中,発売中,,['https://www2s.biglobe.ne.jp/~t_aoyagi/railway/free/map/hakone11.gif'],,[],0,"小田急電鉄：小田原駅 
 箱根登山鉄道：各駅窓口駅 
 
小田急旅行センター：小田原,箱根湯本 
 全国のセブンイレブン店舗（セブンチケット） 
 EMot","小田急お客さまセンター TEL:03-3481-0066 
 小田急箱根・鉄道部 TEL:0465-32-6823",,https://www.odakyu-freepass.jp/others/#owakudani-top,"[{'text': '小田急電鉄', 'url': 'https://www.odakyu-freepass.jp/others/#owakudani-top'}
 {'text': '小田急箱根(箱根ナビ)', 'url': 'https://www.hakonenavi.jp/transportation/ticket/owakudani/'}
 {'text': 'EMot', 'url': 'https://www.emot.jp/hakonearea_lp.html'}]",,https://www2s.biglobe.ne.jp/~t_aoyagi/railway/free/hakone11.htm,hakone11.htm,194,2026-08-10 01:30:50.424840+00:00,大涌谷きっぷ デジタル大涌谷きっぷ,,,,https://www2s.biglobe.ne.jp/~t_aoyagi/railway/free/hakone11.htm
hakone13,のんびりきっぷ,小田急箱根,['小田急箱根'],1,FALSE,kanto,関東,关东,['関東'],tunen,通年発売タイプ,全年发售,['実券' 'デジタル'],TRUE,TRUE,on_sale,発売中,,,1580,500,500,"大人：1,580円／小人：500円",１日間,1,発売中,発売中,,['https://www2s.biglobe.ne.jp/~t_aoyagi/railway/free/map/hakone13.gif'],,[],0,"小田急電鉄：小田原駅 
 箱根登山鉄道：各駅窓口駅 
 小田急旅行センター：小田原,箱根湯本 
 全国のセブンイレブン店舗（セブンチケット） 
 ＥＭоｔアプリ","小田急お客さまセンター TEL:03-3481-0066 
 小田急箱根・鉄道部 TEL:0465-32-6823",,https://www.hakonenavi.jp/transportation/ticket/nonbiri/,"[{'text': '箱根ナビ', 'url': 'https://www.hakonenavi.jp/transportation/ticket/nonbiri/'}
 {'text': 'EMot', 'url': 'https://www.emot.jp/hakonearea_lp.html'}]",,https://www2s.biglobe.ne.jp/~t_aoyagi/railway/free/hakone13.htm,hakone13.htm,195,2026-08-10 01:30:50.424840+00:00,のんびりきっぷ デジタルのんびりきっぷ,,,,https://www2s.biglobe.ne.jp/~t_aoyagi/railway/free/hakone13.htm
daiyuzan01,金太郎きっぷ,伊豆箱根鉄道,['伊豆箱根鉄道'],1,FALSE,kanto,関東,关东,['関東'],tunen,通年発売タイプ,全年发售,['実券' 'デジタル'],TRUE,TRUE,on_sale,発売中,,,620,320,320,大人：620円／小人：320円,１日,1,通年,通年,,['https://www2s.biglobe.ne.jp/~t_aoyagi/railway/free/map/daiyuzan.gif'],,[],0,"無人駅を除く大雄山線各駅 
 RYDE PASS 
 ジョルダンモバイルチケット",伊豆箱根鉄道鉄道部運輸課 TEL:055-977-1207,,https://www.izuhakone.co.jp/sunzudaiyu/zunzu_sub_nav/sunzudaiyu-ticket/p000563.html,"[{'text': '伊豆箱根鉄道', 'url': 'https://www.izuhakone.co.jp/sunzudaiyu/zunzu_sub_nav/sunzudaiyu-ticket/p000563.html'}
 {'text': 'RYDE PASS', 'url': 'https://pass.ryde-go.com/products/617R94ZSK030'}
 {'text': 'ジョルダンモバイルチケット', 'url': 'https://ticket.jorudan.co.jp/izuhakone-railway/ktr-1d/ja/'}]",,https://www2s.biglobe.ne.jp/~t_aoyagi/railway/free/daiyuzan01.htm,daiyuzan01.htm,196,2026-08-10 01:30:50.424840+00:00,金太郎きっぷ,,,,https://www2s.biglobe.ne.jp/~t_aoyagi/railway/free/daiyuzan01.htm
daiyuzan91,コロプラ☆大雄山線一日フリーきっぷ,伊豆箱根鉄道,['伊豆箱根鉄道'],1,FALSE,kanto,関東,关东,['関東'],kikan,期間限定タイプ,期间限定,['実券'],TRUE,FALSE,period,〜2027/3/31,,2027/3/31,1150,,1150,"大人：1,150円",１日,1,2014年4月1日〜2027年3月31日,2014年4月1日〜2027年3月31日,,['https://www2s.biglobe.ne.jp/~t_aoyagi/railway/free/map/daiyuzan.gif'],,[],0,"小田原,大雄山",伊豆箱根鉄道鉄道部運輸課 TEL:055-977-1207,,https://www.izuhakone.co.jp/sunzudaiyu/sunzudaiyu-news/p000453.html,"[{'text': '伊豆箱根鉄道', 'url': 'https://www.izuhakone.co.jp/sunzudaiyu/sunzudaiyu-news/p000453.html'}
 {'text': 'コロプラ', 'url': 'https://colopl.co.jp/service/other/coloca/transport/area02/norimono_izuhakone/'}]",,https://www2s.biglobe.ne.jp/~t_aoyagi/railway/free/daiyuzan91.htm,daiyuzan91.htm,197,2026-08-10 01:30:50.424840+00:00,コロプラ☆大雄山線一日フリーきっぷ,,,,https://www2s.biglobe.ne.jp/~t_aoyagi/railway/free/daiyuzan91.htm
jrtokai06,富士山満喫きっぷ(静岡中部),ＪＲ東海,['ＪＲ東海'],1,FALSE,tokai,東海,东海,['東海'],tunen,通年発売タイプ,全年发售,['実券'],TRUE,FALSE,on_sale,発売中,,,2200,1100,1100,"大人：2,200円 小人：1,100円",１日,1,通年,通年,,['https://www2s.biglobe.ne.jp/~t_aoyagi/railway/free/map/jrtokai06.gif'],"新幹線 特急・急行 快速・普通 
 A,B寝台 グリーン 普通車指定 普通車自由 グリーン指定 グリーン自由 ライナー 指定 自由 
 × × ▲ ▲ ▲ ▲ ▲ ▲ ▲ ○ 
 
 ○：乗車可 ▲：乗車券のみ有効 ×：乗車不可","['特急・急行券を購入すれば特急・急行列車(新幹線,寝台列車を除く)が利用できる。' '「ホームライナー」は、乗車整理券が必要。']",2,"東海道本線(熱海〜新所原間）,御殿場線(沼津〜下曽我),身延線(富士〜南甲府)間の「きっぷうりば」がある駅、「サポートつき指定席券売機」設置駅",,,https://railway.jr-central.co.jp/tickets/mtfuji-enjoypass/,"[{'text': 'ＪＲ東海', 'url': 'https://railway.jr-central.co.jp/tickets/mtfuji-enjoypass/'}]",,https://www2s.biglobe.ne.jp/~t_aoyagi/railway/free/jrtokai06.htm,jrtokai06.htm,1,2026-08-10 01:30:50.424840+00:00,富士山満喫きっぷ(静岡中部),,,,https://www2s.biglobe.ne.jp/~t_aoyagi/railway/free/jrtokai06.htm
jrtokai07,富士山満喫きっぷ(静岡東部),ＪＲ東海,['ＪＲ東海'],1,FALSE,tokai,東海,东海,['東海'],tunen,通年発売タイプ,全年发售,['実券'],TRUE,FALSE,on_sale,発売中,,,2200,1100,1100,"大人：2,200円 小人：1,100円",１日,1,〜2026年3月29日,"〜2026年3月30日 
 土休日を利用開始日として連続する2日間",,['https://www2s.biglobe.ne.jp/~t_aoyagi/railway/free/map/jrtokai07.gif'],"新幹線 特急・急行 快速・普通 
 A,B寝台 グリーン 普通車指定 普通車自由 グリーン指定 グリーン自由 ライナー 指定 自由 
 × × ▲ ▲ ▲ ▲ ▲ ▲ ▲ ○ 
 
 ○：乗車可 ▲：乗車券のみ有効 ×：乗車不可","['特急・急行券を購入すれば特急・急行列車(新幹線,寝台列車を除く)が利用できる。' '「ホームライナー」は、乗車整理券が必要。']",2,"東海道本線(熱海〜新所原間）,御殿場線(沼津〜下曽我),身延線(富士〜南甲府)間の「きっぷうりば」がある駅、「サポートつき指定席券売機」設置駅",,,https://railway.jr-central.co.jp/tickets/mtfuji-enjoypass/,"[{'text': 'ＪＲ東海', 'url': 'https://railway.jr-central.co.jp/tickets/mtfuji-enjoypass/'}]",,https://www2s.biglobe.ne.jp/~t_aoyagi/railway/free/jrtokai07.htm,jrtokai07.htm,2,2026-08-10 01:30:50.424840+00:00,富士山満喫きっぷ(静岡東部),,,,https://www2s.biglobe.ne.jp/~t_aoyagi/railway/free/jrtokai07.htm
jrtokai87,名古屋おでかけきっぷ,ＪＲ東海,['ＪＲ東海'],1,FALSE,tokai,東海,东海,['東海'],tunen,通年発売タイプ,全年发售,['実券'],TRUE,FALSE,on_sale,発売中,,,1500,750,750,"大人：1,500円 小人：750円",1日間,1,通年,通年,,['https://www2s.biglobe.ne.jp/~t_aoyagi/railway/free/map/jrtokai87.gif'],"新幹線 特急・急行 快速・普通 
 のぞみ ひかり・こだま A,B寝台 グリーン 普通車指定 普通車自由 グリーン指定 グリーン自由 ライナー 指定 自由 
 × × × ▲ ▲ ▲ ▲ ▲ ▲ ▲ ○ 
 
 ○：乗車可 ▲：乗車券のみ有効 ×：乗車不可",['特急・急行券を購入すれば特急・急行列車が利用できます。' '「ホームライナー」は、乗車整理券が必要。'],2,"ＪＲ西日本インターネット予約サービス「e5489」 
 「 ＥＸサービス 」にログイン後の画面からリンクする「ＥＸ 旅先予約」から「e5489」を利用する場合に限る。",,,https://railway.jr-central.co.jp/tickets/nagoya-odekake/,"[{'text': 'ＪＲ東海', 'url': 'https://railway.jr-central.co.jp/tickets/nagoya-odekake/'}]",,https://www2s.biglobe.ne.jp/~t_aoyagi/railway/free/jrtokai87.htm,jrtokai87.htm,3,2026-08-10 01:30:50.424840+00:00,名古屋おでかけきっぷ,,,,https://www2s.biglobe.ne.jp/~t_aoyagi/railway/free/jrtokai87.htm
jrtokai83,ふじのくに家康公きっぷ【東部エリア】,ＪＲ東海,['ＪＲ東海'],1,FALSE,tokai,東海,东海,['東海'],tunen,通年発売タイプ,全年发售,['実券'],TRUE,FALSE,on_sale,発売中,,,2000,1000,1000,"大人：2,000円 小人：1,000円",2日間,2,"通年 
 駅窓口での発売は、利用開始日の前日もしくは当日限定",通年,,['https://www2s.biglobe.ne.jp/~t_aoyagi/railway/free/map/jrtokai83.gif'],"新幹線 特急・急行 快速・普通 
 のぞみ ひかり・こだま A,B寝台 グリーン 普通車指定 普通車自由 グリーン指定 グリーン自由 ライナー 指定 自由 
 × × × ▲ ▲ ▲ ▲ ▲ ▲ ▲ ○ 
 
 ○：乗車可 ▲：乗車券のみ有効 ×：乗車不可","['静岡県外の駅から熱海,三島,新富士駅までのスマートEXの商品利用者のみ購入可能']",1,"熱海,三島,新富士 
 e5489",,,https://railway.jr-central.co.jp/tickets/fujinokuni-ieyasukou/,"[{'text': 'ＪＲ東海', 'url': 'https://railway.jr-central.co.jp/tickets/fujinokuni-ieyasukou/'}
 {'text': 'スマートＥＸ', 'url': 'https://smart-ex.jp/lp/fujinokuni/'}]",,https://www2s.biglobe.ne.jp/~t_aoyagi/railway/free/jrtokai83.htm,jrtokai83.htm,4,2026-08-10 01:30:50.424840+00:00,ふじのくに家康公きっぷ【東部エリア】,,,,https://www2s.biglobe.ne.jp/~t_aoyagi/railway/free/jrtokai83.htm
jrtokai84,ふじのくに家康公きっぷ【中部エリア】,ＪＲ東海,['ＪＲ東海'],1,FALSE,tokai,東海,东海,['東海'],tunen,通年発売タイプ,全年发售,['実券'],TRUE,FALSE,on_sale,発売中,,,2000,1000,1000,"大人：2,000円 小人：1,000円",2日間,2,"通年 
 駅窓口での発売は、利用開始日の前日もしくは当日限定",通年,,['https://www2s.biglobe.ne.jp/~t_aoyagi/railway/free/map/jrtokai84.gif'],"新幹線 特急・急行 快速・普通 
 のぞみ ひかり・こだま A,B寝台 グリーン 普通車指定 普通車自由 グリーン指定 グリーン自由 ライナー 指定 自由 
 × × × ▲ ▲ ▲ ▲ ▲ ▲ ▲ ○ 
 
 ○：乗車可 ▲：乗車券のみ有効 ×：乗車不可","['静岡県外の駅から新富士,静岡,掛川駅までのスマートEXの商品利用者のみ購入可能']",1,"新富士,静岡,掛川 
 e5489",,,https://railway.jr-central.co.jp/tickets/fujinokuni-ieyasukou/,"[{'text': 'ＪＲ東海', 'url': 'https://railway.jr-central.co.jp/tickets/fujinokuni-ieyasukou/'}
 {'text': 'スマートＥＸ', 'url': 'https://smart-ex.jp/lp/fujinokuni/'}]",,https://www2s.biglobe.ne.jp/~t_aoyagi/railway/free/jrtokai84.htm,jrtokai84.htm,5,2026-08-10 01:30:50.424840+00:00,ふじのくに家康公きっぷ【中部エリア】,,,,https://www2s.biglobe.ne.jp/~t_aoyagi/railway/free/jrtokai84.htm
jrtokai85,ふじのくに家康公きっぷ【西部エリア】,ＪＲ東海,['ＪＲ東海'],1,FALSE,tokai,東海,东海,['東海'],tunen,通年発売タイプ,全年发售,['実券'],TRUE,FALSE,on_sale,発売中,,,2000,1000,1000,"大人：2,000円 小人：1,000円",2日間,2,"通年 
 駅窓口での発売は、利用開始日の前日もしくは当日限定",通年,,['https://www2s.biglobe.ne.jp/~t_aoyagi/railway/free/map/jrtokai85.gif'],"新幹線 特急・急行 快速・普通 
 のぞみ ひかり・こだま A,B寝台 グリーン 普通車指定 普通車自由 グリーン指定 グリーン自由 ライナー 指定 自由 
 × × × ▲ ▲ ▲ ▲ ▲ ▲ ▲ ○ 
 
 ○：乗車可 ▲：乗車券のみ有効 ×：乗車不可","['静岡県外の駅から掛川,浜松までのスマートEXの商品利用者のみ購入可能']",1,"掛川,浜松 
 e5489",,,https://railway.jr-central.co.jp/tickets/fujinokuni-ieyasukou/,"[{'text': 'ＪＲ東海', 'url': 'https://railway.jr-central.co.jp/tickets/fujinokuni-ieyasukou/'}
 {'text': 'スマートＥＸ', 'url': 'https://smart-ex.jp/lp/fujinokuni/'}]",,https://www2s.biglobe.ne.jp/~t_aoyagi/railway/free/jrtokai85.htm,jrtokai85.htm,6,2026-08-10 01:30:50.424840+00:00,ふじのくに家康公きっぷ【西部エリア】,,,,https://www2s.biglobe.ne.jp/~t_aoyagi/railway/free/jrtokai85.htm
jrtokai01,青空フリーパス,ＪＲ東海,['ＪＲ東海'],1,FALSE,tokai,東海,东海,['東海'],holiday,週末限定タイプ,周末限定,['実券'],TRUE,FALSE,on_sale,発売中,,,2620,1310,1310,"大人：2,620円／小人：1,310円",１日,1,通年,"土・日曜・祝日 
 12月31日〜1月3日",,['https://www2s.biglobe.ne.jp/~t_aoyagi/railway/free/map/jrtokai01.gif'],"新幹線 特急・急行 快速・普通 伊勢鉄道 
 A,B寝台 グリーン 普通車指定 普通車自由 グリーン ライナー 指定 自由 
 × × ▲ ▲ ▲ ▲ ▲ ▲ ○ ○ 
 
 ○：乗車可 ▲：乗車券のみ有効 ×：乗車不可","['伊勢鉄道に乗車可、城北線、愛知環状線乗車不可。' '特急・急行券を購入すれば特急・急行列車（新幹線を除く）の普通車自由席が利用可。'
 '「ホームライナー」は、乗車整理券が必要。']",3,フリー区間内のＪＲのおもな駅,,,http://railway.jr-central.co.jp/tickets/aozora-free-holiday/index.html,"[{'text': 'ＪＲ東海', 'url': 'http://railway.jr-central.co.jp/tickets/aozora-free-holiday/index.html'}]",,https://www2s.biglobe.ne.jp/~t_aoyagi/railway/free/jrtokai01.htm,jrtokai01.htm,7,2026-08-10 01:30:50.424840+00:00,青空フリーパス,,,,https://www2s.biglobe.ne.jp/~t_aoyagi/railway/free/jrtokai01.htm
jrtokai03,休日乗り放題きっぷ,ＪＲ東海,['ＪＲ東海'],1,FALSE,tokai,東海,东海,['東海'],holiday,週末限定タイプ,周末限定,['実券'],TRUE,FALSE,on_sale,発売中,,,2720,1360,1360,"大人：2,720円 小人：1,360円",１日,1,通年,"土・日曜・祝日 
 12月31日〜1月3日",,['https://www2s.biglobe.ne.jp/~t_aoyagi/railway/free/map/jrtokai02.gif'],"新幹線 特急・急行 快速・普通 
 A,B寝台 グリーン 普通車指定 普通車自由 グリーン指定 グリーン自由 ライナー 指定 自由 
 × × ▲ ▲ ▲ ▲ ▲ ▲ ▲ ○ 
 
 ○：乗車可 ▲：乗車券のみ有効 ×：乗車不可",['特急・急行券を購入すれば特急・急行列車(新幹線を除く)が利用できます。' '「ホームライナー」は、乗車整理券が必要。'],2,フリー区間内のＪＲのおもな駅(国府津、甲府を除く),,,https://railway.jr-central.co.jp/tickets/holiday/,"[{'text': 'ＪＲ東海', 'url': 'https://railway.jr-central.co.jp/tickets/holiday/'}]",,https://www2s.biglobe.ne.jp/~t_aoyagi/railway/free/jrtokai03.htm,jrtokai03.htm,8,2026-08-10 01:30:50.424840+00:00,休日乗り放題きっぷ,,,,https://www2s.biglobe.ne.jp/~t_aoyagi/railway/free/jrtokai03.htm
jrtokai08,ＪＲ東海＆17 私鉄 乗り鉄☆たびきっぷ,ＪＲ東海,['ＪＲ東海'],1,FALSE,tokai,東海,东海,['東海'],holiday,週末限定タイプ,周末限定,['実券'],TRUE,FALSE,on_sale,発売中,,,9200,4330,4330,"大人：9,200円 小人：4,330円",2日間,2,2026年4月1日〜通年,026年4月4日の土休日を利用開始日とする連続する2日間,"17私鉄各社路線 
 1 伊豆箱根鉄道(駿豆線) 
 2 岳南電車 
 3 静岡鉄道 
 4 大井川鉄道 
 5 天竜浜名湖鉄道 
 6 遠州鉄道 
 7 豊橋鉄道 
 8 愛知環状鉄道 
 9 名古屋臨海高速鉄道(あおなみ線) 
 10 JR東海交通事業(城北線) 
 11 三岐鉄道(北勢線) 
 12 養老鉄道 
 13 長良川鉄道 
 14 明知鉄道 
 15 樽見鉄道 
 16 近江鉄道 
 17 伊勢鉄道",['https://www2s.biglobe.ne.jp/~t_aoyagi/railway/free/map/jrtokai08.gif'],"新幹線 特急・急行 快速・普通 
 のぞみ ひかり・こだま A,B寝台 グリーン 普通車指定 普通車自由 グリーン指定 グリーン自由 ライナー 指定 自由 
 × ▲ × ▲ ▲ ▲ ▲ ▲ ▲ ▲ ○ 
 
 ○：乗車可 ▲：乗車券のみ有効 ×：乗車不可",['特急・急行券を購入すれば特急・急行列車が利用できます。' '「ホームライナー」は、乗車整理券が必要。'],2,"フリー区間内のＪＲのおもな駅(甲府,国府津,辰野,塩尻,猪谷,新宮を除く) 
 e5489",,,https://jr-central.co.jp/news/release/_pdf/000044876.pdf,"[{'text': 'ＪＲ東海', 'url': 'https://jr-central.co.jp/news/release/_pdf/000044876.pdf'}]",,https://www2s.biglobe.ne.jp/~t_aoyagi/railway/free/jrtokai08.htm,jrtokai08.htm,9,2026-08-10 01:30:50.424840+00:00,ＪＲ東海＆17私鉄 乗り鉄☆たびきっぷ,,,,https://www2s.biglobe.ne.jp/~t_aoyagi/railway/free/jrtokai08.htm
jrtokai09,立山黒部アルペンフリーきっぷ,ＪＲ東海,['ＪＲ東海'],1,FALSE,tokai,東海,东海,['東海'],kikan,期間限定タイプ,期间限定,['実券'],TRUE,FALSE,period,2026/3/15  〜11/26,2026/3/15,2026/11/26,24500,12250,12250,"大人：24,500円 小人：12,250円",5日間,5,2026年3月15日〜2026年11月26日,"2026年3月15日〜2026年11月30日 
 2026年4月27日〜5月6日,2026年8月10日〜8月19日は利用不可",,['https://www2s.biglobe.ne.jp/~t_aoyagi/railway/free/map/jrtokai09.gif'],"新幹線 特急・急行 快速・普通 
 のぞみ ひかり・こだま A,B寝台 グリーン 普通車指定 普通車自由 グリーン指定 グリーン自由 ライナー 指定 自由 
 × × × ▲ ▲(1) ▲ ▲ ▲ ▲ ▲ ○ 
 
 ○：乗車可 ▲：乗車券のみ有効 ×：乗車不可 
 
 (1)ＪＲ線特急列車の指定席利用回数は４回まで",['ＪＲ線特急列車の指定席利用回数は４回まで' '「ホームライナー」は、乗車整理券が必要。'],2,"e5489 
 受取はＪＲ東海のきっぷうりば及び「5489サービス」の表示のある改札外の券売機(JR東海のみ)",,,https://railway.jr-central.co.jp/tickets/tateyama-kurobe-alpine/,"[{'text': 'ＪＲ東海', 'url': 'https://railway.jr-central.co.jp/tickets/tateyama-kurobe-alpine/'}]",,https://www2s.biglobe.ne.jp/~t_aoyagi/railway/free/jrtokai09.htm,jrtokai09.htm,10,2026-08-10 01:30:50.424840+00:00,立山黒部アルペンフリーきっぷ,,,,https://www2s.biglobe.ne.jp/~t_aoyagi/railway/free/jrtokai09.htm
jrtokai89,ＪＲ東海☆春の乗り放題きっぷ,ＪＲ東海,['ＪＲ東海'],1,FALSE,tokai,東海,东海,['東海'],spring,春期間限定タイプ,春季限定,['実券'],TRUE,FALSE,ended,終了,,,3900,1900,1900,"大人：3,900円 小人：1,900円",2日間,2,2026年2月13日〜2026年4月5日,2026年2月28日〜2026年4月6日,,['https://www2s.biglobe.ne.jp/~t_aoyagi/railway/free/map/jrtokai88.gif'],"新幹線 特急・急行 快速・普通 
 のぞみ ひかり・こだま A,B寝台 グリーン 普通車指定 普通車自由 グリーン指定 グリーン自由 ライナー 指定 自由 
 × × × × × × ▲ ▲ ▲ ▲ ○ 
 
 ○：乗車可 ▲：乗車券のみ有効 ×：乗車不可","['新幹線予約サービス｢EXサービス｣で、熱海〜米原間のいずれかの駅を着駅とする東海道新幹線の予約利用者を対象に発売' '特急・急行列車乗車不可。'
 '「ホームライナー」は、乗車整理券が必要。']",3,"EXサービス 
 ｢EXサービス｣で熱海〜米原間の駅を着駅とする新幹線をご予約後、｢EXサービス｣にログイン後のリンク(｢EX旅先予約｣)から｢e5489｣をご利用いただく場合に限る。受取は、ＪＲ東海のきっぷうりばまたは「5489サービス」の表示のある改札外の券売機(ＪＲ東海のみ)。",,,https://railway.jr-central.co.jp/tickets/spring-freepass/,"[{'text': 'ＪＲ東海', 'url': 'https://railway.jr-central.co.jp/tickets/spring-freepass/'}]",,https://www2s.biglobe.ne.jp/~t_aoyagi/railway/free/jrtokai89.htm,jrtokai89.htm,11,2026-08-10 01:30:50.424840+00:00,ＪＲ東海☆春の乗り放題きっぷ,,,,https://www2s.biglobe.ne.jp/~t_aoyagi/railway/free/jrtokai89.htm
jrtokai88,ＪＲ東海☆冬の乗り放題きっぷ,ＪＲ東海,['ＪＲ東海'],1,FALSE,tokai,東海,东海,['東海'],winter,年末年始限定タイプ,年末年初限定,['実券'],TRUE,FALSE,ended,終了,,,3900,1900,1900,"大人：3,900円 小人：1,900円",2日間,2,2025年11月19日〜2026年1月12日,2025年12月13日〜2026年1月13日,,['https://www2s.biglobe.ne.jp/~t_aoyagi/railway/free/map/jrtokai88.gif'],"新幹線 特急・急行 快速・普通 
 のぞみ ひかり・こだま A,B寝台 グリーン 普通車指定 普通車自由 グリーン指定 グリーン自由 ライナー 指定 自由 
 × × × × × × ▲ ▲ ▲ ▲ ○ 
 
 ○：乗車可 ▲：乗車券のみ有効 ×：乗車不可","['新幹線予約サービス｢EXサービス｣で、熱海〜米原間のいずれかの駅を着駅とする東海道新幹線の予約利用者を対象に発売' '特急・急行列車乗車不可。'
 '「ホームライナー」は、乗車整理券が必要。']",3,"EXサービス 
 ｢EXサービス｣で熱海〜米原間の駅を着駅とする新幹線をご予約後、｢EXサービス｣にログイン後のリンク(｢EX旅先予約｣)から｢e5489｣をご利用いただく場合に限る。受取は、ＪＲ東海のきっぷうりばまたは「5489サービス」の表示のある改札外の券売機(ＪＲ東海のみ)。",,,https://railway.jr-central.co.jp/tickets/winter-freepass/,"[{'text': 'ＪＲ東海', 'url': 'https://railway.jr-central.co.jp/tickets/winter-freepass/'}]",,https://www2s.biglobe.ne.jp/~t_aoyagi/railway/free/jrtokai88.htm,jrtokai88.htm,13,2026-08-10 01:30:50.424840+00:00,ＪＲ東海☆冬の乗り放題きっぷ,,,,https://www2s.biglobe.ne.jp/~t_aoyagi/railway/free/jrtokai88.htm
izukyu51,伊豆満喫フリーきっぷ,伊豆急行,['伊豆急行'],1,FALSE,tokai,東海,东海,['東海'],kikan,期間限定タイプ,期间限定,['実券'],TRUE,FALSE,period,2026/4/1  〜2027/1/31,2026/4/1,2027/1/31,3000,1000,1000,"大人：3,000円／小人：1,000円",１日,1,2026年4月1日〜2027年1月31日,2026年4月1日〜2027年1月31日,,['https://www2s.biglobe.ne.jp/~t_aoyagi/railway/free/map/izukyu.gif'],,['特急列車は、普通車空席のみ乗車可'],1,"伊東,伊豆高原,伊豆熱川,伊豆稲取,河津,伊豆急下田 
 伊東市観光案内所",伊豆急行・鉄道部 TEL:0557-53-1116,,https://www.izukyu.co.jp/ticket/detail.php?CN=314449,"[{'text': '伊豆急行', 'url': 'https://www.izukyu.co.jp/ticket/detail.php?CN=314449'}]",,https://www2s.biglobe.ne.jp/~t_aoyagi/railway/free/izukyu51.htm,izukyu51.htm,14,2026-08-10 01:30:50.424840+00:00,伊豆満喫フリーきっぷ,,,,https://www2s.biglobe.ne.jp/~t_aoyagi/railway/free/izukyu51.htm
izukyu52,河津桜パーク＆トレインフリーきっぷ,伊豆急行,['伊豆急行'],1,FALSE,tokai,東海,东海,['東海'],kikan,期間限定タイプ,期间限定,['デジタル'],FALSE,TRUE,ended,終了,,,1800,900,900,"大人：1,800円／小人：900円",１日(発売当日限り),1,2026年1月20日〜2026年3月10日,2026年2月1日〜2026年3月10日,,['https://www2s.biglobe.ne.jp/~t_aoyagi/railway/free/map/izukyu52.gif'],,"['特急列車に乗車不可' '伊豆高原駅前 P2,P3,P5 に駐車のこと。']",2,伊豆navi ジョルダンモバイルチケット Q SKIP,伊豆急行・鉄道部 TEL:0557-53-1116,,https://www.izukyu.co.jp/news/detail.php?CN=399925,"[{'text': '伊豆急行', 'url': 'https://www.izukyu.co.jp/news/detail.php?CN=399925'}
 {'text': 'ジョルダンモバイルチケット', 'url': 'https://ticket.jorudan.co.jp/izukyu/kawazu/ja/'}]",,https://www2s.biglobe.ne.jp/~t_aoyagi/railway/free/izukyu52.htm,izukyu52.htm,15,2026-08-10 01:30:50.424840+00:00,河津桜パーク＆トレインフリーきっぷ,,,,https://www2s.biglobe.ne.jp/~t_aoyagi/railway/free/izukyu52.htm
izukyu53,金目きっぷ,伊豆急行,['伊豆急行'],1,FALSE,tokai,東海,东海,['東海'],kikan,期間限定タイプ,期间限定,['実券'],TRUE,FALSE,period,2026/4/1  〜2027/3/25,2026/4/1,2027/3/25,3980,2980,2980,"大人：3,980円／小人：2,980円","乗車券：利用開始日当日限り 
 
食事券：利用開始日から起算して７日間までの１回限り有効",7,2026年4月1日〜2027年3月25日,2026年4月1日〜2027年3月25日,,['https://www2s.biglobe.ne.jp/~t_aoyagi/railway/free/map/izukyu52.gif'],,['特急列車に乗車不可'],1,"伊豆高原,伊豆熱川,伊豆稲取,河津,伊豆急下田",伊豆急行・鉄道部 TEL:0557-53-1116,,https://www.izukyu.co.jp/ticket/detail.php?CN=423810,"[{'text': '伊豆急行', 'url': 'https://www.izukyu.co.jp/ticket/detail.php?CN=423810'}]",,https://www2s.biglobe.ne.jp/~t_aoyagi/railway/free/izukyu53.htm,izukyu53.htm,16,2026-08-10 01:30:50.424840+00:00,金目きっぷ,,,,https://www2s.biglobe.ne.jp/~t_aoyagi/railway/free/izukyu53.htm
izukyu54,温泉むすめ×金目きっぷ,伊豆急行,['伊豆急行'],1,FALSE,tokai,東海,东海,['東海'],kikan,期間限定タイプ,期间限定,['実券'],TRUE,FALSE,ended,終了,,,3980,,3980,"大人：3,980円／小人：---円","乗車券：利用開始日当日限り 
 
食事券：利用開始日から起算して７日間までの１回限り有効",7,2025年11月1日〜2026年3月25日,2025年11月1日〜2026年3月25日,,['https://www2s.biglobe.ne.jp/~t_aoyagi/railway/free/map/izukyu52.gif'],,['特急列車は、別途特急券等の購入が必要'],1,"伊東市観光案内所(伊東駅構内),伊豆稲取,伊豆急下田",伊豆急行・鉄道部 TEL:0557-53-1116,,https://www.izukyu.co.jp/guide/event_detail.php?CN=414691,"[{'text': '伊豆急行', 'url': 'https://www.izukyu.co.jp/guide/event_detail.php?CN=414691'}]",,https://www2s.biglobe.ne.jp/~t_aoyagi/railway/free/izukyu54.htm,izukyu54.htm,17,2026-08-10 01:30:50.424840+00:00,温泉むすめ×金目きっぷ,,,,https://www2s.biglobe.ne.jp/~t_aoyagi/railway/free/izukyu54.htm
izukyu101,伊東・熱川フリーパス,伊豆急行,['伊豆急行'],1,FALSE,tokai,東海,东海,['東海'],kikan,期間限定タイプ,期间限定,['実券'],TRUE,FALSE,ended,終了,,,1500,750,750,"大人：1,500円／小人：750円",2日間,2,2020年9月1日〜2020年12月31日,2020年9月1日〜2020年12月31日,,['https://www2s.biglobe.ne.jp/~t_aoyagi/railway/free/map/izukyu101.gif'],,[],0,"伊東駅構内東海バス案内所 
 伊豆急行線各駅では発売していない",東海バス TEL：0557-37-5121,,https://www.izukyu.co.jp/guide/event_detail.php?CN=301341,"[{'text': '伊豆急行', 'url': 'https://www.izukyu.co.jp/guide/event_detail.php?CN=301341'}]",,https://www2s.biglobe.ne.jp/~t_aoyagi/railway/free/izukyu101.htm,izukyu101.htm,18,2026-08-10 01:30:50.424840+00:00,伊東・熱川フリーパス,,,,https://www2s.biglobe.ne.jp/~t_aoyagi/railway/free/izukyu101.htm
sunzu01,駿豆線一日乗り放題乗車券・旅助け,伊豆箱根鉄道,['伊豆箱根鉄道'],1,FALSE,tokai,東海,东海,['東海'],tunen,通年発売タイプ,全年发售,['実券' 'デジタル'],TRUE,TRUE,on_sale,発売中,,,1100,560,560,"大人：1,100円／小人：560円",１日,1,通年,通年,,['https://www2s.biglobe.ne.jp/~t_aoyagi/railway/free/map/sunzu.gif'],,[],0,"三島,三島広小路,大場,伊豆長岡,修善寺 
 RYDE PASS ジョルダンモバイルチケット",伊豆箱根鉄道・鉄道部運輸課 TEL:055-977-1207,,https://www.izuhakone.co.jp/sunzudaiyu/sunzudaiyu-news/p000467.html,"[{'text': '伊豆箱根鉄道', 'url': 'https://www.izuhakone.co.jp/sunzudaiyu/sunzudaiyu-news/p000467.html'}
 {'text': 'RYDE PASS', 'url': 'https://pass.ryde-go.com/products/KVMRLPZS223P'}
 {'text': 'ジョルダンモバイルチケット', 'url': 'https://ticket.jorudan.co.jp/izuhakone-railway/tbd-1d/ja/'}]",,https://www2s.biglobe.ne.jp/~t_aoyagi/railway/free/sunzu01.htm,sunzu01.htm,19,2026-08-10 01:30:50.424840+00:00,駿豆線一日乗り放題乗車券 旅助け,,,,https://www2s.biglobe.ne.jp/~t_aoyagi/railway/free/sunzu01.htm
sunzu91,コロプラ☆駿豆線一日フリーきっぷ,伊豆箱根鉄道,['伊豆箱根鉄道'],1,FALSE,tokai,東海,东海,['東海'],kikan,期間限定タイプ,期间限定,['実券'],TRUE,FALSE,period,〜2027/3/31,,2027/3/31,1680,,1680,"大人：1,680円",１日,1,2014年4月1日〜2027年3月31日,2014年4月1日〜2027年3月31日,,['https://www2s.biglobe.ne.jp/~t_aoyagi/railway/free/map/sunzu.gif'],,[],0,"三島,大場,伊豆長岡,修善寺",伊豆箱根鉄道鉄道部運輸課 TEL:055-977-1207,,https://www.izuhakone.co.jp/sunzudaiyu/sunzudaiyu-news/p000453.html,"[{'text': '伊豆箱根鉄道', 'url': 'https://www.izuhakone.co.jp/sunzudaiyu/sunzudaiyu-news/p000453.html'}
 {'text': 'コロプラ', 'url': 'https://colopl.co.jp/service/other/coloca/transport/area02/norimono_izuhakone/'}]",,https://www2s.biglobe.ne.jp/~t_aoyagi/railway/free/sunzu91.htm,sunzu91.htm,20,2026-08-10 01:30:50.424840+00:00,コロプラ☆駿豆線一日フリーきっぷ,,,,https://www2s.biglobe.ne.jp/~t_aoyagi/railway/free/sunzu91.htm
sunzu85,駿豆線１日乗り放題乗車券 Aqours旅助け,伊豆箱根鉄道,['伊豆箱根鉄道'],1,FALSE,tokai,東海,东海,['東海'],kikan,期間限定タイプ,期间限定,['実券'],TRUE,FALSE,period,2026/7/3  〜2027/6/30,2026/7/3,2027/6/30,1500,,1500,"大人：1,500円／小人：－円",１日,1,"津島善子Ver. 2026年7月3日〜2027年6月30日 
 
高海千歌Ver. 2026年7月22日〜2027年6月30日 
 
 桜内梨子Ver. 2025年9月6日〜2026年6月30日 
 
 黒澤ルビィVer. 2025年9月19日〜2026年6月30日 
 
 黒澤ダイヤVer. 2025年12月26日〜2026年6月30日 
 
 松浦果南Ver. 2026年2月4日〜2026年6月30日","津島善子Ver. 2026年7月3日〜2027年6月30日 
 
高海千歌Ver. 2026年7月22日〜2027年6月30日 
 
 桜内梨子Ver. 2025年9月6日〜2026年6月30日 
 
 黒澤ルビィVer. 2025年9月19日〜2026年6月30日 
 
 松浦果南Ver. 2026年2月4日〜2026年6月30日",,['https://www2s.biglobe.ne.jp/~t_aoyagi/railway/free/map/sunzu.gif'],,[],0,三島,伊豆箱根鉄道・鉄道部運輸課 TEL:055-977-1207,,https://www.izuhakone.co.jp/izu-group/izu-news/p010912_d/fil/railway_news_20260626_02.pdf,"[{'text': '伊豆箱根鉄道', 'url': 'https://www.izuhakone.co.jp/izu-group/izu-news/p010912_d/fil/railway_news_20260626_02.pdf'}
 {'text': '伊豆箱根鉄道', 'url': 'https://www.izuhakone.co.jp/izu-group/izu-news/p010912_d/fil/railway_news_20260626_02.pdf'}
 {'text': '伊豆箱根鉄道', 'url': 'https://www.izuhakone.co.jp/izu-group/izu-news/p010665_d/fil/railway_news_20250829.pdf'}
 {'text': '伊豆箱根鉄道', 'url': 'https://www.izuhakone.co.jp/izu-group/izu-news/p010665_d/fil/railway_news_20250829.pdf'}
 {'text': '伊豆箱根鉄道', 'url': 'https://www.izuhakone.co.jp/izu-group/izu-news/p010793_d/fil/railway_news_20260127_02.pdf'}]",,https://www2s.biglobe.ne.jp/~t_aoyagi/railway/free/sunzu85.htm,sunzu85.htm,21,2026-08-10 01:30:50.424840+00:00,駿豆線１日乗り放題乗車券 Aqours旅助け,,,,https://www2s.biglobe.ne.jp/~t_aoyagi/railway/free/sunzu85.htm
fujikyu91,富士急特急フリーきっぷ,富士山麓電気鉄道,['富士山麓電気鉄道'],1,FALSE,tokai,東海,东海,['東海'],tunen,通年発売タイプ,全年发售,['実券' 'デジタル'],TRUE,TRUE,on_sale,発売中,,,2400,1200,1200,"大人：3,000円／小人：1,500円 
 大人：2,400円／小人：1,200円 (2026年1月24日〜3月13日/ジョルダンモバイルチケットのみ)",２日,2,通年,通年,,['https://www2s.biglobe.ne.jp/~t_aoyagi/railway/free/map/fujikyu02.gif'],,['「富士山ビュー特急」、「フジサン特急」自由席利用可'],1,"大月,都留文科大学前,富士山,富士急ハイランド,河口湖 
 ジョルダンモバイルチケット",富士急行 TEL:0555-22-7100,,http://www.fujikyu-railway.jp/ticket/ticket16.php,"[{'text': '富士急行', 'url': 'http://www.fujikyu-railway.jp/ticket/ticket16.php'}
 {'text': 'ジョルダンモバイルチケット', 'url': 'https://ticket.jorudan.co.jp/fujikyu-railway/exp-2d/ja/'}]",,https://www2s.biglobe.ne.jp/~t_aoyagi/railway/free/fujikyu91.htm,fujikyu91.htm,22,2026-08-10 01:30:50.424840+00:00,富士急特急フリーきっぷ,,,,https://www2s.biglobe.ne.jp/~t_aoyagi/railway/free/fujikyu91.htm
fujikyu11,富士山・富士五湖パスポート(富士急電車セット),富士山麓電気鉄道,['富士山麓電気鉄道'],1,FALSE,tokai,東海,东海,['東海'],tunen,通年発売タイプ,全年发售,['実券'],TRUE,FALSE,on_sale,発売中,,,4700,2360,2360,"大人：4,700円／小人：2,360円",２日間,2,通年,通年,,['https://www2s.biglobe.ne.jp/~t_aoyagi/railway/free/map/fujikyu11.gif'],,['フジサン特急には別途特急券が必要'],1,"大月駅 
 富士山駅,河口湖駅,三島駅,新富士駅,富士宮駅,御殿場駅の富士急バス窓口 
 
森の駅旭日丘の富士急バス窓口",富士急バス TEL:0555-72-3877,,http://www.fujikyu-railway.jp/ticket/ticket17.php,"[{'text': '富士急行', 'url': 'http://www.fujikyu-railway.jp/ticket/ticket17.php'}]",,https://www2s.biglobe.ne.jp/~t_aoyagi/railway/free/fujikyu11.htm,fujikyu11.htm,23,2026-08-10 01:30:50.424840+00:00,富士山・富士五湖パスポート （富士急電車セット）,,,,https://www2s.biglobe.ne.jp/~t_aoyagi/railway/free/fujikyu11.htm
fujikyu12,富士山・富士五湖パスポート,富士山麓電気鉄道,['富士山麓電気鉄道'],1,FALSE,tokai,東海,东海,['東海'],tunen,通年発売タイプ,全年发售,['実券'],TRUE,FALSE,on_sale,発売中,,,3300,1660,1660,"大人：3,300円／小人：1,660円",２日間,2,通年,通年,,['https://www2s.biglobe.ne.jp/~t_aoyagi/railway/free/map/fujikyu12.gif'],,['フジサン特急には別途特急券が必要'],1,"富士山駅,河口湖駅の富士急バス窓口 
 三島駅,新富士駅,富士宮駅,御殿場駅,森の駅旭日丘の富士急バス窓口",富士急バス TEL:0555-72-3877,,http://www.fujikyu-railway.jp/ticket/ticket17.php,"[{'text': '富士急行', 'url': 'http://www.fujikyu-railway.jp/ticket/ticket17.php'}]",,https://www2s.biglobe.ne.jp/~t_aoyagi/railway/free/fujikyu12.htm,fujikyu12.htm,24,2026-08-10 01:30:50.424840+00:00,富士山・富士五湖パスポート,,,,https://www2s.biglobe.ne.jp/~t_aoyagi/railway/free/fujikyu12.htm
fujikyu13,富士吉田お出かけフリーきっぷ,富士山麓電気鉄道,['富士山麓電気鉄道'],1,FALSE,tokai,東海,东海,['東海'],tunen,通年発売タイプ,全年发售,['実券'],TRUE,FALSE,on_sale,発売中,,,510,360,360,大人：510円／小人：360円,１日間,1,利用当日のみ,通年,,['https://www2s.biglobe.ne.jp/~t_aoyagi/railway/free/map/fujikyu13.gif'],,[],0,"フリー区間の駅 
 フリー区間外からの往復タイプもあり",富士急行 TEL:0555-22-7100,,http://www.fujikyu-railway.jp/ticket/ticket07.php,"[{'text': '富士急行', 'url': 'http://www.fujikyu-railway.jp/ticket/ticket07.php'}]",,https://www2s.biglobe.ne.jp/~t_aoyagi/railway/free/fujikyu13.htm,fujikyu13.htm,25,2026-08-10 01:30:50.424840+00:00,富士吉田お出かけフリーきっぷ,,,,https://www2s.biglobe.ne.jp/~t_aoyagi/railway/free/fujikyu13.htm
fujikyu14,富士山まるごときっぷ,富士山麓電気鉄道,['富士山麓電気鉄道'],1,FALSE,tokai,東海,东海,['東海'],tunen,通年発売タイプ,全年发售,['実券'],TRUE,FALSE,on_sale,発売中,,,3000,2000,2000,"大人：3,000円／小人：2,000円",１日間,1,利用当日のみ,通年,,['https://www2s.biglobe.ne.jp/~t_aoyagi/railway/free/map/fujikyu14.gif'],,[],0,"富士急行線：河口湖,富士急ハイランド,富士山 
 
 富士急バス：河口湖駅、富士山駅バス窓口",富士急行 TEL:0555-22-7100,,http://www.fujikyu-railway.jp/ticket/ticket18.php,"[{'text': '富士急行', 'url': 'http://www.fujikyu-railway.jp/ticket/ticket18.php'}]",,https://www2s.biglobe.ne.jp/~t_aoyagi/railway/free/fujikyu14.htm,fujikyu14.htm,26,2026-08-10 01:30:50.424840+00:00,富士山まるごときっぷ,,,,https://www2s.biglobe.ne.jp/~t_aoyagi/railway/free/fujikyu14.htm
fujikyu71,富士急行線夏休み子ども1日フリーきっぷ,富士山麓電気鉄道,['富士山麓電気鉄道'],1,FALSE,tokai,東海,东海,['東海'],summer,夏限定タイプ,夏季限定,['実券'],TRUE,FALSE,period,2026/7/18  〜8/31,2026/7/18,2026/8/31,,100,100,小人：100円,1日,1,2026年7月18日〜2026年8月31日,2026年7月18日〜2026年8月31日,,['https://www2s.biglobe.ne.jp/~t_aoyagi/railway/free/map/fujikyu02.gif'],,[],0,"大月,都留文科大学前,下吉田,富士山,富士急ハイランド,河口湖 
 fujiyamaconnect",富士急行 TEL:0555-22-7100,,https://www.fujikyu-railway.jp/event/info.php?no=1180,"[{'text': '富士急行', 'url': 'https://www.fujikyu-railway.jp/event/info.php?no=1180'}]",,https://www2s.biglobe.ne.jp/~t_aoyagi/railway/free/fujikyu71.htm,fujikyu71.htm,27,2026-08-10 01:30:50.424840+00:00,富士急行線夏休み子ども1日フリーきっぷ,,,,https://www2s.biglobe.ne.jp/~t_aoyagi/railway/free/fujikyu71.htm
gakunan11,１日フリー乗車券,岳南鉄道,['岳南鉄道'],1,FALSE,tokai,東海,东海,['東海'],tunen,通年発売タイプ,全年发售,['実券' 'デジタル'],TRUE,TRUE,on_sale,発売中,,,750,310,310,大人：750円／小人：310円,１日,1,通年,通年,,['https://www2s.biglobe.ne.jp/~t_aoyagi/railway/free/map/gakunan.gif'],,[],0,"吉原,吉原本町,岳南富士岡 
 各駅とも係員がいる時間帯のみの発売 
 ジョルダンモバイルチケット",岳南鉄道 TEL:0545-53-5111,,https://www.gakutetsu.jp/couponpass/index.html,"[{'text': '岳南鉄道', 'url': 'https://www.gakutetsu.jp/couponpass/index.html'}
 {'text': 'ジョルダンモバイルチケット', 'url': 'https://ticket.jorudan.co.jp/gakutetsu/gkn-1d/ja/'}]",,https://www2s.biglobe.ne.jp/~t_aoyagi/railway/free/gakunan11.htm,gakunan11.htm,28,2026-08-10 01:30:50.424840+00:00,１日フリー乗車券,,,,https://www2s.biglobe.ne.jp/~t_aoyagi/railway/free/gakunan11.htm
gakunan02,春・夏・冬休みこどもフリーパス,岳南鉄道,['岳南鉄道'],1,FALSE,tokai,東海,东海,['東海'],kisetu,季節発売タイプ,季节发售,['実券'],TRUE,FALSE,unknown,春休み  夏休み  冬休み,,,,210,210,小人：210円,１日,1,"タイプ 発売期間 
 春休み 
 夏休み 2025年7月19日〜2025年8月31日 
 冬休み 2024年12月24日〜2025年1月5日","タイプ 発売期間 
 春休み 
 夏休み 2025年7月19日〜2025年8月31日 
 冬休み 2024年12月24日〜2025年1月5日",,['https://www2s.biglobe.ne.jp/~t_aoyagi/railway/free/map/gakunan.gif'],,[],0,"吉原,吉原本町,岳南富士岡 
 各駅とも係員がいる時間帯のみの発売",岳南鉄道 TEL:0545-53-5111,,https://www.gakutetsu.jp/couponpass/index.html,"[{'text': '岳南鉄道', 'url': 'https://www.gakutetsu.jp/couponpass/index.html'}]",,https://www2s.biglobe.ne.jp/~t_aoyagi/railway/free/gakunan02.htm,gakunan02.htm,29,2026-08-10 01:30:50.424840+00:00,春休み/夏休み/冬休み こどもフリーパス,,,,https://www2s.biglobe.ne.jp/~t_aoyagi/railway/free/gakunan02.htm
gakunan93,干支一日フリー乗車券,岳南鉄道,['岳南鉄道'],1,FALSE,tokai,東海,东海,['東海'],kikan,期間限定タイプ,期间限定,['実券'],TRUE,FALSE,ended,終了,,,750,,750,大人：750円,１日,1,2026年1月1日〜売切れ迄,2026年1月1日〜売切れ迄,,['https://www2s.biglobe.ne.jp/~t_aoyagi/railway/free/map/gakunan.gif'],,[],0,吉原,岳南鉄道 TEL:0545-53-5111,,https://www.gakutetsu.jp/topics/2026gakunannewyear.html,"[{'text': '岳南鉄道', 'url': 'https://www.gakutetsu.jp/topics/2026gakunannewyear.html'}]",,https://www2s.biglobe.ne.jp/~t_aoyagi/railway/free/gakunan93.htm,gakunan93.htm,30,2026-08-10 01:30:50.424840+00:00,干支柄一日フリー乗車券,,,,https://www2s.biglobe.ne.jp/~t_aoyagi/railway/free/gakunan93.htm
gakunan100,岳鉄ダルマ 全線一日フリー乗車券,岳南鉄道,['岳南鉄道'],1,FALSE,tokai,東海,东海,['東海'],kikan,期間限定タイプ,期间限定,['実券'],TRUE,FALSE,period,2026/2/1〜,2026/2/1,,750,,750,大人：750円／小人：-----円,１日,1,2026年2月1日〜,発行日より３か月以内の１日,,['https://www2s.biglobe.ne.jp/~t_aoyagi/railway/free/map/gakunan.gif'],,[],0,吉原,岳南鉄道 TEL:0545-53-5111,,https://www.gakutetsu.jp/topics/gakutetsudaruma.html,"[{'text': '岳南鉄道', 'url': 'https://www.gakutetsu.jp/topics/gakutetsudaruma.html'}]",,https://www2s.biglobe.ne.jp/~t_aoyagi/railway/free/gakunan100.htm,gakunan100.htm,31,2026-08-10 01:30:50.424840+00:00,岳鉄ダルマ 全線1日フリー乗車券,,,,https://www2s.biglobe.ne.jp/~t_aoyagi/railway/free/gakunan100.htm
gakunan101,幸運の末広がり8並び入場券＆全線1日フリー乗車券,岳南鉄道,['岳南鉄道'],1,FALSE,tokai,東海,东海,['東海'],kikan,期間限定タイプ,期间限定,['実券'],TRUE,FALSE,period,2026/8/8〜,2026/8/8,,920,,920,大人：920円／小人：-----円,１日,1,2026年8月8日〜,発行日より３か月以内の１日,,['https://www2s.biglobe.ne.jp/~t_aoyagi/railway/free/map/gakunan.gif'],,[],0,吉原,岳南鉄道 TEL:0545-53-5111,,https://www.gakutetsu.jp/topics/888zoromekippu.html,"[{'text': '岳南鉄道', 'url': 'https://www.gakutetsu.jp/topics/888zoromekippu.html'}]",,https://www2s.biglobe.ne.jp/~t_aoyagi/railway/free/gakunan101.htm,gakunan101.htm,32,2026-08-10 01:30:50.424840+00:00,幸運の末広がり8並び入場券＆全線1日フリー乗車券,,,,https://www2s.biglobe.ne.jp/~t_aoyagi/railway/free/gakunan101.htm
shizutetsu01,静鉄電車ワンデーパス,静岡鉄道,['静岡鉄道'],1,FALSE,tokai,東海,东海,['東海'],tunen,通年発売タイプ,全年发售,['実券'],TRUE,FALSE,on_sale,発売中,,,700,350,350,大人：700円／小人：350円,1日間,1,通年,通年,,['https://www2s.biglobe.ne.jp/~t_aoyagi/railway/free/map/shizutetu00.gif'],,[],0,全駅券売機,"鉄道営業所 TEL:054-261-6981 
 新清水駅 TEL:054-352-1500 
 新静岡駅 TEL:054-254-5115",,https://train.shizutetsu.co.jp/ticket#pass,"[{'text': '静岡鉄道', 'url': 'https://train.shizutetsu.co.jp/ticket#pass'}]",,https://www2s.biglobe.ne.jp/~t_aoyagi/railway/free/shizutetsu01.htm,shizutetsu01.htm,33,2026-08-10 01:30:50.424840+00:00,静鉄電車ワンデーパス,,,,https://www2s.biglobe.ne.jp/~t_aoyagi/railway/free/shizutetsu01.htm
shizutetsu11,電車・バス１日フリー乗車券,静岡鉄道,['静岡鉄道'],1,FALSE,tokai,東海,东海,['東海'],tunen,通年発売タイプ,全年发售,['実券'],TRUE,FALSE,on_sale,発売中,,,1600,800,800,"大人：1,600円／小人：800円",1日間,1,通年,通年,,['https://www2s.biglobe.ne.jp/~t_aoyagi/railway/free/map/shizutetsu11.gif'],,[],0,"バス：新静岡バス案内所,静岡駅前案内所,清水駅案内所 
 電車：新静岡,新清水",しずてつジャストラインお客様センター TEL:0120-012-990(平日9:00〜18:00),,https://train.shizutetsu.co.jp/ticket#oneday,"[{'text': '静岡鉄道', 'url': 'https://train.shizutetsu.co.jp/ticket#oneday'}
 {'text': 'しずてつジャストライン', 'url': 'http://www.justline.co.jp/jyousyaken/onday_free.html'}]",,https://www2s.biglobe.ne.jp/~t_aoyagi/railway/free/shizutetsu11.htm,shizutetsu11.htm,34,2026-08-10 01:30:50.424840+00:00,電車・バス１日フリー乗車券,,,,https://www2s.biglobe.ne.jp/~t_aoyagi/railway/free/shizutetsu11.htm
shizutetsu95,バンダイホビーセンター新工場開業記念１日フリー乗車券,静岡鉄道,['静岡鉄道'],1,FALSE,tokai,東海,东海,['東海'],kikan,期間限定タイプ,期间限定,['実券'],TRUE,FALSE,period,2025/9/2  〜2026/8/31,2025/9/2,2026/8/31,800,,800,大人：800円,1日間,1,2025年9月2日〜2026年8月31日,2025年9月2日〜2026年8月31日,,['https://www2s.biglobe.ne.jp/~t_aoyagi/railway/free/map/shizutetu00.gif'],,[],0,"新静岡,新清水","鉄道営業所 TEL:054-261-6981 
 新清水駅 TEL:054-352-1500 
 新静岡駅 TEL:054-254-5115",,https://www.shizutetsu.co.jp/media/pages/news/2025/hp20250805/f55000d8bd-1754371522/hp20250805.pdf,"[{'text': '静岡鉄道', 'url': 'https://www.shizutetsu.co.jp/media/pages/news/2025/hp20250805/f55000d8bd-1754371522/hp20250805.pdf'}]",,https://www2s.biglobe.ne.jp/~t_aoyagi/railway/free/shizutetsu95.htm,shizutetsu95.htm,35,2026-08-10 01:30:50.424840+00:00,バンダイホビーセンター新工場開業記念１日フリー乗車券,,,,https://www2s.biglobe.ne.jp/~t_aoyagi/railway/free/shizutetsu95.htm
shizutetsu93,春休み静鉄電車ワンデーパス,静岡鉄道,['静岡鉄道'],1,FALSE,tokai,東海,东海,['東海'],spring,春期間限定タイプ,春季限定,['実券'],TRUE,FALSE,ended,終了,,,,,500,中高生：500円,1日間,1,2024年3月20日〜2024年4月7日,2024年3月20日〜2024年4月7日,,['https://www2s.biglobe.ne.jp/~t_aoyagi/railway/free/map/shizutetu00.gif'],,[],0,各駅自動販売機,"鉄道営業所 TEL:054-261-6981 
 新清水駅 TEL:054-352-1500 
 新静岡駅 TEL:054-254-5115",,https://www.shizutetsu.co.jp/media/pages/news/2023/hp240318/71cb8879b9-1710806070/hp240318.pdf,"[{'text': '静岡鉄道', 'url': 'https://www.shizutetsu.co.jp/media/pages/news/2023/hp240318/71cb8879b9-1710806070/hp240318.pdf'}]",,https://www2s.biglobe.ne.jp/~t_aoyagi/railway/free/shizutetsu93.htm,shizutetsu93.htm,36,2026-08-10 01:30:50.424840+00:00,春休み静鉄電車ワンデーパス,,,,https://www2s.biglobe.ne.jp/~t_aoyagi/railway/free/shizutetsu93.htm
shizutetsu92,夏休み静鉄電車ワンデーパス,静岡鉄道,['静岡鉄道'],1,FALSE,tokai,東海,东海,['東海'],summer,夏限定タイプ,夏季限定,['実券'],TRUE,FALSE,period,2026/7/23  〜8/27,2026/7/23,2026/8/27,,,500,中高生：500円,1日間,1,2026年7月23日〜2026年8月27日,2026年7月23日〜2026年8月27日,,['https://www2s.biglobe.ne.jp/~t_aoyagi/railway/free/map/shizutetu00.gif'],,[],0,各駅自動券売機,"鉄道営業所 TEL:054-261-6981 
 新清水駅 TEL:054-352-1500 
 新静岡駅 TEL:054-254-5115",,https://train.shizutetsu.co.jp/news/20260701/6604,"[{'text': '静岡鉄道', 'url': 'https://train.shizutetsu.co.jp/news/20260701/6604'}]",,https://www2s.biglobe.ne.jp/~t_aoyagi/railway/free/shizutetsu92.htm,shizutetsu92.htm,37,2026-08-10 01:30:50.424840+00:00,夏休みワンデーパス,,,,https://www2s.biglobe.ne.jp/~t_aoyagi/railway/free/shizutetsu92.htm
shizutetsu91,冬休み静鉄電車ワンデーパス,静岡鉄道,['静岡鉄道'],1,FALSE,tokai,東海,东海,['東海'],winter,年末年始限定タイプ,年末年初限定,['実券'],TRUE,FALSE,ended,終了,,,,,500,中高生：500円,1日間,1,2025年12月24日〜2026年1月5日,2025年12月24日〜2026年1月5日,,['https://www2s.biglobe.ne.jp/~t_aoyagi/railway/free/map/shizutetu00.gif'],,[],0,全駅券売機,"鉄道営業所 TEL:054-261-6981 
 新清水駅 TEL:054-352-1500 
 新静岡駅 TEL:054-254-5115",,https://train.shizutetsu.co.jp/news/20251223/6065,"[{'text': '静岡鉄道', 'url': 'https://train.shizutetsu.co.jp/news/20251223/6065'}]",,https://www2s.biglobe.ne.jp/~t_aoyagi/railway/free/shizutetsu91.htm,shizutetsu91.htm,38,2026-08-10 01:30:50.424840+00:00,冬休み静鉄電車ワンデーパス,,,,https://www2s.biglobe.ne.jp/~t_aoyagi/railway/free/shizutetsu91.htm
oigawa96,大井川本線フリーきっぷ,大井川鉄道,['大井川鉄道'],1,FALSE,tokai,東海,东海,['東海'],tunen,通年発売タイプ,全年发售,['実券' 'デジタル'],TRUE,TRUE,on_sale,発売中,,,2400,1200,1200,"SL列車運転日 大人：4,800円／小人：2,400円 
 SL列車運休日 大人：2,400円／小人：1,200円",１日間,1,通年,通年,,['https://www2s.biglobe.ne.jp/~t_aoyagi/railway/free/map/oigawa94.gif'],,['座席未指定にてSL急行に乗車可能。'],1,"金谷,新金谷,新金谷駅前SLセンター 
 
 【SL・EL 運転日用】： RYDE PASS 
 【SL・EL 運休日用】： RYDE PASS 
 大井川鐵道オンラインショップ 
 全国のセブンイレブン(マルチコピー機)",大井川鐵道 TEL:0547-45-4112,,https://daitetsu.jp/ft_freeticket,"[{'text': '大井川鐵道', 'url': 'https://daitetsu.jp/ft_freeticket'}
 {'text': 'RYDE PASS', 'url': 'https://pass.ryde-go.com/products/17R94ZSG1Z30'}
 {'text': 'RYDE PASS', 'url': 'https://pass.ryde-go.com/products/76RVWYSM5Z3Q'}]",,https://www2s.biglobe.ne.jp/~t_aoyagi/railway/free/oigawa96.htm,oigawa96.htm,39,2026-08-10 01:30:50.424840+00:00,大井川本線フリーきっぷ,,,,https://www2s.biglobe.ne.jp/~t_aoyagi/railway/free/oigawa96.htm
oigawa16,開運たぬきっぷ,大井川鉄道,['大井川鉄道'],1,FALSE,tokai,東海,东海,['東海'],tunen,通年発売タイプ,全年发售,['実券'],TRUE,FALSE,on_sale,発売中,,,880,440,440,大人：880円／小人：440円,1日間,1,通年,通年,,['https://www2s.biglobe.ne.jp/~t_aoyagi/railway/free/map/oigawa16.gif'],,[],0,"金谷,新金谷,家山 
 新金谷駅前SLセンター 
 「TOURIST INFORMATION おおいなび」(門出駅隣接)",大井川鐵道 TEL:0547-45-4112,,https://daitetsu.jp/ft_freeticket,"[{'text': '大井川鐵道', 'url': 'https://daitetsu.jp/ft_freeticket'}]",,https://www2s.biglobe.ne.jp/~t_aoyagi/railway/free/oigawa16.htm,oigawa16.htm,40,2026-08-10 01:30:50.424840+00:00,開運たぬきっぷ,,,,https://www2s.biglobe.ne.jp/~t_aoyagi/railway/free/oigawa16.htm
tenhama02,１日フリーきっぷ,天竜浜名湖鉄道,['天竜浜名湖鉄道'],1,FALSE,tokai,東海,东海,['東海'],tunen,通年発売タイプ,全年发售,['実券' 'デジタル'],TRUE,TRUE,on_sale,発売中,,,1950,980,980,"大人：1,950円／小人：980円",１日,1,通年,通年,,['https://www2s.biglobe.ne.jp/~t_aoyagi/railway/free/map/tenhama.gif'],,[],0,"掛川,遠州森,天竜二俣,西鹿島,金指,三ヶ日,新所原 
 ジョルダンモバイルチケット",天竜浜名湖鉄道・営業課 TEL:053-925-2276,,https://www.tenhama.co.jp/about/joshaken/,"[{'text': '天竜浜名湖鉄道', 'url': 'https://www.tenhama.co.jp/about/joshaken/'}
 {'text': 'ジョルダンモバイルチケット', 'url': 'https://ticket.jorudan.co.jp/tenhama/1d/ja/index.html'}]",,https://www2s.biglobe.ne.jp/~t_aoyagi/railway/free/tenhama02.htm,tenhama02.htm,41,2026-08-10 01:30:50.424840+00:00,１日フリーきっぷ,,,,https://www2s.biglobe.ne.jp/~t_aoyagi/railway/free/tenhama02.htm
tenhama03,みかんきっぷ,天竜浜名湖鉄道,['天竜浜名湖鉄道'],1,FALSE,tokai,東海,东海,['東海'],tunen,通年発売タイプ,全年发售,['実券' 'デジタル'],TRUE,TRUE,on_sale,発売中,,,1550,780,780,"大人：1,550円／小人：780円",１日,1,通年,通年,,['https://www2s.biglobe.ne.jp/~t_aoyagi/railway/free/map/tenhama03.gif'],,[],0,"掛川,遠州森,天竜二俣,西鹿島,金指,三ヶ日,新所原 
 ジョルダンモバイルチケット",天竜浜名湖鉄道・営業課 TEL:053-925-2276,,https://www.tenhama.co.jp/about/joshaken/,"[{'text': '天竜浜名湖鉄道', 'url': 'https://www.tenhama.co.jp/about/joshaken/'}
 {'text': 'ジョルダンモバイルチケット', 'url': 'https://ticket.jorudan.co.jp/tenhama/mikan-chabatake/ja/index.html'}
 {'text': '天竜浜名湖鉄道', 'url': 'https://www.tenhama.co.jp/events/24307/'}]",,https://www2s.biglobe.ne.jp/~t_aoyagi/railway/free/tenhama03.htm,tenhama03.htm,42,2026-08-10 01:30:50.424840+00:00,みかんきっぷ,,,,https://www2s.biglobe.ne.jp/~t_aoyagi/railway/free/tenhama03.htm
tenhama04,茶畑きっぷ,天竜浜名湖鉄道,['天竜浜名湖鉄道'],1,FALSE,tokai,東海,东海,['東海'],tunen,通年発売タイプ,全年发售,['実券' 'デジタル'],TRUE,TRUE,on_sale,発売中,,,1550,780,780,"大人：1,550円／小人：780円",１日,1,通年,通年,,['https://www2s.biglobe.ne.jp/~t_aoyagi/railway/free/map/tenhama04.gif'],,[],0,"掛川,遠州森,天竜二俣,西鹿島,金指,三ヶ日,新所原 
 ジョルダンモバイルチケット",天竜浜名湖鉄道・営業課 TEL:053-925-2276,,https://www.tenhama.co.jp/about/joshaken/,"[{'text': '天竜浜名湖鉄道', 'url': 'https://www.tenhama.co.jp/about/joshaken/'}
 {'text': 'ジョルダンモバイルチケット', 'url': 'https://ticket.jorudan.co.jp/tenhama/mikan-chabatake/ja/index.html'}
 {'text': '天竜浜名湖鉄道', 'url': 'https://www.tenhama.co.jp/events/24307/'}]",,https://www2s.biglobe.ne.jp/~t_aoyagi/railway/free/tenhama04.htm,tenhama04.htm,43,2026-08-10 01:30:50.424840+00:00,茶畑きっぷ,,,,https://www2s.biglobe.ne.jp/~t_aoyagi/railway/free/tenhama04.htm
tenhama11,遠鉄電車・天浜線共通1日フリーきっぷ(西ルート),天竜浜名湖鉄道,['天竜浜名湖鉄道' '遠州鉄道'],2,TRUE,tokai,東海,东海,['東海'],tunen,通年発売タイプ,全年发售,['実券' 'デジタル'],TRUE,TRUE,on_sale,発売中,,,1600,800,800,"大人：1,600円／小人：800円",１日,1,通年,通年,,['https://www2s.biglobe.ne.jp/~t_aoyagi/railway/free/map/tenhama11.gif'],,[],0,"遠州鉄道：新浜松,第一通り,上島,浜北,西鹿島 
 
天竜浜名湖鉄道：掛川,遠州森,天竜二俣,西鹿島,金指,三ヶ日,新所原
 
 ＭａａＳアプリ「ＥＭｏｔ」","遠州鉄道・鉄道営業所 TEL:053-435-0221 
 天竜浜名湖鉄道・営業課 TEL:053-925-2276",,https://www.entetsu.co.jp/tetsudou/guide/discount.html,"[{'text': '遠州鉄道', 'url': 'https://www.entetsu.co.jp/tetsudou/guide/discount.html'}
 {'text': '天竜浜名湖鉄道', 'url': 'http://www.tenhama.co.jp/event/joshaken.html'}
 {'text': 'ＭａａＳアプリ「ＥＭｏｔ」', 'url': 'https://www.emot.jp/service/detail/index_9.html'}]",,https://www2s.biglobe.ne.jp/~t_aoyagi/railway/free/tenhama11.htm,tenhama11.htm,44,2026-08-10 01:30:50.424840+00:00,共通１日フリーきっぷ(西ルート),,,,https://www2s.biglobe.ne.jp/~t_aoyagi/railway/free/tenhama11.htm
tenhama12,遠鉄電車・天浜線共通1日フリーきっぷ(東ルート),天竜浜名湖鉄道,['天竜浜名湖鉄道' '遠州鉄道'],2,TRUE,tokai,東海,东海,['東海'],tunen,通年発売タイプ,全年发售,['実券' 'デジタル'],TRUE,TRUE,on_sale,発売中,,,1600,800,800,"大人：1,600円／小人：800円",１日,1,通年,通年,,['https://www2s.biglobe.ne.jp/~t_aoyagi/railway/free/map/tenhama12.gif'],,[],0,"遠州鉄道：新浜松,第一通り,上島,浜北,西鹿島 
 
天竜浜名湖鉄道：掛川,遠州森,天竜二俣,西鹿島,金指,三ヶ日,新所原
 
 ＭａａＳアプリ「ＥＭｏｔ」","遠州鉄道・鉄道営業所 TEL:053-435-0221 
 天竜浜名湖鉄道・営業課 TEL:053-925-2276",,https://www.entetsu.co.jp/tetsudou/guide/discount.html,"[{'text': '遠州鉄道', 'url': 'https://www.entetsu.co.jp/tetsudou/guide/discount.html'}
 {'text': '天竜浜名湖鉄道', 'url': 'http://www.tenhama.co.jp/event/joshaken.html'}
 {'text': 'ＭａａＳアプリ「ＥＭｏｔ」', 'url': 'https://www.emot.jp/service/detail/index_8.html'}]",,https://www2s.biglobe.ne.jp/~t_aoyagi/railway/free/tenhama12.htm,tenhama12.htm,45,2026-08-10 01:30:50.424840+00:00,共通１日フリーきっぷ(東ルート),,,,https://www2s.biglobe.ne.jp/~t_aoyagi/railway/free/tenhama12.htm
entetu71,浜松まるっとパス,天竜浜名湖鉄道,['天竜浜名湖鉄道' '遠州鉄道'],2,TRUE,tokai,東海,东海,['東海'],kikan,期間限定タイプ,期间限定,['デジタル'],FALSE,TRUE,on_sale,発売中,,,1200,600,600,"単体 
 
6時間券 大人：1,200円／小人：600円 
 1日券 大人：1,800円／小人：900円 
 2日券 大人：2,800円／小人：1,400円","6時間券：利用開始より6時間 
 １日券：1日 
 2日券：2日",1,通年,通年,,['https://www2s.biglobe.ne.jp/~t_aoyagi/railway/free/map/entetu71.gif'],,[],0,EMot,遠州鉄道・鉄道営業所 TEL:053-455-0221,,https://www.hama-pass.com/,"[{'text': '浜松まるっとパス', 'url': 'https://www.hama-pass.com/'}
 {'text': 'EMot', 'url': 'https://www.emot.jp/service/detail/of_hamamatsu_marutto_pass_info.html'}]",,https://www2s.biglobe.ne.jp/~t_aoyagi/railway/free/entetu71.htm,entetu71.htm,46,2026-08-10 01:30:50.424840+00:00,浜松まるっとパス,,,,https://www2s.biglobe.ne.jp/~t_aoyagi/railway/free/entetu71.htm
entetu72,浜松・浜名湖まるっとパス,天竜浜名湖鉄道,['天竜浜名湖鉄道' '遠州鉄道'],2,TRUE,tokai,東海,东海,['東海'],kikan,期間限定タイプ,期间限定,['デジタル'],FALSE,TRUE,on_sale,発売中,,,2300,1200,1200,"単体 
 6時間券 大人：2,300円／小人：1,200円 
 1日券 大人：2,800円／小人：1,400円 
 2日券 大人：3,600円／小人：1,800円","6時間券：利用開始より6時間 
 １日券：1日 
 2日券：2日",1,通年,通年,,['https://www2s.biglobe.ne.jp/~t_aoyagi/railway/free/map/entetu72.gif'],,[],0,EMot,遠州鉄道・鉄道営業所 TEL:053-455-0221,,https://www.hama-pass.com/,"[{'text': '浜松まるっとパス', 'url': 'https://www.hama-pass.com/'}
 {'text': 'EMot', 'url': 'https://www.emot.jp/service/detail/of_hamamatsu_hamanako_marutto_pass_info.html'}]",,https://www2s.biglobe.ne.jp/~t_aoyagi/railway/free/entetu72.htm,entetu72.htm,47,2026-08-10 01:30:50.424840+00:00,浜松・浜名湖まるっとパス,,,,https://www2s.biglobe.ne.jp/~t_aoyagi/railway/free/entetu72.htm
tenhama81,天浜線「絵馬きっぷ2026」,天竜浜名湖鉄道,['天竜浜名湖鉄道'],1,FALSE,tokai,東海,东海,['東海'],kikan,期間限定タイプ,期间限定,['実券'],TRUE,FALSE,ended,終了,,,1950,,1950,"大人：1,950円",１日,1,2025年11月16日〜,2026年1月1日〜2026年12月31日,,['https://www2s.biglobe.ne.jp/~t_aoyagi/railway/free/map/tenhama.gif'],,[],0,"掛川,天竜二俣,新所原 
 通信販売",天竜浜名湖鉄道・営業課 TEL:053-925-2276,,https://www.tenhama.co.jp/events/29129/,"[{'text': '天竜浜名湖鉄道', 'url': 'https://www.tenhama.co.jp/events/29129/'}]",,https://www2s.biglobe.ne.jp/~t_aoyagi/railway/free/tenhama81.htm,tenhama81.htm,48,2026-08-10 01:30:50.424840+00:00,天浜線「絵馬きっぷ2026」,,,,https://www2s.biglobe.ne.jp/~t_aoyagi/railway/free/tenhama81.htm
tenhama101,『初音ミク』×『音街ウナ』コラボ企画きっぷ,天竜浜名湖鉄道,['天竜浜名湖鉄道'],1,FALSE,tokai,東海,东海,['東海'],kikan,期間限定タイプ,期间限定,['実券'],TRUE,FALSE,period,2026/7/18〜,2026/7/18,,1950,,1950,"大人：1,950円",１日,1,2026年7月18日〜,2026年7月18日〜,,['https://www2s.biglobe.ne.jp/~t_aoyagi/railway/free/map/tenhama.gif'],,[],0,"掛川,天竜二俣,新所原",天竜浜名湖鉄道・営業課 TEL:053-925-2276,,https://www.tenhama.co.jp/events/35736/,"[{'text': '天竜浜名湖鉄道', 'url': 'https://www.tenhama.co.jp/events/35736/'}]",,https://www2s.biglobe.ne.jp/~t_aoyagi/railway/free/tenhama101.htm,tenhama101.htm,49,2026-08-10 01:30:50.424840+00:00,『初音ミク』×『音街ウナ』コラボ企画きっぷ,,,,https://www2s.biglobe.ne.jp/~t_aoyagi/railway/free/tenhama101.htm
entetu02,あかでん1 日フリーきっぷ,遠州鉄道,['遠州鉄道'],1,FALSE,tokai,東海,东海,['東海'],tunen,通年発売タイプ,全年发售,['実券' 'デジタル'],TRUE,TRUE,on_sale,発売中,,,1200,600,600,"大人：1,200円／小人：600円",１日,1,通年,通年,,['https://www2s.biglobe.ne.jp/~t_aoyagi/railway/free/map/entetu02.gif'],,[],0,"有人駅及び鉄道営業所 
 ＭａａＳアプリ「ＥＭｏｔ」",遠州鉄道 TEL:053-455-2255,,http://www.entetsu.co.jp/tetsudou/guide/discount.html,"[{'text': '遠州鉄道', 'url': 'http://www.entetsu.co.jp/tetsudou/guide/discount.html'}
 {'text': 'ＭａａＳアプリ「ＥＭｏｔ」', 'url': 'https://www.emot.jp/service/detail/index_11.html'}]",,https://www2s.biglobe.ne.jp/~t_aoyagi/railway/free/entetu02.htm,entetu02.htm,50,2026-08-10 01:30:50.424840+00:00,あかでん1 日フリーきっぷ,,,,https://www2s.biglobe.ne.jp/~t_aoyagi/railway/free/entetu02.htm
entetu01,遠鉄ぶらりきっぷ,遠州鉄道,['遠州鉄道'],1,FALSE,tokai,東海,东海,['東海'],tunen,通年発売タイプ,全年发售,['実券' 'デジタル'],TRUE,TRUE,on_sale,発売中,,,1570,790,790,"大人：1,570円／小人：790円",１日,1,通年,通年,,['https://www2s.biglobe.ne.jp/~t_aoyagi/railway/free/map/entetu12.gif'],,['遠鉄バスはe-wing、e-LineRは乗車不可。別途運賃必要。'],1,"遠鉄バス窓口,遠州鉄道の主要駅 
 ＭａａＳアプリ「ＥＭｏｔ」",遠州鉄道 TEL:053-455-2255,,https://www.entetsu.co.jp/tetsudou/guide/discount.html,"[{'text': '遠州鉄道', 'url': 'https://www.entetsu.co.jp/tetsudou/guide/discount.html'}
 {'text': 'ＭａａＳアプリ「ＥＭｏｔ」', 'url': 'https://www.emot.jp/service/detail/index_10.html'}]",,https://www2s.biglobe.ne.jp/~t_aoyagi/railway/free/entetu01.htm,entetu01.htm,51,2026-08-10 01:30:50.424840+00:00,遠鉄ぶらりきっぷ,,,,https://www2s.biglobe.ne.jp/~t_aoyagi/railway/free/entetu01.htm
toyotetu01,渥美線１日フリー乗車券,豊橋鉄道,['豊橋鉄道'],1,FALSE,tokai,東海,东海,['東海'],tunen,通年発売タイプ,全年发售,['実券' 'デジタル'],TRUE,TRUE,on_sale,発売中,,,1100,550,550,"大人：1,100円／小人：550円",１日,1,通年,通年,,['https://www2s.biglobe.ne.jp/~t_aoyagi/railway/free/map/toyotetu01.gif'],,[],0,"新豊橋,南栄,高師,大清水,三河田原 
 CentX RYDE PASS ジョルダン my route",豊橋鉄道 TEL:0532-53-2135,,http://www.toyotetsu.com/atsumisen/otoku.html,"[{'text': '豊橋鉄道', 'url': 'http://www.toyotetsu.com/atsumisen/otoku.html'}
 {'text': 'RYDE PASS', 'url': 'https://pass.ryde-go.com/products/KVM8LPZS2RPN'}
 {'text': 'ジョルダン', 'url': 'https://ticket.jorudan.co.jp/toyotetsu/atsumi/ja/'}]",,https://www2s.biglobe.ne.jp/~t_aoyagi/railway/free/toyotetu01.htm,toyotetu01.htm,56,2026-08-10 01:30:50.424840+00:00,渥美線１日フリー乗車券,,,,https://www2s.biglobe.ne.jp/~t_aoyagi/railway/free/toyotetu01.htm
toyotetu02,1DAY FREE PASS,豊橋鉄道,['豊橋鉄道'],1,FALSE,tokai,東海,东海,['東海'],tunen,通年発売タイプ,全年发售,['実券' 'デジタル'],TRUE,TRUE,on_sale,発売中,,,550,280,280,大人：550円／小人：280円,１日,1,通年,通年,,['https://www2s.biglobe.ne.jp/~t_aoyagi/railway/free/map/toyotetu02.gif'],,[],0,"駅前停留所、市内線営業所 
 CentX RYDE PASS ジョルダン my route",豊橋鉄道 TEL:0532-61-5771,,https://www.toyotetsu.com/atsumisen/otoku.html,"[{'text': '豊橋鉄道', 'url': 'https://www.toyotetsu.com/atsumisen/otoku.html'}
 {'text': 'RYDE PASS', 'url': 'https://pass.ryde-go.com/products/617894ZS0R0L'}
 {'text': 'ジョルダン', 'url': 'https://ticket.jorudan.co.jp/toyotetsu/city/ja/'}]",,https://www2s.biglobe.ne.jp/~t_aoyagi/railway/free/toyotetu02.htm,toyotetu02.htm,57,2026-08-10 01:30:50.424840+00:00,1DAY FREE PASS,,,,https://www2s.biglobe.ne.jp/~t_aoyagi/railway/free/toyotetu02.htm
toyotetu03,いこまい豊橋 電車・バス1日フリー乗車券,豊橋鉄道,['豊橋鉄道'],1,FALSE,tokai,東海,东海,['東海'],tunen,通年発売タイプ,全年发售,['実券' 'デジタル'],TRUE,TRUE,on_sale,発売中,,,1100,550,550,"大人：1,100円／小人：550円",１日,1,発売中,発売中,,['https://www2s.biglobe.ne.jp/~t_aoyagi/railway/free/map/toyotetu91.gif'],,[],0,"新豊橋,南栄,高師,大清水,三河田原 
 CentX RYDE PASS ジョルダン my route",豊橋鉄道鉄道部 TEL:0532-53-2136,,https://www.toyotetsu.com/atsumisen/otoku.html,"[{'text': '豊橋鉄道', 'url': 'https://www.toyotetsu.com/atsumisen/otoku.html'}
 {'text': 'RYDE PASS', 'url': 'https://pass.ryde-go.com/products/PDV3DYDS2G3X'}
 {'text': 'ジョルダン', 'url': 'https://ticket.jorudan.co.jp/toyotetsu/city/ja/'}]",,https://www2s.biglobe.ne.jp/~t_aoyagi/railway/free/toyotetu03.htm,toyotetu03.htm,58,2026-08-10 01:30:50.424840+00:00,いこまい豊橋 電車・バス1日フリー乗車券,,,,https://www2s.biglobe.ne.jp/~t_aoyagi/railway/free/toyotetu03.htm
toyotetu04,渥美半島サイクルきっぷ,豊橋鉄道,['豊橋鉄道'],1,FALSE,tokai,東海,东海,['東海'],tunen,通年発売タイプ,全年发售,['デジタル'],FALSE,TRUE,on_sale,発売中,,,1200,650,650,"大人：1,200円／小人：650円",１日,1,発売中,発売中,,['https://www2s.biglobe.ne.jp/~t_aoyagi/railway/free/map/toyotetu01.gif'],,[],0,CentX RYDE PASS ジョルダン my route,豊橋鉄道 TEL:,,https://www.toyotetsu.com/atsumisen/otoku.html,"[{'text': '豊橋鉄道', 'url': 'https://www.toyotetsu.com/atsumisen/otoku.html'}]",,https://www2s.biglobe.ne.jp/~t_aoyagi/railway/free/toyotetu04.htm,toyotetu04.htm,59,2026-08-10 01:30:50.424840+00:00,渥美半島サイクルきっぷ,,,,https://www2s.biglobe.ne.jp/~t_aoyagi/railway/free/toyotetu04.htm
toyotetu05,伊良湖１ＤＡＹフリーきっぷ,豊橋鉄道,['豊橋鉄道'],1,FALSE,tokai,東海,东海,['東海'],tunen,通年発売タイプ,全年发售,['実券' 'デジタル'],TRUE,TRUE,on_sale,発売中,,,2100,1050,1050,"大人：2,100円／小人：1,050円",１日,1,通年,通年,,['https://www2s.biglobe.ne.jp/~t_aoyagi/railway/free/map/toyotetu05.gif'],,[],0,"・渥美線主要駅(新豊橋,南栄,高師,大清水,三河田原) 
 
・豊橋駅バスセンター 
 
・豊鉄バス渥美営業所 
 
・ CentX ・ RYDE PASS",豊橋鉄道・鉄道部 TEL:0532-53-2136,,https://www.toyotetsu.com/atsumisen/otoku.html,"[{'text': '豊橋鉄道', 'url': 'https://www.toyotetsu.com/atsumisen/otoku.html'}]",,https://www2s.biglobe.ne.jp/~t_aoyagi/railway/free/toyotetu05.htm,toyotetu05.htm,60,2026-08-10 01:30:50.424840+00:00,伊良湖１ＤＡＹフリーきっぷ,,,,https://www2s.biglobe.ne.jp/~t_aoyagi/railway/free/toyotetu05.htm
toyotetu06,伊良湖２ＤＡＹフリーきっぷ,豊橋鉄道,['豊橋鉄道'],1,FALSE,tokai,東海,东海,['東海'],tunen,通年発売タイプ,全年发售,['実券' 'デジタル'],TRUE,TRUE,on_sale,発売中,,,3300,1650,1650,"大人：3,300円／小人：1,650円",１日,1,2023年12月1日〜,2023年12月1日〜,,['https://www2s.biglobe.ne.jp/~t_aoyagi/railway/free/map/toyotetu05.gif'],,[],0,"・渥美線主要駅(新豊橋,南栄,高師,大清水,三河田原) 
 
・豊橋駅バスセンター 
 
・豊鉄バス渥美営業所 
 
・ CentX ・ RYDE PASS",豊橋鉄道・鉄道部 TEL:0532-53-2136,,https://www.toyotetsu.com/atsumisen/otoku.html,"[{'text': '豊橋鉄道', 'url': 'https://www.toyotetsu.com/atsumisen/otoku.html'}]",,https://www2s.biglobe.ne.jp/~t_aoyagi/railway/free/toyotetu06.htm,toyotetu06.htm,61,2026-08-10 01:30:50.424840+00:00,伊良湖２ＤＡＹフリーきっぷ,,,,https://www2s.biglobe.ne.jp/~t_aoyagi/railway/free/toyotetu06.htm
toyotetu92,乗り物コロカ付き渥美線1dayフリーきっぷ,豊橋鉄道,['豊橋鉄道'],1,FALSE,tokai,東海,东海,['東海'],kikan,期間限定タイプ,期间限定,['実券'],TRUE,FALSE,period,〜2027/3/31,,2027/3/31,1700,,1700,"大人：1,700円",１日,1,2014年4月1日〜2027年3月31日,2014年4月1日〜2027年3月31日,,['https://www2s.biglobe.ne.jp/~t_aoyagi/railway/free/map/toyotetu01.gif'],,[],0,"新豊橋,南栄,高師,大清水,三河田原",豊橋鉄道・新豊橋駅 TEL:0532-52-5108,,https://colopl.co.jp/service/other/coloca/transport/area03/norimono_toyotetsu/,"[{'text': 'コロプラ', 'url': 'https://colopl.co.jp/service/other/coloca/transport/area03/norimono_toyotetsu/'}]",,https://www2s.biglobe.ne.jp/~t_aoyagi/railway/free/toyotetu92.htm,toyotetu92.htm,62,2026-08-10 01:30:50.424840+00:00,乗り物コロカ付き渥美線1dayフリーきっぷ,,,,https://www2s.biglobe.ne.jp/~t_aoyagi/railway/free/toyotetu92.htm
toyotetu94,豊鉄フェスタ1日フリー乗車券,豊橋鉄道,['豊橋鉄道'],1,FALSE,tokai,東海,东海,['東海'],kikan,期間限定タイプ,期间限定,['実券'],TRUE,FALSE,ended,終了,,,1500,750,750,"大人：1,500円 小人：750円",１日,1,2025年11月14日〜2025年11月29日,2025年11月29日,,['https://www2s.biglobe.ne.jp/~t_aoyagi/railway/free/map/toyotetu93.gif'],,[],0,"新豊橋,南栄,高師,大清水,三河田原 
 市内線営業所","豊橋鉄道・高師駅 TEL:0532-45-4927 
 市内線営業所 TEL:0532-61-5771",,https://www.toyotetsu.com/news/000603.html,"[{'text': '豊橋鉄道', 'url': 'https://www.toyotetsu.com/news/000603.html'}]",,https://www2s.biglobe.ne.jp/~t_aoyagi/railway/free/toyotetu94.htm,toyotetu94.htm,63,2026-08-10 01:30:50.424840+00:00,豊鉄フェスタ1日フリー乗車券,,,,https://www2s.biglobe.ne.jp/~t_aoyagi/railway/free/toyotetu94.htm
nagoya01,地下鉄全線24時間券,名古屋市交通局,['名古屋市交通局'],1,FALSE,tokai,東海,东海,['東海'],tunen,通年発売タイプ,全年发售,['実券'],TRUE,FALSE,on_sale,発売中,,,760,380,380,大人：760円／小人：380円,１日,1,通年,最初に自動改札機に投入した時から24時間以内,,['https://www2s.biglobe.ne.jp/~t_aoyagi/railway/free/map/nagoya.gif'],,[],0,"地下鉄全駅,交通局サービスセンター(名古屋,栄,金山)",名古屋市交通局経営企画課 TEL:052-972-3859,,https://www.kotsu.city.nagoya.jp/jp/pc/TICKET/TRP0000310.htm,"[{'text': '名古屋市交通局', 'url': 'https://www.kotsu.city.nagoya.jp/jp/pc/TICKET/TRP0000310.htm'}]",,https://www2s.biglobe.ne.jp/~t_aoyagi/railway/free/nagoya01.htm,nagoya01.htm,64,2026-08-10 01:30:50.424840+00:00,地下鉄全線24時間券,,,,https://www2s.biglobe.ne.jp/~t_aoyagi/railway/free/nagoya01.htm
nagoya12,バス・地下鉄全線一日乗車券,名古屋市交通局,['名古屋市交通局'],1,FALSE,tokai,東海,东海,['東海'],tunen,通年発売タイプ,全年发售,['実券'],TRUE,FALSE,on_sale,発売中,,,870,430,430,大人：870円／小人：430円,１日,1,通年,通年,,['https://www2s.biglobe.ne.jp/~t_aoyagi/railway/free/map/nagoya12.gif'],,[],0,地下鉄各駅、市バス営業所、案内所など,名古屋市交通局 TEL:052-972-3816,,http://www.kotsu.city.nagoya.jp/jp/pc/TICKET/TRP0000310.htm,"[{'text': '名古屋市交通局', 'url': 'http://www.kotsu.city.nagoya.jp/jp/pc/TICKET/TRP0000310.htm'}]",,https://www2s.biglobe.ne.jp/~t_aoyagi/railway/free/nagoya12.htm,nagoya12.htm,65,2026-08-10 01:30:50.424840+00:00,バス・地下鉄全線一日乗車券,,,,https://www2s.biglobe.ne.jp/~t_aoyagi/railway/free/nagoya12.htm
nagoya02,ドニチエコきっぷ,名古屋市交通局,['名古屋市交通局'],1,FALSE,tokai,東海,东海,['東海'],holiday,週末限定タイプ,周末限定,['実券'],TRUE,FALSE,on_sale,発売中,,,620,310,310,大人：620円／小人：310円,１日,1,利用当日,"土曜,日曜,祝日,毎月８日",,['https://www2s.biglobe.ne.jp/~t_aoyagi/railway/free/map/nagoya12.gif'],,[],0,"地下鉄駅窓口,バス車内",名古屋市交通局経営企画課 TEL:052-972-3859,,https://www.kotsu.city.nagoya.jp/jp/pc/TICKET/TRP0000310.htm,"[{'text': '名古屋市交通局', 'url': 'https://www.kotsu.city.nagoya.jp/jp/pc/TICKET/TRP0000310.htm'}]",,https://www2s.biglobe.ne.jp/~t_aoyagi/railway/free/nagoya02.htm,nagoya02.htm,66,2026-08-10 01:30:50.424840+00:00,ドニチエコきっぷ,,,,https://www2s.biglobe.ne.jp/~t_aoyagi/railway/free/nagoya02.htm
nagoya98,名古屋まつり記念ドニチエコきっぷ,名古屋市交通局,['名古屋市交通局'],1,FALSE,tokai,東海,东海,['東海'],kikan,期間限定タイプ,期间限定,['実券'],TRUE,FALSE,ended,終了,,,620,,620,大人：620円,１日,1,2025年10月4日〜 売切れ迄,"土,日,休日と毎月8日",,['https://www2s.biglobe.ne.jp/~t_aoyagi/railway/free/map/nagoya12.gif'],,[],0,"地下鉄全駅,交通局サービスセンター(名古屋,栄,金山)",名古屋市交通局乗客誘致推進室 TEL:052-972-3816,,https://www.kotsu.city.nagoya.jp/jp/pc/ENJOY/TRP0003787.htm,"[{'text': '名古屋市交通局', 'url': 'https://www.kotsu.city.nagoya.jp/jp/pc/ENJOY/TRP0003787.htm'}]",,https://www2s.biglobe.ne.jp/~t_aoyagi/railway/free/nagoya98.htm,nagoya98.htm,67,2026-08-10 01:30:50.424840+00:00,第71回名古屋まつり記念 ドニチエコきっぷ,"10,000枚",,,https://www2s.biglobe.ne.jp/~t_aoyagi/railway/free/nagoya98.htm
nagoya89,名古屋ウィメンズマラソン2026 記念ドニチエコきっぷ,名古屋市交通局,['名古屋市交通局'],1,FALSE,tokai,東海,东海,['東海'],kikan,期間限定タイプ,期间限定,['実券'],TRUE,FALSE,ended,終了,,,620,,620,大人：620円,１日,1,2026年2月7日〜 売り切れ次第終了,"土,日,休日と毎月8日",,['https://www2s.biglobe.ne.jp/~t_aoyagi/railway/free/map/nagoya12.gif'],,[],0,"地下鉄全駅,交通局サービスセンター(名古屋,栄,金山)",名古屋市交通局乗客誘致推進課事業係 TEL:052-972-3816,,https://www.kotsu.city.nagoya.jp/jp/pc/ENJOY/TRP0005429.htm,"[{'text': '名古屋市交通局', 'url': 'https://www.kotsu.city.nagoya.jp/jp/pc/ENJOY/TRP0005429.htm'}]",,https://www2s.biglobe.ne.jp/~t_aoyagi/railway/free/nagoya89.htm,nagoya89.htm,68,2026-08-10 01:30:50.424840+00:00,「名古屋ウィメンズマラソン2026」 記念ドニチエコきっぷ,"15,000枚",,,https://www2s.biglobe.ne.jp/~t_aoyagi/railway/free/nagoya89.htm
nagoya90,名古屋グランパスコラボ バス・地下鉄全線一日乗車券,名古屋市交通局,['名古屋市交通局'],1,FALSE,tokai,東海,东海,['東海'],kikan,期間限定タイプ,期间限定,['実券'],TRUE,FALSE,ended,終了,,,870,,870,大人：870円,１日,1,"2024年2月9日〜2024年3月10日 
 売切れ次第終了",通年,,['https://www2s.biglobe.ne.jp/~t_aoyagi/railway/free/map/nagoya12.gif'],,[],0,"地下鉄全駅,交通局サービスセンター(名古屋,栄,金山)",名古屋市交通局乗客誘致推進課事業係 TEL:052-972-3816,,https://www.kotsu.city.nagoya.jp/jp/pc/ENJOY/TRP0004600.htm,"[{'text': '名古屋市交通局', 'url': 'https://www.kotsu.city.nagoya.jp/jp/pc/ENJOY/TRP0004600.htm'}]",,https://www2s.biglobe.ne.jp/~t_aoyagi/railway/free/nagoya90.htm,nagoya90.htm,69,2026-08-10 01:30:50.424840+00:00,名古屋グランパスコラボ バス・地下鉄全線一日乗車券,"5,000枚",,,https://www2s.biglobe.ne.jp/~t_aoyagi/railway/free/nagoya90.htm
nagoya87,中日ドラゴンズコラボ2026バス・地下鉄全線一日乗車券,名古屋市交通局,['名古屋市交通局'],1,FALSE,tokai,東海,东海,['東海'],kikan,期間限定タイプ,期间限定,['実券'],TRUE,FALSE,period,2026/4/20〜,2026/4/20,,870,,870,大人：870円,１日,1,2025年4月20日〜 売切れ迄,通年,,['https://www2s.biglobe.ne.jp/~t_aoyagi/railway/free/map/nagoya12.gif'],,[],0,"地下鉄全駅,交通局サービスセンター(名古屋,栄,金山)",名古屋市交通局乗客誘致推進課 TEL:052-972-3816,,https://www.kotsu.city.nagoya.jp/rp/about/TRP0005486.htm,"[{'text': '名古屋市交通局', 'url': 'https://www.kotsu.city.nagoya.jp/rp/about/TRP0005486.htm'}]",,https://www2s.biglobe.ne.jp/~t_aoyagi/railway/free/nagoya87.htm,nagoya87.htm,70,2026-08-10 01:30:50.424840+00:00,中日ドラゴンズコラボ2026 バス・地下鉄全線一日乗車券,"20,000枚",,,https://www2s.biglobe.ne.jp/~t_aoyagi/railway/free/nagoya87.htm
nagoya88,「第28回にっぽんど真ん中祭り」記念ドニチエコきっぷ,名古屋市交通局,['名古屋市交通局'],1,FALSE,tokai,東海,东海,['東海'],kikan,期間限定タイプ,期间限定,['実券'],TRUE,FALSE,period,2026/8/15〜,2026/8/15,,620,,620,大人：620円,１日,1,2026年8月15日〜 売切れ迄,"2026年8月15日〜 の土休日,毎月8日",,['https://www2s.biglobe.ne.jp/~t_aoyagi/railway/free/map/nagoya12.gif'],,[],0,"地下鉄全駅,交通局サービスセンター(名古屋,栄,金山)",名古屋市交通局乗客誘致推進室 TEL:052-972-3816,,https://www.kotsu.city.nagoya.jp/rp/about/TRP0005582.htm,"[{'text': '名古屋市交通局', 'url': 'https://www.kotsu.city.nagoya.jp/rp/about/TRP0005582.htm'}]",,https://www2s.biglobe.ne.jp/~t_aoyagi/railway/free/nagoya88.htm,nagoya88.htm,71,2026-08-10 01:30:50.424840+00:00,「第28回にっぽんど真ん中祭り」記念ドニチエコきっぷ,,,,https://www2s.biglobe.ne.jp/~t_aoyagi/railway/free/nagoya88.htm
nagoya96,世界コスプレサミット2024記念ドニチエコきっぷ,名古屋市交通局,['名古屋市交通局'],1,FALSE,tokai,東海,东海,['東海'],kikan,期間限定タイプ,期间限定,['実券'],TRUE,FALSE,ended,終了,,,620,,620,大人：620円,１日,1,2025年7月5日〜売切れ迄,"土,日,休日と毎月8日",,['https://www2s.biglobe.ne.jp/~t_aoyagi/railway/free/map/nagoya12.gif'],,[],0,"地下鉄全駅,交通局サービスセンター(名古屋,栄,金山)",名古屋市交通局乗客誘致推進室 TEL:052-972-3816,,https://www.kotsu.city.nagoya.jp/jp/pc/ENJOY/TRP0005288.htm,"[{'text': '名古屋市交通局', 'url': 'https://www.kotsu.city.nagoya.jp/jp/pc/ENJOY/TRP0005288.htm'}]",,https://www2s.biglobe.ne.jp/~t_aoyagi/railway/free/nagoya96.htm,nagoya96.htm,72,2026-08-10 01:30:50.424840+00:00,世界コスプレサミット2025 記念ドニチエコきっぷ,"14,000枚",,,https://www2s.biglobe.ne.jp/~t_aoyagi/railway/free/nagoya96.htm
nagoya103,ぴよりんと市バスでぷち旅,名古屋市交通局,['名古屋市交通局'],1,FALSE,tokai,東海,东海,['東海'],kikan,期間限定タイプ,期间限定,['実券'],TRUE,FALSE,period,2026/7/17  〜10/26,2026/7/17,2026/10/26,870,,870,大人：870円,１日,1,"2026年7月17日〜2026年10月26日 
 売切れ次第終了",2026年7月17日〜,,['https://www2s.biglobe.ne.jp/~t_aoyagi/railway/free/map/nagoya12.gif'],,[],0,"地下鉄全駅,交通局サービスセンター(名古屋,栄,金山) 
 EX旅先予約・EX旅パック",名古屋市交通局乗客誘致推進課事業係 TEL:052-972-3816,,https://www.kotsu.city.nagoya.jp/rp/odekake/TRP0005544.htm,"[{'text': '名古屋市交通局', 'url': 'https://www.kotsu.city.nagoya.jp/rp/odekake/TRP0005544.htm'}]",,https://www2s.biglobe.ne.jp/~t_aoyagi/railway/free/nagoya103.htm,nagoya103.htm,73,2026-08-10 01:30:50.424840+00:00,ぴよりんと市バスでぷち旅,"15,000枚",,,https://www2s.biglobe.ne.jp/~t_aoyagi/railway/free/nagoya103.htm
nagoya104,アジア競技大会開催記念バス・地下鉄全線一日乗車券,名古屋市交通局,['名古屋市交通局'],1,FALSE,tokai,東海,东海,['東海'],kikan,期間限定タイプ,期间限定,['実券'],TRUE,FALSE,period,2026/8/10〜,2026/8/10,,870,,870,大人：870円,１日,1,2026年8月10日〜,2026年8月10日〜,,['https://www2s.biglobe.ne.jp/~t_aoyagi/railway/free/map/nagoya12.gif'],,[],0,"地下鉄全駅,交通局サービスセンター(名古屋,栄,金山)",名古屋市交通局乗客誘致推進室 TEL:052-972-3816,,https://www.kotsu.city.nagoya.jp/jp/pc/ENJOY/TRP0005300.htm,"[{'text': '名古屋市交通局', 'url': 'https://www.kotsu.city.nagoya.jp/jp/pc/ENJOY/TRP0005300.htm'}]",,https://www2s.biglobe.ne.jp/~t_aoyagi/railway/free/nagoya104.htm,nagoya104.htm,74,2026-08-10 01:30:50.424840+00:00,アアジア競技大会開催記念 バス・地下鉄全線一日乗車券,,,,https://www2s.biglobe.ne.jp/~t_aoyagi/railway/free/nagoya104.htm
nagoya105,アジアパラ競技大会開催記念バス・地下鉄全線一日乗車券,名古屋市交通局,['名古屋市交通局'],1,FALSE,tokai,東海,东海,['東海'],kikan,期間限定タイプ,期间限定,['実券'],TRUE,FALSE,period,2026/8/10〜,2026/8/10,,870,,870,大人：870円,１日,1,2026年8月10日〜,2026年8月10日〜,,['https://www2s.biglobe.ne.jp/~t_aoyagi/railway/free/map/nagoya12.gif'],,[],0,"地下鉄全駅,交通局サービスセンター(名古屋,栄,金山)",名古屋市交通局乗客誘致推進室 TEL:052-972-3816,,https://www.kotsu.city.nagoya.jp/jp/pc/ENJOY/TRP0005300.htm,"[{'text': '名古屋市交通局', 'url': 'https://www.kotsu.city.nagoya.jp/jp/pc/ENJOY/TRP0005300.htm'}]",,https://www2s.biglobe.ne.jp/~t_aoyagi/railway/free/nagoya105.htm,nagoya105.htm,75,2026-08-10 01:30:50.424840+00:00,アジアパラ競技大会開催記念 バス・地下鉄全線一日乗車券,,,,https://www2s.biglobe.ne.jp/~t_aoyagi/railway/free/nagoya105.htm
nagoya93,ゴールデンウィーク特割ドニチエコきっぷ,名古屋市交通局,['名古屋市交通局'],1,FALSE,tokai,東海,东海,['東海'],,,,['実券'],TRUE,FALSE,ended,終了,,,2000,,2000,"大人：2,000円(4枚組)",１日,1,"2019年4月22日〜2018年5月6日 
 売切れ次第終了",2019年4月27日〜2018年5月6日,,['https://www2s.biglobe.ne.jp/~t_aoyagi/railway/free/map/nagoya12.gif'],,[],0,"地下鉄駅窓口,交通局サービスセンター",名古屋市交通局・乗客誘致推進課 TEL:052-972-3816,,https://www.kotsu.city.nagoya.jp/jp/pc/TICKET/TRP0003334.htm,"[{'text': '名古屋市交通局', 'url': 'https://www.kotsu.city.nagoya.jp/jp/pc/TICKET/TRP0003334.htm'}]",,https://www2s.biglobe.ne.jp/~t_aoyagi/railway/free/nagoya93.htm,nagoya93.htm,76,2026-08-10 01:30:50.424840+00:00,ゴールデンウィーク特割 ドニチエコきっぷ,,,,https://www2s.biglobe.ne.jp/~t_aoyagi/railway/free/nagoya93.htm
nagoya91,1DAYお子サマーパス2026,名古屋市交通局,['名古屋市交通局'],1,FALSE,tokai,東海,东海,['東海'],summer,夏限定タイプ,夏季限定,['実券'],TRUE,FALSE,period,2026/7/18  〜8/31,2026/7/18,2026/8/31,,310,310,小人：310円,１日,1,2026年7月18日〜2026年8月31日,2026年7月18日〜2026年8月31日,,['https://www2s.biglobe.ne.jp/~t_aoyagi/railway/free/map/nagoya12.gif'],,[],0,"地下鉄全駅,交通局サービスセンター(名古屋,栄,金山)",名古屋市交通局乗客誘致推進課 TEL:052-972-3816,,https://www.kotsu.city.nagoya.jp/rp/odekake/TRP0005266.htm,"[{'text': '名古屋市交通局', 'url': 'https://www.kotsu.city.nagoya.jp/rp/odekake/TRP0005266.htm'}]",,https://www2s.biglobe.ne.jp/~t_aoyagi/railway/free/nagoya91.htm,nagoya91.htm,77,2026-08-10 01:30:50.424840+00:00,1DAYお子サマーパス2026,,,,https://www2s.biglobe.ne.jp/~t_aoyagi/railway/free/nagoya91.htm
nagoya92,年末年始特割ドニチエコきっぷ,名古屋市交通局,['名古屋市交通局'],1,FALSE,tokai,東海,东海,['東海'],winter,年末年始限定タイプ,年末年初限定,['実券'],TRUE,FALSE,ended,終了,,,2100,,2100,"大人：2,100円(4枚組)",１日,1,"2019年12月11日〜2019年1月19日 
 売切れ次第終了","2019年12月14,15,21,22,28,29,30,31日 
 2020年1月1,2,3,4,5,8,11,12,13,18,19日",,['https://www2s.biglobe.ne.jp/~t_aoyagi/railway/free/map/nagoya12.gif'],,"['12月31日の22:00までに使用開始した場合：1月1日の6:00まで使用可能'
 '12月31日の22:00以降に使用開始した場合：1月1日の終車まで使用可能']",2,"地下鉄駅窓口,市バス全営業所,交通局サービスセンター",名古屋市交通局営業課 TEL:052-972-3818,,https://www.kotsu.city.nagoya.jp/jp/pc/TICKET/TRP0003334.htm,"[{'text': '名古屋市交通局', 'url': 'https://www.kotsu.city.nagoya.jp/jp/pc/TICKET/TRP0003334.htm'}]",,https://www2s.biglobe.ne.jp/~t_aoyagi/railway/free/nagoya92.htm,nagoya92.htm,78,2026-08-10 01:30:50.424840+00:00,年末年始特割ドニチエコきっぷ,,,,https://www2s.biglobe.ne.jp/~t_aoyagi/railway/free/nagoya92.htm
meitetu01,名鉄電車全線2DAYフリーきっぷ,名古屋鉄道,['名古屋鉄道'],1,FALSE,tokai,東海,东海,['東海'],tunen,通年発売タイプ,全年发售,['実券'],TRUE,FALSE,on_sale,発売中,,,4400,2200,2200,"大人：4,400円／小人：2,200円",２日間,2,通年,通年,,['https://www2s.biglobe.ne.jp/~t_aoyagi/railway/free/map/meitetu01.gif'],"ミュースカイ・快速特急・特急 急行・普通 
 特別車 自由 
 ▲ ○ ○ 
 
 ○：乗車可 ▲：特別車両券が必要 ×：乗車不可",['特別車はミューチケットが必要。'],1,名鉄主要駅、名鉄駅旅行センター,名古屋鉄道お客さまセンター TEL:052-582-5151,,https://www.meitetsu.co.jp/plan/discount/2dayfree.html,"[{'text': '名古屋鉄道', 'url': 'https://www.meitetsu.co.jp/plan/discount/2dayfree.html'}]",,https://www2s.biglobe.ne.jp/~t_aoyagi/railway/free/meitetu01.htm,meitetu01.htm,79,2026-08-10 01:30:50.424840+00:00,名鉄電車全線2DAYフリーきっぷ,,,,https://www2s.biglobe.ne.jp/~t_aoyagi/railway/free/meitetu01.htm
meitetu11,名鉄電車全線1DAYフリーきっぷ,名古屋鉄道,['名古屋鉄道'],1,FALSE,tokai,東海,东海,['東海'],tunen,通年発売タイプ,全年发售,['実券'],TRUE,FALSE,on_sale,発売中,,,3400,1700,1700,"大人：3,400円／小人：1,700円",１日間,1,通年,通年,,['https://www2s.biglobe.ne.jp/~t_aoyagi/railway/free/map/meitetu01.gif'],"ミュースカイ・快速特急・特急 急行・普通 
 特別車 自由 
 ▲ ○ ○ 
 
 ○：乗車可 ▲：特別車両券が必要 ×：乗車不可",['特別車はミューチケットが必要。'],1,名鉄主要駅、名鉄駅旅行センター,名古屋鉄道 TEL:052-582-5151,,https://www.meitetsu.co.jp/plan/discount/1dayfree.html,"[{'text': '名古屋鉄道', 'url': 'https://www.meitetsu.co.jp/plan/discount/1dayfree.html'}]",,https://www2s.biglobe.ne.jp/~t_aoyagi/railway/free/meitetu11.htm,meitetu11.htm,80,2026-08-10 01:30:50.424840+00:00,名鉄電車全線1DAYフリーきっぷ,,,,https://www2s.biglobe.ne.jp/~t_aoyagi/railway/free/meitetu11.htm
meitetu12,みたけ・可児散策きっぷ,名古屋鉄道,['名古屋鉄道'],1,FALSE,tokai,東海,东海,['東海'],kikan,期間限定タイプ,期间限定,['実券'],TRUE,FALSE,period,2026/4/24  〜2027/2/28,2026/4/24,2027/2/28,1100,810,810,"大人：1,100円／小人：810円",1日,1,2026年4月24日〜2027年2月28日,"2026年4月24日〜2027年2月28日 
 除外日：2026年12月28日〜2027年1月3日",,['https://www2s.biglobe.ne.jp/~t_aoyagi/railway/free/map/meitetu12.gif'],"ミュースカイ・快速特急・特急 急行・普通 
 特別車 自由 
 ▲ ○ ○ 
 
 ○：乗車可 ▲：μチケットが必要 ×：乗車不可",[],0,新可児,名古屋鉄道 TEL:052-582-5151,,https://www.meitetsu.co.jp/plan/campaign/detail/1288091_8034.html,"[{'text': '名古屋鉄道', 'url': 'https://www.meitetsu.co.jp/plan/campaign/detail/1288091_8034.html'}]",,https://www2s.biglobe.ne.jp/~t_aoyagi/railway/free/meitetu12.htm,meitetu12.htm,81,2026-08-10 01:30:50.424840+00:00,みたけ・可児散策きっぷ,,,,https://www2s.biglobe.ne.jp/~t_aoyagi/railway/free/meitetu12.htm
meitetu101,中日ドラゴンズ コラボフリーきっぷ,名古屋鉄道,['名古屋鉄道'],1,FALSE,tokai,東海,东海,['東海'],kikan,期間限定タイプ,期间限定,['実券'],TRUE,FALSE,period,2026/7/13  〜9/30,2026/7/13,2026/9/30,3700,3700,3700,"大人：3,700円／小人：3,700円",１日,1,2026年7月13日〜2026年9月30日,2023年8月1日〜2023年11月27日,,['https://www2s.biglobe.ne.jp/~t_aoyagi/railway/free/map/meitetu01.gif'],"ミュースカイ・快速特急・特急 急行・普通 
 特別車 自由 
 ▲ ○ ○ 
 
 ○：乗車可 ▲：別途特別車両券が必要",[],0,"名鉄出札係員配置駅（弥富,赤池駅を除く） 
 
名鉄名古屋駅サービスセンター 
 名鉄観光サービス発売箇所(刈谷カウンター,名古屋伏見支店,名駅地下支店,金山駅旅行センター)",名鉄お客さまサポートセンター TEL:0570-02-5151,,https://www.meitetsu.co.jp/profile/news/2026/__icsFiles/afieldfile/2026/07/02/26-07-02dragons.pdf,"[{'text': '名古屋鉄道', 'url': 'https://www.meitetsu.co.jp/profile/news/2026/__icsFiles/afieldfile/2026/07/02/26-07-02dragons.pdf'}]",,https://www2s.biglobe.ne.jp/~t_aoyagi/railway/free/meitetu101.htm,meitetu101.htm,82,2026-08-10 01:30:50.424840+00:00,中日ドラゴンズ コラボフリーきっぷ,,,,https://www2s.biglobe.ne.jp/~t_aoyagi/railway/free/meitetu101.htm
meitetu94,謎解きゲーム1DAYフリーきっぷ,名古屋鉄道,['名古屋鉄道'],1,FALSE,tokai,東海,东海,['東海'],kikan,期間限定タイプ,期间限定,['実券'],TRUE,FALSE,period,2026/3/27  〜12/13,2026/3/27,2026/12/13,3700,,3700,"大人：3,700円",１日間,1,2026年3月27日〜2026年12月13日,2026年3月27日〜2026年12月13日,,['https://www2s.biglobe.ne.jp/~t_aoyagi/railway/free/map/meitetu01.gif'],"ミュースカイ・快速特急・特急 急行・普通 
 特別車 自由 
 ▲ ○ ○ 
 
 ○：乗車可 ▲：特別車両券が必要 ×：乗車不可",['特別車はミューチケットが必要。'],1,"出札係員配置駅(弥富、赤池は除く) 
 名鉄名古屋駅サービスセンター 
 名鉄観光サービス(刈谷,名古屋伏見,一宮,名駅地下)",名古屋鉄道営業部 TEL:052-825-3111,,https://www.meitetsu.co.jp/plan/gourmet/detail/1287949_8036.html,"[{'text': '名古屋鉄道', 'url': 'https://www.meitetsu.co.jp/plan/gourmet/detail/1287949_8036.html'}]",,https://www2s.biglobe.ne.jp/~t_aoyagi/railway/free/meitetu94.htm,meitetu94.htm,83,2026-08-10 01:30:50.424840+00:00,謎解きゲーム1DAYフリーきっぷ,,,,https://www2s.biglobe.ne.jp/~t_aoyagi/railway/free/meitetu94.htm
meitetu100,県民の日 電車バス乗り放題きっぷ,名古屋鉄道,['名古屋鉄道'],1,FALSE,tokai,東海,东海,['東海'],kikan,期間限定タイプ,期间限定,['実券'],TRUE,FALSE,ended,終了,,,,150,150,小人：150円,１日間,1,2025年10月21日〜2025年11月27日,"2025年11月21日 
 2025年11月25日〜2025年11月27日",,['https://www2s.biglobe.ne.jp/~t_aoyagi/railway/free/map/meitetu02.gif'],"ミュースカイ・快速特急・特急 急行・普通 
 特別車 自由 
 ▲ ○ ○ 
 
 ○：乗車可 
 ▲：特別車両券が必要 
 ×：乗車不可",['愛知県の公立学校(幼稚園･小学校･特別支援学校)の児童限定 ' ' 特別車の利用は、特別車両券(ミューチケット)が必要。'],2,"出札係員配置駅(弥富、赤池は除く) 
 名鉄名古屋駅サービスセンター",名古屋鉄道 TEL:052-582-5151,,https://www.meitetsu.co.jp/plan/gourmet/detail/1286880_8036.html,"[{'text': '名古屋鉄道', 'url': 'https://www.meitetsu.co.jp/plan/gourmet/detail/1286880_8036.html'}]",,https://www2s.biglobe.ne.jp/~t_aoyagi/railway/free/meitetu100.htm,meitetu100.htm,84,2026-08-10 01:30:50.424840+00:00,県民の日 電車バス乗り放題きっぷ,,,,https://www2s.biglobe.ne.jp/~t_aoyagi/railway/free/meitetu100.htm
333,3・3・SUNデジタルフリーきっぷ,名古屋鉄道,['名古屋鉄道' '近畿日本鉄道' '南海電気鉄道'],3,TRUE,tokai,東海,东海,['東海' '近畿'],kikan,期間限定タイプ,期间限定,['デジタル'],FALSE,TRUE,period,2026/7/1  〜8/31,2026/7/1,2026/8/31,6200,,6200,"2日間 大人：6,200円 
 3日間 大人：8,200円",2日間／3日間,2,"2026年7月1日〜2026年8月31日 
 乗車開始日の30日前から発売",2026年7月1日〜2026年9月29日,,['https://www2s.biglobe.ne.jp/~t_aoyagi/railway/free/map/33SUN.gif'],,['QRコード対応改札機設置駅のみ乗降可' '近鉄線は係員またはインターホンでの取扱いあり。' '特急利用時は別途特急券が必要。'],3,専用サイト,"南海電気鉄道・コールセンター TEL：050-3090-2608 
 近畿日本鉄道・テレフォンセンター TEL:050-3536-3957 
 名古屋鉄道・お客様サポートセンター TEL：0570-02-5151",,https://www.nankai.co.jp/contents/3-3-sun/,"[{'text': '南海電気鉄道', 'url': 'https://www.nankai.co.jp/contents/3-3-sun/'}
 {'text': '名古屋鉄道', 'url': 'https://www.meitetsu.co.jp/plan/campaign/detail/1288542_8034.html'}]",,https://www2s.biglobe.ne.jp/~t_aoyagi/railway/free/333.htm,333.htm,85,2026-08-10 01:30:50.424840+00:00,3・3・SUNデジタルフリーきっぷ,,,,https://www2s.biglobe.ne.jp/~t_aoyagi/railway/free/333.htm
meitetu95,迎春1DAYフリーきっぷ,名古屋鉄道,['名古屋鉄道'],1,FALSE,tokai,東海,东海,['東海'],winter,年末年始限定タイプ,年末年初限定,['実券'],TRUE,FALSE,ended,終了,,,2200,,2200,"大人：2,200円",１日間,1,2023年12月1日〜2023年12月31日,2024年1月1日〜2024年1月8日,,['https://www2s.biglobe.ne.jp/~t_aoyagi/railway/free/map/meitetu01.gif'],"ミュースカイ・快速特急・特急 急行・普通 
 特別車 自由 
 ▲ ○ ○ 
 
 ○：乗車可 △：乗車開始時刻が10時〜16時のみ乗車可 
 ▲：特別車両券が必要 ×：乗車不可",['特別車の利用は、特別車両券(ミューチケット)が必要。'],1,"出札係員配置駅(弥富、赤池は除く) 
 名鉄名古屋駅サービスセンター 
 名鉄観光サービス(豊橋支店,東岡崎駅旅行センター,刈谷支店,名古屋伏見支店,一宮支店,名駅地下支店,名鉄岐阜駅旅行センター）",名古屋鉄道・お客さまセンター TEL:052-582-5151,,https://www.meitetsu.co.jp/profile/news/2023/__icsFiles/afieldfile/2023/11/21/hpgeisyunfree.pdf,"[{'text': '名古屋鉄道', 'url': 'https://www.meitetsu.co.jp/profile/news/2023/__icsFiles/afieldfile/2023/11/21/hpgeisyunfree.pdf'}]",,https://www2s.biglobe.ne.jp/~t_aoyagi/railway/free/meitetu95.htm,meitetu95.htm,86,2026-08-10 01:30:50.424840+00:00,迎春1DAYフリーきっぷ,,,,https://www2s.biglobe.ne.jp/~t_aoyagi/railway/free/meitetu95.htm
kintetu03,近鉄週末フリーパス,近畿日本鉄道,['近畿日本鉄道'],1,FALSE,tokai,東海,东海,['東海' '近畿'],holiday,週末限定タイプ,周末限定,['実券'],TRUE,FALSE,on_sale,発売中,,,5000,2500,2500,"大人：5,000円 小人：2,500円",３日間,3,通年（〜乗車前日までの発売）,金土日もしくは土日月,,['https://www2s.biglobe.ne.jp/~t_aoyagi/railway/free/map/kintetu01.gif'],,['特急利用時は別途特急券が必要。' '乗車開始日当日の発売はできません。'],2,"近鉄主要駅(特急券うりばのある駅) 
 特急券等自動発売機MT型 
 近畿日本ツーリスト主要支店,営業所 
 インターネット通信販売","近畿日本鉄道・旅客案内テレフォンセンター 
 TEL:06-6771-3105/052-561-1604",,http://www.kintetsu.co.jp/senden/Railway/Ticket/weekend_free/index.html,"[{'text': '近畿日本鉄道', 'url': 'http://www.kintetsu.co.jp/senden/Railway/Ticket/weekend_free/index.html'}]",,https://www2s.biglobe.ne.jp/~t_aoyagi/railway/free/kintetu03.htm,kintetu03.htm,87,2026-08-10 01:30:50.424840+00:00,近鉄週末フリーパス,,,,https://www2s.biglobe.ne.jp/~t_aoyagi/railway/free/kintetu03.htm
kintetu71,近鉄全線２日間フリーきっぷ,近畿日本鉄道,['近畿日本鉄道'],1,FALSE,tokai,東海,东海,['東海'],kikan,期間限定タイプ,期间限定,['実券'],TRUE,FALSE,ended,終了,,,3000,1500,1500,"大人：3,000円 小人：1,500円",２日間,2,"2023年8月8日〜2023年9月28日 
 2023年5月8日〜2023年6月28日 
 乗車開始日の1か月前から前日までの発売","2023年9月1日〜2023年9月30日 
 2023年6月1日〜2023年6月30日",,['https://www2s.biglobe.ne.jp/~t_aoyagi/railway/free/map/kintetu01.gif'],,['特急利用時は別途特急券が必要。' '乗車開始日当日の発売はできません。'],2,"駅窓口発売 
 定期券・特急券自動発売機 
 インターネット通信販売","近畿日本鉄道・旅客案内テレフォンセンター 
 TEL:06-6771-3105/052-561-1604",,https://www.kintetsu.co.jp/senden/Railway/Ticket/kintetsu2days/,"[{'text': '近畿日本鉄道', 'url': 'https://www.kintetsu.co.jp/senden/Railway/Ticket/kintetsu2days/'}]",,https://www2s.biglobe.ne.jp/~t_aoyagi/railway/free/kintetu71.htm,kintetu71.htm,88,2026-08-10 01:30:50.424840+00:00,近鉄全線２日間フリーきっぷ,,,,https://www2s.biglobe.ne.jp/~t_aoyagi/railway/free/kintetu71.htm
kintetu63,リアル桃鉄でガチ沿線めぐり 東武 vs 近鉄 新幹線で東西制覇！(名古屋・津編)フリーきっぷ,近畿日本鉄道,['近畿日本鉄道'],1,FALSE,tokai,東海,东海,['東海'],kikan,期間限定タイプ,期间限定,['実券'],TRUE,FALSE,ended,終了,,,3800,2400,2400,"大人：3,800円 小人：2,400円 (参加券込み)",１日間,1,2025年11月1日〜2026年3月31日,2025年11月1日〜2026年3月31日,,['https://www2s.biglobe.ne.jp/~t_aoyagi/railway/free/map/kintetsu63.gif'],,['特急利用時は別途特急券が必要。'],1,きんてつチケット E モール,"近鉄電車テレフォンセンター 
 TEL:050-3536-3957",,https://tobu-kintetsu-realmomotetsu.com/,"[{'text': '近畿日本鉄道', 'url': 'https://tobu-kintetsu-realmomotetsu.com/'}]",,https://www2s.biglobe.ne.jp/~t_aoyagi/railway/free/kintetu63.htm,kintetu63.htm,89,2026-08-10 01:30:50.424840+00:00,リアル桃鉄でガチ沿線めぐり 東武 vs 近鉄 新幹線で東西制覇！(名古屋・津編)フリーきっぷ,,,,https://www2s.biglobe.ne.jp/~t_aoyagi/railway/free/kintetu63.htm
kintetu73,リアル謎解きゲーム オリジナルデザイン1日乗車券,近畿日本鉄道,['近畿日本鉄道'],1,FALSE,tokai,東海,东海,['東海'],kikan,期間限定タイプ,期间限定,['実券'],TRUE,FALSE,ended,終了,,,2500,,2500,"大人／小人：2,500円",１日間,1,2024年10月29日〜2025年8月31日,2024年10月29日〜2025年8月31日,,['https://www2s.biglobe.ne.jp/~t_aoyagi/railway/free/map/kintetu73.gif'],,['フリー区間外から乗車時は松阪駅までの乗車券が必要' '特急利用時は、別途特急券が必要'],2,"特急券販売窓口 
 
大阪難波,大阪上本町,鶴橋,大和八木,京都,大和西大寺,大阪阿部野橋,近鉄名古屋,桑名,近鉄四日市,白子,津,伊勢中川,松阪,伊勢市,宇治山田,鳥羽,鵜方,賢島","近鉄電車テレフォンセンター 
 TEL:050-3536-3957",,https://files.microcms-assets.io/assets/f76cb3f097104533921f6d6262a336ee/dc1ce992a05646ca87027bd28a3b1bf8/20241018_3.pdf,"[{'text': '近畿日本鉄道', 'url': 'https://files.microcms-assets.io/assets/f76cb3f097104533921f6d6262a336ee/dc1ce992a05646ca87027bd28a3b1bf8/20241018_3.pdf'}]",,https://www2s.biglobe.ne.jp/~t_aoyagi/railway/free/kintetu73.htm,kintetu73.htm,90,2026-08-10 01:30:50.424840+00:00,リアル謎解きゲーム オリジナルデザイン1日乗車券,枚,,,https://www2s.biglobe.ne.jp/~t_aoyagi/railway/free/kintetu73.htm
linimo01,1DAYフリーきっぷ,愛知高速交通,['愛知高速交通'],1,FALSE,tokai,東海,东海,['東海'],tunen,通年発売タイプ,全年发售,['実券'],TRUE,FALSE,on_sale,発売中,,,800,400,400,大人：800円／小人：400円,１日,1,通年,通年,,['https://www2s.biglobe.ne.jp/~t_aoyagi/railway/free/map/linimo.gif'],,[],0,各駅,愛知高速交通・総務部総務課 TEL:0561-61-4781,,http://www.linimo.jp/use/2018020914391287.html,"[{'text': '愛知高速交通', 'url': 'http://www.linimo.jp/use/2018020914391287.html'}]",,https://www2s.biglobe.ne.jp/~t_aoyagi/railway/free/linimo01.htm,linimo01.htm,92,2026-08-10 01:30:50.424840+00:00,1DAYフリーきっぷ,,,,https://www2s.biglobe.ne.jp/~t_aoyagi/railway/free/linimo01.htm
aikan81,休日のりのり愛環１dayパス,愛知環状鉄道,['愛知環状鉄道'],1,FALSE,tokai,東海,东海,['東海'],kikan,期間限定タイプ,期间限定,['実券' 'デジタル'],TRUE,TRUE,period,2026/4/4  〜2027/3/28,2026/4/4,2027/3/28,1700,850,850,"大人：1,700円／小人：850円",１日,1,〜2027年3月28日,"2026年4月4日〜2026年4月19日の土・日 
 
2026年4月25日〜2026年5月6日 
 
2026年5月9日〜2026年7月20日の土・日 
 
2026年8月2日 
 
2026年8月8日〜2026年8月16日 
 
2026年8月22日〜2026年12月20日の土・日 
 
2026年12月26日〜2027年1月3日 
 
2027年1月9日〜2027年3月28日の土・日",,['https://www2s.biglobe.ne.jp/~t_aoyagi/railway/free/map/aikan.gif'],,[],0,"中岡崎,北岡崎,三河豊田,新豊田,八草,瀬戸口,瀬戸市 
 
 RYDE PASS(ライドパス)アプリ my route(マイルート)",愛知環状鉄道 TEL:,,https://www.aikanrailway.co.jp/information/info_data_7_38_1.html,"[{'text': '愛知環状鉄道', 'url': 'https://www.aikanrailway.co.jp/information/info_data_7_38_1.html'}
 {'text': 'RYDE PASS(ライドパス)', 'url': 'https://pass.ryde-go.com/products/1N3XL4SGKX3Q'}
 {'text': 'my route(マイルート)', 'url': 'https://top.myroute.fun/ticket/aichi'}]",,https://www2s.biglobe.ne.jp/~t_aoyagi/railway/free/aikan81.htm,aikan81.htm,93,2026-08-10 01:30:50.424840+00:00,休日のりのり愛環１dayパス,,,,https://www2s.biglobe.ne.jp/~t_aoyagi/railway/free/aikan81.htm
aikan96,魔女の谷開園記念 1日フリー乗車券,愛知環状鉄道,['愛知環状鉄道'],1,FALSE,tokai,東海,东海,['東海'],kikan,期間限定タイプ,期间限定,['実券'],TRUE,FALSE,ended,終了,,,1500,750,750,"大人：1,500円／小人：750円",１日,1,2024年3月16日〜2024年5月15日,2024年3月16日〜2024年5月15日,,['https://www2s.biglobe.ne.jp/~t_aoyagi/railway/free/map/aikan.gif'],,[],0,"中岡崎,北岡崎,三河豊田,新豊田,八草,瀬戸口,瀬戸市",愛知環状鉄道 TEL:,,https://www.aikanrailway.co.jp/information/info_data_6_31.html,"[{'text': '愛知環状鉄道', 'url': 'https://www.aikanrailway.co.jp/information/info_data_6_31.html'}]",,https://www2s.biglobe.ne.jp/~t_aoyagi/railway/free/aikan96.htm,aikan96.htm,94,2026-08-10 01:30:50.424840+00:00,魔女の谷開園記念 1日フリー乗車券,,,,https://www2s.biglobe.ne.jp/~t_aoyagi/railway/free/aikan96.htm
guideway91,モバイルホリデー１日乗車券,名古屋ガイドウェイバス,['名古屋ガイドウェイバス'],1,FALSE,tokai,東海,东海,['東海'],holiday,週末限定タイプ,周末限定,['デジタル'],FALSE,TRUE,on_sale,発売中,,,500,250,250,大人：500円／小人：250円,１日,1,通年,"土日祝日 
 環境保全の日(毎月8日)",,['https://www2s.biglobe.ne.jp/~t_aoyagi/railway/free/map/guideway01.gif'],,[],0,ジョルダンモバイルチケット,名古屋ガイドウェイバス株式会社総務課 TEL:052-758-5620,,https://www.guideway.co.jp/fare/pdf/mobileholiday.pdf,"[{'text': '名古屋ガイドウェイバス', 'url': 'https://www.guideway.co.jp/fare/pdf/mobileholiday.pdf'}
 {'text': 'ジョルダンモバイルチケット', 'url': 'https://ticket.jorudan.co.jp/nagoya-guideway/holiday/ja/'}]",,https://www2s.biglobe.ne.jp/~t_aoyagi/railway/free/guideway91.htm,guideway91.htm,95,2026-08-10 01:30:50.424840+00:00,モバイルホリデー１日乗車券,,,,https://www2s.biglobe.ne.jp/~t_aoyagi/railway/free/guideway91.htm
guideway92,グッズ付きホリデー１日乗車券,名古屋ガイドウェイバス,['名古屋ガイドウェイバス'],1,FALSE,tokai,東海,东海,['東海'],kaiin,会員限定タイプ,会员限定,['実券'],TRUE,FALSE,on_sale,発売中,,,1000,,1000,"大人：1,000円",１日,1,通年,"土日祝日 
 環境保全の日(毎月8日)",,['https://www2s.biglobe.ne.jp/~t_aoyagi/railway/free/map/guideway01.gif'],,['EXサービス会員限定' '引き換えは、ゆとりーとライン大曽根駅'],2,EXサービス会員向けサイト「EX旅先予約」,名古屋ガイドウェイバス株式会社総務課 TEL:052-758-5620,,https://www.guideway.co.jp/cgi_system/multieditor/info.cgi?action=data_view&key=1743473981264894&mode=news,"[{'text': '名古屋ガイドウェイバス', 'url': 'https://www.guideway.co.jp/cgi_system/multieditor/info.cgi?action=data_view&key=1743473981264894&mode=news'}
 {'text': 'ジェイアール東海ツアーズ', 'url': 'https://ec.travel.jr-central.co.jp/tp/optionalFacilities/000L017/plans/000L017-C013928-M015150/detail?lang=ja&utm_source=shisetsu&utm_medium=referral&utm_campaign=yutorito_holiday25_HP'}]",,https://www2s.biglobe.ne.jp/~t_aoyagi/railway/free/guideway92.htm,guideway92.htm,96,2026-08-10 01:30:50.424840+00:00,グッズ付きホリデー1日乗車券,,,,https://www2s.biglobe.ne.jp/~t_aoyagi/railway/free/guideway92.htm
aonami91,あおなみ線一日乗車券,名古屋臨海高速鉄道,['名古屋臨海高速鉄道'],1,FALSE,tokai,東海,东海,['東海'],tunen,通年発売タイプ,全年发售,['実券'],TRUE,FALSE,on_sale,発売中,,,800,400,400,大人：800円／小人：400円,１日,1,通年,通年,,['https://www2s.biglobe.ne.jp/~t_aoyagi/railway/free/map/aonami.gif'],,[],0,各駅券売機,名古屋臨海高速鉄道・総務課 TEL:052-383-0960,,http://www.aonamiline.co.jp/pc/pdf/itinitizyousyaken20191201.pdf,"[{'text': '名古屋臨海高速鉄道', 'url': 'http://www.aonamiline.co.jp/pc/pdf/itinitizyousyaken20191201.pdf'}]",,https://www2s.biglobe.ne.jp/~t_aoyagi/railway/free/aonami91.htm,aonami91.htm,97,2026-08-10 01:30:50.424840+00:00,あおなみ線一日乗車券,,,,https://www2s.biglobe.ne.jp/~t_aoyagi/railway/free/aonami91.htm
akechi03,あけてつ全線フリー切符,明知鉄道,['明知鉄道'],1,FALSE,tokai,東海,东海,['東海'],tunen,通年発売タイプ,全年发售,['実券'],TRUE,FALSE,on_sale,発売中,,,1380,700,700,"大人：1,380円／小人：700円",１日,1,発売中,発売中,,['https://www2s.biglobe.ne.jp/~t_aoyagi/railway/free/map/akechi.gif'],,[],0,"恵那,岩村,明智 
 RYDE PASS , ジョルダン",明知鉄道 TEL:0573-54-4101,,https://www.aketetsu.co.jp/ticket/,"[{'text': '明知鉄道', 'url': 'https://www.aketetsu.co.jp/ticket/'}
 {'text': 'RYDE PASS', 'url': 'https://pass.ryde-go.com/products/EPYR6LKSYW31'}]",,https://www2s.biglobe.ne.jp/~t_aoyagi/railway/free/akechi03.htm,akechi03.htm,98,2026-08-10 01:30:50.424840+00:00,あけてつ全線フリー切符,,,,https://www2s.biglobe.ne.jp/~t_aoyagi/railway/free/akechi03.htm
akechi99,明知鉄道うちわ切符,明知鉄道,['明知鉄道'],1,FALSE,tokai,東海,东海,['東海'],kisetu,季節発売タイプ,季节发售,['実券'],TRUE,FALSE,period,7〜9月,,,1380,,1380,"大人：1,380円",１日,1,7月〜9月,7月〜9月,,['https://www2s.biglobe.ne.jp/~t_aoyagi/railway/free/map/akechi.gif'],,[],0,"恵那,明智",明知鉄道 TEL:0573-54-4101,,https://www.aketetsu.co.jp/ticket/,"[{'text': '明知鉄道', 'url': 'https://www.aketetsu.co.jp/ticket/'}]",,https://www2s.biglobe.ne.jp/~t_aoyagi/railway/free/akechi99.htm,akechi99.htm,99,2026-08-10 01:30:50.424840+00:00,明知鉄道 うちわ切符,,,,https://www2s.biglobe.ne.jp/~t_aoyagi/railway/free/akechi99.htm
akechi91,くり切符,明知鉄道,['明知鉄道'],1,FALSE,tokai,東海,东海,['東海'],kisetu,季節発売タイプ,季节发售,['実券'],TRUE,FALSE,period,10〜11月,,,1380,,1380,"大人：1,380円",１日,1,10月〜11月,10月〜11月,,['https://www2s.biglobe.ne.jp/~t_aoyagi/railway/free/map/akechi.gif'],,[],0,"恵那,明智",明知鉄道 TEL:0573-54-4101,,https://www.aketetsu.co.jp/ticket/,"[{'text': '明知鉄道', 'url': 'https://www.aketetsu.co.jp/ticket/'}]",,https://www2s.biglobe.ne.jp/~t_aoyagi/railway/free/akechi91.htm,akechi91.htm,100,2026-08-10 01:30:50.424840+00:00,くり切符,,,,https://www2s.biglobe.ne.jp/~t_aoyagi/railway/free/akechi91.htm
akechi87,「VIVANT」オリジナルフリー切符,明知鉄道,['明知鉄道'],1,FALSE,tokai,東海,东海,['東海'],kikan,期間限定タイプ,期间限定,['実券'],TRUE,FALSE,period,2026/7/18〜,2026/7/18,,1380,,1380,"大人：1,380円",１日,1,2026年7月18日〜,,,['https://www2s.biglobe.ne.jp/~t_aoyagi/railway/free/map/akechi.gif'],,[],0,"恵那,明智",明知鉄道 TEL:0573-54-4101,,https://www.aketetsu.co.jp/news/tbs%e3%83%86%e3%83%ac%e3%83%93%e6%97%a5%e6%9b%9c%e5%8a%87%e5%a0%b4%e3%80%8cvivant%e3%80%8d%e3%83%a9%e3%83%83%e3%83%94%e3%83%b3%e3%82%b0%e5%88%97%e8%bb%8a%e3%81%a8%e3%83%95%e3%83%aa%e3%83%bc%e5%88%87/,"[{'text': '明知鉄道', 'url': 'https://www.aketetsu.co.jp/news/tbs%e3%83%86%e3%83%ac%e3%83%93%e6%97%a5%e6%9b%9c%e5%8a%87%e5%a0%b4%e3%80%8cvivant%e3%80%8d%e3%83%a9%e3%83%83%e3%83%94%e3%83%b3%e3%82%b0%e5%88%97%e8%bb%8a%e3%81%a8%e3%83%95%e3%83%aa%e3%83%bc%e5%88%87/'}]",,https://www2s.biglobe.ne.jp/~t_aoyagi/railway/free/akechi87.htm,akechi87.htm,101,2026-08-10 01:30:50.424840+00:00,「VIVANT」オリジナルフリー切符,"3,000枚",,,https://www2s.biglobe.ne.jp/~t_aoyagi/railway/free/akechi87.htm
nagaragawa01,１日フリーきっぷ,長良川鉄道,['長良川鉄道'],1,FALSE,tokai,東海,东海,['東海'],tunen,通年発売タイプ,全年发售,['実券'],TRUE,FALSE,on_sale,発売中,,,2700,1350,1350,"大人：2,700円／小人：1,350円",１日,1,通年,通年,,['https://www2s.biglobe.ne.jp/~t_aoyagi/railway/free/map/nagaragawa.gif'],,[],0,"美濃太田,関,美濃市,郡上八幡,美濃白鳥 
 マルチコピー機設置のセブンイレブン店舗, セブンチケットWEB , QUICK RIDE",長良川鉄道 TEL:0575-23-3921,,http://www.nagatetsu.co.jp/deals/AllDayFree.html,"[{'text': '長良川鉄道', 'url': 'http://www.nagatetsu.co.jp/deals/AllDayFree.html'}
 {'text': '長良川鉄道', 'url': 'http://www.nagatetsu.co.jp/gain/seventicket/'}
 {'text': 'QUICK RIDE', 'url': 'https://www.quickride.jp/ticket.html'}]",,https://www2s.biglobe.ne.jp/~t_aoyagi/railway/free/nagaragawa01.htm,nagaragawa01.htm,102,2026-08-10 01:30:50.424840+00:00,一日フリーきっぷ,,,,https://www2s.biglobe.ne.jp/~t_aoyagi/railway/free/nagaragawa01.htm
nagaragawa91,１日フリーきっぷ＆駅スタンプ帳,長良川鉄道,['長良川鉄道'],1,FALSE,tokai,東海,东海,['東海'],kikan,期間限定タイプ,期间限定,['実券'],TRUE,FALSE,ended,終了,,,2700,1350,1350,"大人：2,700円／小人：1,350円",１日,1,2023年7月15日〜2024年3月31日,2023年7月15日〜2024年3月31日,,['https://www2s.biglobe.ne.jp/~t_aoyagi/railway/free/map/nagaragawa.gif'],,[],0,"美濃太田,関,美濃市,郡上八幡,美濃白鳥 
 長良川鉄道WebShop",長良川鉄道 TEL:0575-23-3921,,http://www.nagatetsu.co.jp/gain/1dayfreestamp/,"[{'text': '長良川鉄道', 'url': 'http://www.nagatetsu.co.jp/gain/1dayfreestamp/'}]",,https://www2s.biglobe.ne.jp/~t_aoyagi/railway/free/nagaragawa91.htm,nagaragawa91.htm,103,2026-08-10 01:30:50.424840+00:00,１日フリーきっぷ＆駅スタンプ帳,,,,https://www2s.biglobe.ne.jp/~t_aoyagi/railway/free/nagaragawa91.htm
nagaragawa92,中高生1日フリー切符,長良川鉄道,['長良川鉄道'],1,FALSE,tokai,東海,东海,['東海'],kikan,期間限定タイプ,期间限定,['デジタル'],FALSE,TRUE,ended,終了,,,,,2000,"中高生：2,000円",１日,1,2024年7月21日〜2024年8月31日,2024年7月21日〜2024年8月31日,,['https://www2s.biglobe.ne.jp/~t_aoyagi/railway/free/map/nagaragawa.gif'],,[],0,RYDE PASS,長良川鉄道 TEL:0575-23-3921,,http://www.nagatetsu.co.jp/gain/%e9%96%a2%e9%8d%9b%e5%86%b6%e4%bc%9d%e6%89%bf%e9%a4%a8%e3%80%80%e4%bc%81%e7%94%bb%e5%b1%95%e3%80%80%e8%a8%98%e5%bf%b5%e3%83%95%e3%83%aa%e3%83%bc%e5%88%87%e7%ac%a6%ef%bc%88%e7%be%8e%e6%bf%83%e5%a4%aa/,"[{'text': '長良川鉄道', 'url': 'http://www.nagatetsu.co.jp/gain/%e9%96%a2%e9%8d%9b%e5%86%b6%e4%bc%9d%e6%89%bf%e9%a4%a8%e3%80%80%e4%bc%81%e7%94%bb%e5%b1%95%e3%80%80%e8%a8%98%e5%bf%b5%e3%83%95%e3%83%aa%e3%83%bc%e5%88%87%e7%ac%a6%ef%bc%88%e7%be%8e%e6%bf%83%e5%a4%aa/'}
 {'text': 'RYDE PASS', 'url': 'https://pass.ryde-go.com/products/X937XQS0XQ3Q'}]",,https://www2s.biglobe.ne.jp/~t_aoyagi/railway/free/nagaragawa92.htm,nagaragawa92.htm,104,2026-08-10 01:30:50.424840+00:00,中高生1日フリー切符,,,,https://www2s.biglobe.ne.jp/~t_aoyagi/railway/free/nagaragawa92.htm
nagaragawa81,関鍛冶伝承館企画展記念フリー切符,長良川鉄道,['長良川鉄道'],1,FALSE,tokai,東海,东海,['東海'],kikan,期間限定タイプ,期间限定,['デジタル'],FALSE,TRUE,ended,終了,,,900,450,450,大人：900円／小人：450円,１日,1,2024年7月20日〜2024年9月1日,2024年7月20日〜2024年9月1日,,['https://www2s.biglobe.ne.jp/~t_aoyagi/railway/free/map/nagaragawa81.gif'],,[],0,RYDE PASS,長良川鉄道 TEL:0575-23-3921,,http://www.nagatetsu.co.jp/gain/%e3%80%90%e5%a4%8f%e4%bc%91%e3%81%bf%e7%89%b9%e5%88%a5%e4%bc%81%e7%94%bb%e5%88%87%e7%ac%a6%e3%80%80%e7%ac%ac1%e5%bc%be%e3%80%91%e9%96%a2%e9%8d%9b%e5%86%b6%e4%bc%9d%e6%89%bf%e9%a4%a8%e3%80%80%e4%bc%81/,"[{'text': '長良川鉄道', 'url': 'http://www.nagatetsu.co.jp/gain/%e3%80%90%e5%a4%8f%e4%bc%91%e3%81%bf%e7%89%b9%e5%88%a5%e4%bc%81%e7%94%bb%e5%88%87%e7%ac%a6%e3%80%80%e7%ac%ac1%e5%bc%be%e3%80%91%e9%96%a2%e9%8d%9b%e5%86%b6%e4%bc%9d%e6%89%bf%e9%a4%a8%e3%80%80%e4%bc%81/'}
 {'text': 'RYDE PASS', 'url': 'https://pass.ryde-go.com/products/X937XQS0XQ3Q'}]",,https://www2s.biglobe.ne.jp/~t_aoyagi/railway/free/nagaragawa81.htm,nagaragawa81.htm,105,2026-08-10 01:30:50.424840+00:00,関鍛冶伝承館企画展記念フリー切符,,,,https://www2s.biglobe.ne.jp/~t_aoyagi/railway/free/nagaragawa81.htm
nagaragawa86,越美南線全線開通90周年記念1日フリーきっぷ,長良川鉄道,['長良川鉄道'],1,FALSE,tokai,東海,东海,['東海'],kikan,期間限定タイプ,期间限定,['実券'],TRUE,FALSE,ended,終了,,,1000,,1000,"大人：1,000円",１日,1,2024年10月12日,2024年10月12日〜2025年3月31日,,['https://www2s.biglobe.ne.jp/~t_aoyagi/railway/free/map/nagaragawa.gif'],,[],0,関駅(90周年記念感謝祭会場),長良川鉄道 TEL:0575-23-3921,,http://www.nagatetsu.co.jp/info/5095/,"[{'text': '長良川鉄道', 'url': 'http://www.nagatetsu.co.jp/info/5095/'}]",,https://www2s.biglobe.ne.jp/~t_aoyagi/railway/free/nagaragawa86.htm,nagaragawa86.htm,106,2026-08-10 01:30:50.424840+00:00,越美南線全線開通90周年記念1日フリーきっぷ,,,,https://www2s.biglobe.ne.jp/~t_aoyagi/railway/free/nagaragawa86.htm
yoro11,養老線フリーきっぷ,養老鉄道,['養老鉄道'],1,FALSE,tokai,東海,东海,['東海'],tunen,通年発売タイプ,全年发售,['実券' 'デジタル'],TRUE,TRUE,on_sale,発売中,,,1500,750,750,"大人：1,500円／小人：750円",１日,1,通年,通年,,['https://www2s.biglobe.ne.jp/~t_aoyagi/railway/free/map/yoro.gif'],,[],0,"桑名,下深谷,多度,駒野,養老,西大垣,大垣,揖斐 
 池田町まちづくり工房霞渓舎(池野駅構内)、ごうど観光交流館ひよしの里(広神戸駅前) 
 QUICK RIDE",養老鉄道 TEL:,,https://www.yororailway.co.jp/ticket/valueticket/,"[{'text': '養老鉄道', 'url': 'https://www.yororailway.co.jp/ticket/valueticket/'}
 {'text': 'QUICK RIDE', 'url': 'https://www.quickride.jp/ticket/youro.html'}]",,https://www2s.biglobe.ne.jp/~t_aoyagi/railway/free/yoro11.htm,yoro11.htm,107,2026-08-10 01:30:50.424840+00:00,養老線フリーきっぷ,,,,https://www2s.biglobe.ne.jp/~t_aoyagi/railway/free/yoro11.htm
yoro91,養老鉄道まつり記念1日フリーきっぷ,養老鉄道,['養老鉄道'],1,FALSE,tokai,東海,东海,['東海'],kikan,期間限定タイプ,期间限定,['実券'],TRUE,FALSE,ended,終了,,,1500,,1500,"大人：1,500円",１日,1,2023年4月22日〜2023年12月31日,2023年4月22日〜2023年12月31日,,['https://www2s.biglobe.ne.jp/~t_aoyagi/railway/free/map/yoro.gif'],,[],0,"下深谷,多度,駒野,養老,西大垣,大垣,揖斐",養老鉄道 TEL:0584-78-3400 平日9:00〜18:00,,https://www.yororailway.co.jp/oshirase/776_index_msg.html,"[{'text': '養老鉄道', 'url': 'https://www.yororailway.co.jp/oshirase/776_index_msg.html'}]",,https://www2s.biglobe.ne.jp/~t_aoyagi/railway/free/yoro91.htm,yoro91.htm,108,2026-08-10 01:30:50.424840+00:00,養老鉄道まつり開催記念 １日フリーきっぷ,,,,https://www2s.biglobe.ne.jp/~t_aoyagi/railway/free/yoro91.htm
yoro95,シナモロール1日フリー切符,養老鉄道,['養老鉄道'],1,FALSE,tokai,東海,东海,['東海'],kikan,期間限定タイプ,期间限定,['実券'],TRUE,FALSE,ended,終了,,,1500,750,750,"大人：1,500円 小人：750円",１日,1,2025年9月5日〜2025年12月25日,2025年9月5日〜2025年12月25日,,['https://www2s.biglobe.ne.jp/~t_aoyagi/railway/free/map/yoro.gif'],,[],0,"下深谷,多度,駒野,養老,西大垣,大垣,揖斐",養老鉄道・総務企画課 TEL:0584-78-3400 平日9:00〜17:00,,https://www.yororailway.co.jp/news/2382/,"[{'text': '養老鉄道', 'url': 'https://www.yororailway.co.jp/news/2382/'}]",,https://www2s.biglobe.ne.jp/~t_aoyagi/railway/free/yoro95.htm,yoro95.htm,109,2026-08-10 01:30:50.424840+00:00,シナモロール1日フリー切符,,,,https://www2s.biglobe.ne.jp/~t_aoyagi/railway/free/yoro95.htm
tarumi02,１日フリー乗車券,樽見鉄道,['樽見鉄道'],1,FALSE,tokai,東海,东海,['東海'],tunen,通年発売タイプ,全年发售,['実券' 'デジタル'],TRUE,TRUE,on_sale,発売中,,,1800,900,900,"大人：1,800円／小人：900円",１日,1,通年,通年,,['https://www2s.biglobe.ne.jp/~t_aoyagi/railway/free/map/tarumi.gif'],,[],0,"樽見鉄道大垣駅事務室，本巣駅 
 RYDE PASS",樽見鉄道 TEL:0581-34-8039,,https://tarumi-railway.com/fare/otoku/#lnk-1,"[{'text': '樽見鉄道', 'url': 'https://tarumi-railway.com/fare/otoku/#lnk-1'}
 {'text': 'RYDE PASS', 'url': 'https://pass.ryde-go.com/products/0KG85L0SZ93J'}]",,https://www2s.biglobe.ne.jp/~t_aoyagi/railway/free/tarumi02.htm,tarumi02.htm,110,2026-08-10 01:30:50.424840+00:00,１日フリー乗車券,,,,https://www2s.biglobe.ne.jp/~t_aoyagi/railway/free/tarumi02.htm
asunarou01,１dayフリーきっぷ,四日市あすなろう鉄道,['四日市あすなろう鉄道'],1,FALSE,tokai,東海,东海,['東海'],tunen,通年発売タイプ,全年发售,['実券'],TRUE,FALSE,on_sale,発売中,,,550,280,280,大人：550円／小人：280円,１日間,1,発売中,発売中,,['https://www2s.biglobe.ne.jp/~t_aoyagi/railway/free/map/asunarou.gif'],,[],0,"あすなろう四日市駅,内部駅の窓口 
 小古曽駅を除く各駅自動券売機","四日市あすなろう鉄道総務企画課 TEL. 059-351-0688 
 
あすなろう四日市駅 TEL. 059-351-1860",,https://www.yar.co.jp/special_tickets/,"[{'text': '四日市あすなろう鉄道', 'url': 'https://www.yar.co.jp/special_tickets/'}]",,https://www2s.biglobe.ne.jp/~t_aoyagi/railway/free/asunarou01.htm,asunarou01.htm,111,2026-08-10 01:30:50.424840+00:00,1dayフリーきっぷ,,,,https://www2s.biglobe.ne.jp/~t_aoyagi/railway/free/asunarou01.htm
sangi11,三岐線一日乗車券,三岐鉄道,['三岐鉄道'],1,FALSE,tokai,東海,东海,['東海'],tunen,通年発売タイプ,全年发售,['実券'],TRUE,FALSE,on_sale,発売中,,,1200,600,600,"大人：1,200円／小人：600円",１日間,1,通年,通年,,['https://www2s.biglobe.ne.jp/~t_aoyagi/railway/free/map/sangi11.gif'],,[],0,三岐線各駅(西野尻を除く),三岐鉄道 TEL:059-364-2143,,https://sangirail.co.jp/1daypass/,"[{'text': '三岐鉄道', 'url': 'https://sangirail.co.jp/1daypass/'}]",,https://www2s.biglobe.ne.jp/~t_aoyagi/railway/free/sangi11.htm,sangi11.htm,112,2026-08-10 01:30:50.424840+00:00,三岐線一日乗車券,,,,https://www2s.biglobe.ne.jp/~t_aoyagi/railway/free/sangi11.htm
sangi12,北勢線一日乗車券,三岐鉄道,['三岐鉄道'],1,FALSE,tokai,東海,东海,['東海'],tunen,通年発売タイプ,全年发售,[],FALSE,FALSE,on_sale,発売中,,,1200,600,600,"大人：1,200円／小人：600円",１日間,1,通年,通年,,['https://www2s.biglobe.ne.jp/~t_aoyagi/railway/free/map/sangi12.gif'],,['ICOCAまたはモバイル端末のICOCAが必要'],1,"西桑名,星川,東員,楚原,阿下喜 
 Webサイト",三岐鉄道 TEL:059-364-2143,,https://sangirail.co.jp/1daypass/,"[{'text': '三岐鉄道', 'url': 'https://sangirail.co.jp/1daypass/'}]",,https://www2s.biglobe.ne.jp/~t_aoyagi/railway/free/sangi12.htm,sangi12.htm,113,2026-08-10 01:30:50.424840+00:00,北勢線一日乗車券,,,,https://www2s.biglobe.ne.jp/~t_aoyagi/railway/free/sangi12.htm
sangi92,103編成さようなら記念 三岐線一日乗車券,三岐鉄道,['三岐鉄道'],1,FALSE,tokai,東海,东海,['東海'],kikan,期間限定タイプ,期间限定,['実券'],TRUE,FALSE,period,2025/10/3  〜2026/5/2,2025/10/3,2026/5/2,1200,600,600,"大人：1,200円／小人：600円",１日間,1,2025年10月3日〜2026年5月2日,2025年10月3日〜2026年5月2日,,['https://www2s.biglobe.ne.jp/~t_aoyagi/railway/free/map/sangi11.gif'],,[],0,"近鉄富田駅西口,保々,丹生川,東藤原,西藤原 
 三岐鉄道通信販売",三岐鉄道 TEL:059-364-2143,,https://sangirail.co.jp/files/103intai.pdf,"[{'text': '三岐鉄道', 'url': 'https://sangirail.co.jp/files/103intai.pdf'}]",,https://www2s.biglobe.ne.jp/~t_aoyagi/railway/free/sangi92.htm,sangi92.htm,114,2026-08-10 01:30:50.424840+00:00,103編成さようなら記念 三岐線一日乗車券,,,,https://www2s.biglobe.ne.jp/~t_aoyagi/railway/free/sangi92.htm
ise91,夏ノリノリいせてつきっぷ,伊勢鉄道,['伊勢鉄道'],1,FALSE,tokai,東海,东海,['東海'],kikan,期間限定タイプ,期间限定,['実券' 'デジタル'],TRUE,TRUE,ended,終了,,,1000,500,500,"大人：1,000円／小人：500円",７日間,7,2022年7月23日〜2022年8月28日,2022年7月23日〜2022年8月28日のすべての土曜・休日,,['https://www2s.biglobe.ne.jp/~t_aoyagi/railway/free/map/ise91.gif'],,['特急乗車不可'],1,"鈴鹿,玉垣 
 三重テラスオンラインショップ RYDE PASS",伊勢鉄道 TEL:059-383-2112,,https://isetetu.co.jp/norinori/,"[{'text': '伊勢鉄道', 'url': 'https://isetetu.co.jp/norinori/'}
 {'text': 'RYDE PASS', 'url': 'https://pass.ryde-go.com/products/617894ZSXNR0'}]",,https://www2s.biglobe.ne.jp/~t_aoyagi/railway/free/ise91.htm,ise91.htm,115,2026-08-10 01:30:50.424840+00:00,夏ノリノリいせてつきっぷ,,,,https://www2s.biglobe.ne.jp/~t_aoyagi/railway/free/ise91.htm
ise92,どっちノリノリいせてつきっぷ,伊勢鉄道,['伊勢鉄道'],1,FALSE,tokai,東海,东海,['東海'],kikan,期間限定タイプ,期间限定,['実券' 'デジタル'],TRUE,TRUE,ended,終了,,,1000,500,500,"大人：1,000円／小人：500円",10日間,10,2023年2月22日〜2023年3月27日,"2023年3月4日〜2023年3月26日の土休日 
 2023年3月27日",,['https://www2s.biglobe.ne.jp/~t_aoyagi/railway/free/map/ise91.gif'],,['特急乗車不可'],1,"鈴鹿,玉垣 
 三重テラスオンラインショップ RYDE PASS",伊勢鉄道 TEL:059-383-2112,,https://isetetu.co.jp/norinori/,"[{'text': '伊勢鉄道', 'url': 'https://isetetu.co.jp/norinori/'}
 {'text': 'RYDE PASS', 'url': 'https://pass.ryde-go.com/products/L2DRYQGSPQ3E'}]",,https://www2s.biglobe.ne.jp/~t_aoyagi/railway/free/ise92.htm,ise92.htm,116,2026-08-10 01:30:50.424840+00:00,どっちノリノリいせてつきっぷ,,,,https://www2s.biglobe.ne.jp/~t_aoyagi/railway/free/ise92.htm
ise94,Ｆ ワンダーいせてつきっぷ,伊勢鉄道,['伊勢鉄道'],1,FALSE,tokai,東海,东海,['東海'],kikan,期間限定タイプ,期间限定,['実券' 'デジタル'],TRUE,TRUE,ended,終了,,,600,300,300,大人：600円／小人：300円,１日間,1,2025年3月17日〜2025年4月6日,2025年4月4日〜2025年4月6日,,['https://www2s.biglobe.ne.jp/~t_aoyagi/railway/free/map/ise91.gif'],,['特急乗車不可'],1,RYDE PASS,伊勢鉄道 TEL:059-383-2112,,https://isetetu.co.jp/notice/detail/46,"[{'text': '伊勢鉄道', 'url': 'https://isetetu.co.jp/notice/detail/46'}
 {'text': 'RYDE PASS', 'url': 'https://pass.ryde-go.com/products#mie'}]",,https://www2s.biglobe.ne.jp/~t_aoyagi/railway/free/ise94.htm,ise94.htm,117,2026-08-10 01:30:50.424840+00:00,Ｆ ワンダーいせてつきっぷ,,,,https://www2s.biglobe.ne.jp/~t_aoyagi/railway/free/ise94.htm
ise93,新春ノリノリいせてつきっぷ,伊勢鉄道,['伊勢鉄道'],1,FALSE,tokai,東海,东海,['東海'],kikan,期間限定タイプ,期间限定,['実券' 'デジタル'],TRUE,TRUE,ended,終了,,,1000,500,500,"大人：1,000円／小人：500円",1日,1,2022年12月23日〜2023年1月29日,2023年1月1日〜2023年1月29日の土休日および1月3日,,['https://www2s.biglobe.ne.jp/~t_aoyagi/railway/free/map/ise91.gif'],,['特急乗車不可'],1,"鈴鹿,玉垣 
 RYDE PASS 三重テラスオンラインショップ",伊勢鉄道 TEL:059-383-2112,,https://isetetu.co.jp/norinori/,"[{'text': '伊勢鉄道', 'url': 'https://isetetu.co.jp/norinori/'}
 {'text': 'RYDE PASS', 'url': 'https://pass.ryde-go.com/products/PDV8DYDSL28X'}]",,https://www2s.biglobe.ne.jp/~t_aoyagi/railway/free/ise93.htm,ise93.htm,118,2026-08-10 01:30:50.424840+00:00,新春ノリノリいせてつきっぷ,,,,https://www2s.biglobe.ne.jp/~t_aoyagi/railway/free/ise93.htm
jreast66,信州ワンデーパス,ＪＲ東日本,['ＪＲ東日本'],1,FALSE,hokusinetu,北信越,北信越,['北信越'],tunen,通年発売タイプ,全年发售,['実券'],TRUE,FALSE,on_sale,発売中,,,2830,1110,1110,"おとな：2,830円 こども：1,110円",１日間,1,通年,通年,,['https://www2s.biglobe.ne.jp/~t_aoyagi/railway/free/map/jreast66.gif'],"新幹線 特急・急行 快速・普通 
 グリーン ライナー 指定 自由 
 ▲ ▲ ▲ ▲ ▲ ○ 
 
 ○：乗車可 ▲：乗車券のみ有効 ×：乗車不可",[],0,"フリー区間内のＪＲ駅のみどりの窓口,びゅうプラザ",ＪＲ東日本 TEL:,,http://www.jreast.co.jp/tickets/info.aspx?GoodsCd=2466,"[{'text': 'ＪＲ東日本', 'url': 'http://www.jreast.co.jp/tickets/info.aspx?GoodsCd=2466'}]",,https://www2s.biglobe.ne.jp/~t_aoyagi/railway/free/jreast66.htm,jreast66.htm,1,2026-08-10 01:30:50.424840+00:00,信州ワンデーパス,,,,https://www2s.biglobe.ne.jp/~t_aoyagi/railway/free/jreast66.htm
jreast58,えちごワンデーパス,ＪＲ東日本,['ＪＲ東日本'],1,FALSE,hokusinetu,北信越,北信越,['北信越'],tunen,通年発売タイプ,全年发售,['実券'],TRUE,FALSE,ended,終了,,,1570,780,780,"大人：1,570円／小人：780円",１日,1,〜2025年3月31日,〜2025年3月31日,,['https://www2s.biglobe.ne.jp/~t_aoyagi/railway/free/map/jreast58.gif'],"新幹線 特急・急行 快速・普通 
 グリーン ライナー 指定 自由 
 ▲ ▲ ▲ ▲ ▲ ○ 
 
 ○：乗車可 ▲：乗車券のみ有効 ×：乗車不可",[],0,フリー区間内の主な駅,ＪＲ東日本 TEL:,,http://www.jreast.co.jp/tickets/info.aspx?GoodsCd=2499,"[{'text': 'ＪＲ東日本', 'url': 'http://www.jreast.co.jp/tickets/info.aspx?GoodsCd=2499'}]",,https://www2s.biglobe.ne.jp/~t_aoyagi/railway/free/jreast58.htm,jreast58.htm,2,2026-08-10 01:30:50.424840+00:00,えちごワンデーパス,,,,https://www2s.biglobe.ne.jp/~t_aoyagi/railway/free/jreast58.htm
jreast60,えちごツーデーパス,ＪＲ東日本,['ＪＲ東日本'],1,FALSE,hokusinetu,北信越,北信越,['北信越'],kikan,期間限定タイプ,期间限定,['実券'],TRUE,FALSE,period,〜2027/3/27,,2027/3/27,3300,1650,1650,"大人：3,300円／小人：1,650円",２日間,2,〜2027年3月27日,"〜2027年3月28日までの金･土･日･祝日,GW,夏休み及び年末年始及びその他設定日の連続する２日間 
 詳細は、 こちら による。",,['https://www2s.biglobe.ne.jp/~t_aoyagi/railway/free/map/jreast60.gif'],"新幹線 特急・急行 快速・普通 
 グリーン ライナー 指定 自由 
 ▲ ▲ ▲ ▲ ▲ ○ 
 
 ○：乗車可 ▲：乗車券のみ有効 ×：乗車不可",[],0,"フリー区間内の主な駅 
 えちごトキめき鉄道：春日山,高田,新井,妙高高原,糸魚川",ＪＲ東日本 TEL:,,http://www.jreast.co.jp/tickets/info.aspx?GoodsCd=2993,"[{'text': 'ＪＲ東日本', 'url': 'http://www.jreast.co.jp/tickets/info.aspx?GoodsCd=2993'}]",,https://www2s.biglobe.ne.jp/~t_aoyagi/railway/free/jreast60.htm,jreast60.htm,3,2026-08-10 01:30:50.424840+00:00,えちごツーデーパス,,,,https://www2s.biglobe.ne.jp/~t_aoyagi/railway/free/jreast60.htm
jrwest41,北陸おでかけtabiwaパス,ＪＲ西日本,['ＪＲ西日本'],1,FALSE,hokusinetu,北信越,北信越,['北信越'],kikan,期間限定タイプ,期间限定,['デジタル'],FALSE,TRUE,period,2026/3/1  〜2027/3/28,2026/3/1,2027/3/28,2950,1180,1180,"大人：2,950円／小人：1,180円",１日間,1,"2026年3月1日〜2027年3月28日 
 3日前まで",2026年4月1日〜2027年3月31日,,['https://www2s.biglobe.ne.jp/~t_aoyagi/railway/free/map/jrwest41.gif'],"新幹線 ＪＲ特急・急行 快速・普通 
 ライナー 指定 自由 
 × ▲ ▲ ▲ ○ 
 
 ○：乗車可 ▲：乗車券のみ有効 ×：乗車不可",['普通列車(新快速・快速を含む)の普通車自由席に乗車可。' '特急・急行列車は、別途特急券、急行券等が必要。' '新幹線には乗車できない。'],3,tabiwa,ＪＲ西日本,,https://app.tabi-wester.westjr.co.jp/eticketDetails?ticket_id=J0001100,"[{'text': 'tabiwa', 'url': 'https://app.tabi-wester.westjr.co.jp/eticketDetails?ticket_id=J0001100'}]",,https://www2s.biglobe.ne.jp/~t_aoyagi/railway/free/jrwest41.htm,jrwest41.htm,4,2026-08-10 01:30:50.424840+00:00,北陸おでかけtabiwaパス,,,,https://www2s.biglobe.ne.jp/~t_aoyagi/railway/free/jrwest41.htm
jrwest46,金沢能登tabiwaパス,ＪＲ西日本,['ＪＲ西日本' 'IRいしかわ鉄道' 'のと鉄道'],3,TRUE,hokusinetu,北信越,北信越,['北信越'],kikan,期間限定タイプ,期间限定,['デジタル'],FALSE,TRUE,period,2026/3/1  〜2027/3/31,2026/3/1,2027/3/31,3250,1620,1620,"大人：3,250円／小人：1,620円",2日間,2,2026年3月1日〜2027年3月31日,2026年4月1日〜2027年4月1日,,['https://www2s.biglobe.ne.jp/~t_aoyagi/railway/free/map/jrwest46.gif'],"新幹線 ＪＲ特急・急行 快速・普通 
 ライナー 指定 自由 
 × ▲ ▲ ▲ ○ 
 
 ○：乗車可 ▲：乗車券のみ有効 ×：乗車不可",['普通列車(新快速・快速を含む)の普通車自由席に乗車可。' '特急・急行列車は、別途特急券、急行券等が必要。' '新幹線には乗車できない。'],3,tabiwa,ＪＲ西日本,,https://app.tabi-wester.westjr.co.jp/eticketDetails?ticket_id=J0001500,"[{'text': 'tabiwa', 'url': 'https://app.tabi-wester.westjr.co.jp/eticketDetails?ticket_id=J0001500'}]",,https://www2s.biglobe.ne.jp/~t_aoyagi/railway/free/jrwest46.htm,jrwest46.htm,5,2026-08-10 01:30:50.424840+00:00,金沢能登tabiwaパス,,,,https://www2s.biglobe.ne.jp/~t_aoyagi/railway/free/jrwest46.htm
jrwest40,小浜線tabiwaパス,ＪＲ西日本,['ＪＲ西日本'],1,FALSE,hokusinetu,北信越,北信越,['北信越'],kikan,期間限定タイプ,期间限定,['デジタル'],FALSE,TRUE,period,2026/3/1  〜2027/3/31,2026/3/1,2027/3/31,2200,1600,1600,"大人：2,200円／小人：1,600円",２日間,2,2026年3月1日〜2027年3月31日,2026年4月1日〜2027年4月1日,,['https://www2s.biglobe.ne.jp/~t_aoyagi/railway/free/map/jrwest34.gif'],"新幹線 ＪＲ特急・急行 快速・普通 
 ライナー 指定 自由 
 × ▲ ▲ ▲ ○ 
 
 ○：乗車可 ▲：乗車券のみ有効 ×：乗車不可",['普通列車(新快速・快速を含む)の普通車自由席に乗車可。' '特急・急行列車は、別途特急券、急行券等が必要。' '新幹線には乗車できない。'],3,tabiwa,ＪＲ西日本,,https://app.tabi-wester.westjr.co.jp/eticketDetails?ticket_id=J0001200,"[{'text': 'tabiwa', 'url': 'https://app.tabi-wester.westjr.co.jp/eticketDetails?ticket_id=J0001200'}]",,https://www2s.biglobe.ne.jp/~t_aoyagi/railway/free/jrwest40.htm,jrwest40.htm,6,2026-08-10 01:30:50.424840+00:00,小浜線tabiwaパス,,,,https://www2s.biglobe.ne.jp/~t_aoyagi/railway/free/jrwest40.htm
jrwest42,越前tabiwaパス,ＪＲ西日本,['ＪＲ西日本'],1,FALSE,hokusinetu,北信越,北信越,['北信越'],kikan,期間限定タイプ,期间限定,['デジタル'],FALSE,TRUE,period,2026/3/1  〜2027/3/31,2026/3/1,2027/3/31,2300,1200,1200,"大人：2,300円／小人：1,200円",２日間,2,2026年3月1日〜2027年3月31日,2026年4月1日〜2027年4月1日,,['https://www2s.biglobe.ne.jp/~t_aoyagi/railway/free/map/jrwest42.gif'],"新幹線 ＪＲ特急・急行 快速・普通 
 ライナー 指定 自由 
 × ▲ ▲ ▲ ○ 
 
 ○：乗車可 ▲：乗車券のみ有効 ×：乗車不可",['普通列車(新快速・快速を含む)の普通車自由席に乗車可。' '特急・急行列車は、別途特急券、急行券等が必要。' '新幹線には乗車できない。'],3,tabiwa,ＪＲ西日本,,https://app.tabi-wester.westjr.co.jp/eticketDetails?ticket_id=J0001300,"[{'text': 'tabiwa', 'url': 'https://app.tabi-wester.westjr.co.jp/eticketDetails?ticket_id=J0001300'}]",,https://www2s.biglobe.ne.jp/~t_aoyagi/railway/free/jrwest42.htm,jrwest42.htm,7,2026-08-10 01:30:50.424840+00:00,越前tabiwaパス,,,,https://www2s.biglobe.ne.jp/~t_aoyagi/railway/free/jrwest42.htm
jrwest39,とやま周遊２dayパス,ＪＲ西日本,['ＪＲ西日本' '富山地方鉄道' 'あいの風とやま鉄道' '万葉線'],4,TRUE,hokusinetu,北信越,北信越,['北信越'],kikan,期間限定タイプ,期间限定,['デジタル'],FALSE,TRUE,period,2026/3/1  〜2027/3/31,2026/3/1,2027/3/31,1550,770,770,"大人：1,550円／小人：770円",２日間,2,2026年3月1日〜2027年3月31日,2026年4月1日〜2027年4月1日,,['https://www2s.biglobe.ne.jp/~t_aoyagi/railway/free/map/jrwest38.gif'],"新幹線 ＪＲ特急・急行 快速・普通 
 ライナー 指定 自由 
 × ▲ ▲ ▲ ○ 
 
 ○：乗車可 ▲：乗車券のみ有効 ×：乗車不可",['普通列車(新快速・快速を含む)の普通車自由席に乗車可。' '特急・急行列車は、別途特急券、急行券等が必要。' '新幹線には乗車できない。'],3,tabiwa my route(マイルート),富山myroute推進協議会,,https://app.tabi-wester.westjr.co.jp/eticketDetails?ticket_id=J0001600,"[{'text': 'tabiwa', 'url': 'https://app.tabi-wester.westjr.co.jp/eticketDetails?ticket_id=J0001600'}
 {'text': '富山地方鉄道', 'url': 'https://www.chitetsu.co.jp/?p=63386'}
 {'text': 'myroute', 'url': 'https://top.myroute.fun/ticket/toyama#toyamawide'}]",,https://www2s.biglobe.ne.jp/~t_aoyagi/railway/free/jrwest39.htm,jrwest39.htm,8,2026-08-10 01:30:50.424840+00:00,とやま周遊２dayパス,,,,https://www2s.biglobe.ne.jp/~t_aoyagi/railway/free/jrwest39.htm
jrwest44,WESTERポイント 北陸新幹線フリーパス（全ポイント）,ＪＲ西日本,['ＪＲ西日本'],1,FALSE,hokusinetu,北信越,北信越,['北信越'],kikan,期間限定タイプ,期间限定,['実券'],TRUE,FALSE,ended,終了,,,,,,"大人：3,000ポイント／小人：1,500ポイント",３日間,3,2025年9月1日〜2025年12月23日,2025年10月1日〜2025年21月25日,,['https://www2s.biglobe.ne.jp/~t_aoyagi/railway/free/map/jrwest44.gif'],"東海道新幹線 山陽新幹線 北陸新幹線 在来線特急・急行 快速・普通 
 グリーン車 普通車指定 普通車自由 グランクラス グリーン車 普通車指定 普通車自由 寝台車 グリーン車 普通車指定 普通車自由 グリーン車指定 グリーン車自由 ライナー 指定 自由 
 － － － － × ▲ △ ○ － － － － － － － － － 
 
○：乗車可 ▲：乗車券のみ有効 △：6回まで 
 ×：乗車不可 －：設定なし",['WESTERポイントでのみ購入可能' '指定席は6回まで利用可能' '指定席が満席の場合は立席が利用可能'],3,JRおでかけネット,ＪＲ西日本,,https://www.jr-odekake.net/goyoyaku/campaign/hokurikufree/,"[{'text': 'JRおでかけネット', 'url': 'https://www.jr-odekake.net/goyoyaku/campaign/hokurikufree/'}]",,https://www2s.biglobe.ne.jp/~t_aoyagi/railway/free/jrwest44.htm,jrwest44.htm,9,2026-08-10 01:30:50.424840+00:00,WESTERポイント 北陸新幹線フリーパス（全ポイント）,,,,https://www2s.biglobe.ne.jp/~t_aoyagi/railway/free/jrwest44.htm
jrwest45,WESTERポイント 北陸新幹線フリーパス（一部ポイント）,ＪＲ西日本,['ＪＲ西日本'],1,FALSE,hokusinetu,北信越,北信越,['北信越'],kikan,期間限定タイプ,期间限定,['実券'],TRUE,FALSE,ended,終了,,,,,10110,"大人：110ポイント＋10,110円／小人：110ポイント＋5,110円",３日間,3,2025年9月1日〜2025年12月23日,2025年10月1日〜2025年21月25日,,['https://www2s.biglobe.ne.jp/~t_aoyagi/railway/free/map/jrwest44.gif'],"東海道新幹線 山陽新幹線 北陸新幹線 在来線特急・急行 快速・普通 
 グリーン車 普通車指定 普通車自由 グランクラス グリーン車 普通車指定 普通車自由 寝台車 グリーン車 普通車指定 普通車自由 グリーン車指定 グリーン車自由 ライナー 指定 自由 
 － － － － × ▲ △ ○ － － － － － － － － － 
 
○：乗車可 ▲：乗車券のみ有効 △：6回まで 
 ×：乗車不可 －：設定なし",['WESTERポイントでのみ購入可能' '指定席は6回まで利用可能' '指定席が満席の場合は立席が利用可能'],3,JRおでかけネット,ＪＲ西日本,,https://tickets.jr-odekake.net/shohindb/view/consumer/tokutoku/detail.html?shnId=125000258,"[{'text': 'JRおでかけネット', 'url': 'https://tickets.jr-odekake.net/shohindb/view/consumer/tokutoku/detail.html?shnId=125000258'}]",,https://www2s.biglobe.ne.jp/~t_aoyagi/railway/free/jrwest45.htm,jrwest45.htm,10,2026-08-10 01:30:50.424840+00:00,WESTERポイント 北陸新幹線フリーパス（一部ポイント）,,,,https://www2s.biglobe.ne.jp/~t_aoyagi/railway/free/jrwest45.htm
hokuhoku01,ほくほくワンデーパス,北越急行,['北越急行'],1,FALSE,hokusinetu,北信越,北信越,['北信越'],tunen,通年発売タイプ,全年发售,['実券'],TRUE,FALSE,on_sale,発売中,,,1800,900,900,"大人：1,800円／小人：900円",1日間,1,利用当日のみ,通年,,['https://www2s.biglobe.ne.jp/~t_aoyagi/railway/free/map/hokuhoku.gif'],,['特急利用不可'],1,"窓口：ほくほく線・十日町駅 
 えちごトキめき鉄道・直江津駅 
 
券売機：六日町(改札内),魚沼丘陵,しんざ,十日町,まつだい,ほくほく大島,虫川大杉,うらがわら,くびき 
 
ほくほく線列車内 
 セブンチケット",北越急行 TEL:025-752-0770,,https://hokuhoku.co.jp/pdf/oneday.pdf,"[{'text': '北越急行', 'url': 'https://hokuhoku.co.jp/pdf/oneday.pdf'}]",,https://www2s.biglobe.ne.jp/~t_aoyagi/railway/free/hokuhoku01.htm,hokuhoku01.htm,11,2026-08-10 01:30:50.424840+00:00,ほくほくワンデーパス,,,,https://www2s.biglobe.ne.jp/~t_aoyagi/railway/free/hokuhoku01.htm
hokuhoku92,ほくほく線 周学ミステリーパス,北越急行,['北越急行'],1,FALSE,hokusinetu,北信越,北信越,['北信越'],kikan,期間限定タイプ,期间限定,['実券'],TRUE,FALSE,ended,終了,,,1400,,1400,"大人：1,400円",1日間,1,2024年10月1日〜2024年11月30日,2024年10月1日〜2024年11月30日,,['https://www2s.biglobe.ne.jp/~t_aoyagi/railway/free/map/hokuhoku91.gif'],,[],0,"十日町 
 松代･松之山温泉観光案内所(まつだい駅隣接 )",北越急行 TEL:025-750-1251,,https://www.hokuhoku.co.jp/press/20240927.pdf,"[{'text': '北越急行', 'url': 'https://www.hokuhoku.co.jp/press/20240927.pdf'}]",,https://www2s.biglobe.ne.jp/~t_aoyagi/railway/free/hokuhoku92.htm,hokuhoku92.htm,12,2026-08-10 01:30:50.424840+00:00,ほくほく線 周学ミステリーパス,,,,https://www2s.biglobe.ne.jp/~t_aoyagi/railway/free/hokuhoku92.htm
echigo03,トキ鉄ツアーパス,えちごトキめき鉄道,['えちごトキめき鉄道' 'あいの風とやま鉄道'],2,TRUE,hokusinetu,北信越,北信越,['北信越'],tunen,通年発売タイプ,全年发售,['実券' 'デジタル'],TRUE,TRUE,on_sale,発売中,,,2400,1200,1200,"大人：2,400円／小人：1,200円",１日間,1,通年,通年,,['https://www2s.biglobe.ne.jp/~t_aoyagi/railway/free/map/echigotokimeki.gif'],,['特急「しらゆき」の普通車自由席に乗車可。' '「えちごトキめきリゾート雪月花」は乗車不可'],2,"えちごトキめき鉄道：直江津,春日山,高田,上越妙高,新井,関山,妙高高原,能生,糸魚川,えちごトキめき鉄道列車内 
 あいの風とやま鉄道：泊",直江津駅 TEL:025-543-3160,,http://www.echigo-tokimeki.co.jp/ticket/plan/#tokitetsutour,"[{'text': 'えちごトキめき鉄道', 'url': 'http://www.echigo-tokimeki.co.jp/ticket/plan/#tokitetsutour'}
 {'text': 'あいの風とやま鉄道', 'url': 'https://ainokaze.co.jp/ticket/plan#s08'}]",,https://www2s.biglobe.ne.jp/~t_aoyagi/railway/free/echigo03.htm,echigo03.htm,13,2026-08-10 01:30:50.424840+00:00,トキ鉄ツアーパス,,,,https://www2s.biglobe.ne.jp/~t_aoyagi/railway/free/echigo03.htm
echigo93,トキ鉄18きっぷ,えちごトキめき鉄道,['えちごトキめき鉄道'],1,FALSE,hokusinetu,北信越,北信越,['北信越'],kikan,期間限定タイプ,期间限定,['実券'],TRUE,FALSE,period,2026/7/18  〜9/8,2026/7/18,2026/9/8,1200,,1200,"大人：1,200円",１日間,1,"2026年3月1日〜2026年4月10日 
 2026年7月18日〜2026年9月8日 
 2026年12月11日〜2027年1月11日",発売当日限り,,['https://www2s.biglobe.ne.jp/~t_aoyagi/railway/free/map/echigotokimeki.gif'],,['当日有効の「青春18きっぷ」を所持する場合に発売。' '特急「しらゆき」乗車は乗車不可。' 'えちごトキめきリゾート雪月花は乗車不可'],3,"直江津,春日山,高田,上越妙高,新井,妙高高原,能生,糸魚川,えちごトキめき鉄道列車内",えちごトキめき鉄道総務企画部営業課 TEL:025-546-5521,,https://www.echigo-tokimeki.co.jp/information/detail?id=2252,"[{'text': 'えちごトキめき鉄道', 'url': 'https://www.echigo-tokimeki.co.jp/information/detail?id=2252'}]",,https://www2s.biglobe.ne.jp/~t_aoyagi/railway/free/echigo93.htm,echigo93.htm,14,2026-08-10 01:30:50.424840+00:00,トキ鉄18きっぷ,,,,https://www2s.biglobe.ne.jp/~t_aoyagi/railway/free/echigo93.htm
echigo98,信越マリンビーチ＆マウンテンパス,えちごトキめき鉄道,['えちごトキめき鉄道' 'しなの鉄道'],2,TRUE,hokusinetu,北信越,北信越,['北信越'],kikan,期間限定タイプ,期间限定,['デジタル'],FALSE,TRUE,period,2026/8/1  〜8/30,2026/8/1,2026/8/30,3000,1500,1500,"大人：3,000円／小人：1,500円",１日間,1,2026年8月1日〜2026年8月30日,2026年8月1日〜2026年8月30日,,['https://www2s.biglobe.ne.jp/~t_aoyagi/railway/free/map/echigo-shinano.gif'],,[],0,my route ウェルネット,えちごトキめき鉄道株式会社 直江津駅：TEL:025-543-3160,,https://www.echigo-tokimeki.co.jp/information/detail?id=2606,"[{'text': 'えちごトキめき鉄道', 'url': 'https://www.echigo-tokimeki.co.jp/information/detail?id=2606'}]",,https://www2s.biglobe.ne.jp/~t_aoyagi/railway/free/echigo98.htm,echigo98.htm,15,2026-08-10 01:30:50.424840+00:00,信越マリンビーチ＆マウンテンパス,,,,https://www2s.biglobe.ne.jp/~t_aoyagi/railway/free/echigo98.htm
echigo02,じもパス,えちごトキめき鉄道,['えちごトキめき鉄道'],1,FALSE,hokusinetu,北信越,北信越,['北信越'],kaiin,会員限定タイプ,会员限定,['実券'],TRUE,FALSE,period,〜2026/3/31,,2026/3/31,1800,600,600,"大人：1,800円／小人：600円 
 シルバー：600円 免許返納：600円",１日間,1,通年,通年,,['https://www2s.biglobe.ne.jp/~t_aoyagi/railway/free/map/echigotokimeki.gif'],,"['妙高市,上越市,糸魚川市在住の方ならびにトキてつサポーターズクラブ会員限定' '特急「しらゆき」乗車は別途特急券必要。'
 '「越乃Shu*Kura」,「えちごトキめきリゾート雪月花」は乗車不可' 'シルバー用は満70歳以上の方が対象'
 '免許返納用は運転経歴証明書をお持ちの方が対象' '購入時に、運転免許証、保険証や学生証等で住所、年齢等の確認。利用時は各証明書等の携帯が必要。']",6,"直江津,春日山,高田,上越妙高,新井,妙高高原,能生,糸魚川 
 えちごトキめき鉄道列車内",直江津駅 TEL:025-543-3160,,http://www.echigo-tokimeki.co.jp/ticket/plan/#jimo,"[{'text': 'えちごトキめき鉄道', 'url': 'http://www.echigo-tokimeki.co.jp/ticket/plan/#jimo'}]",,https://www2s.biglobe.ne.jp/~t_aoyagi/railway/free/echigo02.htm,echigo02.htm,16,2026-08-10 01:30:50.424840+00:00,じもパス,,,,https://www2s.biglobe.ne.jp/~t_aoyagi/railway/free/echigo02.htm
echigo91,開業10周年記念 トキ鉄フリーきっぷ,えちごトキめき鉄道,['えちごトキめき鉄道'],1,FALSE,hokusinetu,北信越,北信越,['北信越'],kaiin,会員限定タイプ,会员限定,['実券'],TRUE,FALSE,ended,終了,,,1000,,1000,"大人：1,000円",１日,1,2025年3月14日〜2025年10月11日,"2025年3月15日,3月16日,5月3日,7月5日,10月11日",,['https://www2s.biglobe.ne.jp/~t_aoyagi/railway/free/map/echigotokimeki.gif'],,['「特急列車」乗車不可' '「えちごトキめきリゾート雪月花号」乗車不可'],2,"直江津,春日山,高田,上越妙高,新井,妙高高原,能生,糸魚川 
 Yahoo！公式ネットショップ",えちごトキめき鉄道総務企画部営業課 TEL:025-546-5521,,https://www.echigo-tokimeki.co.jp/information/detail?id=2325,"[{'text': 'えちごトキめき鉄道', 'url': 'https://www.echigo-tokimeki.co.jp/information/detail?id=2325'}]",,https://www2s.biglobe.ne.jp/~t_aoyagi/railway/free/echigo91.htm,echigo91.htm,17,2026-08-10 01:30:50.424840+00:00,開業10周年記念 トキ鉄フリーきっぷ,,,,https://www2s.biglobe.ne.jp/~t_aoyagi/railway/free/echigo91.htm
ueda02,1日まるまるフリーきっぷ,上田電鉄,['上田電鉄'],1,FALSE,hokusinetu,北信越,北信越,['北信越'],tunen,通年発売タイプ,全年发售,['実券'],TRUE,FALSE,on_sale,発売中,,,1180,600,600,"大人：1,180円／小人：600円",1日間,1,通年,通年,,['https://www2s.biglobe.ne.jp/~t_aoyagi/railway/free/map/ueda01.gif'],,[],0,"窓口：上田 
 券売機設置駅：上田,赤坂上,上田原,大学前,下之郷,別所温泉",上田電鉄・運輸部 TEL:0268-39-7117,,https://www.uedadentetsu.com/news/post-2961.html,"[{'text': '上田電鉄', 'url': 'https://www.uedadentetsu.com/news/post-2961.html'}]",,https://www2s.biglobe.ne.jp/~t_aoyagi/railway/free/ueda02.htm,ueda02.htm,18,2026-08-10 01:30:50.424840+00:00,1日まるまるフリーきっぷ,,,,https://www2s.biglobe.ne.jp/~t_aoyagi/railway/free/ueda02.htm
sinano32,軽井沢・別所温泉フリーきっぷ,上田電鉄,['上田電鉄' 'しなの鉄道'],2,TRUE,hokusinetu,北信越,北信越,['北信越'],tunen,通年発売タイプ,全年发售,['デジタル'],FALSE,TRUE,on_sale,発売中,,,1880,940,940,"大人：1,880円／小人：940円",１日,1,通年,通年,,['https://www2s.biglobe.ne.jp/~t_aoyagi/railway/free/map/shinano32.gif'],,[],0,しなの鉄道デジタルチケット販売サイト,しなの鉄道営業課 TEL:0268-21-4702,,https://www.shinanorailway.co.jp/tour-info/gain/,"[{'text': 'しなの鉄道', 'url': 'https://www.shinanorailway.co.jp/tour-info/gain/'}
 {'text': '上田電鉄', 'url': 'https://www.uedadentetsu.com/news/post-383.html'}]",,https://www2s.biglobe.ne.jp/~t_aoyagi/railway/free/sinano32.htm,sinano32.htm,19,2026-08-10 01:30:50.424840+00:00,軽井沢・別所温泉フリーきっぷ,,,,https://www2s.biglobe.ne.jp/~t_aoyagi/railway/free/sinano32.htm
ueda04,別所線・信州上田レイライン線電車・バスフリーきっぷ,上田電鉄,['上田電鉄'],1,FALSE,hokusinetu,北信越,北信越,['北信越'],kikan,期間限定タイプ,期间限定,['実券'],TRUE,FALSE,ended,終了,,,1240,620,620,"大人：1,240円／小人：620円",発売当日限り,,2025年4月1日〜2025年11月30日,2025年4月1日〜2025年11月30日,,['https://www2s.biglobe.ne.jp/~t_aoyagi/railway/free/map/ueda04.gif'],,[],0,上田駅,上田電鉄 運輸部 TEL:0268-39-7117,,https://www.uedadentetsu.com/news/post_379.html,"[{'text': '上田電鉄', 'url': 'https://www.uedadentetsu.com/news/post_379.html'}]",,https://www2s.biglobe.ne.jp/~t_aoyagi/railway/free/ueda04.htm,ueda04.htm,20,2026-08-10 01:30:50.424840+00:00,別所線・信州上田レイライン線電車・バスフリーきっぷ,,,,https://www2s.biglobe.ne.jp/~t_aoyagi/railway/free/ueda04.htm
ueda102,令和八年八月八日 八ならび 八木沢まい お誕生日フリーきっぷ,上田電鉄,['上田電鉄'],1,FALSE,hokusinetu,北信越,北信越,['北信越'],kikan,期間限定タイプ,期间限定,['実券'],TRUE,FALSE,period,2026/8/8〜/td>,2026/8/8,,1180,,1180,"大人：1,180円",1日間,1,2026年8月8日〜,2026年8月8日〜,,['https://www2s.biglobe.ne.jp/~t_aoyagi/railway/free/map/ueda01.gif'],,[],0,上田,上田電鉄・運輸部 TEL:0268-39-7117,,https://www.uedadentetsu.com/news/post-9183.html,"[{'text': '上田電鉄', 'url': 'https://www.uedadentetsu.com/news/post-9183.html'}]",,https://www2s.biglobe.ne.jp/~t_aoyagi/railway/free/ueda102.htm,ueda102.htm,21,2026-08-10 01:30:50.424840+00:00,令和八年八月八日 八ならび 八木沢まい お誕生日フリーきっぷ,400枚,,,https://www2s.biglobe.ne.jp/~t_aoyagi/railway/free/ueda102.htm
sinano33,軽井沢フリーパス,しなの鉄道,['しなの鉄道'],1,FALSE,hokusinetu,北信越,北信越,['北信越'],tunen,通年発売タイプ,全年发售,['デジタル'],FALSE,TRUE,on_sale,発売中,,,2500,1250,1250,"1日券 大人：2,500円／小人：1,250円 
 2日券 大人：3,600円／小人：1,800円",１日/２日,1,通年,通年,,['https://www2s.biglobe.ne.jp/~t_aoyagi/railway/free/map/shinano33.gif'],,[],0,"１日券： しなの鉄道デジタルチケット販売サイト 
 ２日券： しなの鉄道デジタルチケット販売サイト","しなの鉄道・お客さまセンター： TEL:0267-21-3470 
 草軽交通： TEL:0267-42-2441 
 西武観光バス： TEL:0267-45-5045 
 千曲バス： TEL:0267-22-2100",,https://www.shinanorailway.co.jp/tour-info/gain/,"[{'text': 'しなの鉄道', 'url': 'https://www.shinanorailway.co.jp/tour-info/gain/'}]",,https://www2s.biglobe.ne.jp/~t_aoyagi/railway/free/sinano33.htm,sinano33.htm,22,2026-08-10 01:30:50.424840+00:00,軽井沢フリーパス,,,,https://www2s.biglobe.ne.jp/~t_aoyagi/railway/free/sinano33.htm
sinano11,北しなの線フリーきっぷ,しなの鉄道,['しなの鉄道'],1,FALSE,hokusinetu,北信越,北信越,['北信越'],tunen,通年発売タイプ,全年发售,['デジタル'],FALSE,TRUE,on_sale,発売中,,,1100,550,550,"平日用：大人：1,400円／小人：700円 
 休日用：大人：1,100円／小人：550円",１日,1,通年,通年,,['https://www2s.biglobe.ne.jp/~t_aoyagi/railway/free/map/shinano11.gif'],,[],0,"平日用： しなの鉄道デジタルチケット販売サイト 
 休日用： しなの鉄道デジタルチケット販売サイト",しなの鉄道・お客さまセンター TEL:0267-21-3470,,https://www.shinanorailway.co.jp/tour-info/gain/,"[{'text': 'しなの鉄道', 'url': 'https://www.shinanorailway.co.jp/tour-info/gain/'}]",,https://www2s.biglobe.ne.jp/~t_aoyagi/railway/free/sinano11.htm,sinano11.htm,23,2026-08-10 01:30:50.424840+00:00,北しなの線フリーきっぷ,,,,https://www2s.biglobe.ne.jp/~t_aoyagi/railway/free/sinano11.htm
sinano30,しなの鉄道線フリーきっぷ,しなの鉄道,['しなの鉄道'],1,FALSE,hokusinetu,北信越,北信越,['北信越'],tunen,通年発売タイプ,全年发售,['デジタル'],FALSE,TRUE,period,〜2026/3/13,,2026/3/13,2000,1000,1000,"平日用：大人：2,300円／小人：1,150円 
 休日用：大人：2,000円／小人：1,000円",１日,1,通年,通年,,['https://www2s.biglobe.ne.jp/~t_aoyagi/railway/free/map/shinano01.gif'],,[],0,"平日用： しなの鉄道デジタルチケット販売サイト 
 休日用： しなの鉄道デジタルチケット販売サイト",しなの鉄道お客さまセンター TEL:0268-21-3470,,https://www.shinanorailway.co.jp/tour-info/gain/,"[{'text': 'しなの鉄道', 'url': 'https://www.shinanorailway.co.jp/tour-info/gain/'}]",,https://www2s.biglobe.ne.jp/~t_aoyagi/railway/free/sinano30.htm,sinano30.htm,25,2026-08-10 01:30:50.424840+00:00,しなの鉄道線フリーきっぷ,,,,https://www2s.biglobe.ne.jp/~t_aoyagi/railway/free/sinano30.htm
nagaden01,長電フリー乗車券,長野電鉄,['長野電鉄'],1,FALSE,hokusinetu,北信越,北信越,['北信越'],kikan,期間限定タイプ,期间限定,['実券'],TRUE,FALSE,period,2025/12/1  〜2026/3/31,2025/12/1,2026/3/31,2820,1410,1410,"2日用 大人：3,520円／小人：1,760円 
 1日用 大人：2,820円／小人：1,410円","2日用：２日間 
 1日用：１日間",2,2026年4月1日〜2026年11月30日,2026年4月1日〜2026年12月1日,,['https://www2s.biglobe.ne.jp/~t_aoyagi/railway/free/map/naganodentetu.gif'],,['特急(自由席)乗車可'],1,"長野,市役所前,権堂,善光寺下,本郷,桐原,信濃吉田,朝陽,附属中学前,柳原,村山,日野,須坂,小布施,都住,桜沢,延徳,信州中野,湯田中の各駅自動券売機",長野電鉄・鉄道事業部運輸課 TEL:026-248-6000,,https://www.nagaden-net.co.jp/info/ticket,"[{'text': '長野電鉄', 'url': 'https://www.nagaden-net.co.jp/info/ticket'}]",,https://www2s.biglobe.ne.jp/~t_aoyagi/railway/free/nagaden01.htm,nagaden01.htm,27,2026-08-10 01:30:50.424840+00:00,長電フリー乗車券,,,,https://www2s.biglobe.ne.jp/~t_aoyagi/railway/free/nagaden01.htm
nagaden06,SNOW MONKEY PASS,長野電鉄,['長野電鉄'],1,FALSE,hokusinetu,北信越,北信越,['北信越'],kikan,期間限定タイプ,期间限定,['実券'],TRUE,FALSE,period,2026/4/1  〜9/30,2026/4/1,2026/9/30,4800,2400,2400,"大人：4,800円／小人：2,400円",2日間,2,"2026年4月1日〜2026年9月30日 
 2025年12月6日〜2026年3月31日","2026年4月1日〜2026年10月1日 
 2025年12月6日〜2026年4月1日",,['https://www2s.biglobe.ne.jp/~t_aoyagi/railway/free/map/nagaden06.gif'],,['特急(自由席)乗車可'],1,"長野,市役所前,権堂,善光寺下,本郷,桐原,信濃吉田,朝陽,附属中学前,柳原,村山,日野,須坂,小布施,都住,桜沢,延徳,信州中野,湯田中の各駅自動券売機",長野電鉄・鉄道事業部運輸課 TEL:026-248-6000,,https://www.nagaden-net.co.jp/info/ticket/,"[{'text': '長野電鉄', 'url': 'https://www.nagaden-net.co.jp/info/ticket/'}]",,https://www2s.biglobe.ne.jp/~t_aoyagi/railway/free/nagaden06.htm,nagaden06.htm,28,2026-08-10 01:30:50.424840+00:00,SNOW MONKEY PASS,,,,https://www2s.biglobe.ne.jp/~t_aoyagi/railway/free/nagaden06.htm
nagaden05,ながでん鉄道・バス2DAYフリーきっぷ,長野電鉄,['長野電鉄'],1,FALSE,hokusinetu,北信越,北信越,['北信越'],kikan,期間限定タイプ,期间限定,['実券'],TRUE,FALSE,period,2026/4/1  〜11/29,2026/4/1,2026/11/29,5000,2500,2500,"大人：5,000円／小人：2,500円",２日間,2,2026年4月1日〜2026年11月29日,2026年4月1日〜2026年11月30日,,['https://www2s.biglobe.ne.jp/~t_aoyagi/railway/free/map/nagaden05.gif'],,['特急(自由席)乗車可'],1,"長野,市役所前,権堂,善光寺下,本郷,桐原,信濃吉田,朝陽,附属中学前,柳原,村山,日野,須坂,小布施,都住,桜沢,延徳,信州中野,湯田中の各駅自動券売機",長野電鉄・鉄道事業部運輸課 TEL:026-248-6000,,https://www.nagaden-net.co.jp/info/ticket,"[{'text': '長野電鉄', 'url': 'https://www.nagaden-net.co.jp/info/ticket'}]",,https://www2s.biglobe.ne.jp/~t_aoyagi/railway/free/nagaden05.htm,nagaden05.htm,29,2026-08-10 01:30:50.424840+00:00,ながでん鉄道・バス２ＤＡＹフリーきっぷ,,,,https://www2s.biglobe.ne.jp/~t_aoyagi/railway/free/nagaden05.htm
nagaden07,ホリデーフリーチケット,長野電鉄,['長野電鉄'],1,FALSE,hokusinetu,北信越,北信越,['北信越'],kikan,期間限定タイプ,期间限定,['実券'],TRUE,FALSE,period,2026/4/1  〜11/30,2026/4/1,2026/11/30,,,620,"中高生：1,240円 小学生：620円",１日間,1,利用当日,"2026年4月1日〜2026年11月30日の土休日 
 2026年7月15日〜2026年8月20日",,['https://www2s.biglobe.ne.jp/~t_aoyagi/railway/free/map/naganodentetu.gif'],,['中高生に限る。乗車時に学生証の提示が必要 ' ' 特急料金(自由席)を含む'],2,"長野,市役所前,権堂,善光寺下,本郷,桐原,信濃吉田,朝陽,附属中学前,柳原,村山,日野,須坂,小布施,都住,桜沢,延徳,信州中野,湯田中の各駅自動券売機",長野電鉄・鉄道事業部運輸課 TEL:026-248-6000,,https://www.nagaden-net.co.jp/info/ticket,"[{'text': '長野電鉄', 'url': 'https://www.nagaden-net.co.jp/info/ticket'}]",,https://www2s.biglobe.ne.jp/~t_aoyagi/railway/free/nagaden07.htm,nagaden07.htm,30,2026-08-10 01:30:50.424840+00:00,ホリデーフリーチケット,,,,https://www2s.biglobe.ne.jp/~t_aoyagi/railway/free/nagaden07.htm
matuden01,上高地線電車わくわく一日フリー乗車券,アルピコ交通,['アルピコ交通'],1,FALSE,hokusinetu,北信越,北信越,['北信越'],tunen,通年発売タイプ,全年发售,['実券' 'デジタル'],TRUE,TRUE,on_sale,発売中,,,1420,710,710,"大人：1,420円／小人：710円",１日,1,通年,通年,,['https://www2s.biglobe.ne.jp/~t_aoyagi/railway/free/map/matuden.gif'],,[],0,"松本(JRの自動券売機),北新・松本大学前,新村,森口,波田,新島々 
 Web専用ページ",アルピコ交通新島々駅 TEL:0263-87-3166,,https://www.alpico.co.jp/traffic/ticket/6/,"[{'text': 'アルピコ交通', 'url': 'https://www.alpico.co.jp/traffic/ticket/6/'}]",,https://www2s.biglobe.ne.jp/~t_aoyagi/railway/free/matuden01.htm,matuden01.htm,31,2026-08-10 01:30:50.424840+00:00,上高地線電車 わくわく一日フリー乗車券,,,,https://www2s.biglobe.ne.jp/~t_aoyagi/railway/free/matuden01.htm
matuden91,新島々駅鉄道神社例大祭記念 上高地線電車わくわく一日フリー乗車券,アルピコ交通,['アルピコ交通'],1,FALSE,hokusinetu,北信越,北信越,['北信越'],kikan,期間限定タイプ,期间限定,['デジタル'],FALSE,TRUE,ended,終了,,,1000,300,300,"大人：1,000円／小人：300円",１日,1,2026年1月26日〜2026年2月7日,2026年2月7日,,['https://www2s.biglobe.ne.jp/~t_aoyagi/railway/free/map/matuden.gif'],,[],0,Web専用ページ,アルピコ交通新島々駅 TEL:0263-87-3166,,https://www.alpico.co.jp/traffic/news/1506/,"[{'text': 'アルピコ交通', 'url': 'https://www.alpico.co.jp/traffic/news/1506/'}]",,https://www2s.biglobe.ne.jp/~t_aoyagi/railway/free/matuden91.htm,matuden91.htm,32,2026-08-10 01:30:50.424840+00:00,新島々駅鉄道神社例大祭記念 上高地線電車わくわく一日フリー乗車券,,,,https://www2s.biglobe.ne.jp/~t_aoyagi/railway/free/matuden91.htm
matuden92,上高地線ふるさと鉄道まつりWebフリー乗車券,アルピコ交通,['アルピコ交通'],1,FALSE,hokusinetu,北信越,北信越,['北信越'],kikan,期間限定タイプ,期间限定,['デジタル'],FALSE,TRUE,ended,終了,,,1000,300,300,"大人：1,000円／小人：300円",１日,1,2026年3月3日〜2026年3月22日,2026年3月22日,,['https://www2s.biglobe.ne.jp/~t_aoyagi/railway/free/map/matuden.gif'],,[],0,Web専用ページ,アルピコ交通新島々駅 TEL:0263-87-3166,,https://www.alpico.co.jp/traffic/news/1551/,"[{'text': 'アルピコ交通', 'url': 'https://www.alpico.co.jp/traffic/news/1551/'}]",,https://www2s.biglobe.ne.jp/~t_aoyagi/railway/free/matuden92.htm,matuden92.htm,33,2026-08-10 01:30:50.424840+00:00,上高地線ふるさと鉄道まつりWebフリー乗車券,,,,https://www2s.biglobe.ne.jp/~t_aoyagi/railway/free/matuden92.htm
matuden94,上高地線 謎解きイベント専用きっぷ,アルピコ交通,['アルピコ交通'],1,FALSE,hokusinetu,北信越,北信越,['北信越'],kikan,期間限定タイプ,期间限定,['実券'],TRUE,FALSE,ended,終了,,,700,350,350,大人：700円 小人：350円,１日,1,2024年9月14日〜2024年10月14日,2024年9月14日〜2024年10月14日,,['https://www2s.biglobe.ne.jp/~t_aoyagi/railway/free/map/matuden.gif'],,['イベント公式LINEアカウント に友達登録後、送られてくるアンケートに回答後、クーポンが発行され、そのクーポンの提示を係員に提示して購入。'],1,"松本バスターミナル,新村,波田,新島々",アルピコ交通新島々駅 TEL:0263-87-3166,,https://www.alpico.co.jp/topics/train/-20249141014.php,"[{'text': 'アルピコ交通', 'url': 'https://www.alpico.co.jp/topics/train/-20249141014.php'}]",,https://www2s.biglobe.ne.jp/~t_aoyagi/railway/free/matuden94.htm,matuden94.htm,34,2026-08-10 01:30:50.424840+00:00,上高地線 謎解きイベント専用きっぷ,,,,https://www2s.biglobe.ne.jp/~t_aoyagi/railway/free/matuden94.htm
titetu01,鉄道線・市内電車２日フリーきっぷ,富山地方鉄道,['富山地方鉄道'],1,FALSE,hokusinetu,北信越,北信越,['北信越'],tunen,通年発売タイプ,全年发售,['実券'],TRUE,FALSE,on_sale,発売中,,,6000,3000,3000,"大人：6,000円／小人：3,000円",２日,2,通年,通年,,['https://www2s.biglobe.ne.jp/~t_aoyagi/railway/free/map/titetu01.gif'],,['座席指定を利用の際は座席指定料金が必要'],1,"有人駅 
 富山乗車券センター,西町乗車券センター 
 
ＡＮＡクラウンプラザホテル富山 
 
ホテルＪＡＬシティ富山",富山地方鉄道 TEL:0764-32-3456,,http://www.chitetsu.co.jp/?p=1073,"[{'text': '富山地方鉄道', 'url': 'http://www.chitetsu.co.jp/?p=1073'}]",,https://www2s.biglobe.ne.jp/~t_aoyagi/railway/free/titetu01.htm,titetu01.htm,35,2026-08-10 01:30:50.424840+00:00,鉄道線・市内電車２日フリーきっぷ,,,,https://www2s.biglobe.ne.jp/~t_aoyagi/railway/free/titetu01.htm
titetu05,鉄道線・市内電車１日フリーきっぷ,富山地方鉄道,['富山地方鉄道'],1,FALSE,hokusinetu,北信越,北信越,['北信越'],tunen,通年発売タイプ,全年发售,['実券' 'デジタル'],TRUE,TRUE,on_sale,発売中,,,3400,1700,1700,"大人：3,400円／小人：1,700円",１日,1,通年,通年,,['https://www2s.biglobe.ne.jp/~t_aoyagi/railway/free/map/titetu01.gif'],,['座席指定を利用の際は座席指定料金が必要'],1,"有人駅 
 富山乗車券センター,西町乗車券センター 
 
ＡＮＡクラウンプラザホテル富山 
 
ホテルＪＡＬシティ富山 
 
 my route",富山地方鉄道 TEL:0764-32-3456,,https://www.chitetsu.co.jp/?p=20987,"[{'text': '富山地方鉄道', 'url': 'https://www.chitetsu.co.jp/?p=20987'}
 {'text': 'my route', 'url': 'https://top.myroute.fun/ticket/toyama#toyamawide'}]",,https://www2s.biglobe.ne.jp/~t_aoyagi/railway/free/titetu05.htm,titetu05.htm,36,2026-08-10 01:30:50.424840+00:00,鉄道線・市内電車１日フリーきっぷ,,,,https://www2s.biglobe.ne.jp/~t_aoyagi/railway/free/titetu05.htm
titetu02,市内電車・バス１日ふりーきっぷ,富山地方鉄道,['富山地方鉄道'],1,FALSE,hokusinetu,北信越,北信越,['北信越'],tunen,通年発売タイプ,全年发售,['実券' 'デジタル'],TRUE,TRUE,on_sale,発売中,,,650,330,330,大人：650円／小人：330円,１日間,1,通年,通年,,['https://www2s.biglobe.ne.jp/~t_aoyagi/railway/free/map/titetu02.gif'],,[],0,"富山地鉄乗車券センター,富山地鉄西町乗車券センター 
 
電鉄富山,稲荷町,南富山 
 
富山駅前地鉄バス案内所,富山自動車営業所 
 
市内電車内 
 my route tabiwa",富山地方鉄道・地鉄テレホンセンター：076-432-3456,,http://www.chitetsu.co.jp/?p=1002,"[{'text': '富山地方鉄道', 'url': 'http://www.chitetsu.co.jp/?p=1002'}
 {'text': 'my route', 'url': 'https://top.myroute.fun/ticket/toyama#toyamawide'}
 {'text': 'tabiwa', 'url': 'https://app.tabi-wester.westjr.co.jp/eticketDetails?ticket_id=N3005600'}]",,https://www2s.biglobe.ne.jp/~t_aoyagi/railway/free/titetu02.htm,titetu02.htm,37,2026-08-10 01:30:50.424840+00:00,市内電車・バス１日ふりーきっぷ,,,,https://www2s.biglobe.ne.jp/~t_aoyagi/railway/free/titetu02.htm
titetu09,ぐるっとグルメぐりクーポン,富山地方鉄道,['富山地方鉄道'],1,FALSE,hokusinetu,北信越,北信越,['北信越'],tunen,通年発売タイプ,全年发售,['実券'],TRUE,FALSE,on_sale,発売中,,,1000,,1000,"クーポン5枚付き 大人：1,500円 
 クーポン2枚付き 大人：1,000円",１日間,1,通年,通年,,['https://www2s.biglobe.ne.jp/~t_aoyagi/railway/free/map/titetu09.gif'],,[],0,"富山乗車券センター,西町乗車券センター 
 電鉄富山駅,南富山駅 
 とやま観光案内所（富山駅構内クラルテ１Ｆ） 
 路面電車等公共交通案内所",富山地方鉄道・地鉄テレホンセンター：076-432-3456,,https://www.chitetsu.co.jp/?p=17407,"[{'text': '富山地方鉄道', 'url': 'https://www.chitetsu.co.jp/?p=17407'}]",,https://www2s.biglobe.ne.jp/~t_aoyagi/railway/free/titetu09.htm,titetu09.htm,38,2026-08-10 01:30:50.424840+00:00,ぐるっとグルメぐりクーポン,,,,https://www2s.biglobe.ne.jp/~t_aoyagi/railway/free/titetu09.htm
titetu06,岩瀬おさんぽフリーチケット,富山地方鉄道,['富山地方鉄道'],1,FALSE,hokusinetu,北信越,北信越,['北信越'],tunen,通年発売タイプ,全年发售,['デジタル'],FALSE,TRUE,on_sale,発売中,,,1250,1030,1030,"大人：1,250円／小人：1,030円",利用開始後、6時間,,通年,通年,,['https://www2s.biglobe.ne.jp/~t_aoyagi/railway/free/map/titetu06.gif'],,[],0,my route,富山地方鉄道・地鉄テレホンセンター：076-432-3456,,https://www.chitetsu.co.jp/ticket/,"[{'text': '富山地方鉄道', 'url': 'https://www.chitetsu.co.jp/ticket/'}
 {'text': 'my route', 'url': 'https://top.myroute.fun/ticket/toyama#iwase'}]",,https://www2s.biglobe.ne.jp/~t_aoyagi/railway/free/titetu06.htm,titetu06.htm,39,2026-08-10 01:30:50.424840+00:00,岩瀬おさんぽフリーチケット,,,,https://www2s.biglobe.ne.jp/~t_aoyagi/railway/free/titetu06.htm
titetu07,富山市内まちなかおでかけチケット,富山地方鉄道,['富山地方鉄道'],1,FALSE,hokusinetu,北信越,北信越,['北信越'],tunen,通年発売タイプ,全年发售,['デジタル'],FALSE,TRUE,on_sale,発売中,,,950,700,700,大人：950円／小人：700円,利用開始後、8時間,,通年,通年,,['https://www2s.biglobe.ne.jp/~t_aoyagi/railway/free/map/titetu07.gif'],,[],0,my route,富山地方鉄道・地鉄テレホンセンター：076-432-3456,,https://www.chitetsu.co.jp/ticket/,"[{'text': '富山地方鉄道', 'url': 'https://www.chitetsu.co.jp/ticket/'}
 {'text': 'my route', 'url': 'https://top.myroute.fun/ticket/toyama#pagetop'}]",,https://www2s.biglobe.ne.jp/~t_aoyagi/railway/free/titetu07.htm,titetu07.htm,40,2026-08-10 01:30:50.424840+00:00,富山市内まちなかおでかけチケット,,,,https://www2s.biglobe.ne.jp/~t_aoyagi/railway/free/titetu07.htm
titetu08,富山空港まちなかフリーチケット,富山地方鉄道,['富山地方鉄道'],1,FALSE,hokusinetu,北信越,北信越,['北信越'],tunen,通年発売タイプ,全年发售,['デジタル'],FALSE,TRUE,on_sale,発売中,,,1500,980,980,"大人：1,500円／小人：980円",利用開始後、30時間,,通年,通年,,['https://www2s.biglobe.ne.jp/~t_aoyagi/railway/free/map/titetu08.gif'],,[],0,my route,富山地方鉄道・地鉄テレホンセンター：076-432-3456,,https://www.chitetsu.co.jp/?p=63201,"[{'text': '富山地方鉄道', 'url': 'https://www.chitetsu.co.jp/?p=63201'}
 {'text': 'my route', 'url': 'https://top.myroute.fun/ticket/toyama#toyamaairport'}]",,https://www2s.biglobe.ne.jp/~t_aoyagi/railway/free/titetu08.htm,titetu08.htm,41,2026-08-10 01:30:50.424840+00:00,富山空港まちなかフリーチケット,,,,https://www2s.biglobe.ne.jp/~t_aoyagi/railway/free/titetu08.htm
titetu93,宇奈月満喫きっぷ(全線版),富山地方鉄道,['富山地方鉄道'],1,FALSE,hokusinetu,北信越,北信越,['北信越'],tunen,通年発売タイプ,全年发售,['デジタル'],FALSE,TRUE,on_sale,発売中,,,4500,2700,2700,"大人：4,500円／小人：2,700円",利用開始後30時間,,通年,通年,,['https://www2s.biglobe.ne.jp/~t_aoyagi/railway/free/map/titetu93.gif'],,[],0,my route,富山MYROTE推進協議会：076-444-4141,,https://www.chitetsu.co.jp/?p=64673,"[{'text': '富山地方鉄道', 'url': 'https://www.chitetsu.co.jp/?p=64673'}
 {'text': '富山MYROTE推進協議会', 'url': 'https://toyama-city.myroute.fun/info/653/'}]",,https://www2s.biglobe.ne.jp/~t_aoyagi/railway/free/titetu93.htm,titetu93.htm,42,2026-08-10 01:30:50.424840+00:00,宇奈月満喫きっぷ(全線版),,,,https://www2s.biglobe.ne.jp/~t_aoyagi/railway/free/titetu93.htm
titetu94,宇奈月満喫きっぷ(魚津・黒部版),富山地方鉄道,['富山地方鉄道'],1,FALSE,hokusinetu,北信越,北信越,['北信越'],tunen,通年発売タイプ,全年发售,['デジタル'],FALSE,TRUE,on_sale,発売中,,,3000,1950,1950,"大人：3,000円／小人：1,950円",利用開始後30時間,,通年,通年,,['https://www2s.biglobe.ne.jp/~t_aoyagi/railway/free/map/titetu94.gif'],,['500円クーポン×2枚付き'],1,my route,富山MYROTE推進協議会：076-444-4141,,https://www.chitetsu.co.jp/?p=64673,"[{'text': '富山地方鉄道', 'url': 'https://www.chitetsu.co.jp/?p=64673'}
 {'text': '富山MYROTE推進協議会', 'url': 'https://toyama-city.myroute.fun/info/653/'}]",,https://www2s.biglobe.ne.jp/~t_aoyagi/railway/free/titetu94.htm,titetu94.htm,43,2026-08-10 01:30:50.424840+00:00,宇奈月満喫きっぷ(魚津・黒部版),,,,https://www2s.biglobe.ne.jp/~t_aoyagi/railway/free/titetu94.htm
titetu99,サマーワンコインきっぷ,富山地方鉄道,['富山地方鉄道'],1,FALSE,hokusinetu,北信越,北信越,['北信越'],kikan,期間限定タイプ,期间限定,['実券'],TRUE,FALSE,ended,終了,,,500,,500,大人：500円,1日間,1,2025年7月19日〜2025年8月31日,発売当日の9時〜15時台降車,,['https://www2s.biglobe.ne.jp/~t_aoyagi/railway/free/map/titetu99.gif'],,['特急乗車の場合、特急券必要。 ' ' 購入時に、富山県内在住とわかるもの(免許証や保険証など)の提示が必要。'],2,"富山地方鉄道主要駅 
 富山地鉄乗車券センター 
 鉄道線列車内",富山地方鉄道・地鉄テレホンセンター：076-432-5540,,https://www.chitetsu.co.jp/?p=78374,"[{'text': '富山地方鉄道', 'url': 'https://www.chitetsu.co.jp/?p=78374'}]",,https://www2s.biglobe.ne.jp/~t_aoyagi/railway/free/titetu99.htm,titetu99.htm,45,2026-08-10 01:30:50.424840+00:00,サマーワンコインきっぷ,,,,https://www2s.biglobe.ne.jp/~t_aoyagi/railway/free/titetu99.htm
titetu92,くろワンきっぷ,富山地方鉄道,['富山地方鉄道'],1,FALSE,hokusinetu,北信越,北信越,['北信越'],kisetu,季節発売タイプ,季节发售,['実券'],TRUE,FALSE,ended,終了,,,500,250,250,大人：500円 小人：250円,１日間,1,"2026年3月14日〜2024年4月26日 
 2025年9月13日〜2025年10月26日","2026年3月14日〜2024年4月26日の土休日 
 2025年9月14日〜2025年10月26日の土休日",,['https://www2s.biglobe.ne.jp/~t_aoyagi/railway/free/map/titetu92_2024s.gif'],,['区間外からの乗り越し精算等不可' '実施日に購入する時に黒部市在住あるいは黒部市へ通勤・通学していることを証明できるものを提示必要。'],2,"電鉄黒部,宇奈月温泉 
 くろワンきっぷ事務局 
 黒部市地域観光ギャラリー「観光案内所」 
 一部くろワンスタンプラリー加盟店","富山地方鉄道・地鉄テレホンセンター TEL:076-432-5540 
 くろワンきっぷ事務局 TEL:0765-56-9687",,http://www.kurowan.com/,"[{'text': '黒部まちづくり協議会', 'url': 'http://www.kurowan.com/'}]",,https://www2s.biglobe.ne.jp/~t_aoyagi/railway/free/titetu92.htm,titetu92.htm,46,2026-08-10 01:30:50.424840+00:00,くろワンきっぷ,,,,https://www2s.biglobe.ne.jp/~t_aoyagi/railway/free/titetu92.htm
titetu90,プチパス,富山地方鉄道,['富山地方鉄道'],1,FALSE,hokusinetu,北信越,北信越,['北信越'],summer,夏限定タイプ,夏季限定,['実券'],TRUE,FALSE,ended,終了,,,,,3500,"高校生以上：8,000円 中学生：6,500円 小学生：3,500円",利用期間内の連続する14日間,14,2025年7月12日〜2025年8月31日,2025年7月19日〜2025年8月31日,,['https://www2s.biglobe.ne.jp/~t_aoyagi/railway/free/map/titetu91.gif'],,"['高速バス(城端線含む),ぶりかにバス,フィーダーバス,コミュニティバス,富山市内周遊バス,その他特殊路線は利用不可。']",1,"富山地鉄乗車券センター,富山地鉄西町乗車券センター 
 
電車各駅(有人駅),各バス営業所 
 
委託売札所(加越能バス乗車券センター,(有)呉西トラベル)",富山地方鉄道・地鉄テレホンセンター：076-432-3456,,https://www.chitetsu.co.jp/?p=72634,"[{'text': '富山地方鉄道', 'url': 'https://www.chitetsu.co.jp/?p=72634'}]",,https://www2s.biglobe.ne.jp/~t_aoyagi/railway/free/titetu90.htm,titetu90.htm,47,2026-08-10 01:30:50.424840+00:00,プチパス,,,,https://www2s.biglobe.ne.jp/~t_aoyagi/railway/free/titetu90.htm
titetu91,年末年始ふりーきっぷ,富山地方鉄道,['富山地方鉄道'],1,FALSE,hokusinetu,北信越,北信越,['北信越'],winter,年末年始限定タイプ,年末年初限定,['実券' 'デジタル'],TRUE,TRUE,ended,終了,,,2600,1300,1300,"大人：2,600円 小人：1,300円",７日間,7,2024年12月8日〜2025年1月9日,2023年12月20日〜2024年1月9日,,['https://www2s.biglobe.ne.jp/~t_aoyagi/railway/free/map/titetu91.gif'],,['特急乗車の場合、特急券必要。'],1,"富山地方鉄道主要駅 
 富山地鉄乗車券センター 
 富山地鉄・西町乗車券センター,
富山地鉄案内所,各バス営業所,呉西トラベル,加越能バス乗車券センター 
 my route",富山地方鉄道・地鉄テレホンセンター：076-432-5540,,https://www.chitetsu.co.jp/?p=74873,"[{'text': '富山地方鉄道', 'url': 'https://www.chitetsu.co.jp/?p=74873'}
 {'text': 'my route', 'url': 'https://toyama-city.myroute.fun/info/1149/'}]",,https://www2s.biglobe.ne.jp/~t_aoyagi/railway/free/titetu91.htm,titetu91.htm,48,2026-08-10 01:30:50.424840+00:00,年末年始ふりーきっぷ,,,,https://www2s.biglobe.ne.jp/~t_aoyagi/railway/free/titetu91.htm
kurobekyokoku01,乗り放題きっぷ(1DAY),黒部峡谷鉄道,['黒部峡谷鉄道'],1,FALSE,hokusinetu,北信越,北信越,['北信越'],kisetu,季節発売タイプ,季节发售,['実券'],TRUE,FALSE,ended,終了,,,4000,2000,2000,"タイプ 大人 小人 
 プレミアムタイプ 5,100円 3,100円 
 ベーシックタイプ 4,000円 2,000円",１日間,1,"当日限定 
 2023年5月10日〜2023年11月23日","2023年5月10日〜2023年11月23日 
 8月6日〜8月16日,10月22日〜10月23日,10月29日〜11月6日は除く",,['https://www2s.biglobe.ne.jp/~t_aoyagi/railway/free/map/kurobekyokoku.gif'],,['プレミアムタイプ：全ての客車に乗車可能 ' ' ベーシックタイプ：普通客車のみ乗車可能'],2,宇奈月駅,黒部峡谷鉄道 TEL:0765-62-1800,,https://www.kurotetu.co.jp/value_info/,"[{'text': '黒部峡谷鉄道', 'url': 'https://www.kurotetu.co.jp/value_info/'}]",,https://www2s.biglobe.ne.jp/~t_aoyagi/railway/free/kurobekyokoku01.htm,kurobekyokoku01.htm,49,2026-08-10 01:30:50.424840+00:00,乗り放題きっぷ(1DAY),,,,https://www2s.biglobe.ne.jp/~t_aoyagi/railway/free/kurobekyokoku01.htm
ainokaze01,１日フリーきっぷ,あいの風とやま鉄道,['あいの風とやま鉄道'],1,FALSE,hokusinetu,北信越,北信越,['北信越'],kikan,期間限定タイプ,期间限定,['実券' 'デジタル'],TRUE,TRUE,period,〜2027/3/28,,2027/3/28,1500,750,750,"大人：1,500円／小人：750円",１日間,1,2026年3月4日〜2027年3月28日,"2026年4月4日〜2027年3月28日の土休日 
 2026年4月30日〜2026年5月1日 
 2026年8月3日〜2026年8月14日 
 2026年12月21日〜2026年12月31日",,['https://www2s.biglobe.ne.jp/~t_aoyagi/railway/free/map/ainokaze.gif'],,['「あいの風ライナー」は別途ライナー券が必要'],1,"あいの風とやま鉄道有人駅 
 全国の近畿日本ツーリストグループ取扱各店 
 ビッグホリデー株式会社
 
 my route",あいの風とやま鉄道 TEL:,,https://ainokaze.co.jp/ticket/plan#s02,"[{'text': 'あいの風とやま鉄道', 'url': 'https://ainokaze.co.jp/ticket/plan#s02'}
 {'text': 'my route', 'url': 'https://top.myroute.fun/ticket/toyama#toyamawide'}]",,https://www2s.biglobe.ne.jp/~t_aoyagi/railway/free/ainokaze01.htm,ainokaze01.htm,50,2026-08-10 01:30:50.424840+00:00,１日フリーきっぷ,,,,https://www2s.biglobe.ne.jp/~t_aoyagi/railway/free/ainokaze01.htm
irtoyama01,あいの風・IR１日フリーきっぷ,あいの風とやま鉄道,['あいの風とやま鉄道' 'IRいしかわ鉄道'],2,TRUE,hokusinetu,北信越,北信越,['北信越'],kikan,期間限定タイプ,期间限定,['実券' 'デジタル'],TRUE,TRUE,period,〜2027/3/28,,2027/3/28,2000,1000,1000,"大人：2,000円／小人：1,000円",１日,1,2026年3月4日〜2027年3月28日,"2026年4月4日〜2027年3月28日の土休日 
 2026年4月30日〜2026年5月1日 
 2026年8月3日〜2026年8月14日 
 2026年12月21日〜2026年12月31日",,['https://www2s.biglobe.ne.jp/~t_aoyagi/railway/free/map/irtoyama.gif'],,"['「あいの風ライナー」,金沢〜津幡間の特急列車を利用の際は、別途、ライナー券,特急券が必要']",1,"IRいしかわ鉄道： 
 金沢,津幡,松任,小松,加賀温泉 
 あいの風とやま鉄道： 
 石動,福岡,西高岡,高岡,越中大門,小杉,呉羽,富山,東富山,水橋,滑川,魚津,黒部,生地,入善,泊 
 my route",IRいしかわ鉄道 TEL:076-256-0560,,http://www.ishikawa-railway.jp/ticket/ticket_plan.html,"[{'text': 'IRいしかわ鉄道', 'url': 'http://www.ishikawa-railway.jp/ticket/ticket_plan.html'}
 {'text': 'あいの風とやま鉄道', 'url': 'https://ainokaze.co.jp/ticket/plan#s04'}
 {'text': 'my route', 'url': 'https://top.myroute.fun/ticket/toyama'}]",,https://www2s.biglobe.ne.jp/~t_aoyagi/railway/free/irtoyama01.htm,irtoyama01.htm,51,2026-08-10 01:30:50.424840+00:00,IR・あいの風１日フリーきっぷ あいの風・IR１日フリーきっぷ,,,,https://www2s.biglobe.ne.jp/~t_aoyagi/railway/free/irtoyama01.htm
toyama111,とやま１日乗り放題きっぷ(中央エリア),あいの風とやま鉄道,['あいの風とやま鉄道'],1,FALSE,hokusinetu,北信越,北信越,['北信越'],kikan,期間限定タイプ,期间限定,['実券' 'デジタル'],TRUE,TRUE,period,2026/4/1  〜2027/3/28,2026/4/1,2027/3/28,1000,500,500,"大人：1,000円／小人：500円",１日,1,2026年4月1日〜2027年3月28日,2026年4月5日〜2027年3月28日の土日祝日,,['https://www2s.biglobe.ne.jp/~t_aoyagi/railway/free/map/toyama111.gif'],,['「一万三千尺物語」、あいの風サイクルトレインは利用不可' '「あいの風ライナー」は、別途ライナー券300円が必要'],2,"あいの風とやま鉄道：高岡,越中大門,小杉,呉羽,富山 
 新高岡駅観光交流センター 
 my route",富山県交通政策局 交通戦略企画課 PHONE:0076-444-3124,,https://ainokaze.co.jp/ticket/plan#s03,"[{'text': 'あいの風とやま鉄道', 'url': 'https://ainokaze.co.jp/ticket/plan#s03'}
 {'text': '富山県', 'url': 'https://www.pref.toyama.jp/8000/kendodukuri/koukyou/koukyoukoutsuu/kj00060702.html'}
 {'text': 'my route', 'url': 'https://toyama-city.myroute.fun/info/967/'}]",,https://www2s.biglobe.ne.jp/~t_aoyagi/railway/free/toyama111.htm,toyama111.htm,52,2026-08-10 01:30:50.424840+00:00,とやま１日乗り放題きっぷ（中央エリア）,,,,https://www2s.biglobe.ne.jp/~t_aoyagi/railway/free/toyama111.htm
hokuriku3ken,北陸３県２Ｄａｙパス,あいの風とやま鉄道,['あいの風とやま鉄道' 'IRいしかわ鉄道' 'ハピラインふくい'],3,TRUE,hokusinetu,北信越,北信越,['北信越'],holiday,週末限定タイプ,周末限定,['デジタル'],FALSE,TRUE,period,〜2027/3/31,,2027/3/31,2800,1400,1400,"大人：2,800円／小人：1,400円",２日間,2,2024年3月16日〜2027年3月31日,"2024年3月16日〜2027年3月31日の土曜日・日曜日・祝日とその翌日 
 
2026年4月1日〜2026年4月9日 
 
2026年4月27日〜2026年5月7日 
 
2026年7月21日〜2026年8月31日 
 
2025年9月13日〜2025年9月24日 
 
2026年12月1日〜2027年1月7日 
 
2026年3月22日〜2027年3月31日",,['https://www2s.biglobe.ne.jp/~t_aoyagi/railway/free/map/hokuriku3ken.gif'],,[],0,RYDE PASS my route tabiwa by WESTER ふくアプリ(ふくいMaaS) ジョルダンモバイルチケット,"ハピラインふくい：0776-20-0294 
 IRいしかわ鉄道：0778-22-0617 
 あいの風とやま鉄道：0778-21-0706",,https://www.hapi-line.co.jp/ticket/ticket_plan/05,"[{'text': 'ハピラインふくい', 'url': 'https://www.hapi-line.co.jp/ticket/ticket_plan/05'}
 {'text': 'IRいしかわ鉄道', 'url': 'https://www.ishikawa-railway.jp/ticket/ticket_plan/'}
 {'text': 'あいの風とやま鉄道', 'url': 'https://ainokaze.co.jp/ticket/plan#s01'}
 {'text': 'RYDE PASS', 'url': 'https://pass.ryde-go.com/products/D1R2L4SWPQ8V'}
 {'text': 'my route', 'url': 'https://top.myroute.fun/ticket/ishikawa'}
 {'text': 'tabiwa by WESTER', 'url': 'https://app.tabi-wester.westjr.co.jp/eticketDetails?ticket_id=N3002300'}
 {'text': 'ジョルダンモバイルチケット', 'url': 'https://ticket.jorudan.co.jp/ishikawa-railway/hokuriku/ja/'}]",,https://www2s.biglobe.ne.jp/~t_aoyagi/railway/free/hokuriku3ken.htm,hokuriku3ken.htm,55,2026-08-10 01:30:50.424840+00:00,北陸３県２Ｄａｙパス,,,,https://www2s.biglobe.ne.jp/~t_aoyagi/railway/free/hokuriku3ken.htm
manyo01,万葉線１日フリー乗車券,万葉線,['万葉線'],1,FALSE,hokusinetu,北信越,北信越,['北信越'],tunen,通年発売タイプ,全年发售,['実券'],TRUE,FALSE,on_sale,発売中,,,900,450,450,"大人：900円／小人：450円 
 親子セット：1,100円",１日間,1,通年,通年,,['https://www2s.biglobe.ne.jp/~t_aoyagi/railway/free/map/manyo01.gif'],,[],0,車内,万葉線 TEL:0766-25-4139,,http://www.manyosen.co.jp/timetable/profit/index.html,"[{'text': '万葉線', 'url': 'http://www.manyosen.co.jp/timetable/profit/index.html'}]",,https://www2s.biglobe.ne.jp/~t_aoyagi/railway/free/manyo01.htm,manyo01.htm,56,2026-08-10 01:30:50.424840+00:00,万葉線１日フリー乗車券,,,,https://www2s.biglobe.ne.jp/~t_aoyagi/railway/free/manyo01.htm
manyo03,万葉線･海王丸セットクーポン,万葉線,['万葉線'],1,FALSE,hokusinetu,北信越,北信越,['北信越'],tunen,通年発売タイプ,全年发售,['実券'],TRUE,FALSE,on_sale,発売中,,,1100,550,550,"大人：1,100円／小人：550円",１日間,1,通年,通年,,['https://www2s.biglobe.ne.jp/~t_aoyagi/railway/free/map/manyo01.gif'],,"['海王丸乗船券(大人400円,小人200円)付き']",1,車内,万葉線 TEL:0766-25-4139,,http://www.manyosen.co.jp/timetable/profit/index.html,"[{'text': '万葉線', 'url': 'http://www.manyosen.co.jp/timetable/profit/index.html'}]",,https://www2s.biglobe.ne.jp/~t_aoyagi/railway/free/manyo03.htm,manyo03.htm,57,2026-08-10 01:30:50.424840+00:00,万葉線･海王丸セットクーポン,,,,https://www2s.biglobe.ne.jp/~t_aoyagi/railway/free/manyo03.htm
manyo04,高岡まちなか乗り放題１日フリーきっぷ,万葉線,['万葉線'],1,FALSE,hokusinetu,北信越,北信越,['北信越'],tunen,通年発売タイプ,全年发售,['実券'],TRUE,FALSE,on_sale,発売中,,,500,250,250,大人：500円 小人：250円,１日間,1,通年,通年,,['https://www2s.biglobe.ne.jp/~t_aoyagi/railway/free/map/manyo04.gif'],,[],0,"高岡駅観光案内所,新高岡駅観光交流センター",万葉線 TEL:0766-25-4139,,https://www.manyosen.co.jp/timetable/profit/,"[{'text': '万葉線', 'url': 'https://www.manyosen.co.jp/timetable/profit/'}
 {'text': 'たかおか道しるべ', 'url': 'https://www.takaoka.or.jp/service/#post-2839'}]",,https://www2s.biglobe.ne.jp/~t_aoyagi/railway/free/manyo04.htm,manyo04.htm,58,2026-08-10 01:30:50.424840+00:00,高岡まちなか乗り放題１日フリーきっぷ,,,,https://www2s.biglobe.ne.jp/~t_aoyagi/railway/free/manyo04.htm
manyo05,新湊グルメ＆万葉線フリーきっぷ,万葉線,['万葉線'],1,FALSE,hokusinetu,北信越,北信越,['北信越'],tunen,通年発売タイプ,全年发售,['デジタル'],FALSE,TRUE,on_sale,発売中,,,2300,1900,1900,"大人：2,300円 小人：1,900円",１日間,1,通年,通年,,['https://www2s.biglobe.ne.jp/~t_aoyagi/railway/free/map/manyo01.gif'],,[],0,my route(マイルート),万葉線 TEL:0766-25-4139,,https://toyama-city.myroute.fun/info/500/,"[{'text': '富山myroute推進協議会', 'url': 'https://toyama-city.myroute.fun/info/500/'}]",,https://www2s.biglobe.ne.jp/~t_aoyagi/railway/free/manyo05.htm,manyo05.htm,59,2026-08-10 01:30:50.424840+00:00,新湊グルメ＆万葉線フリーきっぷ,,,,https://www2s.biglobe.ne.jp/~t_aoyagi/railway/free/manyo05.htm
ishikawa04,トレインパーク白山 IR・シャトルバスフリー乗車券,IRいしかわ鉄道,['IRいしかわ鉄道'],1,FALSE,hokusinetu,北信越,北信越,['北信越'],tunen,通年発売タイプ,全年发售,['デジタル'],FALSE,TRUE,on_sale,発売中,,,600,300,300,大人：600円／小人：300円,１日,1,通年,通年,,['https://www2s.biglobe.ne.jp/~t_aoyagi/railway/free/map/irishikawa04.gif'],,[],0,RYDE PASS tabiwa by WESTER,IRいしかわ鉄道 TEL:076-256-0560,,http://www.ishikawa-railway.jp/ticket/ticket_plan.html,"[{'text': 'IRいしかわ鉄道', 'url': 'http://www.ishikawa-railway.jp/ticket/ticket_plan.html'}
 {'text': 'RYDE PASS', 'url': 'https://pass.ryde-go.com/products/QV804YSZZ7R9'}
 {'text': 'tabiwa by WESTER', 'url': 'https://app.tabi-wester.westjr.co.jp/eticketDetails?ticket_id=NH002900'}]",,https://www2s.biglobe.ne.jp/~t_aoyagi/railway/free/ishikawa04.htm,ishikawa04.htm,61,2026-08-10 01:30:50.424840+00:00,トレインパーク白山 IR・シャトルバスフリー乗車券,,,,https://www2s.biglobe.ne.jp/~t_aoyagi/railway/free/ishikawa04.htm
ishikawa01,IRいしかわ(金沢・倶利伽羅)１日フリーきっぷ,IRいしかわ鉄道,['IRいしかわ鉄道'],1,FALSE,hokusinetu,北信越,北信越,['北信越'],holiday,週末限定タイプ,周末限定,['実券' 'デジタル'],TRUE,TRUE,on_sale,発売中,,,500,,500,大人：500円／小人：---円,１日,1,通年,"土休日 
 5/1〜5/2,7/24〜8/31,12/25〜1/5)",,['https://www2s.biglobe.ne.jp/~t_aoyagi/railway/free/map/irishikawa01.gif'],,[],0,"加賀温泉,小松,松任,金沢,津幡 
 tabiwa by WESTER RYDE PASS",IRいしかわ鉄道 TEL:076-256-0560,,http://www.ishikawa-railway.jp/ticket/ticket_plan.html,"[{'text': 'IRいしかわ鉄道', 'url': 'http://www.ishikawa-railway.jp/ticket/ticket_plan.html'}
 {'text': 'RYDE PASS', 'url': 'https://pass.ryde-go.com/products/1N8XL4SYYW8Q'}
 {'text': 'tabiwa by WESTER', 'url': 'https://app.tabi-wester.westjr.co.jp/eticketDetails?ticket_id=NH001800'}]",,https://www2s.biglobe.ne.jp/~t_aoyagi/railway/free/ishikawa01.htm,ishikawa01.htm,62,2026-08-10 01:30:50.424840+00:00,IRいしかわ(金沢・倶利伽羅) １日フリーきっぷ,,,,https://www2s.biglobe.ne.jp/~t_aoyagi/railway/free/ishikawa01.htm
ishikawa02,IRいしかわ(金沢・大聖寺)１日フリーきっぷ,IRいしかわ鉄道,['IRいしかわ鉄道'],1,FALSE,hokusinetu,北信越,北信越,['北信越'],holiday,週末限定タイプ,周末限定,['実券' 'デジタル'],TRUE,TRUE,on_sale,発売中,,,1000,,1000,"大人：1,000円／小人：---円",１日,1,通年,"土休日 
 5/1〜5/2,7/24〜8/31,12/25〜1/5)",,['https://www2s.biglobe.ne.jp/~t_aoyagi/railway/free/map/irishikawa02.gif'],,[],0,"加賀温泉,小松,松任,金沢,津幡 
 RYDE PASS",IRいしかわ鉄道 TEL:076-256-0560,,http://www.ishikawa-railway.jp/ticket/ticket_plan.html,"[{'text': 'IRいしかわ鉄道', 'url': 'http://www.ishikawa-railway.jp/ticket/ticket_plan.html'}
 {'text': 'RYDE PASS', 'url': 'https://pass.ryde-go.com/products/DV8DYDSJ918X'}]",,https://www2s.biglobe.ne.jp/~t_aoyagi/railway/free/ishikawa02.htm,ishikawa02.htm,63,2026-08-10 01:30:50.424840+00:00,IRいしかわ(大聖寺・金沢) １日フリーきっぷ,,,,https://www2s.biglobe.ne.jp/~t_aoyagi/railway/free/ishikawa02.htm
ishikawa03,IRいしかわ(全線)１日フリーきっぷ,IRいしかわ鉄道,['IRいしかわ鉄道'],1,FALSE,hokusinetu,北信越,北信越,['北信越'],holiday,週末限定タイプ,周末限定,['実券' 'デジタル'],TRUE,TRUE,on_sale,発売中,,,1500,,1500,"大人：1,500円／小人：---円",１日,1,通年,"土休日 
 5/1〜5/2,7/24〜8/31,12/25〜1/5)",,['https://www2s.biglobe.ne.jp/~t_aoyagi/railway/free/map/irishikawa03.gif'],,[],0,"加賀温泉,小松,松任,金沢,津幡 
 RYDE PASS",IRいしかわ鉄道 TEL:076-256-0560,,http://www.ishikawa-railway.jp/ticket/ticket_plan.html,"[{'text': 'IRいしかわ鉄道', 'url': 'http://www.ishikawa-railway.jp/ticket/ticket_plan.html'}
 {'text': 'RYDE PASS', 'url': 'https://pass.ryde-go.com/products/MW849MS54P37'}]",,https://www2s.biglobe.ne.jp/~t_aoyagi/railway/free/ishikawa03.htm,ishikawa03.htm,64,2026-08-10 01:30:50.424840+00:00,IRいしかわ(全線) １日フリーきっぷ,,,,https://www2s.biglobe.ne.jp/~t_aoyagi/railway/free/ishikawa03.htm
ishikawa11,子育て応援・金沢スマイルきっぷ,IRいしかわ鉄道,['IRいしかわ鉄道'],1,FALSE,hokusinetu,北信越,北信越,['北信越'],kikan,期間限定タイプ,期间限定,['デジタル'],FALSE,TRUE,period,2025/7/11  〜2027/3/31,2025/7/11,2027/3/31,400,100,100,大人：400円／小人：100円／中学生：200円,１日,1,2026年4月1日〜2027年3月31日,"2026年4月1日〜2027年3月31日の土日祝 
 
2026年4月1日〜2026年4月6日 
 
2026年4月27日〜2026年5月1日 
 
2026年7月21日〜2026年8月31日 
 
2026年12月21日〜2027年1月6日 
 
2027年3月22日〜2027年3月31日",,['https://www2s.biglobe.ne.jp/~t_aoyagi/railway/free/map/irishikawa11.gif'],,['大人券の利用は小学生または中学生との同時利用に限る。'],1,"加賀温泉,小松,松任,金沢,津幡 
 tabiwa by WESTER RYDE PASS ジョルダン「乗換案内」 my route 
 マルチコピー機設置のセブンイレブン店舗",IRいしかわ鉄道 TEL:076-256-0560,,http://www.ishikawa-railway.jp/ticket/ticket_plan.html,"[{'text': 'IRいしかわ鉄道', 'url': 'http://www.ishikawa-railway.jp/ticket/ticket_plan.html'}
 {'text': 'RYDE PASS', 'url': 'https://pass.ryde-go.com/products/078W0DS1458Z'}
 {'text': 'tabiwa by WESTER', 'url': 'https://app.tabi-wester.westjr.co.jp/eticketDetails?ticket_id=N3001300'}]",,https://www2s.biglobe.ne.jp/~t_aoyagi/railway/free/ishikawa11.htm,ishikawa11.htm,68,2026-08-10 01:30:50.424840+00:00,子育て応援・金沢スマイルきっぷ,,,,https://www2s.biglobe.ne.jp/~t_aoyagi/railway/free/ishikawa11.htm
ishikawa12,子育て応援・白山スマイルきっぷ,IRいしかわ鉄道,['IRいしかわ鉄道'],1,FALSE,hokusinetu,北信越,北信越,['北信越'],kikan,期間限定タイプ,期间限定,['デジタル'],FALSE,TRUE,period,2025/7/11  〜2027/3/31,2025/7/11,2027/3/31,400,100,100,大人：400円／小人：100円／中学生：200円,１日,1,2026年4月1日〜2027年3月31日,"2026年4月1日〜2027年3月31日の土日祝 
 
2026年4月1日〜2026年4月6日 
 
2026年4月27日〜2026年5月1日 
 
2026年7月21日〜2026年8月31日 
 
2026年12月21日〜2027年1月6日 
 
2027年3月22日〜2027年3月31日",,['https://www2s.biglobe.ne.jp/~t_aoyagi/railway/free/map/irishikawa12.gif'],,['大人券の利用は小学生または中学生との同時利用に限る。'],1,"加賀温泉,小松,松任,金沢,津幡 
 tabiwa by WESTER RYDE PASS ジョルダン「乗換案内」 my route 
 マルチコピー機設置のセブンイレブン店舗",IRいしかわ鉄道 TEL:076-256-0560,,http://www.ishikawa-railway.jp/ticket/ticket_plan.html,"[{'text': 'IRいしかわ鉄道', 'url': 'http://www.ishikawa-railway.jp/ticket/ticket_plan.html'}
 {'text': 'RYDE PASS', 'url': 'https://pass.ryde-go.com/products/1N3XL4SYMV3Q'}
 {'text': 'tabiwa by WESTER', 'url': 'https://app.tabi-wester.westjr.co.jp/ticketList/?prefecture_id=9&category_id=transportation&region_id=20'}]",,https://www2s.biglobe.ne.jp/~t_aoyagi/railway/free/ishikawa12.htm,ishikawa12.htm,69,2026-08-10 01:30:50.424840+00:00,子育て応援・白山スマイルきっぷ,,,,https://www2s.biglobe.ne.jp/~t_aoyagi/railway/free/ishikawa12.htm
ishikawa13,子育て応援・南加賀スマイルきっぷ,IRいしかわ鉄道,['IRいしかわ鉄道'],1,FALSE,hokusinetu,北信越,北信越,['北信越'],kikan,期間限定タイプ,期间限定,['デジタル'],FALSE,TRUE,period,2025/7/11  〜2027/3/31,2025/7/11,2027/3/31,400,100,100,大人：400円／小人：100円／中学生：200円,１日,1,2026年4月1日〜2027年3月31日,"2026年4月1日〜2027年3月31日の土日祝 
 
2026年4月1日〜2026年4月6日 
 
2026年4月27日〜2026年5月1日 
 
2026年7月21日〜2026年8月31日 
 
2026年12月21日〜2027年1月6日 
 
2027年3月22日〜2027年3月31日",,['https://www2s.biglobe.ne.jp/~t_aoyagi/railway/free/map/irishikawa13.gif'],,['大人券の利用は小学生または中学生との同時利用に限る。'],1,"加賀温泉,小松,松任,金沢,津幡 
 tabiwa RYDE PASS ジョルダン「乗換案内」 my route 
 マルチコピー機設置のセブンイレブン店舗",IRいしかわ鉄道 TEL:076-256-0560,,https://www.ishikawa-railway.jp/ticket/ticket_plan/,"[{'text': 'IRいしかわ鉄道', 'url': 'https://www.ishikawa-railway.jp/ticket/ticket_plan/'}
 {'text': 'RYDE PASS', 'url': 'https://pass.ryde-go.com/products/VGRJ2QSK6MRW'}
 {'text': 'tabiwa by WESTER', 'url': 'https://app.tabi-wester.westjr.co.jp/eticketDetails?ticket_id=N3001200'}]",,https://www2s.biglobe.ne.jp/~t_aoyagi/railway/free/ishikawa13.htm,ishikawa13.htm,70,2026-08-10 01:30:50.424840+00:00,子育て応援・南加賀スマイルきっぷ,,,,https://www2s.biglobe.ne.jp/~t_aoyagi/railway/free/ishikawa13.htm
ishikawa14,子育て応援・全線スマイルきっぷ,IRいしかわ鉄道,['IRいしかわ鉄道'],1,FALSE,hokusinetu,北信越,北信越,['北信越'],kikan,期間限定タイプ,期间限定,['デジタル'],FALSE,TRUE,period,2025/7/11  〜2027/3/31,2025/7/11,2027/3/31,800,200,200,大人：800円／小人：200円／中学生：400円,１日,1,2026年4月1日〜2027年3月31日,"2026年4月1日〜2027年3月31日の土日祝 
 
2026年4月1日〜2026年4月6日 
 
2026年4月27日〜2026年5月1日 
 
2026年7月21日〜2026年8月31日 
 
2026年12月21日〜2027年1月6日 
 
2027年3月22日〜2027年3月31日",,['https://www2s.biglobe.ne.jp/~t_aoyagi/railway/free/map/irishikawa03.gif'],,['大人券の利用は小学生または中学生との同時利用に限る。'],1,"加賀温泉,小松,松任,金沢,津幡 
 tabiwa by WESTER RYDE PASS ジョルダン「乗換案内」 my route 
 マルチコピー機設置のセブンイレブン店舗",IRいしかわ鉄道 TEL:076-256-0560,,http://www.ishikawa-railway.jp/ticket/ticket_plan.html,"[{'text': 'IRいしかわ鉄道', 'url': 'http://www.ishikawa-railway.jp/ticket/ticket_plan.html'}
 {'text': 'RYDE PASS', 'url': 'https://pass.ryde-go.com/products/Q7RG1MS2Y28V'}
 {'text': 'tabiwa by WESTER', 'url': 'https://app.tabi-wester.westjr.co.jp/eticketDetails?ticket_id=N3001100'}]",,https://www2s.biglobe.ne.jp/~t_aoyagi/railway/free/ishikawa14.htm,ishikawa14.htm,71,2026-08-10 01:30:50.424840+00:00,子育て応援・全線スマイルきっぷ,,,,https://www2s.biglobe.ne.jp/~t_aoyagi/railway/free/ishikawa14.htm
ishikawa102,鉄道の日お出かけ１日フリーきっぷ(能美根上〜金沢),IRいしかわ鉄道,['IRいしかわ鉄道'],1,FALSE,hokusinetu,北信越,北信越,['北信越'],kikan,期間限定タイプ,期间限定,['デジタル'],FALSE,TRUE,ended,終了,,,400,200,200,大人：400円／小人：200円,１日,1,2024年9月17日〜2024年10月14日,2024年10月12日〜2024年10月14日,,['https://www2s.biglobe.ne.jp/~t_aoyagi/railway/free/map/irishikawa102.gif'],,[],0,RYDE PASS,IRいしかわ鉄道 TEL:076-256-0560,,https://pass.ryde-go.com/products/QV304YSZEK89,"[{'text': 'RYDE PASS', 'url': 'https://pass.ryde-go.com/products/QV304YSZEK89'}]",,https://www2s.biglobe.ne.jp/~t_aoyagi/railway/free/ishikawa102.htm,ishikawa102.htm,72,2026-08-10 01:30:50.424840+00:00,鉄道の日お出かけ１日フリーきっぷ（能美根上〜金沢）,,,,https://www2s.biglobe.ne.jp/~t_aoyagi/railway/free/ishikawa102.htm
ishikawa103,鉄道の日お出かけ１日フリーきっぷ(能美根上〜大聖寺),IRいしかわ鉄道,['IRいしかわ鉄道'],1,FALSE,hokusinetu,北信越,北信越,['北信越'],kikan,期間限定タイプ,期间限定,['デジタル'],FALSE,TRUE,ended,終了,,,400,200,200,大人：400円／小人：200円,１日,1,2024年9月17日〜2024年10月14日,2024年10月12日〜2024年10月14日,,['https://www2s.biglobe.ne.jp/~t_aoyagi/railway/free/map/irishikawa103.gif'],,[],0,RYDE PASS,IRいしかわ鉄道 TEL:076-256-0560,,https://pass.ryde-go.com/products/Z7RQWVS4Q4RN,"[{'text': 'RYDE PASS', 'url': 'https://pass.ryde-go.com/products/Z7RQWVS4Q4RN'}]",,https://www2s.biglobe.ne.jp/~t_aoyagi/railway/free/ishikawa103.htm,ishikawa103.htm,73,2026-08-10 01:30:50.424840+00:00,鉄道の日お出かけ１日フリーきっぷ（大聖寺〜能美根上）,,,,https://www2s.biglobe.ne.jp/~t_aoyagi/railway/free/ishikawa103.htm
ishikawa121,ゴールデンウィークお出かけ1日フリーきっぷ(野々市〜倶利伽羅),IRいしかわ鉄道,['IRいしかわ鉄道'],1,FALSE,hokusinetu,北信越,北信越,['北信越'],kikan,期間限定タイプ,期间限定,['デジタル'],FALSE,TRUE,ended,終了,,,400,,400,大人：400円／小人：-円,１日,1,2025年4月25日〜2025年5月11日,2025年4月26日〜2025年5月11日,,['https://www2s.biglobe.ne.jp/~t_aoyagi/railway/free/map/irishikawa101.gif'],,[],0,RYDE PASS,IRいしかわ鉄道 TEL:076-256-0560,,https://www.ishikawa-railway.jp/news/983,"[{'text': 'IRいしかわ鉄道', 'url': 'https://www.ishikawa-railway.jp/news/983'}
 {'text': 'RYDE PASS', 'url': 'https://pass.ryde-go.com/products/D132L4SWLWRV'}]",,https://www2s.biglobe.ne.jp/~t_aoyagi/railway/free/ishikawa121.htm,ishikawa121.htm,74,2026-08-10 01:30:50.424840+00:00,ゴールデンウィークお出かけ1日フリーきっぷ（野々市〜倶利伽羅）,,,,https://www2s.biglobe.ne.jp/~t_aoyagi/railway/free/ishikawa121.htm
ishikawa122,ゴールデンウィークお出かけ1日フリーきっぷ(能美根上〜金沢),IRいしかわ鉄道,['IRいしかわ鉄道'],1,FALSE,hokusinetu,北信越,北信越,['北信越'],kikan,期間限定タイプ,期间限定,['デジタル'],FALSE,TRUE,ended,終了,,,400,,400,大人：400円／小人：-円,１日,1,2025年4月25日〜2025年5月11日,2025年4月26日〜2025年5月11日,,['https://www2s.biglobe.ne.jp/~t_aoyagi/railway/free/map/irishikawa102.gif'],,[],0,RYDE PASS,IRいしかわ鉄道 TEL:076-256-0560,,https://www.ishikawa-railway.jp/news/983,"[{'text': 'IRいしかわ鉄道', 'url': 'https://www.ishikawa-railway.jp/news/983'}
 {'text': 'RYDE PASS', 'url': 'https://pass.ryde-go.com/products/KGR5L0SZQ48J'}]",,https://www2s.biglobe.ne.jp/~t_aoyagi/railway/free/ishikawa122.htm,ishikawa122.htm,75,2026-08-10 01:30:50.424840+00:00,ゴールデンウィークお出かけ1日フリーきっぷ（能美根上〜金沢）,,,,https://www2s.biglobe.ne.jp/~t_aoyagi/railway/free/ishikawa122.htm
ishikawa123,ゴールデンウィークお出かけ1日フリーきっぷ(能美根上〜大聖寺),IRいしかわ鉄道,['IRいしかわ鉄道'],1,FALSE,hokusinetu,北信越,北信越,['北信越'],kikan,期間限定タイプ,期间限定,['デジタル'],FALSE,TRUE,ended,終了,,,400,,400,大人：400円／小人：-円,１日,1,2025年4月25日〜2025年5月11日,2025年4月26日〜2025年5月11日,,['https://www2s.biglobe.ne.jp/~t_aoyagi/railway/free/map/irishikawa102.gif'],,[],0,RYDE PASS,IRいしかわ鉄道 TEL:076-256-0560,,https://www.ishikawa-railway.jp/news/983,"[{'text': 'IRいしかわ鉄道', 'url': 'https://www.ishikawa-railway.jp/news/983'}
 {'text': 'RYDE PASS', 'url': 'https://pass.ryde-go.com/products/G98P5JSGPZ85'}]",,https://www2s.biglobe.ne.jp/~t_aoyagi/railway/free/ishikawa123.htm,ishikawa123.htm,76,2026-08-10 01:30:50.424840+00:00,ゴールデンウィークお出かけ1日フリーきっぷ（大聖寺〜能美根上）,,,,https://www2s.biglobe.ne.jp/~t_aoyagi/railway/free/ishikawa123.htm
ishikawa97,ツエーゲン応援1日フリーきっぷ(東金沢〜能美根上),IRいしかわ鉄道,['IRいしかわ鉄道'],1,FALSE,hokusinetu,北信越,北信越,['北信越'],kikan,期間限定タイプ,期间限定,['デジタル'],FALSE,TRUE,ended,終了,,,500,,500,大人：500円／小人：-円,１日,1,2026年2月20日〜2026年5月24日,"ホームゲーム開催日 
 3/1、3/8、3/22、4/12、4/25、5/3、5/6、5/10、5/24",,['https://www2s.biglobe.ne.jp/~t_aoyagi/railway/free/map/irishikawa97.gif'],,[],0,RYDE PASS,IRいしかわ鉄道 TEL:076-256-0560,,https://www.ishikawa-railway.jp/ticket/ticket_plan/,"[{'text': 'IRいしかわ鉄道', 'url': 'https://www.ishikawa-railway.jp/ticket/ticket_plan/'}
 {'text': 'RYDE PASS', 'url': 'https://pass.ryde-go.com/products/VG3J2QSZ743W'}]",,https://www2s.biglobe.ne.jp/~t_aoyagi/railway/free/ishikawa97.htm,ishikawa97.htm,77,2026-08-10 01:30:50.424840+00:00,ツエーゲン応援1日フリーきっぷ(東金沢〜能美根上),,,,https://www2s.biglobe.ne.jp/~t_aoyagi/railway/free/ishikawa97.htm
ishikawa98,ツエーゲン応援1日フリーきっぷ(東金沢〜大聖寺),IRいしかわ鉄道,['IRいしかわ鉄道'],1,FALSE,hokusinetu,北信越,北信越,['北信越'],kikan,期間限定タイプ,期间限定,['デジタル'],FALSE,TRUE,ended,終了,,,1000,,1000,"大人：1,000円／小人：-円",１日,1,2026年2月20日〜2026年5月24日,"ホームゲーム開催日 
 3/1、3/8、3/22、4/12、4/25、5/3、5/6、5/10、5/24",,['https://www2s.biglobe.ne.jp/~t_aoyagi/railway/free/map/irishikawa98.gif'],,[],0,RYDE PASS,IRいしかわ鉄道 TEL:076-256-0560,,https://www.ishikawa-railway.jp/ticket/ticket_plan/,"[{'text': 'IRいしかわ鉄道', 'url': 'https://www.ishikawa-railway.jp/ticket/ticket_plan/'}
 {'text': 'RYDE PASS', 'url': 'https://pass.ryde-go.com/products/DV8DYDS6468X'}]",,https://www2s.biglobe.ne.jp/~t_aoyagi/railway/free/ishikawa98.htm,ishikawa98.htm,78,2026-08-10 01:30:50.424840+00:00,ツエーゲン応援1日フリーきっぷ(東金沢〜大聖寺),,,,https://www2s.biglobe.ne.jp/~t_aoyagi/railway/free/ishikawa98.htm
ishikawa99,Link to the ラブライブ！蓮ノ空女学院スクールアイドルクラブ×IRいしかわ鉄道 花咲くいしかわ旅きっぷ,IRいしかわ鉄道,['IRいしかわ鉄道'],1,FALSE,hokusinetu,北信越,北信越,['北信越'],kikan,期間限定タイプ,期间限定,['実券'],TRUE,FALSE,period,2026/8/10  〜12/6,2026/8/10,2026/12/6,2000,,2000,"大人：2,000円／小人：---円",１日,1,2026年8月10日〜2026年12月6日,発売当日,,['https://www2s.biglobe.ne.jp/~t_aoyagi/railway/free/map/irishikawa03.gif'],,[],0,"加賀温泉,小松,松任,金沢,津幡のIR各駅窓口",IRいしかわ鉄道 TEL:076-256-0560,,https://www.ishikawa-railway.jp/news/1212,"[{'text': 'IRいしかわ鉄道', 'url': 'https://www.ishikawa-railway.jp/news/1212'}]",,https://www2s.biglobe.ne.jp/~t_aoyagi/railway/free/ishikawa99.htm,ishikawa99.htm,79,2026-08-10 01:30:50.424840+00:00,Link to the ラブライブ！蓮ノ空女学院スクールアイドルクラブ×IRいしかわ鉄道 花咲くいしかわ旅きっぷ,？枚,,,https://www2s.biglobe.ne.jp/~t_aoyagi/railway/free/ishikawa99.htm
ishikawa100,加賀温泉駅前広場完成記念フリーきっぷ,IRいしかわ鉄道,['IRいしかわ鉄道'],1,FALSE,hokusinetu,北信越,北信越,['北信越'],kikan,期間限定タイプ,期间限定,['実券'],TRUE,FALSE,period,2026/8/29  〜8/30,2026/8/29,2026/8/30,200,50,50,大人：200円／中学生：100円／小人：50円,１日,1,2026年8月29日〜2026年8月30日,2026年8月30日,,['https://www2s.biglobe.ne.jp/~t_aoyagi/railway/free/map/irishikawa100.gif'],,[],0,RYDE PASS,IRいしかわ鉄道 TEL:076-256-0560,,https://www.ishikawa-railway.jp/news/1203,"[{'text': 'IRいしかわ鉄道', 'url': 'https://www.ishikawa-railway.jp/news/1203'}]",,https://www2s.biglobe.ne.jp/~t_aoyagi/railway/free/ishikawa100.htm,ishikawa100.htm,80,2026-08-10 01:30:50.424840+00:00,加賀温泉駅前広場完成記念フリーきっぷ,,,,https://www2s.biglobe.ne.jp/~t_aoyagi/railway/free/ishikawa100.htm
noto02,奥能登まるごとフリーきっぷ,のと鉄道,['のと鉄道'],1,FALSE,hokusinetu,北信越,北信越,['北信越'],tunen,通年発売タイプ,全年发售,['実券'],TRUE,FALSE,on_sale,発売中,,,3000,,3000,"大人：3,000円／小人：1、500円",２日,2,通年,通年,,['https://www2s.biglobe.ne.jp/~t_aoyagi/railway/free/map/noto02.gif'],,"['特急バスは穴水〜輪島間および穴水〜珠洲間のみ利用可。' 'ＪＲの特急列車は利用不可'
 'のと鉄道の観光列車「のと里山里海号」は500円の追加料金必要。']",3,"北鉄奥能登バス 輪島旅行センター(輪島ふらっと訪夢) 
 たびスタ(コンセールのと(能登町役場前)) 
 飯田支所
 
 のと鉄道 七尾,穴水","北鉄奥能登バス TEL:0768-22-2314 
 のと鉄道 TEL:0768-52-0900",,http://www.nototetsu.co.jp/tokuticket.html,"[{'text': 'のと鉄道', 'url': 'http://www.nototetsu.co.jp/tokuticket.html'}
 {'text': '北陸鉄道', 'url': 'http://www.hokutetsu.co.jp/tourism-bus/okunoto-freekippu'}]",,https://www2s.biglobe.ne.jp/~t_aoyagi/railway/free/noto02.htm,noto02.htm,81,2026-08-10 01:30:50.424840+00:00,奥能登まるごとフリーきっぷ,,,,https://www2s.biglobe.ne.jp/~t_aoyagi/railway/free/noto02.htm
noto01,つこうてくだしフリーきっぷ,のと鉄道,['のと鉄道'],1,FALSE,hokusinetu,北信越,北信越,['北信越'],holiday,週末限定タイプ,周末限定,['実券'],TRUE,FALSE,on_sale,発売中,,,1000,500,500,"大人：1,000円／小人：500円",１日,1,通年,土休日、12月29日〜1月3日,,['https://www2s.biglobe.ne.jp/~t_aoyagi/railway/free/map/noto01.gif'],,[],0,"穴水,能登中島,田鶴浜,七尾 
 車内",のと鉄道 TEL:0768-52-0900,,https://nototetsu.jp/fare/,"[{'text': 'のと鉄道', 'url': 'https://nototetsu.jp/fare/'}]",,https://www2s.biglobe.ne.jp/~t_aoyagi/railway/free/noto01.htm,noto01.htm,82,2026-08-10 01:30:50.424840+00:00,つこうてくだしフリーきっぷ,,,,https://www2s.biglobe.ne.jp/~t_aoyagi/railway/free/noto01.htm
noto95,1DAYフリーきっぷ(ポケモンデザイン),のと鉄道,['のと鉄道'],1,FALSE,hokusinetu,北信越,北信越,['北信越'],kikan,期間限定タイプ,期间限定,['実券'],TRUE,FALSE,period,2026/8/8〜,2026/8/8,,1000,500,500,"大人：1,000円／小人：500円",１日,1,2026年8月8日〜,"2026年8月8日〜の土日祝日 
 2026年8月8日〜2026年8月31日の毎日",,['https://www2s.biglobe.ne.jp/~t_aoyagi/railway/free/map/noto01.gif'],,[],0,"穴水,能登中島,田鶴浜,七尾 
 列車内",のと鉄道・穴水駅 TEL:0768-52-0073,,https://nototetsu.jp/uncategorized/%e4%bc%91%e6%97%a5%e9%99%90%e5%ae%9a%ef%bc%91%e6%97%a5%e3%83%95%e3%83%aa%e3%83%bc%e4%b9%97%e8%bb%8a%e5%88%b8%ef%bc%88%e3%83%9d%e3%82%b1%e3%83%a2%e3%83%b3%e3%83%87%e3%82%b6%e3%82%a4%e3%83%b3%ef%bc%89/,"[{'text': 'のと鉄道', 'url': 'https://nototetsu.jp/uncategorized/%e4%bc%91%e6%97%a5%e9%99%90%e5%ae%9a%ef%bc%91%e6%97%a5%e3%83%95%e3%83%aa%e3%83%bc%e4%b9%97%e8%bb%8a%e5%88%b8%ef%bc%88%e3%83%9d%e3%82%b1%e3%83%a2%e3%83%b3%e3%83%87%e3%82%b6%e3%82%a4%e3%83%b3%ef%bc%89/'}]",,https://www2s.biglobe.ne.jp/~t_aoyagi/railway/free/noto95.htm,noto95.htm,83,2026-08-10 01:30:50.424840+00:00,1DAYフリーきっぷ(ポケモンデザイン),,,,https://www2s.biglobe.ne.jp/~t_aoyagi/railway/free/noto95.htm
hokuriku01,石川線・浅野川線共通一日フリー乗車券,北陸鉄道,['北陸鉄道'],1,FALSE,hokusinetu,北信越,北信越,['北信越'],tunen,通年発売タイプ,全年发售,['実券' 'デジタル'],TRUE,TRUE,on_sale,発売中,,,1100,550,550,"大人：1,100円／小人：550円",１日,1,通年,通年,,['https://www2s.biglobe.ne.jp/~t_aoyagi/railway/free/map/hokutetu.gif'],,['臨時電車には乗車不可'],1,"硬券タイプ：新西金沢,北鉄金沢,北鉄駅前センター 
 券売機：野町,鶴来,内灘 
 デジタルタイプ： のりまっし金沢","北陸鉄道・鉄道部 TEL:076-272-2221 
 北陸鉄道テレホンサービスセンター TEL:076-237-5115",,https://www.hokutetsu.co.jp/ticket/train-free/,"[{'text': '北陸鉄道', 'url': 'https://www.hokutetsu.co.jp/ticket/train-free/'}
 {'text': 'のりまっし金沢', 'url': 'https://norimasshi.city.kanazawa.ishikawa.jp/main/detail.html?seq=3'}]",,https://www2s.biglobe.ne.jp/~t_aoyagi/railway/free/hokuriku01.htm,hokuriku01.htm,85,2026-08-10 01:30:50.424840+00:00,鉄道線全線1日フリー乗車券,,,,https://www2s.biglobe.ne.jp/~t_aoyagi/railway/free/hokuriku01.htm
hokuriku05,金沢市内１日フリー乗車券,北陸鉄道,['北陸鉄道'],1,FALSE,hokusinetu,北信越,北信越,['北信越'],tunen,通年発売タイプ,全年发售,['実券' 'デジタル'],TRUE,TRUE,on_sale,発売中,,,800,400,400,大人：800円／小人：400円,１日間,1,通年,通年,,['https://www2s.biglobe.ne.jp/~t_aoyagi/railway/free/map/hokutetu05.gif'],,[],0,"野町,新西金沢,北鉄金沢 
 北陸鉄道チケットセンター 
 金沢駅東口バスターミナル北鉄グループ案内所 
 北鉄バスサービスセンター武蔵エムザ店 
 デジタル交通サービス「 のりまっし金沢 」",北陸鉄道テレホンサービスセンター TEL：076-237-5115（8：00〜19：00）,,http://www.hokutetsu.co.jp/tourism-bus/oneday,"[{'text': '北陸鉄道', 'url': 'http://www.hokutetsu.co.jp/tourism-bus/oneday'}
 {'text': 'のりまっし金沢', 'url': 'https://norimasshi.city.kanazawa.ishikawa.jp/main/detail.html?seq=1'}]",,https://www2s.biglobe.ne.jp/~t_aoyagi/railway/free/hokuriku05.htm,hokuriku05.htm,86,2026-08-10 01:30:50.424840+00:00,金沢市内１日フリー乗車券,,,,https://www2s.biglobe.ne.jp/~t_aoyagi/railway/free/hokuriku05.htm
hokuriku93,浅野川線平日限定シルバー1日フリーエコきっぷ,北陸鉄道,['北陸鉄道'],1,FALSE,hokusinetu,北信越,北信越,['北信越'],tunen,通年発売タイプ,全年发售,['実券'],TRUE,FALSE,on_sale,発売中,,,500,,500,大人：500円,１日,1,通年,平日,,['https://www2s.biglobe.ne.jp/~t_aoyagi/railway/free/map/hokutetu03.gif'],,['70歳以上 ' ' 購入時に公的機関発行の身分証明書が必要'],2,"内灘,割出,北鉄金沢",北陸鉄道・鉄道部 TEL：076-272-2221（9：00〜17：00）,,https://www.hokutetsu.co.jp/ticket/silver-free-eco/,"[{'text': '北陸鉄道', 'url': 'https://www.hokutetsu.co.jp/ticket/silver-free-eco/'}]",,https://www2s.biglobe.ne.jp/~t_aoyagi/railway/free/hokuriku93.htm,hokuriku93.htm,87,2026-08-10 01:30:50.424840+00:00,浅野川線平日限定シルバー1日フリーエコきっぷ,,,,https://www2s.biglobe.ne.jp/~t_aoyagi/railway/free/hokuriku93.htm
hokuriku92,石川線平日限定シルバー1日フリーエコきっぷ,北陸鉄道,['北陸鉄道'],1,FALSE,hokusinetu,北信越,北信越,['北信越'],tunen,通年発売タイプ,全年发售,['実券'],TRUE,FALSE,on_sale,発売中,,,600,,600,大人：600円,１日,1,通年,平日,,['https://www2s.biglobe.ne.jp/~t_aoyagi/railway/free/map/hokutetu04.gif'],,['70歳以上 ' ' 購入時に公的機関発行の身分証明書が必要'],2,"野町,鶴来,新西金沢",北陸鉄道・鉄道部 TEL：076-272-2221（9：00〜17：00）,,https://www.hokutetsu.co.jp/ticket/silver-free-eco/,"[{'text': '北陸鉄道', 'url': 'https://www.hokutetsu.co.jp/ticket/silver-free-eco/'}]",,https://www2s.biglobe.ne.jp/~t_aoyagi/railway/free/hokuriku92.htm,hokuriku92.htm,88,2026-08-10 01:30:50.424840+00:00,石川線平日限定シルバー1日フリーエコきっぷ,,,,https://www2s.biglobe.ne.jp/~t_aoyagi/railway/free/hokuriku92.htm
hokuriku03,浅野川線土日祝限定1日フリーエコきっぷ,北陸鉄道,['北陸鉄道'],1,FALSE,hokusinetu,北信越,北信越,['北信越'],holiday,週末限定タイプ,周末限定,['実券' 'デジタル'],TRUE,TRUE,on_sale,発売中,,,500,250,250,大人：500円／小人：250円,１日,1,通年,"土日祝日 
 12月31日〜1月3日を除く",,['https://www2s.biglobe.ne.jp/~t_aoyagi/railway/free/map/hokutetu03.gif'],,[],0,"北鉄金沢,内灘 
 デジタル版： のりまっし金沢",北陸鉄道テレホンサービスセンター TEL:076-237-5115,,https://www.hokutetsu.co.jp/ticket/free-eco/,"[{'text': '北陸鉄道', 'url': 'https://www.hokutetsu.co.jp/ticket/free-eco/'}
 {'text': 'のりまっし金沢', 'url': 'https://norimasshi.city.kanazawa.ishikawa.jp/main/detail.html?seq=5'}]",,https://www2s.biglobe.ne.jp/~t_aoyagi/railway/free/hokuriku03.htm,hokuriku03.htm,89,2026-08-10 01:30:50.424840+00:00,浅野川線 土日祝限定1日フリーエコきっぷ,,,,https://www2s.biglobe.ne.jp/~t_aoyagi/railway/free/hokuriku03.htm
hokuriku04,石川線土日祝限定1日フリーエコきっぷ,北陸鉄道,['北陸鉄道'],1,FALSE,hokusinetu,北信越,北信越,['北信越'],holiday,週末限定タイプ,周末限定,['実券' 'デジタル'],TRUE,TRUE,on_sale,発売中,,,600,300,300,大人：600円／小人：300円,１日,1,通年,"土日祝日 
 12月31日〜1月3日を除く",,['https://www2s.biglobe.ne.jp/~t_aoyagi/railway/free/map/hokutetu04.gif'],,[],0,"野町,鶴来,新西金沢 
 デジタル版： のりまっし金沢",北陸鉄道テレホンサービスセンター TEL:076-237-5115,,https://www.hokutetsu.co.jp/ticket/free-eco/,"[{'text': '北陸鉄道', 'url': 'https://www.hokutetsu.co.jp/ticket/free-eco/'}
 {'text': 'のりまっし金沢', 'url': 'https://norimasshi.city.kanazawa.ishikawa.jp/main/detail.html?seq=4'}]",,https://www2s.biglobe.ne.jp/~t_aoyagi/railway/free/hokuriku04.htm,hokuriku04.htm,90,2026-08-10 01:30:50.424840+00:00,石川線 土日祝限定1日フリーエコきっぷ,,,,https://www2s.biglobe.ne.jp/~t_aoyagi/railway/free/hokuriku04.htm
hokuriku91,コロプラ☆石川線・浅野川線1日フリーきっぷ,北陸鉄道,['北陸鉄道'],1,FALSE,hokusinetu,北信越,北信越,['北信越'],kikan,期間限定タイプ,期间限定,['実券'],TRUE,FALSE,period,〜2027/3/31,,2027/3/31,1600,,1600,"大人：1,600円",１日,1,2012年12月13日〜2027年3月31日,2012年12月13日〜2027年3月31日,,['https://www2s.biglobe.ne.jp/~t_aoyagi/railway/free/map/hokutetu.gif'],,[],0,北鉄金沢,北陸鉄道・鉄道部 TEL：076-204-9605（9：00〜17：00）,,https://www.hokutetsu.co.jp/ticket/colopl/,"[{'text': '北陸鉄道', 'url': 'https://www.hokutetsu.co.jp/ticket/colopl/'}
 {'text': 'コロプラ', 'url': 'https://colopl.co.jp/service/other/coloca/transport/area03/norimono_hokuriku/'}]",,https://www2s.biglobe.ne.jp/~t_aoyagi/railway/free/hokuriku91.htm,hokuriku91.htm,91,2026-08-10 01:30:50.424840+00:00,コロプラ☆石川線・浅野川線1日フリーきっぷ,,,,https://www2s.biglobe.ne.jp/~t_aoyagi/railway/free/hokuriku91.htm
hapilinefukui01,ハピラインふくい１日フリーきっぷ,ハピラインふくい,['ハピラインふくい'],1,FALSE,hokusinetu,北信越,北信越,['北信越'],holiday,週末限定タイプ,周末限定,['実券' 'デジタル'],TRUE,TRUE,period,〜2027/3/31,,2027/3/31,1500,750,750,"大人：1,500円／小人：750円",1日間,1,2024年3月16日〜2027年3月28日,"2024年3月16日〜2027年3月28日の土休日 
 2026年4月27日〜2026年5月6日 
 2026年8月10日〜2026年8月14日 
 2026年12月28日〜2026年12月31日",,['https://www2s.biglobe.ne.jp/~t_aoyagi/railway/free/map/hapilinefukui01.gif'],,[],0,"敦賀,武生,鯖江,福井,芦原温泉 
 tabiwa , ふくアプリ(ふくいMaaS)",ハピラインふくい：0776-20-0294,,https://www.hapi-line.co.jp/ticket/ticket_plan/,"[{'text': 'ハピラインふくい', 'url': 'https://www.hapi-line.co.jp/ticket/ticket_plan/'}
 {'text': 'tabiwa', 'url': 'https://app.tabi-wester.westjr.co.jp/eticketDetails?ticket_id=N3002400'}]",,https://www2s.biglobe.ne.jp/~t_aoyagi/railway/free/hapilinefukui01.htm,hapilinefukui01.htm,93,2026-08-10 01:30:50.424840+00:00,ハピラインふくい 1日フリーきっぷ,,,,https://www2s.biglobe.ne.jp/~t_aoyagi/railway/free/hapilinefukui01.htm
etizen03,えちぜん鉄道１日フリーきっぷ(恐竜博物館セット券),えちぜん鉄道,['えちぜん鉄道'],1,FALSE,hokusinetu,北信越,北信越,['北信越'],tunen,通年発売タイプ,全年发售,['実券'],TRUE,FALSE,on_sale,発売中,,,1700,900,900,"大人：1,700円／小人：900円 
 ※特別展開催時は値段が変わります。",１日,1,通年,発売当日,,['https://www2s.biglobe.ne.jp/~t_aoyagi/railway/free/map/etizen03.gif'],,"['三国花火大会当日(8月11日),恐竜博物館休館日は利用不可']",1,福井鉄道有人駅(一部を除く),えちぜん鉄道 TEL:0120-840-508,,https://www.echizen-tetudo.co.jp/fare/special.html,"[{'text': 'えちぜん鉄道', 'url': 'https://www.echizen-tetudo.co.jp/fare/special.html'}]",,https://www2s.biglobe.ne.jp/~t_aoyagi/railway/free/etizen03.htm,etizen03.htm,94,2026-08-10 01:30:50.424840+00:00,えちぜん鉄道１日フリーきっぷ (恐竜博物館セット券),,,,https://www2s.biglobe.ne.jp/~t_aoyagi/railway/free/etizen03.htm
etizen04,あわら温泉宿泊フリーきっぷ,えちぜん鉄道,['えちぜん鉄道'],1,FALSE,hokusinetu,北信越,北信越,['北信越'],tunen,通年発売タイプ,全年发售,['実券'],TRUE,FALSE,on_sale,発売中,,,2500,,2500,"大人：2,500円",2日間,2,通年,通年,,['https://www2s.biglobe.ne.jp/~t_aoyagi/railway/free/map/etizen01.gif'],,['宿の割り印がないものは、2日目は無効' '三国花火大会(8/10〜8/11)は利用不可'],2,"福井鉄道有人駅(一部を除く),アテンダント",えちぜん鉄道 TEL:0776-52-8888,,https://www.echizen-tetudo.co.jp/fare/special.html,"[{'text': 'えちぜん鉄道', 'url': 'https://www.echizen-tetudo.co.jp/fare/special.html'}]",,https://www2s.biglobe.ne.jp/~t_aoyagi/railway/free/etizen04.htm,etizen04.htm,95,2026-08-10 01:30:50.424840+00:00,あわら温泉宿泊フリーきっぷ,,,,https://www2s.biglobe.ne.jp/~t_aoyagi/railway/free/etizen04.htm
fukui_maas01,ふくふくきっぷ,えちぜん鉄道,['えちぜん鉄道' '福井鉄道'],2,TRUE,hokusinetu,北信越,北信越,['北信越'],tunen,通年発売タイプ,全年发售,['デジタル'],FALSE,TRUE,on_sale,発売中,,,2900,1450,1450,"大人：2,900円／小人：1,450円",利用開始から29時間,,通年,金・土・日,,['https://www2s.biglobe.ne.jp/~t_aoyagi/railway/free/map/fukuimaas01.gif'],,[],0,ふくいMaaS,,,https://fukui-maas.jp/#ticket,"[{'text': 'ふくいMaaS', 'url': 'https://fukui-maas.jp/#ticket'}]",,https://www2s.biglobe.ne.jp/~t_aoyagi/railway/free/fukui_maas01.htm,fukui_maas01.htm,96,2026-08-10 01:30:50.424840+00:00,ふくふくきっぷ,,,,https://www2s.biglobe.ne.jp/~t_aoyagi/railway/free/fukui_maas01.htm
etizen01,一日フリーきっぷ,えちぜん鉄道,['えちぜん鉄道'],1,FALSE,hokusinetu,北信越,北信越,['北信越'],holiday,週末限定タイプ,周末限定,['実券' 'デジタル'],TRUE,TRUE,on_sale,発売中,,,1000,500,500,"大人：1,200円／小人：600円 
 えちてつサポーターズクラブ会員 
 ゴールド会員：900円／大人：1,000円／小人：500円",１日,1,通年,土曜・日曜・祝日,,['https://www2s.biglobe.ne.jp/~t_aoyagi/railway/free/map/etizen01.gif'],,['三国花火大会開催日(8月11日)は使用できない。'],1,"福井,福井口,越前開発,越前新保,観音町,松岡,永平寺口,西別院,田原町,福大前西福井,新田塚,あわら湯のまち,三国,勝山 
 RYDE PASS",えちぜん鉄道 TEL:0776-52-8888,,https://www.echizen-tetudo.co.jp/fare/1day.html,"[{'text': 'えちぜん鉄道', 'url': 'https://www.echizen-tetudo.co.jp/fare/1day.html'}
 {'text': 'RYDE PASS', 'url': 'https://pass.ryde-go.com/products/9Q73G1MSP9RV'}]",,https://www2s.biglobe.ne.jp/~t_aoyagi/railway/free/etizen01.htm,etizen01.htm,97,2026-08-10 01:30:50.424840+00:00,一日フリーきっぷ,,,,https://www2s.biglobe.ne.jp/~t_aoyagi/railway/free/etizen01.htm
etizenfukui01,福井鐵道・えちぜん鉄道共通１日フリーきっぷ,えちぜん鉄道,['えちぜん鉄道' '福井鉄道'],2,TRUE,hokusinetu,北信越,北信越,['北信越'],holiday,週末限定タイプ,周末限定,['実券' 'デジタル'],TRUE,TRUE,on_sale,発売中,,,1700,850,850,"大人：1,700円／小人：850円",１日間,1,通年,土曜・日曜・祝日および会社が指定した日,,['https://www2s.biglobe.ne.jp/~t_aoyagi/railway/free/map/echifuku.gif'],,['三国花火大会開催日(8月11日)は使用できません。'],1,"福井鉄道・えちぜん鉄道各有人駅および乗務員 
 RYDE PASS（ライドパス）","福井鉄道・鉄道部 TEL:0778-21-0706 
 えちぜん鉄道 TEL:0120-840-508",,https://www.echizen-tetudo.co.jp/fare/special.html,"[{'text': 'えちぜん鉄道', 'url': 'https://www.echizen-tetudo.co.jp/fare/special.html'}
 {'text': '福井鉄道', 'url': 'https://fukutetsu.jp/train/tickets1.php#collapse3'}
 {'text': 'RYDE PASS（ライドパス）', 'url': 'https://pass.ryde-go.com/products/GQV304YS6D89'}]",,https://www2s.biglobe.ne.jp/~t_aoyagi/railway/free/etizenfukui01.htm,etizenfukui01.htm,98,2026-08-10 01:30:50.424840+00:00,福井鉄道・えちぜん鉄道共通１日フリーきっぷ,,,,https://www2s.biglobe.ne.jp/~t_aoyagi/railway/free/etizenfukui01.htm
etizen91,カイリュー１日フリーきっぷ,えちぜん鉄道,['えちぜん鉄道'],1,FALSE,hokusinetu,北信越,北信越,['北信越'],kikan,期間限定タイプ,期间限定,['実券'],TRUE,FALSE,ended,終了,,,1800,1000,1000,"大人：1,800円／小人：1,000円",１日,1,2025年8月2日〜2025年12月31日,2025年8月2日〜2025年12月31日,,['https://www2s.biglobe.ne.jp/~t_aoyagi/railway/free/map/etizen01.gif'],,['えちてつ沿線周遊スタンプラリーのキット商品'],1,"福井,あわら湯のまち,三国,勝山",えちぜん鉄道 TEL:0776-52-8888,,https://www.echizen-tetudo.co.jp/news/2025/07/3026199.html,"[{'text': 'えちぜん鉄道', 'url': 'https://www.echizen-tetudo.co.jp/news/2025/07/3026199.html'}]",,https://www2s.biglobe.ne.jp/~t_aoyagi/railway/free/etizen91.htm,etizen91.htm,99,2026-08-10 01:30:50.424840+00:00,カイリュー１日フリーきっぷ,,,,https://www2s.biglobe.ne.jp/~t_aoyagi/railway/free/etizen91.htm
fukutetu73,福福茶屋食事券付１日フリー乗車券,福井鉄道,['福井鉄道'],1,FALSE,hokusinetu,北信越,北信越,['北信越'],tunen,通年発売タイプ,全年发售,['実券' 'デジタル'],TRUE,TRUE,on_sale,発売中,,,,,2200,"2,200円",１日間,1,通年,通年,,['https://www2s.biglobe.ne.jp/~t_aoyagi/railway/free/map/fukui.gif'],,['福井駅前ハピリン2階の福福茶屋での食事券付'],1,"たけふ新,神明,浅水,田原町 
 まちなか案内所 
 ふくい観光案内所",たけふ新駅 TEL:0778-22-0617,,https://fukutetsu.jp/train/tickets1.php#collapse18,"[{'text': '福井鉄道', 'url': 'https://fukutetsu.jp/train/tickets1.php#collapse18'}]",,https://www2s.biglobe.ne.jp/~t_aoyagi/railway/free/fukutetu73.htm,fukutetu73.htm,101,2026-08-10 01:30:50.424840+00:00,福福茶屋食事券付 １日フリー乗車券,,,,https://www2s.biglobe.ne.jp/~t_aoyagi/railway/free/fukutetu73.htm
etizenfukui02,恐竜博物館交通フリー乗車券,福井鉄道,['福井鉄道'],1,FALSE,hokusinetu,北信越,北信越,['北信越'],tunen,通年発売タイプ,全年发售,['実券'],TRUE,FALSE,on_sale,発売中,,,2100,1100,1100,"大人：2,100円／小人：1,100円",１日間,1,通年,通年,,['https://www2s.biglobe.ne.jp/~t_aoyagi/railway/free/map/echifuku02.gif'],,"['恐竜博物館休館日は使用不可' '事前に 福井県立恐竜博物館公式サイト で、観覧券購入が必要' 'えちぜん鉄道「恐竜列車」は乗車不可'
 'えちぜん鉄道勝山駅〜恐竜博物館のバスは往復']",4,"たけふ新,神明,浅水,田原町 各駅窓口 
 まちなか案内所,ふくい観光案内所",福井鉄道・鉄道部 TEL:0778-21-0706,,https://fukutetsu.jp/train/tickets1.php#collapse26,"[{'text': '福井鉄道', 'url': 'https://fukutetsu.jp/train/tickets1.php#collapse26'}]",,https://www2s.biglobe.ne.jp/~t_aoyagi/railway/free/etizenfukui02.htm,etizenfukui02.htm,102,2026-08-10 01:30:50.424840+00:00,恐竜博物館交通フリー乗車券,,,,https://www2s.biglobe.ne.jp/~t_aoyagi/railway/free/etizenfukui02.htm
fukutetu01,土・日・祝日１日フリー乗車券,福井鉄道,['福井鉄道'],1,FALSE,hokusinetu,北信越,北信越,['北信越'],holiday,週末限定タイプ,周末限定,['実券' 'デジタル'],TRUE,TRUE,on_sale,発売中,,,600,300,300,大人：600円／小人：300円,１日間,1,通年,土・日・祝日または福井鉄道が指定する日,,['https://www2s.biglobe.ne.jp/~t_aoyagi/railway/free/map/fukui.gif'],,[],0,"【窓口】たけふ新,神明,浅水,田原町 
 【券売機】たけふ新,北府,西鯖江,神明,浅水,赤十字前,福井駅,田原町 
 【車内】運転士が発売 
 【スマートフォン】 RYDE PASS（ライドパス）アプリ",福井鉄道・鉄道部 TEL:0778-21-0706,,https://fukutetsu.jp/train/tickets1.php#collapse12,"[{'text': '福井鉄道', 'url': 'https://fukutetsu.jp/train/tickets1.php#collapse12'}
 {'text': 'RYDE PASS(ライドパス)', 'url': 'https://pass.ryde-go.com/products/52X3KWESJV30'}]",,https://www2s.biglobe.ne.jp/~t_aoyagi/railway/free/fukutetu01.htm,fukutetu01.htm,103,2026-08-10 01:30:50.424840+00:00,土・日・祝日１日フリー乗車券,,,,https://www2s.biglobe.ne.jp/~t_aoyagi/railway/free/fukutetu01.htm
fukutetu05,電車・バス休日フリーきっぷ,福井鉄道,['福井鉄道'],1,FALSE,hokusinetu,北信越,北信越,['北信越'],holiday,週末限定タイプ,周末限定,['実券' 'デジタル'],TRUE,TRUE,on_sale,発売中,,,1300,650,650,"大人：1,300円／小人：650円 
 ファミリー(大人2名または大人1名小人2名)：2,400円",発売日から3ヶ月以内の1日,1,通年,土・日・祝日、12月30日〜1月3日,,['https://www2s.biglobe.ne.jp/~t_aoyagi/railway/free/map/fukui02.gif'],,[],0,"【窓口】たけふ新,神明,浅水,田原町","たけふ新駅 TEL:0778-22-0617 
 福鉄バスチケットセンター TEL:0778-21-3330",,https://fukutetsu.jp/train/tickets1.php#collapse17,"[{'text': '福井鉄道', 'url': 'https://fukutetsu.jp/train/tickets1.php#collapse17'}]",,https://www2s.biglobe.ne.jp/~t_aoyagi/railway/free/fukutetu05.htm,fukutetu05.htm,104,2026-08-10 01:30:50.424840+00:00,電車・バス休日フリーきっぷ,,,,https://www2s.biglobe.ne.jp/~t_aoyagi/railway/free/fukutetu05.htm
fukutetu77,ご家族フリーきっぷ,福井鉄道,['福井鉄道'],1,FALSE,hokusinetu,北信越,北信越,['北信越'],holiday,週末限定タイプ,周末限定,['実券'],TRUE,FALSE,on_sale,発売中,,,,,1200,"大人2名＋小人2名：1,200円 
 大人1名＋小人2名：800円",１日間,1,通年,"土日祝日 
 夏休み期間(7月21日〜8月31日) 
 冬休ﾐ期間(12月24日〜1月7日)",,['https://www2s.biglobe.ne.jp/~t_aoyagi/railway/free/map/fuktetsu98.gif'],,[],0,"たけふ新,神明,浅水,田原町 
 福井駅西口まちなか案内所","福井鉄道・たけふ新駅 TEL:0778-22-0617 
 福井鉄道・鉄道営業部 TEL:0778-21-0706",,https://fukutetsu.jp/train/tickets1.php#collapse20,"[{'text': '福井鉄道', 'url': 'https://fukutetsu.jp/train/tickets1.php#collapse20'}]",,https://www2s.biglobe.ne.jp/~t_aoyagi/railway/free/fukutetu77.htm,fukutetu77.htm,106,2026-08-10 01:30:50.424840+00:00,ご家族フリーきっぷ,,,,https://www2s.biglobe.ne.jp/~t_aoyagi/railway/free/fukutetu77.htm
fukutetu04,プレミア1日フリー乗車券,福井鉄道,['福井鉄道'],1,FALSE,hokusinetu,北信越,北信越,['北信越'],kaiin,会員限定タイプ,会员限定,['実券'],TRUE,FALSE,on_sale,発売中,,,500,,500,大人：500円,１日間,1,"通年 
 前売りは発売日から3ヶ月前",通年,,['https://www2s.biglobe.ne.jp/~t_aoyagi/railway/free/map/fukui.gif'],,['越前市・鯖江市・福井市在住の65歳以上または自動車運転免許を返納された方' '事前にプレミア会員の登録が必要'],2,"【窓口】たけふ新,神明,浅水,田原町 
 【券売機】たけふ新,北府,西鯖江,神明,浅水,赤十字前,福井駅,田原町 
 【スマートフォン】 RYDE PASS",福井鉄道・鉄道部 TEL:0778-21-0706,,https://fukutetsu.jp/train/tickets1.php#collapse1,"[{'text': '福井鉄道', 'url': 'https://fukutetsu.jp/train/tickets1.php#collapse1'}
 {'text': 'RYDE PASS', 'url': 'https://pass.ryde-go.com/products/9Z78QWVS028N'}]",,https://www2s.biglobe.ne.jp/~t_aoyagi/railway/free/fukutetu04.htm,fukutetu04.htm,107,2026-08-10 01:30:50.424840+00:00,プレミア1日フリー乗車券,,,,https://www2s.biglobe.ne.jp/~t_aoyagi/railway/free/fukutetu04.htm
fukutetu90,888 1日フリー乗車券,福井鉄道,['福井鉄道'],1,FALSE,hokusinetu,北信越,北信越,['北信越'],kikan,期間限定タイプ,期间限定,['実券'],TRUE,FALSE,period,2026/8/10  〜2027/12/31,2026/8/10,2027/12/31,,,880,880円,１日間,1,"2026年8月8日〜2027年12月31日 
 無くなり次第発売終了",2026年8月8日〜2027年12月31日,,['https://www2s.biglobe.ne.jp/~t_aoyagi/railway/free/map/fukui.gif'],,[],0,"越前武生,神明,浅水,田原町の各駅",福井鉄道・越前武生駅 TEL:0778-22-0617,,https://fukutetsu.jp/newsDetail.php?num=721,"[{'text': '福井鉄道', 'url': 'https://fukutetsu.jp/newsDetail.php?num=721'}]",,https://www2s.biglobe.ne.jp/~t_aoyagi/railway/free/fukutetu90.htm,fukutetu90.htm,108,2026-08-10 01:30:50.424840+00:00,888 1日フリー乗車券,"1,000枚",,,https://www2s.biglobe.ne.jp/~t_aoyagi/railway/free/fukutetu90.htm
fukutetu92,合格祈願１日フリーきっぷ,福井鉄道,['福井鉄道'],1,FALSE,hokusinetu,北信越,北信越,['北信越'],kikan,期間限定タイプ,期间限定,['実券'],TRUE,FALSE,ended,終了,,,1100,,1100,"大人：1,100円",１日間,1,2024年1月6日〜2024年2月28日,2024年1月6日〜2024年3月31日,,['https://www2s.biglobe.ne.jp/~t_aoyagi/railway/free/map/fukui.gif'],,[],0,"たけふ新,神明,浅水,田原町 
 福井鉄道グッツ販売",福井鉄道・たけふ新駅 TEL:0778-22-0617,,https://fukutetsu.jp/newsDetail.php?num=427,"[{'text': '福井鉄道', 'url': 'https://fukutetsu.jp/newsDetail.php?num=427'}]",,https://www2s.biglobe.ne.jp/~t_aoyagi/railway/free/fukutetu92.htm,fukutetu92.htm,109,2026-08-10 01:30:50.424840+00:00,合格祈願１日フリーきっぷ,,,,https://www2s.biglobe.ne.jp/~t_aoyagi/railway/free/fukutetu92.htm
fukutetu74,サンドームふくいコンサートフリーきっぷ,福井鉄道,['福井鉄道'],1,FALSE,hokusinetu,北信越,北信越,['北信越'],kikan,期間限定タイプ,期间限定,['デジタル'],FALSE,TRUE,period,2026/8/4  〜8/9,2026/8/4,2026/8/9,500,250,250,大人：500円／小人：250円,１日間,1,"2026年8月4日,5日,8日,9日 
 2026年5月16日 
 2026年3月14日 
 2026年2月7日,8日 
 2026年1月24日 
 2025年12月6日,7日 
 2025年11月15日,16日 
 2025年10月18日 
 2025年9月6日,7日","2026年8月4日,5日,8日,9日 
 2026年5月16日 
 2026年3月14日 
 2026年2月7日,8日 
 2026年1月24日 
 2025年12月6日,7日 
 2025年11月15日,16日 
 2025年10月18日 
 2025年9月6日,7日",,['https://www2s.biglobe.ne.jp/~t_aoyagi/railway/free/map/fukui.gif'],,[],0,ふくいMaaS,たけふ新駅 TEL:0778-22-0617,,https://fukutetsu.jp/newsDetail.php?num=569,"[{'text': '福井鉄道', 'url': 'https://fukutetsu.jp/newsDetail.php?num=569'}]",,https://www2s.biglobe.ne.jp/~t_aoyagi/railway/free/fukutetu74.htm,fukutetu74.htm,110,2026-08-10 01:30:50.424840+00:00,サンドームふくいコンサートフリーきっぷ,,,,https://www2s.biglobe.ne.jp/~t_aoyagi/railway/free/fukutetu74.htm
fukutetu75,ハーモニーホールふくい公演フリーきっぷ,福井鉄道,['福井鉄道'],1,FALSE,hokusinetu,北信越,北信越,['北信越'],kikan,期間限定タイプ,期间限定,['デジタル'],FALSE,TRUE,ended,終了,,,500,250,250,大人：500円／小人：250円,１日間,1,"2026年8月8日,18日,19日,21日,22日,23日,29日 
 2026年5月1日,6日,30日 
 2026年3月20日,21日,22日 
 2026年2月20日,21日,22日,23日 
 2026年1月10日,18日 
 2025年12月5日,13日 
 2025年11月9日,11日,22日,29日,30日 
 2025年10月5日,24日 
 2025年9月6日,9日,21日,24日","2026年8月8日,18日,19日,21日,22日,23日,29日 
 2026年5月1日,6日,30日 
 2026年3月20日,21日,22日 
 2026年2月20日,21日,22日,23日 
 2026年1月10日,18日 
 2025年12月5日,13日 
 2025年11月9日,11日,22日,29日,30日 
 2025年10月5日,24日 
 2025年9月6日,9日,21日,24日",,['https://www2s.biglobe.ne.jp/~t_aoyagi/railway/free/map/fukui.gif'],,[],0,ふくいMaaS,たけふ新駅 TEL:0778-22-0617,,https://fukutetsu.jp/newsDetail.php?num=569,"[{'text': '福井鉄道', 'url': 'https://fukutetsu.jp/newsDetail.php?num=569'}]",,https://www2s.biglobe.ne.jp/~t_aoyagi/railway/free/fukutetu75.htm,fukutetu75.htm,111,2026-08-10 01:30:50.424840+00:00,ハーモニーホールふくい公演フリーきっぷ,,,,https://www2s.biglobe.ne.jp/~t_aoyagi/railway/free/fukutetu75.htm
fukutetu76,ふくいまちなかイベントフリーきっぷ,福井鉄道,['福井鉄道'],1,FALSE,hokusinetu,北信越,北信越,['北信越'],kikan,期間限定タイプ,期间限定,['デジタル'],FALSE,TRUE,period,2026/8/14  〜8/21,2026/8/14,2026/8/21,300,150,150,大人：300円／小人：150円,１日間,1,"2026年8月14日,20日,21日 
 2026年5月1日,31日 
 2026年3月1日,29日 
 2025年12月20日 
 2025年11月5日,23日 
 2025年10月5日,18日,19日 
 2025年9月4日,10日,21日,23日","2026年8月14日,20日,21日 
 2026年5月1日,31日 
 2026年3月1日,29日 
 2025年12月20日 
 2025年11月5日,23日 
 2025年10月5日,18日,19日 
 2025年9月4日,10日,21日,23日",,['https://www2s.biglobe.ne.jp/~t_aoyagi/railway/free/map/fuktetsu98.gif'],,[],0,ふくいMaaS,"福井鉄道・たけふ新駅 TEL:0778-22-0617 
 福井鉄道・鉄道営業部 TEL:0778-21-0706",,https://fukutetsu.jp/newsDetail.php?num=569,"[{'text': '福井鉄道', 'url': 'https://fukutetsu.jp/newsDetail.php?num=569'}
 {'text': 'ふくいMaaS', 'url': 'https://fukui-maas.jp/#ticket'}]",,https://www2s.biglobe.ne.jp/~t_aoyagi/railway/free/fukutetu76.htm,fukutetu76.htm,112,2026-08-10 01:30:50.424840+00:00,ふくいまちなかイベントフリーきっぷ,,,,https://www2s.biglobe.ne.jp/~t_aoyagi/railway/free/fukutetu76.htm
fukutetu78,西山公園イベントフリーきっぷ,福井鉄道,['福井鉄道'],1,FALSE,hokusinetu,北信越,北信越,['北信越'],kikan,期間限定タイプ,期间限定,['デジタル'],FALSE,TRUE,ended,終了,,,500,250,250,大人：500円／小人：250円,１日間,1,"2026年5月3日〜5日 
 2025年10月18日,19日","2026年5月3日〜5日 
 2025年10月18日,19日",,['https://www2s.biglobe.ne.jp/~t_aoyagi/railway/free/map/fuktetsu98.gif'],,[],0,ふくいMaaS,"福井鉄道・たけふ新駅 TEL:0778-22-0617 
 福井鉄道・鉄道営業部 TEL:0778-21-0706",,https://fukutetsu.jp/newsDetail.php?num=569,"[{'text': '福井鉄道', 'url': 'https://fukutetsu.jp/newsDetail.php?num=569'}
 {'text': 'ふくいMaaS', 'url': 'https://fukui-maas.jp/#ticket'}]",,https://www2s.biglobe.ne.jp/~t_aoyagi/railway/free/fukutetu78.htm,fukutetu78.htm,113,2026-08-10 01:30:50.424840+00:00,西山公園イベントフリーきっぷ,,,,https://www2s.biglobe.ne.jp/~t_aoyagi/railway/free/fukutetu78.htm
jrwest154,ONE KANSAI 奈良デジタル周遊フリーパス,ＪＲ西日本,['ＪＲ西日本' '近畿日本鉄道'],2,TRUE,kinki,近畿,近畿,['近畿'],kikan,期間限定タイプ,期间限定,['デジタル'],FALSE,TRUE,period,2026/3/20  〜2027/3/30,2026/3/20,2027/3/30,3600,,3600,"大人：3,600円",2日間,2,2026年3月20日〜2027年3月30日,2026年4月1日〜2027年3月31日,,['https://www2s.biglobe.ne.jp/~t_aoyagi/railway/free/map/jrwest165.gif'],"東海道新幹線 山陽新幹線 北陸新幹線 在来線特急・急行 *1 快速・普通 
 グリーン車 普通車指定 普通車自由 グランクラス グリーン車 普通車指定 普通車自由 寝台車 グリーン車 普通車指定 普通車自由 立席 グリーン車指定 グリーン車自由 ライナー 指定 自由 
 × × × × × × × × × ▲ ▲ ▲ ▲ × × × ▲ ○ 
 
 ○：乗車可 ▲：乗車券のみ有効 ×：乗車不可 
 
*1：「サンライズ瀬戸」「サンライズ出雲」「WEST EXPRESS 銀河」「はなあかり」は全設備不可",['継続乗車は、午前０時を過ぎて最初に停車する駅まで有効。電車特定区間内では最終列車まで有効。'],1,「 KANSAI MaaS 」,ＪＲ西日本：,,https://app.kansai-maas.jp/tickets/KMKT100500,"[{'text': 'KANSAI MaaS', 'url': 'https://app.kansai-maas.jp/tickets/KMKT100500'}
 {'text': 'ＪＲ西日本', 'url': 'https://tickets.jr-odekake.net/shohindb/view/consumer/tokutoku/detail.html?shnId=126000087'}]",,https://www2s.biglobe.ne.jp/~t_aoyagi/railway/free/jrwest154.htm,jrwest154.htm,1,2026-08-10 01:30:50.424840+00:00,ONE KANSAI 奈良デジタル周遊フリーパス,,,,https://www2s.biglobe.ne.jp/~t_aoyagi/railway/free/jrwest154.htm
osaka_maas_01,ONE KANSAI 大阪スマートアクセスパス,ＪＲ西日本,['ＪＲ西日本' '大阪市高速電気軌道 (大阪メトロ)'],2,TRUE,kinki,近畿,近畿,['近畿'],kikan,期間限定タイプ,期间限定,['デジタル'],FALSE,TRUE,period,2025/10/17  〜2026/5/31,2025/10/17,2026/5/31,1000,,1000,"大人：1,000円",1日間,1,2025年10月17日〜2027年3月31日,2025年11月1日〜2027年3月31日,,['https://www2s.biglobe.ne.jp/~t_aoyagi/railway/free/map/osaka_maas01.gif'],,[],0,KANSAI MaaS,Osaka Metro TEL:050-3355-8208,,https://subway.osakametro.co.jp/guide/fare/category_digital_tickets/digital_tickets/digital_joshaken.php#onekansai,"[{'text': 'Osaka Metro', 'url': 'https://subway.osakametro.co.jp/guide/fare/category_digital_tickets/digital_tickets/digital_joshaken.php#onekansai'}
 {'text': 'JR西日本', 'url': 'https://www.jr-odekake.net/ticket/tokutoku/osaka-smart_om/'}]",,https://www2s.biglobe.ne.jp/~t_aoyagi/railway/free/osaka_maas_01.htm,osaka_maas_01.htm,2,2026-08-10 01:30:50.424840+00:00,ONE KANSAI 大阪スマートアクセスパス,,,,https://www2s.biglobe.ne.jp/~t_aoyagi/railway/free/osaka_maas_01.htm
jrwest159,ONE KANSAI 京都満喫3wayパス,ＪＲ西日本,['ＪＲ西日本' '京阪電気鉄道' '阪急電鉄'],3,TRUE,kinki,近畿,近畿,['近畿'],kikan,期間限定タイプ,期间限定,['デジタル'],FALSE,TRUE,period,2026/3/20  〜2027/3/31,2026/3/20,2027/3/31,1800,,1800,"大人：1,800円",1日間,1,2026年3月20日〜2027年3月31日,2026年4月1日〜2027年3月31日,,['https://www2s.biglobe.ne.jp/~t_aoyagi/railway/free/map/jrwest159.gif'],"新幹線 在来線特急・急行 快速・普通 宮島フェリー 
 サンライズ出雲 グリーン 指定 自由 ライナー グリーン 指定 自由 
 × × ▲ ▲ ▲ ▲ ▲ ▲ ○ － 
 
 ○：乗車可 ▲：乗車券のみ有効 ×：乗車不可",[],0,KANSAI MaaS,ＪＲ西日本 TEL:,,https://tickets.jr-odekake.net/shohindb/view/consumer/tokutoku/detail.html?shnId=126000086,"[{'text': 'ＪＲ西日本', 'url': 'https://tickets.jr-odekake.net/shohindb/view/consumer/tokutoku/detail.html?shnId=126000086'}
 {'text': '京阪電鉄', 'url': 'https://www.keihan.co.jp/traffic/valueticket/detail/kyotomankitsu-3way.html'}
 {'text': '阪急電鉄', 'url': 'https://www.hankyu.co.jp/ticket/otoku/013943.html'}]",,https://www2s.biglobe.ne.jp/~t_aoyagi/railway/free/jrwest159.htm,jrwest159.htm,3,2026-08-10 01:30:50.424840+00:00,ONE KANSAI 京都満喫3wayパス,,,,https://www2s.biglobe.ne.jp/~t_aoyagi/railway/free/jrwest159.htm
jrwest161,ONE KANSAI 和歌山2wayパス,ＪＲ西日本,['ＪＲ西日本'],1,FALSE,kinki,近畿,近畿,['近畿'],kikan,期間限定タイプ,期间限定,['デジタル'],FALSE,TRUE,period,2026/3/20  〜9/30,2026/3/20,2026/9/30,3600,,3600,"大人：3,600円",1日間,1,2026年3月20日〜2026年9月30日,2026年4月1日〜2026年9月30日,,['https://www2s.biglobe.ne.jp/~t_aoyagi/railway/free/map/jrwest161.gif'],"新幹線 在来線特急・急行 快速・普通 宮島フェリー 
 サンライズ出雲 グリーン 指定 自由 ライナー グリーン 指定 自由 
 × × ▲ ▲ ▲ ▲ ▲ ▲ ○ － 
 
 ○：乗車可 ▲：乗車券のみ有効 ×：乗車不可",[],0,KANSAI MaaS,ＪＲ西日本 TEL:,神戸須磨シーワールド入館券がセット,https://tickets.jr-odekake.net/shohindb/view/consumer/tokutoku/detail.html?shnId=126000088,"[{'text': 'ＪＲ西日本', 'url': 'https://tickets.jr-odekake.net/shohindb/view/consumer/tokutoku/detail.html?shnId=126000088'}
 {'text': 'KANSAI MaaS', 'url': 'https://app.kansai-maas.jp/tickets/KMJW104200'}]",,https://www2s.biglobe.ne.jp/~t_aoyagi/railway/free/jrwest161.htm,jrwest161.htm,4,2026-08-10 01:30:50.424840+00:00,ONE KANSAI 和歌山2wayパス,,,,https://www2s.biglobe.ne.jp/~t_aoyagi/railway/free/jrwest161.htm
jrwest202,JR西日本QR2dayパス,ＪＲ西日本,['ＪＲ西日本'],1,FALSE,kinki,近畿,近畿,['近畿'],kikan,期間限定タイプ,期间限定,['デジタル'],FALSE,TRUE,period,2025/9/5  〜2027/3/30,2025/9/5,2027/3/30,4000,2000,2000,"大人：4,000円／小人：2,000円",２日間,2,2026年3月1日〜2027年3月30日,2026年4月1日〜2027年3月31日,,['https://www2s.biglobe.ne.jp/~t_aoyagi/railway/free/map/jrwest202.gif'],"新幹線 在来線特急・急行 快速・普通 宮島フェリー 京阪電車 
 サンライズ WEST EXPRESS 銀河 はなあかり グリーン 指定 自由 Ａシート グリーン 指定 自由 ライナー プレミアム 普通 
 × × × × × × × ▲ ▲ ▲ ○ － ▲ ▲ ○ 
 
 ○：乗車可 ▲：乗車券のみ有効 ×：乗車不可",['QRチケット'],1,KANSAI MaaS,ＪＲ西日本 TEL:,,https://app.kansai-maas.jp/tickets/KMJW103600,"[{'text': 'KANSAI MaaS', 'url': 'https://app.kansai-maas.jp/tickets/KMJW103600'}
 {'text': 'JR西日本', 'url': 'https://tickets.jr-odekake.net/shohindb/view/consumer/tokutoku/detail.html?shnId=126000061'}]",,https://www2s.biglobe.ne.jp/~t_aoyagi/railway/free/jrwest202.htm,jrwest202.htm,5,2026-08-10 01:30:50.424840+00:00,JR西日本QR2dayパス,,,,https://www2s.biglobe.ne.jp/~t_aoyagi/railway/free/jrwest202.htm
jrwest201,ひらパーGo！Go！チケット【JR西日本版】,ＪＲ西日本,['ＪＲ西日本'],1,FALSE,kinki,近畿,近畿,['近畿'],kikan,期間限定タイプ,期间限定,['デジタル'],FALSE,TRUE,period,〜2027/3/31,,2027/3/31,2500,1300,1300,"大人：2,500円／小人：1,300円",1日間,1,2026年3月1日〜2027年3月31日,2026年4月1日〜2027年3月31日,,['https://www2s.biglobe.ne.jp/~t_aoyagi/railway/free/map/jrwest201.gif'],"新幹線 在来線特急・急行 快速・普通 宮島フェリー 京阪電車 
 サンライズ WEST EXPRESS 銀河 はなあかり グリーン 指定 自由 Ａシート グリーン 指定 自由 ライナー プレミアム 普通 
 × × × × × × × ▲ ▲ ▲ ○ － ▲ ▲ ○ 
 
 ○：乗車可 ▲：乗車券のみ有効 ×：乗車不可",[],0,KANSAI MaaS,ＪＲ西日本 TEL:,,https://app.kansai-maas.jp/tickets/KMKH100600,"[{'text': 'KANSAI MaaS', 'url': 'https://app.kansai-maas.jp/tickets/KMKH100600'}
 {'text': 'ＪＲ九州', 'url': 'https://tickets.jr-odekake.net/shohindb/view/consumer/tokutoku/detail.html?shnId=126000059'}]",,https://www2s.biglobe.ne.jp/~t_aoyagi/railway/free/jrwest201.htm,jrwest201.htm,6,2026-08-10 01:30:50.424840+00:00,ひらパーGo！Go！チケット【JR西日本版】,,,,https://www2s.biglobe.ne.jp/~t_aoyagi/railway/free/jrwest201.htm
nankai101,堺おでかけフリーパス,ＪＲ西日本,['ＪＲ西日本' '南海電気鉄道'],2,TRUE,kinki,近畿,近畿,['近畿'],kikan,期間限定タイプ,期间限定,['デジタル'],FALSE,TRUE,ended,終了,,,1500,,1500,"大人：1,500円",1日間,1,2026年4月24日〜2026年6月30日,2026年4月25日〜2026年6月30日,,['https://www2s.biglobe.ne.jp/~t_aoyagi/railway/free/map/nankai101.gif'],,[],0,KANSAI MaaS,南海電気鉄道 南海コールセンター ：050-3090-2608 (8:00〜21:00),,https://www.nankai.co.jp/traffic/otoku/sakaifree.html,"[{'text': '南海電気鉄道', 'url': 'https://www.nankai.co.jp/traffic/otoku/sakaifree.html'}
 {'text': 'JR西日本', 'url': 'https://tickets.jr-odekake.net/shohindb/view/consumer/tokutoku/detail.html?shnId=126000095'}]",,https://www2s.biglobe.ne.jp/~t_aoyagi/railway/free/nankai101.htm,nankai101.htm,7,2026-08-10 01:30:50.424840+00:00,堺おでかけフリーパス,,,,https://www2s.biglobe.ne.jp/~t_aoyagi/railway/free/nankai101.htm
jrwest151,城崎温泉・天橋立周遊パス,ＪＲ西日本,['ＪＲ西日本'],1,FALSE,kinki,近畿,近畿,['近畿'],kikan,期間限定タイプ,期间限定,['デジタル'],FALSE,TRUE,period,2026/3/25  〜2027/3/30,2026/3/25,2027/3/30,3900,1800,1800,"大人：3,900円／小人：1,800円",２日間,2,2026年3月1日〜2027年3月31日,2026年4月1日〜2027年3月31日,,['https://www2s.biglobe.ne.jp/~t_aoyagi/railway/free/map/jrwest151.gif'],"新幹線 在来線特急・急行 快速・普通 宮島フェリー 
 サンライズ出雲 グリーン 指定 自由 ライナー グリーン 指定 自由 
 × × ▲ ▲ ▲ ▲ ▲ ▲ ○ － 
 
 ○：乗車可 ▲：乗車券のみ有効 ×：乗車不可",['「はなあかり号」「丹後くろまつ号」乗車不可。'],1,tabiwa by WESTER KANSAI MaaS,ＪＲ西日本 TEL:,,https://tickets.jr-odekake.net/shohindb/view/consumer/tokutoku/detail.html?shnId=126000089,"[{'text': 'ＪＲ西日本', 'url': 'https://tickets.jr-odekake.net/shohindb/view/consumer/tokutoku/detail.html?shnId=126000089'}
 {'text': 'tabiwa by WESTER', 'url': 'https://app.tabi-wester.westjr.co.jp/eticketDetails?ticket_id=J0002100'}]",,https://www2s.biglobe.ne.jp/~t_aoyagi/railway/free/jrwest151.htm,jrwest151.htm,8,2026-08-10 01:30:50.424840+00:00,城崎温泉・天橋立周遊パス,,,,https://www2s.biglobe.ne.jp/~t_aoyagi/railway/free/jrwest151.htm
jrwest160,京阪・JR西日本 神戸須磨シーワールド1dayパス,ＪＲ西日本,['ＪＲ西日本'],1,FALSE,kinki,近畿,近畿,['近畿'],kikan,期間限定タイプ,期间限定,['デジタル'],FALSE,TRUE,period,2026/3/1  〜2027/3/31,2026/3/1,2027/3/31,4400,,4400,"大人：4,400円",1日間,1,2026年3月1日〜2027年3月31日,2026年4月1日〜2027年3月31日,,['https://www2s.biglobe.ne.jp/~t_aoyagi/railway/free/map/jrwest160.gif'],"新幹線 在来線特急・急行 快速・普通 宮島フェリー 
 サンライズ出雲 グリーン 指定 自由 ライナー グリーン 指定 自由 
 × × ▲ ▲ ▲ ▲ ▲ ▲ ○ － 
 
 ○：乗車可 ▲：乗車券のみ有効 ×：乗車不可",[],0,KANSAI MaaS,ＪＲ西日本 TEL:,神戸須磨シーワールドの入館券がセット,https://www.jr-odekake.net/ticket/tokutoku/kobesuma_seaworld/,"[{'text': 'ＪＲ西日本', 'url': 'https://www.jr-odekake.net/ticket/tokutoku/kobesuma_seaworld/'}
 {'text': 'ＪＲ西日本', 'url': 'https://tickets.jr-odekake.net/shohindb/view/consumer/tokutoku/detail.html?shnId=126000060'}
 {'text': '京阪電鉄', 'url': 'https://www.keihan.co.jp/traffic/valueticket/detail/kobesuma-seaworld.html'}]",,https://www2s.biglobe.ne.jp/~t_aoyagi/railway/free/jrwest160.htm,jrwest160.htm,9,2026-08-10 01:30:50.424840+00:00,京阪・JR西日本 神戸須磨シーワールド1dayパス,,,,https://www2s.biglobe.ne.jp/~t_aoyagi/railway/free/jrwest160.htm
jrwest162,「全国都市緑化フェアin京都丹波」応援1DAYパス,ＪＲ西日本,['ＪＲ西日本'],1,FALSE,kinki,近畿,近畿,['近畿'],kikan,期間限定タイプ,期间限定,['デジタル'],FALSE,TRUE,period,2016/3/19  〜11/30,2016/3/19,2016/11/30,1200,600,600,"大人：1,200円／小人：600円",1日間,1,2026年3月19日〜2026年11月30日,2026年3月20日〜2026年11月30日,,['https://www2s.biglobe.ne.jp/~t_aoyagi/railway/free/map/jrwest162.gif'],"新幹線 在来線特急・急行 快速・普通 宮島フェリー 
 サンライズ出雲 グリーン 指定 自由 ライナー グリーン 指定 自由 
 × × ▲ ▲ ▲ ▲ ▲ ▲ ○ － 
 
 ○：乗車可 ▲：乗車券のみ有効 ×：乗車不可",[],0,KANSAI MaaS,ＪＲ西日本 TEL:,,https://tickets.jr-odekake.net/shohindb/view/consumer/tokutoku/detail.html?shnId=126000052,"[{'text': 'ＪＲ西日本', 'url': 'https://tickets.jr-odekake.net/shohindb/view/consumer/tokutoku/detail.html?shnId=126000052'}]",,https://www2s.biglobe.ne.jp/~t_aoyagi/railway/free/jrwest162.htm,jrwest162.htm,10,2026-08-10 01:30:50.424840+00:00,「全国都市緑化フェアin京都丹波」 応援1DAYパス,不明,,,https://www2s.biglobe.ne.jp/~t_aoyagi/railway/free/jrwest162.htm
jrwest204,tabiwa関西エリアQR1dayパス,ＪＲ西日本,['ＪＲ西日本'],1,FALSE,kinki,近畿,近畿,['近畿'],kikan,期間限定タイプ,期间限定,['デジタル'],FALSE,TRUE,period,2026/3/1  〜2027/3/31,2026/3/1,2027/3/31,,,,"大人：2,000ポイント／小人：1,000ポイント",１日間,1,2026年3月1日〜2027年3月31日,2026年4月1日〜2027年3月31日,,['https://www2s.biglobe.ne.jp/~t_aoyagi/railway/free/map/jrwest202.gif'],"新幹線 在来線特急・急行 快速・普通 宮島フェリー 京阪電車 
 サンライズ WEST EXPRESS 銀河 はなあかり グリーン 指定 自由 Ａシート グリーン 指定 自由 ライナー プレミアム 普通 
 × × × × × × × ▲ ▲ ▲ ○ － ▲ ▲ ○ 
 
 ○：乗車可 ▲：乗車券のみ有効 ×：乗車不可",['QRチケット'],1,tabiwa,ＪＲ西日本 TEL:,,https://app.tabi-wester.westjr.co.jp/eticketDetails?ticket_id=J0001900,"[{'text': 'JR西日本', 'url': 'https://app.tabi-wester.westjr.co.jp/eticketDetails?ticket_id=J0001900'}]",,https://www2s.biglobe.ne.jp/~t_aoyagi/railway/free/jrwest204.htm,jrwest204.htm,11,2026-08-10 01:30:50.424840+00:00,tabiwa関西エリアQR1dayパス,,,,https://www2s.biglobe.ne.jp/~t_aoyagi/railway/free/jrwest204.htm
jrwest152,JR西日本リアル謎解きゲーム 城之内レイコの大阪なぞガイド,ＪＲ西日本,['ＪＲ西日本'],1,FALSE,kinki,近畿,近畿,['近畿'],kikan,期間限定タイプ,期间限定,['デジタル'],FALSE,TRUE,ended,終了,,,2500,,2500,"大人：2,500円",１日間,1,2025年4月5日〜2025年12月28日,2025年4月5日〜2025年12月28日,,['https://www2s.biglobe.ne.jp/~t_aoyagi/railway/free/map/jrwest152.gif'],"新幹線 在来線特急・急行 快速・普通 宮島フェリー 
 サンライズ出雲 グリーン 指定 自由 ライナー グリーン 指定 自由 
 × × ▲ ▲ ▲ ▲ ▲ ▲ ○ － 
 
 ○：乗車可 ▲：乗車券のみ有効 ×：乗車不可",[],0,KANSAI MaaS,ＪＲ西日本 TEL:,,https://nazotoki-zepets.com/jr-nazo2025/,"[{'text': 'ＪＲ西日本', 'url': 'https://nazotoki-zepets.com/jr-nazo2025/'}]",,https://www2s.biglobe.ne.jp/~t_aoyagi/railway/free/jrwest152.htm,jrwest152.htm,12,2026-08-10 01:30:50.424840+00:00,JR西日本リアル謎解きゲーム 城之内レイコの大阪なぞガイド,,,,https://www2s.biglobe.ne.jp/~t_aoyagi/railway/free/jrwest152.htm
jrwest156,JR西日本×京都丹後鉄道 北近畿おでかけパス,ＪＲ西日本,['ＪＲ西日本' '京都丹後鉄道'],2,TRUE,kinki,近畿,近畿,['近畿'],kikan,期間限定タイプ,期间限定,['デジタル'],FALSE,TRUE,ended,終了,,,4800,2400,2400,"大人：4,800円／小人：2,400円",３日間,3,2025年4月1日〜2026年3月29日,2025年4月1日〜2026年3月31日,,['https://www2s.biglobe.ne.jp/~t_aoyagi/railway/free/map/jrwest156.gif'],"新幹線 在来線特急・急行 快速・普通 宮島フェリー 
 サンライズ出雲 グリーン 指定 自由 ライナー グリーン 指定 自由 
 × × ▲ ▲ ▲ ▲ ▲ ▲ ○ － 
 
 ○：乗車可 ▲：乗車券のみ有効 ×：乗車不可",[],0,KANSAI MaaS,ＪＲ西日本 TEL:,,https://tickets.jr-odekake.net/shohindb/view/consumer/tokutoku/detail.html?shnId=125000161,"[{'text': 'ＪＲ西日本', 'url': 'https://tickets.jr-odekake.net/shohindb/view/consumer/tokutoku/detail.html?shnId=125000161'}]",,https://www2s.biglobe.ne.jp/~t_aoyagi/railway/free/jrwest156.htm,jrwest156.htm,13,2026-08-10 01:30:50.424840+00:00,JR西日本×京都丹後鉄道 北近畿おでかけパス,,,,https://www2s.biglobe.ne.jp/~t_aoyagi/railway/free/jrwest156.htm
jrwest203,秋の京都丹波お出かけきっぷ,ＪＲ西日本,['ＪＲ西日本'],1,FALSE,kinki,近畿,近畿,['近畿'],kikan,期間限定タイプ,期间限定,['デジタル'],FALSE,TRUE,ended,終了,,,1200,,1200,"大人：1,200円／小人：---円",１日間,1,2025年10月22日〜2025年11月30日,2025年10月23日〜2025年11月30日,,['https://www2s.biglobe.ne.jp/~t_aoyagi/railway/free/map/jrwest203.gif'],"新幹線 在来線特急・急行 快速・普通 宮島フェリー 
 サンライズ WEST EXPRESS 銀河 はなあかり グリーン 指定 自由 Ａシート グリーン 指定 自由 
 × × × × × × × ▲ ▲ ▲ ○ － 
 
 ○：乗車可 ▲：乗車券のみ有効 ×：乗車不可",['QRチケット'],1,KANSAI MaaS,ＪＲ西日本 TEL:,,https://tickets.jr-odekake.net/shohindb/view/consumer/tokutoku/detail.html?shnId=125000323,"[{'text': 'JR西日本', 'url': 'https://tickets.jr-odekake.net/shohindb/view/consumer/tokutoku/detail.html?shnId=125000323'}]",,https://www2s.biglobe.ne.jp/~t_aoyagi/railway/free/jrwest203.htm,jrwest203.htm,14,2026-08-10 01:30:50.424840+00:00,秋の京都丹波お出かけきっぷ,,,,https://www2s.biglobe.ne.jp/~t_aoyagi/railway/free/jrwest203.htm
hankyu102,阪急・ＪＲ西日本 京都2wayパス,ＪＲ西日本,['ＪＲ西日本' '阪急電鉄'],2,TRUE,kinki,近畿,近畿,['近畿'],kikan,期間限定タイプ,期间限定,['デジタル'],FALSE,TRUE,ended,終了,,,1300,,1300,"大人 1,300円",1日,1,2025年4月1日〜2025年10月31日,2025年4月1日〜2025年10月31日,,['https://www2s.biglobe.ne.jp/~t_aoyagi/railway/free/map/hankyu102.gif'],,[],0,KANSAI MaaS,阪急梅田駅テレホンセンター TEL:06-6373-5290 (9:00〜19:00),,https://www.hankyu.co.jp/ticket/otoku/013764.html,"[{'text': '阪急電鉄', 'url': 'https://www.hankyu.co.jp/ticket/otoku/013764.html'}
 {'text': 'JR西日本', 'url': 'https://www.jr-odekake.net/railroad/ticket/tokutoku/kyoto_2-way_pass/'}]",,https://www2s.biglobe.ne.jp/~t_aoyagi/railway/free/hankyu102.htm,hankyu102.htm,15,2026-08-10 01:30:50.424840+00:00,阪急・ＪＲ西日本 京都２wayパス,,,,https://www2s.biglobe.ne.jp/~t_aoyagi/railway/free/hankyu102.htm
jrwest158,京都 京阪・JR西日本 QRパス,ＪＲ西日本,['ＪＲ西日本' '京阪電気鉄道'],2,TRUE,kinki,近畿,近畿,['近畿'],kikan,期間限定タイプ,期间限定,['デジタル'],FALSE,TRUE,ended,終了,,,800,,800,大人：800円,1日間,1,2025年4月1日〜2025年10月31日,2025年4月1日〜2025年10月31日,,['https://www2s.biglobe.ne.jp/~t_aoyagi/railway/free/map/jrwest158.gif'],"新幹線 在来線特急・急行 快速・普通 宮島フェリー 
 サンライズ出雲 グリーン 指定 自由 ライナー グリーン 指定 自由 
 × × ▲ ▲ ▲ ▲ ▲ ▲ ○ － 
 
 ○：乗車可 ▲：乗車券のみ有効 ×：乗車不可",[],0,KANSAI MaaS,ＪＲ西日本 TEL:,,https://www.jr-odekake.net/railroad/ticket/tokutoku/kyoto_qrpass/,"[{'text': 'ＪＲ西日本', 'url': 'https://www.jr-odekake.net/railroad/ticket/tokutoku/kyoto_qrpass/'}]",,https://www2s.biglobe.ne.jp/~t_aoyagi/railway/free/jrwest158.htm,jrwest158.htm,16,2026-08-10 01:30:50.424840+00:00,JR西・京阪 京都QRパス,,,,https://www2s.biglobe.ne.jp/~t_aoyagi/railway/free/jrwest158.htm
jrwest157,阪神・JR西日本 おでかけ1dayパス,ＪＲ西日本,['ＪＲ西日本'],1,FALSE,kinki,近畿,近畿,['近畿'],kikan,期間限定タイプ,期间限定,['デジタル'],FALSE,TRUE,ended,終了,,,1400,,1400,"大人：1,400円",1日間,1,2025年4月1日〜2025年10月31日,2025年4月1日〜2025年10月31日,,['https://www2s.biglobe.ne.jp/~t_aoyagi/railway/free/map/jrwest157.gif'],"新幹線 在来線特急・急行 快速・普通 宮島フェリー 
 サンライズ出雲 グリーン 指定 自由 ライナー グリーン 指定 自由 
 × × ▲ ▲ ▲ ▲ ▲ ▲ ○ － 
 
 ○：乗車可 ▲：乗車券のみ有効 ×：乗車不可",[],0,KANSAI MaaS,ＪＲ西日本 TEL:,,https://www.jr-odekake.net/railroad/ticket/tokutoku/meguri-freepass/,"[{'text': 'ＪＲ西日本', 'url': 'https://www.jr-odekake.net/railroad/ticket/tokutoku/meguri-freepass/'}]",,https://www2s.biglobe.ne.jp/~t_aoyagi/railway/free/jrwest157.htm,jrwest157.htm,17,2026-08-10 01:30:50.424840+00:00,阪神・JR西日本 おでかけ1dayパス,,,,https://www2s.biglobe.ne.jp/~t_aoyagi/railway/free/jrwest157.htm
jrwest153,ひょうごアクセス2dayパス,ＪＲ西日本,['ＪＲ西日本' '神戸新交通' '神戸市交通局' '神戸電鉄'],4,TRUE,kinki,近畿,近畿,['近畿'],kikan,期間限定タイプ,期间限定,['デジタル'],FALSE,TRUE,ended,終了,,,4600,,4600,"大人：4,600円",2日間,2,2025年4月11日〜2025年10月30日,2025年4月11日〜2025年10月31日,,['https://www2s.biglobe.ne.jp/~t_aoyagi/railway/free/map/jrwest153.gif'],"新幹線 在来線特急・急行 快速・普通 宮島フェリー 
 サンライズ出雲 グリーン 指定 自由 ライナー グリーン 指定 自由 
 × × ▲ ▲ ▲ ▲ ▲ ▲ ○ － 
 
 ○：乗車可 ▲：乗車券のみ有効 ×：乗車不可",[],0,KANSAI MaaS,ＪＲ西日本 TEL:,,https://www.jr-odekake.net/railroad/ticket/tokutoku/hyogo_access_2daypass/,"[{'text': 'ＪＲ西日本', 'url': 'https://www.jr-odekake.net/railroad/ticket/tokutoku/hyogo_access_2daypass/'}]",,https://www2s.biglobe.ne.jp/~t_aoyagi/railway/free/jrwest153.htm,jrwest153.htm,18,2026-08-10 01:30:50.424840+00:00,ひょうごアクセス2dayパス,,,,https://www2s.biglobe.ne.jp/~t_aoyagi/railway/free/jrwest153.htm
jrwest155,ぶらり加古川線tabiwa 1Dayパス,ＪＲ西日本,['ＪＲ西日本'],1,FALSE,kinki,近畿,近畿,['近畿'],kikan,期間限定タイプ,期间限定,['デジタル'],FALSE,TRUE,ended,終了,,,1200,,1200,"大人：1,200円",1日間,1,2025年4月13日〜2025年10月13日,2025年4月13日〜2025年10月13日,,['https://www2s.biglobe.ne.jp/~t_aoyagi/railway/free/map/jrwest155.gif'],"新幹線 在来線特急・急行 快速・普通 宮島フェリー 
 サンライズ出雲 グリーン 指定 自由 ライナー グリーン 指定 自由 
 × × ▲ ▲ ▲ ▲ ▲ ▲ ○ － 
 
 ○：乗車可 ▲：乗車券のみ有効 ×：乗車不可",[],0,tabiwa by WESTER,ＪＲ西日本 TEL:,,https://www.westjr.co.jp/press/article/items/250403_00_press_Kakogawaline_WESTERstamprally.pdf,"[{'text': 'ＪＲ西日本', 'url': 'https://www.westjr.co.jp/press/article/items/250403_00_press_Kakogawaline_WESTERstamprally.pdf'}]",,https://www2s.biglobe.ne.jp/~t_aoyagi/railway/free/jrwest155.htm,jrwest155.htm,19,2026-08-10 01:30:50.424840+00:00,ぶらり加古川線tabiwa 1Dayパス,,,,https://www2s.biglobe.ne.jp/~t_aoyagi/railway/free/jrwest155.htm
jrwest205,ONE KANSAI 伊勢志摩デジタル周遊フリーパス,ＪＲ西日本,['ＪＲ西日本' '近畿日本鉄道'],2,TRUE,kinki,近畿,近畿,['近畿'],kikan,期間限定タイプ,期间限定,['デジタル'],FALSE,TRUE,period,2026/8/10  〜2027/3/29,2026/8/10,2027/3/29,6200,,6200,"大人：6,200円／小人：----円",３日間,3,2026年8月10日〜2027年3月29日,2026年8月10日〜2027年3月31日,,['https://www2s.biglobe.ne.jp/~t_aoyagi/railway/free/map/jrwest205.gif'],"新幹線 在来線特急・急行 快速・普通 宮島フェリー 京阪電車 
 サンライズ WEST EXPRESS 銀河 はなあかり グリーン 指定 自由 Ａシート グリーン 指定 自由 ライナー プレミアム 普通 
 × × × × × × × ▲ ▲ ▲ ○ － ▲ ▲ ○ 
 
 ○：乗車可 ▲：乗車券のみ有効 ×：乗車不可",['QRチケット'],1,KANSAI MaaS,ＪＲ西日本 TEL:,,https://www.jr-odekake.net/ticket/tokutoku/iseshima_dp/,"[{'text': 'JR西日本', 'url': 'https://www.jr-odekake.net/ticket/tokutoku/iseshima_dp/'}]",,https://www2s.biglobe.ne.jp/~t_aoyagi/railway/free/jrwest205.htm,jrwest205.htm,20,2026-08-10 01:30:50.424840+00:00,ONE KANSAI 伊勢志摩デジタル周遊フリーパス,,,,https://www2s.biglobe.ne.jp/~t_aoyagi/railway/free/jrwest205.htm
iga01,伊賀鉄道一日フリー乗車券,伊賀鉄道,['伊賀鉄道'],1,FALSE,kinki,近畿,近畿,['近畿'],tunen,通年発売タイプ,全年发售,['実券' 'デジタル'],TRUE,TRUE,on_sale,発売中,,,800,400,400,大人：800円／小人：400円,１日間,1,発売中,発売中,,['https://www2s.biglobe.ne.jp/~t_aoyagi/railway/free/map/iga.gif'],,[],0,"上野市,茅町,伊賀神戸 
 RYDE PASS",伊賀鉄道・上野市駅 TEL:0595-21-3231,,https://www.igatetsu.co.jp/?p=804,"[{'text': '伊賀鉄道', 'url': 'https://www.igatetsu.co.jp/?p=804'}
 {'text': 'RYDE PASS', 'url': 'https://pass.ryde-go.com/products/DG98P5JSWD85'}]",,https://www2s.biglobe.ne.jp/~t_aoyagi/railway/free/iga01.htm,iga01.htm,21,2026-08-10 01:30:50.424840+00:00,伊賀鉄道一日フリー乗車券,,,,https://www2s.biglobe.ne.jp/~t_aoyagi/railway/free/iga01.htm
iga96,１日フリー乗車券(伊賀鉄道全線),伊賀鉄道,['伊賀鉄道'],1,FALSE,kinki,近畿,近畿,['近畿'],kikan,期間限定タイプ,期间限定,['デジタル'],FALSE,TRUE,ended,終了,,,700,350,350,大人：700円／小人：350円,１日間,1,2025年3月1日〜2026年2月28日,2025年3月1日〜2026年2月28日,,['https://www2s.biglobe.ne.jp/~t_aoyagi/railway/free/map/iga.gif'],,[],0,KANSAI MaaS,伊賀鉄道・上野市駅 TEL:0595-21-3231,,https://app.kansai-maas.jp/tickets/KMJW102500,"[{'text': 'KANSAI MaaS', 'url': 'https://app.kansai-maas.jp/tickets/KMJW102500'}]",,https://www2s.biglobe.ne.jp/~t_aoyagi/railway/free/iga96.htm,iga96.htm,22,2026-08-10 01:30:50.424840+00:00,１日フリー乗車券(伊賀鉄道全線),,,,https://www2s.biglobe.ne.jp/~t_aoyagi/railway/free/iga96.htm
iga97,デジタル割引一日フリー乗車券,伊賀鉄道,['伊賀鉄道'],1,FALSE,kinki,近畿,近畿,['近畿'],kikan,期間限定タイプ,期间限定,['デジタル'],FALSE,TRUE,ended,終了,,,600,300,300,大人：600円／小人：300円,１日間,1,2025年8月9日〜2025年8月23日,"2025年8月9日,10日,23日",,['https://www2s.biglobe.ne.jp/~t_aoyagi/railway/free/map/iga.gif'],,[],0,RYDE PASS,伊賀鉄道・上野市駅 TEL:0595-21-3231,,https://www.igatetsu.co.jp/?p=2672,"[{'text': '伊賀鉄道', 'url': 'https://www.igatetsu.co.jp/?p=2672'}
 {'text': 'RYDE PASS', 'url': 'https://pass.ryde-go.com/products/Q73G1MSP0XRV'}]",,https://www2s.biglobe.ne.jp/~t_aoyagi/railway/free/iga97.htm,iga97.htm,23,2026-08-10 01:30:50.424840+00:00,デジタル割引一日フリー乗車券,,,,https://www2s.biglobe.ne.jp/~t_aoyagi/railway/free/iga97.htm
iga41,【手裏剣体験＆ほうじ茶サービス付き】伊賀鉄道一日フリー乗車券,伊賀鉄道,['伊賀鉄道'],1,FALSE,kinki,近畿,近畿,['近畿'],kikan,期間限定タイプ,期间限定,['デジタル'],FALSE,TRUE,on_sale,発売中,,,800,400,400,大人：800円／小人：400円,１日間,1,発売中,発売中,,['https://www2s.biglobe.ne.jp/~t_aoyagi/railway/free/map/iga.gif'],,[],0,RYDE PASS,伊賀鉄道・上野市駅 TEL:0595-21-3231,,https://www.igatetsu.co.jp/?p=419,"[{'text': '伊賀鉄道', 'url': 'https://www.igatetsu.co.jp/?p=419'}
 {'text': 'RYDE PASS', 'url': 'https://pass.ryde-go.com/products/617394ZSQN80'}]",,https://www2s.biglobe.ne.jp/~t_aoyagi/railway/free/iga41.htm,iga41.htm,24,2026-08-10 01:30:50.424840+00:00,【手裏剣体験＆ほうじ茶サービス付き】 伊賀鉄道一日フリー乗車券,,,,https://www2s.biglobe.ne.jp/~t_aoyagi/railway/free/iga41.htm
iga42,【忍者ラテアートサービス付き】伊賀鉄道一日フリー乗車券,伊賀鉄道,['伊賀鉄道'],1,FALSE,kinki,近畿,近畿,['近畿'],kikan,期間限定タイプ,期间限定,['デジタル'],FALSE,TRUE,on_sale,発売中,,,800,400,400,大人：800円／小人：400円,１日間,1,発売中,発売中,,['https://www2s.biglobe.ne.jp/~t_aoyagi/railway/free/map/iga.gif'],,[],0,RYDE PASS,伊賀鉄道・上野市駅 TEL:0595-21-3231,,https://www.igatetsu.co.jp/?p=419,"[{'text': '伊賀鉄道', 'url': 'https://www.igatetsu.co.jp/?p=419'}
 {'text': 'RYDE PASS', 'url': 'https://pass.ryde-go.com/products/L2DRYQGSL03E'}]",,https://www2s.biglobe.ne.jp/~t_aoyagi/railway/free/iga42.htm,iga42.htm,25,2026-08-10 01:30:50.424840+00:00,【忍者ラテアートサービス付き】 伊賀鉄道一日フリー乗車券,,,,https://www2s.biglobe.ne.jp/~t_aoyagi/railway/free/iga42.htm
iga43,【花咲かりん1.000円以上お買上げ特典付き】伊賀鉄道一日フリー乗車券,伊賀鉄道,['伊賀鉄道'],1,FALSE,kinki,近畿,近畿,['近畿'],kikan,期間限定タイプ,期间限定,['デジタル'],FALSE,TRUE,on_sale,発売中,,,800,400,400,大人：800円／小人：400円,１日間,1,発売中,発売中,,['https://www2s.biglobe.ne.jp/~t_aoyagi/railway/free/map/iga.gif'],,[],0,RYDE PASS,伊賀鉄道・上野市駅 TEL:0595-21-3231,,https://www.igatetsu.co.jp/?p=419,"[{'text': '伊賀鉄道', 'url': 'https://www.igatetsu.co.jp/?p=419'}
 {'text': 'RYDE PASS', 'url': 'https://pass.ryde-go.com/products/GQVR04YSED39'}]",,https://www2s.biglobe.ne.jp/~t_aoyagi/railway/free/iga43.htm,iga43.htm,26,2026-08-10 01:30:50.424840+00:00,【花咲かりん1.000円以上お買上げ特典付き】 伊賀鉄道一日フリー乗車券,,,,https://www2s.biglobe.ne.jp/~t_aoyagi/railway/free/iga43.htm
iga44,【電車型マグネット付き】伊賀鉄道一日フリー乗車券,伊賀鉄道,['伊賀鉄道'],1,FALSE,kinki,近畿,近畿,['近畿'],kikan,期間限定タイプ,期间限定,['デジタル'],FALSE,TRUE,on_sale,発売中,,,1100,700,700,"大人：1,100円／小人：700円",１日間,1,発売中,発売中,,['https://www2s.biglobe.ne.jp/~t_aoyagi/railway/free/map/iga.gif'],,[],0,RYDE PASS,伊賀鉄道・上野市駅 TEL:0595-21-3231,,https://pass.ryde-go.com/products/EPY36LKSGZ81,"[{'text': 'RYDE PASS', 'url': 'https://pass.ryde-go.com/products/EPY36LKSGZ81'}]",,https://www2s.biglobe.ne.jp/~t_aoyagi/railway/free/iga44.htm,iga44.htm,27,2026-08-10 01:30:50.424840+00:00,【電車型マグネット付き】 伊賀鉄道一日フリー乗車券,,,,https://www2s.biglobe.ne.jp/~t_aoyagi/railway/free/iga44.htm
iga45,【伊賀酒試飲コイン付き】伊賀鉄道一日フリー乗車券,伊賀鉄道,['伊賀鉄道'],1,FALSE,kinki,近畿,近畿,['近畿'],kikan,期間限定タイプ,期间限定,['デジタル'],FALSE,TRUE,on_sale,発売中,,,800,400,400,大人：800円／小人：400円,１日間,1,発売中,発売中,,['https://www2s.biglobe.ne.jp/~t_aoyagi/railway/free/map/iga.gif'],,['試飲券は菊野商店の営業日・営業時間内のみ使用可' '小人は試飲不可。'],2,RYDE PASS,伊賀鉄道・上野市駅 TEL:0595-21-3231,,https://pass.ryde-go.com/products/DMW849MSJW37,"[{'text': 'RYDE PASS', 'url': 'https://pass.ryde-go.com/products/DMW849MSJW37'}]",,https://www2s.biglobe.ne.jp/~t_aoyagi/railway/free/iga45.htm,iga45.htm,28,2026-08-10 01:30:50.424840+00:00,【伊賀酒試飲コイン付き】 伊賀鉄道一日フリー乗車券,,,,https://www2s.biglobe.ne.jp/~t_aoyagi/railway/free/iga45.htm
iga49,【★伊賀流忍者博物館★入場券付き】伊賀鉄道一日フリー乗車券,伊賀鉄道,['伊賀鉄道'],1,FALSE,kinki,近畿,近畿,['近畿'],kikan,期間限定タイプ,期间限定,['デジタル'],FALSE,TRUE,on_sale,発売中,,,,,1200,"上忍：1,900円(高校生以上) 
 中忍：1,600円(中学生) 
 下忍：1,200円(小学生)",１日間,1,発売中,発売中,,['https://www2s.biglobe.ne.jp/~t_aoyagi/railway/free/map/iga.gif'],,[],0,RYDE PASS,伊賀鉄道・上野市駅 TEL:0595-21-3231,,https://pass.ryde-go.com/products/Q73G1MS2GWRV,"[{'text': 'RYDE PASS', 'url': 'https://pass.ryde-go.com/products/Q73G1MS2GWRV'}]",,https://www2s.biglobe.ne.jp/~t_aoyagi/railway/free/iga49.htm,iga49.htm,29,2026-08-10 01:30:50.424840+00:00,【★伊賀流忍者博物館★入場券付き】 伊賀鉄道一日フリー乗車券,,,,https://www2s.biglobe.ne.jp/~t_aoyagi/railway/free/iga49.htm
iga95,★ワンコイン★１日フリー乗車券,伊賀鉄道,['伊賀鉄道'],1,FALSE,kinki,近畿,近畿,['近畿'],kikan,期間限定タイプ,期间限定,['デジタル'],FALSE,TRUE,ended,終了,,,500,250,250,大人：500円 小人：250円,１日間,1,"2024年7月29日〜2024年8月24日 
 2024年9月27日〜2024年10月20日 
 2024年9月27日〜2024年10月14日","2024年8月11日,8月11日,8月24日",,['https://www2s.biglobe.ne.jp/~t_aoyagi/railway/free/map/iga.gif'],,[],0,"2024年7月29日〜2024年8月24日： RYDE PASS 
 
2024年9月27日〜2024年10月20日： RYDE PASS 
 
2024年9月27日〜2024年10月14日： RYDE PASS",伊賀鉄道 TEL:0595-21-3231,,https://www.igatetsu.co.jp/?p=2060,"[{'text': '伊賀鉄道', 'url': 'https://www.igatetsu.co.jp/?p=2060'}
 {'text': 'RYDE PASS', 'url': 'https://pass.ryde-go.com/products/DG9RP5JSM2R5'}
 {'text': 'RYDE PASS', 'url': 'https://pass.ryde-go.com/products/DG9RP5JSM2R5'}]",,https://www2s.biglobe.ne.jp/~t_aoyagi/railway/free/iga95.htm,iga95.htm,30,2026-08-10 01:30:50.424840+00:00,★ワンコイン★１日フリー乗車券,,,,https://www2s.biglobe.ne.jp/~t_aoyagi/railway/free/iga95.htm
omi11,１デイ・スマイルチケット,近江鉄道,['近江鉄道'],1,FALSE,kinki,近畿,近畿,['近畿'],tunen,通年発売タイプ,全年发售,['デジタル'],FALSE,TRUE,on_sale,発売中,,,1500,,1500,"大人：1,500円／中高生：1,000円",１日,1,通年,通年,,['https://www2s.biglobe.ne.jp/~t_aoyagi/railway/free/map/omi.gif'],,['12月30日〜1月3日は使用不可'],1,"大人 ： RYDE PASS 
 中高生： iCONPASS",近江鉄道 TEL:0749-22-3303,,https://www.ohmitetudo.co.jp/railway/ride/ticket/1day/,"[{'text': '近江鉄道', 'url': 'https://www.ohmitetudo.co.jp/railway/ride/ticket/1day/'}
 {'text': 'RYDE PASS', 'url': 'https://pass.ryde-go.com/products/DV8DYDSJME8X'}]",,https://www2s.biglobe.ne.jp/~t_aoyagi/railway/free/omi11.htm,omi11.htm,31,2026-08-10 01:30:50.424840+00:00,１デイ・スマイルチケット,,,,https://www2s.biglobe.ne.jp/~t_aoyagi/railway/free/omi11.htm
omi95,お〜み満喫パス,近江鉄道,['近江鉄道'],1,FALSE,kinki,近畿,近畿,['近畿'],tunen,通年発売タイプ,全年发售,['デジタル'],FALSE,TRUE,on_sale,発売中,,,2500,,2500,"おとな：2,500円",１日,1,通年,通年,,['https://www2s.biglobe.ne.jp/~t_aoyagi/railway/free/map/omi95.gif'],,[],0,RYDE PASS,"近江鉄道・鉄道部運輸課 TEL:0749-22-3303 
 （8:30〜17:30 土曜・日曜・祝日は除く）",,https://www.ohmitetudo.co.jp/railway/ride/ticket/mankitsu/,"[{'text': '近江鉄道', 'url': 'https://www.ohmitetudo.co.jp/railway/ride/ticket/mankitsu/'}
 {'text': 'RYDE PASS', 'url': 'https://pass.ryde-go.com/products/9E3N25SXQVR7'}]",,https://www2s.biglobe.ne.jp/~t_aoyagi/railway/free/omi95.htm,omi95.htm,32,2026-08-10 01:30:50.424840+00:00,お〜み満喫パス,,,,https://www2s.biglobe.ne.jp/~t_aoyagi/railway/free/omi95.htm
biwakokeihanna,びわこ京阪奈線フリーキップ,近江鉄道,['近江鉄道' '信楽高原鐵道'],2,TRUE,kinki,近畿,近畿,['近畿'],holiday,週末限定タイプ,周末限定,['デジタル'],FALSE,TRUE,on_sale,発売中,,,2000,,2000,"大人：2,000円",１日(発売当日限り有効),1,土日祝日,土日祝日,,['https://www2s.biglobe.ne.jp/~t_aoyagi/railway/free/map/biwakokeihanna.gif'],,[],0,RYDE PASS(近江鉄道) RYDE PASS(信楽高原鐵道),"近江鉄道・鉄道部運輸課 TEL:0749-22-3303 
 信楽高原鐵道 TEL:0748-82-3391",,https://www.ohmitetudo.co.jp/railway/ride/ticket/biwako-keihannna/,"[{'text': '近江鉄道', 'url': 'https://www.ohmitetudo.co.jp/railway/ride/ticket/biwako-keihannna/'}
 {'text': '信楽高原鐵道', 'url': 'http://koka-skr.co.jp/keihanna.html'}
 {'text': 'RYDE PASS(近江鉄道)', 'url': 'https://pass.ryde-go.com/products/DG98P5JSLK85'}
 {'text': 'RYDE PASS(信楽高原鐵道)', 'url': 'https://pass.ryde-go.com/products/DG9RP5JS9KR5'}]",,https://www2s.biglobe.ne.jp/~t_aoyagi/railway/free/biwakokeihanna.htm,biwakokeihanna.htm,33,2026-08-10 01:30:50.424840+00:00,びわこ京阪奈線フリーきっぷ,,,,https://www2s.biglobe.ne.jp/~t_aoyagi/railway/free/biwakokeihanna.htm
omi90,ワンコインスマイルきっぷ,近江鉄道,['近江鉄道'],1,FALSE,kinki,近畿,近畿,['近畿'],kikan,期間限定タイプ,期间限定,['実券'],TRUE,FALSE,ended,終了,,,500,100,100,大人：500円／小人：100円,１日,1,2023年9月15日〜2023年11月26日,2023年9月15日〜2023年11月26日の金・土・日・祝,,['https://www2s.biglobe.ne.jp/~t_aoyagi/railway/free/map/omi.gif'],,[],0,"近江鉄道の有人駅,電車内 
 RYDE PASS（ライドパス）アプリ",近江鉄道株式会社 鉄道部運輸課 TEL:0749-22-3303,,https://www.ohmitetudo.co.jp/railway/ride/ticket/one-coin2023/,"[{'text': '近江鉄道', 'url': 'https://www.ohmitetudo.co.jp/railway/ride/ticket/one-coin2023/'}
 {'text': 'RYDE PASS（ライドパス）アプリ', 'url': 'https://pass.ryde-go.com/products/EPY36LKS4W81'}]",,https://www2s.biglobe.ne.jp/~t_aoyagi/railway/free/omi90.htm,omi90.htm,34,2026-08-10 01:30:50.424840+00:00,ワンコインスマイルきっぷ,,,,https://www2s.biglobe.ne.jp/~t_aoyagi/railway/free/omi90.htm
omi85,八日市線ワンコインきっぷ,近江鉄道,['近江鉄道'],1,FALSE,kinki,近畿,近畿,['近畿'],kikan,期間限定タイプ,期间限定,['実券'],TRUE,FALSE,ended,終了,,,500,,500,おとな：500円 こども：---円,１日,1,2020年10月1日〜2020年11月2日,2020年10月1日〜2020年11月2日の月〜木,,['https://www2s.biglobe.ne.jp/~t_aoyagi/railway/free/map/omi85.gif'],,[],0,"八日市,近江八幡",東近江市都市整備部・公共交通政策課 TEL:0748-24-5658,,http://www.ohmitetudo.co.jp/railway/31855/index.html/,"[{'text': '近江鉄道', 'url': 'http://www.ohmitetudo.co.jp/railway/31855/index.html/'}]",,https://www2s.biglobe.ne.jp/~t_aoyagi/railway/free/omi85.htm,omi85.htm,35,2026-08-10 01:30:50.424840+00:00,八日市線ワンコインきっぷ,,,,https://www2s.biglobe.ne.jp/~t_aoyagi/railway/free/omi85.htm
omi81,びわこジャズ東近江コラボ １デイ・スマイルチケット,近江鉄道,['近江鉄道'],1,FALSE,kinki,近畿,近畿,['近畿'],kikan,期間限定タイプ,期间限定,['実券'],TRUE,FALSE,ended,終了,,,900,450,450,大人：900円／小人：450円,１日,1,2024年4月27日〜2024年4月28日,2024年4月27日〜2024年4月28日,,['https://www2s.biglobe.ne.jp/~t_aoyagi/railway/free/map/omi.gif'],,[],0,"米原,彦根,高宮,八日市,近江八幡,日野,貴生川",近江鉄道 TEL:0749-22-3303,,http://www.ohmitetudo.co.jp/railway/biwakojazz2024,"[{'text': '近江鉄道', 'url': 'http://www.ohmitetudo.co.jp/railway/biwakojazz2024'}]",,https://www2s.biglobe.ne.jp/~t_aoyagi/railway/free/omi81.htm,omi81.htm,36,2026-08-10 01:30:50.424840+00:00,びわこジャズ東近江コラボ １デイ・スマイルチケット,,,,https://www2s.biglobe.ne.jp/~t_aoyagi/railway/free/omi81.htm
omi82,ガチャコンまつり500円フリーきっぷ,近江鉄道,['近江鉄道'],1,FALSE,kinki,近畿,近畿,['近畿'],kikan,期間限定タイプ,期间限定,['実券'],TRUE,FALSE,ended,終了,,,500,,500,大人：500円,１日,1,2023年6月24日,2023年6月24日,,['https://www2s.biglobe.ne.jp/~t_aoyagi/railway/free/map/omi.gif'],,[],0,"米原,彦根,高宮,八日市,近江八幡,日野,貴生川",近江鉄道 TEL:0749-22-3303,,http://www.ohmitetudo.co.jp/railway/icoico/event/gatyakonmatsuri2023,"[{'text': '近江鉄道', 'url': 'http://www.ohmitetudo.co.jp/railway/icoico/event/gatyakonmatsuri2023'}]",,https://www2s.biglobe.ne.jp/~t_aoyagi/railway/free/omi82.htm,omi82.htm,37,2026-08-10 01:30:50.424840+00:00,ガチャコンまつり500円フリーきっぷ,,,,https://www2s.biglobe.ne.jp/~t_aoyagi/railway/free/omi82.htm
omi86,ガチャフェス乗車券,近江鉄道,['近江鉄道'],1,FALSE,kinki,近畿,近畿,['近畿'],kikan,期間限定タイプ,期间限定,['実券'],TRUE,FALSE,ended,終了,,,100,,100,大人：100円／小人：無料,１日,1,2024年10月19日,2024年10月19日,,['https://www2s.biglobe.ne.jp/~t_aoyagi/railway/free/map/omi.gif'],,[],0,"近江鉄道線各駅 
 
米原,彦根,彦根口,高宮,愛知川,八日市,日野,水口,水口城南,貴生川,スクリーン,新八日市,平田,近江八幡",近江鉄道 TEL:0749-22-3303,,https://www.ohmitetudo.co.jp/file.jsp?id=13233,"[{'text': '近江鉄道', 'url': 'https://www.ohmitetudo.co.jp/file.jsp?id=13233'}]",,https://www2s.biglobe.ne.jp/~t_aoyagi/railway/free/omi86.htm,omi86.htm,38,2026-08-10 01:30:50.424840+00:00,ガチャフェス乗車券,,,,https://www2s.biglobe.ne.jp/~t_aoyagi/railway/free/omi86.htm
omi87,ハッピーライドパス,近江鉄道,['近江鉄道'],1,FALSE,kinki,近畿,近畿,['近畿'],kikan,期間限定タイプ,期间限定,['デジタル'],FALSE,TRUE,ended,終了,,,400,10,10,大人：400円／小人：10円,１日,1,2024年10月25日〜2025年1月13日,"2024年10月25日〜2025年1月13日の金・土休日 
 2024年12月30日〜2025年1月2日",,['https://www2s.biglobe.ne.jp/~t_aoyagi/railway/free/map/omi.gif'],,['小人用のみの購入不可'],1,"近江鉄道線各駅 
 
米原,彦根,彦根口,高宮,愛知川,八日市,日野,水口,水口城南,貴生川,スクリーン,多賀大社前(初詣期間のみ),
新八日市,平田,近江八幡 
 
電車内(乗務員から購入)",近江鉄道 TEL:0749-22-3303,,https://www.ohmitetudo.co.jp/file.jsp?id=13539,"[{'text': '近江鉄道', 'url': 'https://www.ohmitetudo.co.jp/file.jsp?id=13539'}]",,https://www2s.biglobe.ne.jp/~t_aoyagi/railway/free/omi87.htm,omi87.htm,39,2026-08-10 01:30:50.424840+00:00,1DAYエンジョイパス,,,,https://www2s.biglobe.ne.jp/~t_aoyagi/railway/free/omi87.htm
omi88,1DAYエンジョイパス,近江鉄道,['近江鉄道'],1,FALSE,kinki,近畿,近畿,['近畿'],kikan,期間限定タイプ,期间限定,['実券'],TRUE,FALSE,ended,終了,,,,,,,,,,,,,,,,,,,,,,https://www2s.biglobe.ne.jp/~t_aoyagi/railway/free/omi88.htm,omi88.htm,40,2026-08-10 01:30:50.424840+00:00,,,,,https://www2s.biglobe.ne.jp/~t_aoyagi/railway/free/omi88.htm
omi96,春休みこども10円1デイパス,近江鉄道,['近江鉄道'],1,FALSE,kinki,近畿,近畿,['近畿'],spring,春期間限定タイプ,春季限定,['実券'],TRUE,FALSE,ended,終了,,,,10,10,小人：10円,1日,1,2025年3月22日〜2025年4月6日,2025年3月22日〜2025年4月6日,,['https://www2s.biglobe.ne.jp/~t_aoyagi/railway/free/map/omi.gif'],,[],0,"米原,彦根,彦根口,高宮,愛知川,八日市,日野,水口,水口城南,貴生川,新八日市,平田,近江八幡,スクリーン","近江鉄道 TEL:0749-22-3303 
 （8:30〜17:30 土曜・日曜・祝日は除く）",,https://www.ohmitetudo.co.jp/file.jsp?id=15021,"[{'text': '近江鉄道', 'url': 'https://www.ohmitetudo.co.jp/file.jsp?id=15021'}]",,https://www2s.biglobe.ne.jp/~t_aoyagi/railway/free/omi96.htm,omi96.htm,41,2026-08-10 01:30:50.424840+00:00,春休みこども10円1デイパス,,,,https://www2s.biglobe.ne.jp/~t_aoyagi/railway/free/omi96.htm
omi92,夏休みこども10円1デイパス,近江鉄道,['近江鉄道'],1,FALSE,kinki,近畿,近畿,['近畿'],summer,夏限定タイプ,夏季限定,['実券'],TRUE,FALSE,ended,終了,,,,10,10,小人：10円,1日,1,2025年7月19日〜2025年8月31日,2025年7月19日〜2025年8月31日,,['https://www2s.biglobe.ne.jp/~t_aoyagi/railway/free/map/omi.gif'],,[],0,近江鉄道有人駅,"近江鉄道 TEL:0749-22-3303 
 （8:30〜17:30 土曜・日曜・祝日は除く）",,https://www.ohmitetudo.co.jp/file.jsp?id=16086,"[{'text': '近江鉄道', 'url': 'https://www.ohmitetudo.co.jp/file.jsp?id=16086'}]",,https://www2s.biglobe.ne.jp/~t_aoyagi/railway/free/omi92.htm,omi92.htm,42,2026-08-10 01:30:50.424840+00:00,夏休みこども10円1デイパス,,,,https://www2s.biglobe.ne.jp/~t_aoyagi/railway/free/omi92.htm
omi12,１デイ・スマイルチケット【年末年始特別発売】,近江鉄道,['近江鉄道'],1,FALSE,kinki,近畿,近畿,['近畿'],winter,年末年始限定タイプ,年末年初限定,['実券'],TRUE,FALSE,ended,終了,,,900,450,450,大人：900円／小人：450円,１日,1,2025年12月30日〜2026年1月4日,2025年12月30日〜2026年1月4日,,['https://www2s.biglobe.ne.jp/~t_aoyagi/railway/free/map/omi.gif'],,[],0,"近江鉄道の有人駅(米原,彦根,八日市,近江八幡,貴生川,高宮,日野)",近江鉄道 TEL:0749-22-3303,,https://www.ohmitetudo.co.jp/file.jsp?id=17537,"[{'text': '近江鉄道', 'url': 'https://www.ohmitetudo.co.jp/file.jsp?id=17537'}]",,https://www2s.biglobe.ne.jp/~t_aoyagi/railway/free/omi12.htm,omi12.htm,43,2026-08-10 01:30:50.424840+00:00,１デイ・スマイルチケット 【年末年始特別発売】,,,,https://www2s.biglobe.ne.jp/~t_aoyagi/railway/free/omi12.htm
shigaraki11,信楽高原鐵道フリー乗車券,信楽高原鐵道,['信楽高原鐵道'],1,FALSE,kinki,近畿,近畿,['近畿'],tunen,通年発売タイプ,全年发售,['デジタル'],FALSE,TRUE,on_sale,発売中,,,940,480,480,大人：940円／小人：480円,１日間,1,発売中,発売中,,['https://www2s.biglobe.ne.jp/~t_aoyagi/railway/free/map/shigaraki.gif'],,[],0,RYDE PASS,信楽高原鐵道 TEL:0748-82-3391,,https://pass.ryde-go.com/products/EPY86LKS2WR1,"[{'text': 'RYDE PASS', 'url': 'https://pass.ryde-go.com/products/EPY86LKS2WR1'}
 {'text': '信楽高原鐵道', 'url': 'https://koka-skr.co.jp/news/archives/1504'}]",,https://www2s.biglobe.ne.jp/~t_aoyagi/railway/free/shigaraki11.htm,shigaraki11.htm,44,2026-08-10 01:30:50.424840+00:00,信楽高原鐵道フリー乗車券,,,,https://www2s.biglobe.ne.jp/~t_aoyagi/railway/free/shigaraki11.htm
shigaraki12,ＳＫＲコミバス共通フリー乗車券,信楽高原鐵道,['信楽高原鐵道'],1,FALSE,kinki,近畿,近畿,['近畿'],tunen,通年発売タイプ,全年发售,['実券'],TRUE,FALSE,on_sale,発売中,,,1200,600,600,"大人：1,200円／小人：600円",１日間,1,発売中,発売中,,['https://www2s.biglobe.ne.jp/~t_aoyagi/railway/free/map/shigaraki12.gif'],,[],0,"甲賀市役所水口庁舎,各２３地域市民センター,水口医療介護センタ－ 
 
滋賀バス株式会社各営業所（甲西・信楽・水口営業所） 
 
株式会社シガ・エージェントシステム（近江土山停留所） 
 
信楽高原鐵道信楽駅 
 
 RYDE PASS",信楽高原鐵道 TEL:0748-82-3391,,https://www.city.koka.lg.jp/7956.htm,"[{'text': '甲賀市', 'url': 'https://www.city.koka.lg.jp/7956.htm'}
 {'text': 'RYDE PASS', 'url': 'https://pass.ryde-go.com/products/X078W0DSDG8Z'}]",,https://www2s.biglobe.ne.jp/~t_aoyagi/railway/free/shigaraki12.htm,shigaraki12.htm,45,2026-08-10 01:30:50.424840+00:00,ＳＫＲコミバス共通フリー乗車券,,,,https://www2s.biglobe.ne.jp/~t_aoyagi/railway/free/shigaraki12.htm
shigaraki94,たぬきっぷ,信楽高原鐵道,['信楽高原鐵道'],1,FALSE,kinki,近畿,近畿,['近畿'],kikan,期間限定タイプ,期间限定,['実券'],TRUE,FALSE,ended,終了,,,940,480,480,大人：940円／小人：480円,１日間,1,2025年10月1日〜2025年12月31日,2025年10月1日〜2025年12月31日,,['https://www2s.biglobe.ne.jp/~t_aoyagi/railway/free/map/shigaraki.gif'],,[],0,信楽駅,信楽高原鐵道 TEL:0748-82-3391,,https://koka-skr.co.jp/news/archives/2509,"[{'text': '信楽高原鉄道', 'url': 'https://koka-skr.co.jp/news/archives/2509'}]",,https://www2s.biglobe.ne.jp/~t_aoyagi/railway/free/shigaraki94.htm,shigaraki94.htm,47,2026-08-10 01:30:50.424840+00:00,たぬきっぷ,,,,https://www2s.biglobe.ne.jp/~t_aoyagi/railway/free/shigaraki94.htm
kyoto12,地下鉄・バス一日券,京都市交通局,['京都市交通局'],1,FALSE,kinki,近畿,近畿,['近畿'],tunen,通年発売タイプ,全年发售,['実券' 'デジタル'],TRUE,TRUE,on_sale,発売中,,,1100,550,550,"大人：1,100円／小人：550円",１日間,1,発売中,発売中,,['https://www2s.biglobe.ne.jp/~t_aoyagi/railway/free/map/kyoto03.gif'],,[],0,"京都市交通局：市バス・地下鉄案内所、定期券販売所,地下鉄駅窓口,市バス営業所 
 京都バス：出町柳案内所、嵐山・高野営業所 
 京阪バス：山科駅,京都駅八条口案内所,山科営業所 
 KANSAI MaaS","京都市交通局 TEL:075-801-2561 
 京都バス TEL:075-871-7521",,https://oneday-pass.kyoto/,"[{'text': '地下鉄・バス一日券', 'url': 'https://oneday-pass.kyoto/'}
 {'text': '京都市交通局', 'url': 'https://www.city.kyoto.lg.jp/kotsu/page/0000028378.html'}
 {'text': 'KANSAI MaaS', 'url': 'https://app.kansai-maas.jp/tickets/KMJW309400'}]",,https://www2s.biglobe.ne.jp/~t_aoyagi/railway/free/kyoto12.htm,kyoto12.htm,48,2026-08-10 01:30:50.424840+00:00,地下鉄・バス一日券,,,,https://www2s.biglobe.ne.jp/~t_aoyagi/railway/free/kyoto12.htm
kyoto11,地下鉄一日券,京都市交通局,['京都市交通局'],1,FALSE,kinki,近畿,近畿,['近畿'],tunen,通年発売タイプ,全年发售,['実券'],TRUE,FALSE,on_sale,発売中,,,800,400,400,大人：800円／小人：400円,１日間,1,通年,通年,,['https://www2s.biglobe.ne.jp/~t_aoyagi/railway/free/map/kyoto.gif'],,[],0,地下鉄各駅，市バス・地下鉄案内所，定期券発売所及び地下鉄駅売店,京都市交通局 TEL:075-801-2561,,http://www.city.kyoto.lg.jp/kotsu/page/0000028376.html,"[{'text': '京都市交通局', 'url': 'http://www.city.kyoto.lg.jp/kotsu/page/0000028376.html'}]",,https://www2s.biglobe.ne.jp/~t_aoyagi/railway/free/kyoto11.htm,kyoto11.htm,49,2026-08-10 01:30:50.424840+00:00,地下鉄一日券,,,,https://www2s.biglobe.ne.jp/~t_aoyagi/railway/free/kyoto11.htm
naraikaruga,奈良・斑鳩1dayチケット,京都市交通局,"['京都市交通局' '京阪電気鉄道' '阪急電鉄' '能勢電鉄' '阪神電気鉄道' '大阪市高速電気軌道 (大阪メトロ)' '北大阪急行電鉄'
 '大阪高速鉄道' '神戸市交通局' '神戸電鉄' '神戸高速鉄道' '山陽電気鉄道']",12,TRUE,kinki,近畿,近畿,['近畿'],tunen,通年発売タイプ,全年发售,['実券'],TRUE,FALSE,period,〜2027/3/31,,2027/3/31,,,2100,"発売社局 発売形態 発売額 
 京都市交通局 2,200円 
 京阪電気鉄道 2,200円 
 阪急電鉄 2,450円 
 阪神電気鉄道 2,100円 
 大阪市高速電気軌道 2,200円 
 能勢電鉄 2,850円 
 北大阪急行電鉄 2,300円 
 大阪高速鉄道 3,600円 
 神戸高速鉄道 2,300円 
 山陽版① 2,800円 
 山陽版② 3,100円 
 神戸市交通局 2,700円 
 神戸電鉄 3,000円",１日間,1,2026年4月1日〜2027年3月31日,2026年4月1日〜2027年3月31日,"発売社局 有効区間 
 京都市交通局 共通フリー区間 
 京都市営地下鉄全線 
 京阪電気鉄道 共通フリー区間 
 京阪電気鉄道全線(鋼索線,大津線を除く) 
 阪急電鉄 共通フリー区間 
 阪急電鉄全線(神戸高速線を除く) 
 大阪メトロ全線(夢洲駅は乗降不可) 
 阪神電気鉄道 共通フリー区間 
 阪神電気鉄道全線(神戸高速線を除く,阪神なんば線経由) 
 大阪市高速電気軌道 共通フリー区間 
 共通フリー区間 
 大阪メトロ・バス全線(夢洲駅は乗降不可) 
 北大阪急行 共通フリー区間 
 北大阪急行全線 
 大阪メトロ全線(夢洲駅は乗降不可) 
 
 大阪高速鉄道 共通フリー区間 
 大阪モノレール全線 
 北大阪急行(江坂－千里中央) 
 大阪メトロ全線(夢洲駅は乗降不可) 
 
 能勢電鉄 共通フリー区間 
 能勢電鉄全線 
 阪急電鉄全線(神戸高速線を除く) 
 大阪メトロ全線(夢洲駅は乗降不可) 
 山陽電気鉄道 
 山陽版① 共通フリー区間(上図) 
 山陽電気鉄道(明石〜西代) 
 神戸高速鉄道(西代〜阪神元町) 
 阪神電気鉄道全線(阪神なんば線経由) 
 山陽電気鉄道 
 山陽版② 共通フリー区間(上図) 
 山陽電気鉄道全線 
 神戸高速鉄道(西代〜阪神元町) 
 阪神電気鉄道全線(阪神なんば線経由) 
 神戸高速鉄道 共通フリー区間 
 阪神電気鉄道全線(阪神なんば線経由) 
 神戸高速線全線 
 神戸市交通局 共通フリー区間 
 阪神電気鉄道全線(神戸高速線を除く,阪神なんば線経由) 
 神戸市営地下鉄全線(三宮経由) 
 神戸電鉄 共通フリー区間 
 神戸電鉄全線 
 阪神電気鉄道全線(阪神なんば線経由) 
 神戸高速線（湊川〜新開地〜阪神元町）",['https://www2s.biglobe.ne.jp/~t_aoyagi/railway/free/map/naraikaruga.gif'],,['有料特急を利用する際は別途特急券が必要'],1,"乗車券名 発売箇所 
 京都市交通局 市バス地下鉄案内所,定期券販売所 
 京阪電気鉄道 淀屋橋,天満橋,京橋,守口市,寝屋川市,香里園,枚方市,樟葉,中書島,四条,三条,出町柳 
 阪急電鉄版 駅サービスセンタ,梅田駅インフォメーションギャラリー 
 阪神電気鉄道版 各駅 
 山陽電気鉄道版① 西代,板宿,東須磨,須磨,垂水,明石 
 板宿、垂水、明石の各定期券発売所,ご案内センター（明石） 
 山陽電気鉄道版② 明石,東二見,高砂,大塩,飾磨,姫路,網干 
 明石,東二見,高砂,飾磨,姫路の各定期券発売所,ご案内センター（明石） 
 大阪市交通局 地下鉄駅構内定期販売所,市営交通案内コーナ,市営交通アクセスガイド 
 泉北高速鉄道版 駅定期券発売所,定期券予約所 
 能勢電鉄版 平野,山下,川西能勢口駅サービスセンター 
 北大阪急行版 千里中央,桃山台,緑地公園 
 大阪モノレール版 各駅窓口 
 神戸高速鉄道版 高速神戸,新開地,高速長田 
 神戸市交通局版 神戸市営地下鉄各駅窓口・駅売店 
 神戸電鉄版 神戸電鉄主要駅,駅売店,神鉄グループ総合案内所,委託発売所,企画乗車券自動販売機",,,http://www.city.kyoto.lg.jp/kotsu/page/0000033599.html,"[{'text': '京都市交通局', 'url': 'http://www.city.kyoto.lg.jp/kotsu/page/0000033599.html'}
 {'text': '近畿日本鉄道', 'url': 'https://www.kintetsu.co.jp/senden/Railway/Ticket/ikaruga/'}
 {'text': '阪急電鉄', 'url': 'https://www.hankyu.co.jp/ticket/otoku/013811.html'}
 {'text': '能勢電鉄', 'url': 'https://noseden.hankyu.co.jp/ticket/gain_detail/c678b0f4a9253cd.html'}
 {'text': '京阪電気鉄道', 'url': 'https://www.keihan.co.jp/traffic/valueticket/ticket/nara1day/'}
 {'text': '大阪市高速電気軌道', 'url': 'https://subway.osakametro.co.jp/guide/fare/category_digital_tickets/digital_tickets/digital_joshaken.php#nara-ikaruga'}
 {'text': '阪神電気鉄道', 'url': 'https://www.hanshin.co.jp/ticket/otoku/detail/004411.html'}
 {'text': '北大阪急行', 'url': 'https://www.kita-kyu.co.jp/train/ticket/value/#plan'}
 {'text': '大阪高速鉄道', 'url': 'https://www.osaka-monorail.co.jp/ticket/value/36'}
 {'text': '山陽電気鉄道', 'url': 'http://www.sanyo-railway.co.jp/railway/untin/ticket09.html'}
 {'text': '神戸電鉄', 'url': 'https://www.shintetsu.co.jp/railway/ticket/detail/nara_ikaruga.html'}
 {'text': '神戸市交通局', 'url': 'https://kotsu.city.kobe.lg.jp/ensen-navi/bus-railway/nara-ikaruga1day/'}]",,https://www2s.biglobe.ne.jp/~t_aoyagi/railway/free/naraikaruga.htm,naraikaruga.htm,50,2026-08-10 01:30:50.424840+00:00,奈良・斑鳩1dayチケット,,,,https://www2s.biglobe.ne.jp/~t_aoyagi/railway/free/naraikaruga.htm
kyotoaraden,京都地下鉄・嵐電1dayチケット,京都市交通局,['京都市交通局' '京福電気鉄道 (嵐電)'],2,TRUE,kinki,近畿,近畿,['近畿'],tunen,通年発売タイプ,全年发售,['実券'],TRUE,FALSE,period,〜2027/3/31,,2027/3/31,1300,,1300,"大人：1,300円",１日,1,2026年4月1日〜2027年3月31日,2026年4月1日〜2027年4月30日,,['https://www2s.biglobe.ne.jp/~t_aoyagi/railway/free/map/kyotoaraden.gif'],,[],0,"京都市交通局 地下鉄各駅窓口、市バス・地下鉄案内所(京都駅前,コトチカ京都,北大路,烏丸御池駅)、定期券発売所(北大路,四条,京都駅前,竹田,三条京阪,六地蔵,山科,二条)、地下鉄駅売店 
 京福電気鉄道 四条大宮,嵐山,北野白梅町,帷子ノ辻","京都市交通局 TEL:075-863-5200 
 京福電気鉄道・鉄道部運輸課 TEL:075-801-2511",,https://www.city.kyoto.lg.jp/kotsu/page/0000034406.html,"[{'text': '京都市交通局', 'url': 'https://www.city.kyoto.lg.jp/kotsu/page/0000034406.html'}
 {'text': '京福電気鉄道', 'url': 'https://www.keifuku.co.jp/cms/randen_ticket/'}]",,https://www2s.biglobe.ne.jp/~t_aoyagi/railway/free/kyotoaraden.htm,kyotoaraden.htm,51,2026-08-10 01:30:50.424840+00:00,京都地下鉄・嵐電1dayチケット,,,,https://www2s.biglobe.ne.jp/~t_aoyagi/railway/free/kyotoaraden.htm
eiden51,地下鉄＆えいでん 鞍馬・貴船日帰りきっぷ,京都市交通局,['京都市交通局' '叡山電鉄' '京阪電気鉄道'],3,TRUE,kinki,近畿,近畿,['近畿'],kikan,期間限定タイプ,期间限定,['実券'],TRUE,FALSE,period,〜2027/3/31,,2027/3/31,2100,,2100,"大人：2,100円",１日間,1,2026年4月1日〜2027年3月31日,2026年4月1日〜2027年3月31日,,['https://www2s.biglobe.ne.jp/~t_aoyagi/railway/free/map/eiden51.gif'],,[],0,"京都市交通局市バス・地下鉄案内所 
 京都市交通局定期券発売所 
 京都総合観光案内所「京なび」 
 叡山電鉄：出町柳駅","京阪電気鉄道・お客さまセンター TEL:06-6945-4560 
 叡山電鉄・営業課 TEL:075-702-8111 
 京都市交通局 市バス・地下鉄ナビダイヤル TEL:0570-666-846",,https://eizandensha.co.jp/good-value/subway_eiden/,"[{'text': '叡山電鉄', 'url': 'https://eizandensha.co.jp/good-value/subway_eiden/'}
 {'text': '京阪電鉄', 'url': 'https://www.keihan.co.jp/traffic/valueticket/detail/kuramakifune.html'}
 {'text': '京都市交通局', 'url': 'https://www.city.kyoto.lg.jp/kotsu/page/0000320964.html'}]",,https://www2s.biglobe.ne.jp/~t_aoyagi/railway/free/eiden51.htm,eiden51.htm,52,2026-08-10 01:30:50.424840+00:00,地下鉄＆えいでん 鞍馬・貴船日帰りきっぷ,,,,https://www2s.biglobe.ne.jp/~t_aoyagi/railway/free/eiden51.htm
kyoto81,ポストカード型地下鉄1日券,京都市交通局,['京都市交通局'],1,FALSE,kinki,近畿,近畿,['近畿'],kikan,期間限定タイプ,期间限定,['実券'],TRUE,FALSE,ended,終了,,,800,,800,大人：800円,１日間,1,2025年8月22日〜2025年9月22日,2025年8月22日〜2025年9月31日,,['https://www2s.biglobe.ne.jp/~t_aoyagi/railway/free/map/kyoto.gif'],,[],0,"市バス・地下鉄案内所 
 
 コトチカ京都（地下鉄京都駅構内 中央1改札口横）
 
 定期券発売所
 
 四条",京都市交通局 TEL:075-801-2561,,https://www.city.kyoto.lg.jp/kotsu/page/0000343883.html,"[{'text': '京都市交通局', 'url': 'https://www.city.kyoto.lg.jp/kotsu/page/0000343883.html'}]",,https://www2s.biglobe.ne.jp/~t_aoyagi/railway/free/kyoto81.htm,kyoto81.htm,53,2026-08-10 01:30:50.424840+00:00,ポストカード型地下鉄1日券,不明,,,https://www2s.biglobe.ne.jp/~t_aoyagi/railway/free/kyoto81.htm
kyoto82,ナゾトキ街歩きゲーム『京都謎解き列車旅』地下鉄1日券,京都市交通局,['京都市交通局'],1,FALSE,kinki,近畿,近畿,['近畿'],kikan,期間限定タイプ,期间限定,['実券'],TRUE,FALSE,period,2026/1/29  〜8/31,2026/1/29,2026/8/31,2900,1450,1450,"大人：2,900円 小人：1,450円",１日間,1,2026年1月29日〜2026年8月31日,2026年1月29日〜2026年8月31日,,['https://www2s.biglobe.ne.jp/~t_aoyagi/railway/free/map/kyoto.gif'],,[],0,"市バス・地下鉄案内所 
 
 
 コトチカ京都,京都駅前,烏丸御池,北大路 
 交通局
 
 定期券発売所
 
 四条,山科,京阪三条 
 
SCRAP常設店

 
 リアル脱出ゲーム 
 京都店,大阪心斎橋店,大阪恵美須町店,大阪南堀江店",京都市交通局 TEL:075-801-2561,,https://www.city.kyoto.lg.jp/kotsu/page/0000349091.html,"[{'text': '京都市交通局', 'url': 'https://www.city.kyoto.lg.jp/kotsu/page/0000349091.html'}]",,https://www2s.biglobe.ne.jp/~t_aoyagi/railway/free/kyoto82.htm,kyoto82.htm,54,2026-08-10 01:30:50.424840+00:00,ナゾトキ街歩きゲーム 『京都謎解き列車旅』 地下鉄1日券,不明,,,https://www2s.biglobe.ne.jp/~t_aoyagi/railway/free/kyoto82.htm
eiden01,えぇきっぷ,叡山電鉄,['叡山電鉄'],1,FALSE,kinki,近畿,近畿,['近畿'],tunen,通年発売タイプ,全年发售,['実券'],TRUE,FALSE,on_sale,発売中,,,1200,600,600,"大人：1,200円／小人：600円",１日間,1,通年,通年,,['https://www2s.biglobe.ne.jp/~t_aoyagi/railway/free/map/eiden00.gif'],,[],0,"出町柳,修学院,鞍馬",叡山電鉄 TEL:075-781-5121,,https://eizandensha.co.jp/good-value/eekippu/,"[{'text': '叡山電鉄', 'url': 'https://eizandensha.co.jp/good-value/eekippu/'}]",,https://www2s.biglobe.ne.jp/~t_aoyagi/railway/free/eiden01.htm,eiden01.htm,55,2026-08-10 01:30:50.424840+00:00,えぇきっぷ,,,,https://www2s.biglobe.ne.jp/~t_aoyagi/railway/free/eiden01.htm
eiden91,京都洛北・森と水のきっぷ,叡山電鉄,['叡山電鉄'],1,FALSE,kinki,近畿,近畿,['近畿'],tunen,通年発売タイプ,全年发售,['実券'],TRUE,FALSE,on_sale,発売中,,,1800,,1800,"大人：1,800円",１日間,1,通年,通年,,['https://www2s.biglobe.ne.jp/~t_aoyagi/railway/free/map/eiden91.gif'],,[],0,"叡山電鉄：出町柳,修学院,鞍馬 
 京都バス：高野営業所","叡山電鉄・鉄道部運輸課 TEL:075-702-8111 
 京都バス TEL:075-871-7521",,https://eizandensha.co.jp/good-value/,"[{'text': '叡山電鉄', 'url': 'https://eizandensha.co.jp/good-value/'}
 {'text': '京都バス', 'url': 'http://www.kyotobus.jp/route/fare/discount/free/cat110/post-21.html'}]",,https://www2s.biglobe.ne.jp/~t_aoyagi/railway/free/eiden91.htm,eiden91.htm,56,2026-08-10 01:30:50.424840+00:00,京都洛北・森と水のきっぷ,,,,https://www2s.biglobe.ne.jp/~t_aoyagi/railway/free/eiden91.htm
eiden95,比叡山日帰りきっぷ,叡山電鉄,['叡山電鉄'],1,FALSE,kinki,近畿,近畿,['近畿'],kikan,期間限定タイプ,期间限定,['実券'],TRUE,FALSE,period,2026/3/20  〜12/6,2026/3/20,2026/12/6,3100,1600,1600,"大人：3,100円／小人：1,600円",１日間,1,2026年3月20日〜2026年12月6日,2026年3月20日〜2026年12月6日,,['https://www2s.biglobe.ne.jp/~t_aoyagi/railway/free/map/eiden95.gif'],,[],0,出町柳,叡山電鉄 TEL:075-781-5121,,https://eizandensha.co.jp/good-value/hieizan_higaeri/,"[{'text': '叡山電鉄', 'url': 'https://eizandensha.co.jp/good-value/hieizan_higaeri/'}]",,https://www2s.biglobe.ne.jp/~t_aoyagi/railway/free/eiden95.htm,eiden95.htm,58,2026-08-10 01:30:50.424840+00:00,比叡山日帰りきっぷ,,,,https://www2s.biglobe.ne.jp/~t_aoyagi/railway/free/eiden95.htm
eiden97,比叡山フリーパス,叡山電鉄,['叡山電鉄'],1,FALSE,kinki,近畿,近畿,['近畿'],kikan,期間限定タイプ,期间限定,['実券'],TRUE,FALSE,period,2026/3/20  〜12/6,2026/3/20,2026/12/6,3500,1800,1800,"大人：3,500円／小人：1,800円",１日間,1,2026年3月20日〜2026年12月6日,2026年3月20日〜2026年12月6日,,['https://www2s.biglobe.ne.jp/~t_aoyagi/railway/free/map/eiden97.gif'],,['【比叡山延暦寺】諸堂巡拝券は別途必要'],1,"出町柳駅 
 坂本観光案内所 
 セブンチケット LINE",叡山電鉄 TEL:075-702-8111,,https://eizandensha.co.jp/good-value/hieizan_freepass/,"[{'text': '叡山電鉄', 'url': 'https://eizandensha.co.jp/good-value/hieizan_freepass/'}]",,https://www2s.biglobe.ne.jp/~t_aoyagi/railway/free/eiden97.htm,eiden97.htm,59,2026-08-10 01:30:50.424840+00:00,比叡山フリーパス,,,,https://www2s.biglobe.ne.jp/~t_aoyagi/railway/free/eiden97.htm
eiden81,京都一乗寺らーめん切符,叡山電鉄,['叡山電鉄'],1,FALSE,kinki,近畿,近畿,['近畿'],kikan,期間限定タイプ,期间限定,['実券' 'デジタル'],TRUE,TRUE,period,〜2027/3/31,,2027/3/31,2000,,2000,"大人：2,000円／小人：-円",１日間,1,2026年4月1日〜2027年3月31日,2026年4月1日〜2027年3月31日,,['https://www2s.biglobe.ne.jp/~t_aoyagi/railway/free/map/eiden00.gif'],,[],0,出町柳 my route,叡山電鉄 TEL:075-781-5121,,https://eizandensha.co.jp/good-value/ramen/,"[{'text': '叡山電鉄', 'url': 'https://eizandensha.co.jp/good-value/ramen/'}]",,https://www2s.biglobe.ne.jp/~t_aoyagi/railway/free/eiden81.htm,eiden81.htm,60,2026-08-10 01:30:50.424840+00:00,京都一乗寺らーめん切符,,,,https://www2s.biglobe.ne.jp/~t_aoyagi/railway/free/eiden81.htm
eiden83,えいでんと、温泉きっぷ,叡山電鉄,['叡山電鉄'],1,FALSE,kinki,近畿,近畿,['近畿'],kikan,期間限定タイプ,期间限定,['実券' 'デジタル'],TRUE,TRUE,period,2026/4/1  〜2027/3/31,2026/4/1,2027/3/31,2200,,2200,"大人：2,200円／小人：-円",１日間,1,2026年4月1日〜2027年3月31日,2026年4月1日〜2027年3月31日,,['https://www2s.biglobe.ne.jp/~t_aoyagi/railway/free/map/eiden00.gif'],,[],0,出町柳 my route,叡山電鉄 TEL:075-781-5121,,https://eizandensha.co.jp/good-value/onsen/,"[{'text': '叡山電鉄', 'url': 'https://eizandensha.co.jp/good-value/onsen/'}]",,https://www2s.biglobe.ne.jp/~t_aoyagi/railway/free/eiden83.htm,eiden83.htm,61,2026-08-10 01:30:50.424840+00:00,えいでんと、温泉きっぷ,,,,https://www2s.biglobe.ne.jp/~t_aoyagi/railway/free/eiden83.htm
eiden104,京都八瀬にゃんにゃんきっぷ,叡山電鉄,['叡山電鉄'],1,FALSE,kinki,近畿,近畿,['近畿'],kikan,期間限定タイプ,期间限定,['実券'],TRUE,FALSE,period,2026/4/1  〜2027/3/31,2026/4/1,2027/3/31,2200,,2200,"大人 2,200円",１日間,1,2026年4月1日〜2027年3月31日,2026年4月1日〜2027年3月31日,,['https://www2s.biglobe.ne.jp/~t_aoyagi/railway/free/map/eiden00.gif'],,[],0,出町柳駅インフォメーション,叡山電鉄 TEL:075-781-5121,,https://eizandensha.co.jp/good-value/nyannyan/,"[{'text': '叡山電鉄', 'url': 'https://eizandensha.co.jp/good-value/nyannyan/'}]",,https://www2s.biglobe.ne.jp/~t_aoyagi/railway/free/eiden104.htm,eiden104.htm,62,2026-08-10 01:30:50.424840+00:00,京都八瀬にゃんにゃんきっぷ,,,,https://www2s.biglobe.ne.jp/~t_aoyagi/railway/free/eiden104.htm
randen01,嵐電1日フリーきっぷ,京福電気鉄道 (嵐電),['京福電気鉄道 (嵐電)'],1,FALSE,kinki,近畿,近畿,['近畿'],tunen,通年発売タイプ,全年发售,['実券'],TRUE,FALSE,on_sale,発売中,,,700,350,350,大人：700円／小人：350円,１日間,1,通年,通年,,['https://www2s.biglobe.ne.jp/~t_aoyagi/railway/free/map/keifuku01.gif'],,[],0,"四条大宮,帷子ノ辻,嵐山,北野白梅町",京福電気鉄道鉄道部 TEL:075-801-2511,,https://www.keifuku.co.jp/cms/randen_ticket/,"[{'text': '京福電気鉄道', 'url': 'https://www.keifuku.co.jp/cms/randen_ticket/'}]",,https://www2s.biglobe.ne.jp/~t_aoyagi/railway/free/randen01.htm,randen01.htm,63,2026-08-10 01:30:50.424840+00:00,嵐電１日フリーきっぷ,,,,https://www2s.biglobe.ne.jp/~t_aoyagi/railway/free/randen01.htm
randen02,癒しの嵐電１日フリーきっぷ,京福電気鉄道 (嵐電),['京福電気鉄道 (嵐電)'],1,FALSE,kinki,近畿,近畿,['近畿'],kisetu,季節発売タイプ,季节发售,['実券'],TRUE,FALSE,ended,終了,,,1700,,1700,"大人：1,700円",１日間,1,"春季：2026年3月14日〜2026年6月30日 
 秋季： 2025年10月4日〜2025年12月14日","春季：2026年3月14日〜2026年6月30日 
 秋季： 2025年10月9日〜2025年12月14日",,['https://www2s.biglobe.ne.jp/~t_aoyagi/railway/free/map/keifuku01.gif'],,[],0,"四条大宮,帷子ノ辻,嵐山,北野白梅町",京福電気鉄道鉄道部 TEL:075-801-2511,,https://www.keifuku.co.jp/cms/randen_ticket/,"[{'text': '京福電気鉄道', 'url': 'https://www.keifuku.co.jp/cms/randen_ticket/'}]",,https://www2s.biglobe.ne.jp/~t_aoyagi/railway/free/randen02.htm,randen02.htm,65,2026-08-10 01:30:50.424840+00:00,癒しの嵐電１日フリーきっぷ,,,,https://www2s.biglobe.ne.jp/~t_aoyagi/railway/free/randen02.htm
hankyu04,京都・嵐山1dayパス,京福電気鉄道 (嵐電),['京福電気鉄道 (嵐電)' '阪急電鉄' '能勢電鉄' '神戸市交通局' '山陽電気鉄道'],5,TRUE,kinki,近畿,近畿,['近畿'],kisetu,季節発売タイプ,季节发售,['デジタル'],FALSE,TRUE,period,2026/10/1  〜12/20,2026/10/1,2026/12/20,1400,,1400,"阪急版 大人：1,400円 
 能勢版 大人：1,800円 
 神戸電鉄版：2,500円 
 山陽・明石以東版：2,200円 
 山陽全線版：2,700円 
 神戸市営地下鉄版：2,000円 
 北神線・神鉄版：2,400円",１日,1,"2026月3月20日〜2026年5月24日 
 2026年10月1日〜12月20日","2026月3月20日〜2026年5月24日 
 2026年10月1日〜12月20日","共通区間 
 
 
 阪急版 共通区間 
 
 能勢版 共通区間 
 能勢電鉄全線 
 .
 神戸電鉄版 共通区間 
 神戸電鉄全線 
 神戸高速線(湊川〜阪急神戸三宮) 
 
 山陽・明石以東版 共通区間 
 山陽電鉄全線 
 神戸高速線(西代〜阪急神戸三宮) 
 
 山陽全線版 共通区間 
 山陽電鉄(山陽明石〜西代) 
 神戸高速線(西代〜阪急神戸三宮) 
 
 神戸市営地下鉄版 共通区間 
 神戸市営地下鉄全線 
 
 北神線・神鉄版 共通区間 
 神戸電鉄(鈴蘭台〜有馬温泉),三田線,公園都市線 
 神戸市営地下鉄(谷上〜三宮)",['https://www2s.biglobe.ne.jp/~t_aoyagi/railway/free/map/hankyu04.gif'],,[],0,"阪急版 スルッとQRtto 
 能勢版 スルッとQRtto 
 山陽・明石以東版 スルッとQRtto 
 山陽全線版 スルッとQRtto 
 神戸市営地下鉄版 スルッとQRtto",,,https://www.hankyu.co.jp/ticket/otoku/013931.html,"[{'text': '阪急電鉄', 'url': 'https://www.hankyu.co.jp/ticket/otoku/013931.html'}
 {'text': '能勢電鉄', 'url': 'https://noseden.hankyu.co.jp/railway/gain.html'}
 {'text': '神戸電鉄', 'url': 'https://www.shintetsu.co.jp/railway/ticket/detail/kyo_ara_1day.html'}
 {'text': '山陽電鉄', 'url': 'https://www.sanyo-railway.co.jp/railway/untin/kyoto-arashiyama1day.html'}
 {'text': '神戸市交通局', 'url': 'https://kotsu.city.kobe.lg.jp/ensen-navi/bus-railway/kyoto-arashiyama/'}
 {'text': '京福電気鉄道', 'url': 'https://www.keifuku.co.jp/cms/randen_ticket/'}]",,https://www2s.biglobe.ne.jp/~t_aoyagi/railway/free/hankyu04.htm,hankyu04.htm,66,2026-08-10 01:30:50.424840+00:00,京都・嵐山1dayパス,,,,https://www2s.biglobe.ne.jp/~t_aoyagi/railway/free/hankyu04.htm
randen04,嵐山・高雄ぐるっとパス,京福電気鉄道 (嵐電),['京福電気鉄道 (嵐電)'],1,FALSE,kinki,近畿,近畿,['近畿'],kikan,期間限定タイプ,期间限定,['実券' 'デジタル'],TRUE,TRUE,period,〜2027/3/30,,2027/3/30,1000,500,500,"大人：1,000円／小人：500円",１日間,1,〜2027年3月30日,〜2027年3月31日,,['https://www2s.biglobe.ne.jp/~t_aoyagi/railway/free/map/randen04.gif'],,[],0,"嵐電：四条大宮,嵐山,帷子ノ辻,北野白梅町 
 西日本JRバス：京都駅前バスチケットセンター 
 LINKTIVITY KANSAI MaaS","西日本ジェイアールバス：0570-00-2424 
 京福電気鉄道鉄道部 TEL:075-801-2511",,https://www.keifuku.co.jp/cms/%e7%a7%8b%e3%81%ae%e5%b5%90%e5%b1%b1%e3%83%bb%e9%ab%98%e9%9b%84%e3%81%b8-%ef%bd%9e-%e8%a5%bf%e6%97%a5%e6%9c%ac%ef%bd%8a%ef%bd%92%e3%83%90%e3%82%b9%ef%bc%86%e5%b5%90%e9%9b%bb%e3%80%8c%e5%b5%90%e5%b1%b1/,"[{'text': '京福電気鉄道', 'url': 'https://www.keifuku.co.jp/cms/%e7%a7%8b%e3%81%ae%e5%b5%90%e5%b1%b1%e3%83%bb%e9%ab%98%e9%9b%84%e3%81%b8-%ef%bd%9e-%e8%a5%bf%e6%97%a5%e6%9c%ac%ef%bd%8a%ef%bd%92%e3%83%90%e3%82%b9%ef%bc%86%e5%b5%90%e9%9b%bb%e3%80%8c%e5%b5%90%e5%b1%b1/'}
 {'text': '西日本ジェイアールバス', 'url': 'https://www.nishinihonjrbus.co.jp/news/detail/1785'}
 {'text': 'KANSAI MaaS', 'url': 'https://app.kansai-maas.jp/tickets/KMJW101400'}]",,https://www2s.biglobe.ne.jp/~t_aoyagi/railway/free/randen04.htm,randen04.htm,67,2026-08-10 01:30:50.424840+00:00,嵐山・高雄ぐるっとパス,,,,https://www2s.biglobe.ne.jp/~t_aoyagi/railway/free/randen04.htm
tantetsu70,海の京都 天橋立・伊根フリーパス,京都丹後鉄道,['京都丹後鉄道' '丹後海陸交通'],2,TRUE,kinki,近畿,近畿,['近畿'],tunen,通年発売タイプ,全年发售,['実券'],TRUE,FALSE,on_sale,発売中,,,3550,1780,1780,"1日間 大人：3,550円／小人：1,780円 
 2日間 大人：4,550円／小人：2,280円",１日間/２日間,1,通年,通年,,['https://www2s.biglobe.ne.jp/~t_aoyagi/railway/free/map/tantetsu70.gif'],"特急 快速・普通 
 グリーン車 普通車指定 普通車自由 ライナー 丹後あかまつ 自由 
 ▲ ▲ ○ ▲ ▲ ○ 
 
 ○：乗車可 ▲：乗車券のみ有効",['天橋立傘松公園のケーブルカー・リフトは往復'],1,"京都丹後鉄道：福知山,西舞鶴,宮津,天橋立,峰山,網野,木津温泉,豊岡
 
 丹後海陸交通：宮津案内所,天橋立観光船のりば
 
 
インターネット：
 
 
１日券： Willer Travel 
 
２日券： Willer Travel",WILLER PR事務局 TEL:03-5572-6068,,https://trains.willer.co.jp/planned_ticket/,"[{'text': '京都丹後鉄道', 'url': 'https://trains.willer.co.jp/planned_ticket/'}
 {'text': '丹後海陸交通（一日券）', 'url': 'https://www.tankai.jp/tourist_tickets/#uminokyoto1day'}
 {'text': '丹後海陸交通(二日券)', 'url': 'https://www.tankai.jp/tourist_tickets/#uminokyoto2days'}]",,https://www2s.biglobe.ne.jp/~t_aoyagi/railway/free/tantetsu70.htm,tantetsu70.htm,68,2026-08-10 01:30:50.424840+00:00,海の京都 天橋立・伊根フリーパス,,,,https://www2s.biglobe.ne.jp/~t_aoyagi/railway/free/tantetsu70.htm
tantetsu11,京都丹後鉄道ワンデーパス,京都丹後鉄道,['京都丹後鉄道'],1,FALSE,kinki,近畿,近畿,['近畿'],tunen,通年発売タイプ,全年发售,['実券' 'デジタル'],TRUE,TRUE,on_sale,発売中,,,2500,1250,1250,"通常 大人：2,500円／小人：1,250円",１日間,1,通年,通年,,['https://www2s.biglobe.ne.jp/~t_aoyagi/railway/free/map/kitakinkitango.gif'],,"['普通列車・快速列車・通勤ライナー・特急列車普通車指定席および自由席に乗車可'
 '4/25〜5/10,8/10〜8/20,12/20〜翌1/15は利用不可。']",2,"福知山,大江,西舞鶴,丹後由良,栗田,宮津,天橋立,与謝野,京丹後大宮,
網野,夕日ヶ浦木津温泉,小天橋,久美浜,豊岡 
 WILLER KANSAI MaaS",WILLER TRAVEL お問い合わせ窓口（ナビダイヤル） TEL:0570-666-447,,https://trains.willer.co.jp/planned_ticket/,"[{'text': '京都丹後鉄道', 'url': 'https://trains.willer.co.jp/planned_ticket/'}
 {'text': 'KANSAI MaaS', 'url': 'https://app.kansai-maas.jp/tickets/KMJW307000'}]",,https://www2s.biglobe.ne.jp/~t_aoyagi/railway/free/tantetsu11.htm,tantetsu11.htm,69,2026-08-10 01:30:50.424840+00:00,京都丹後鉄道ワンデーパス,,,,https://www2s.biglobe.ne.jp/~t_aoyagi/railway/free/tantetsu11.htm
tantetsu61,幸福パス,京都丹後鉄道,['京都丹後鉄道'],1,FALSE,kinki,近畿,近畿,['近畿'],tunen,通年発売タイプ,全年发售,['実券'],TRUE,FALSE,on_sale,発売中,,,5800,2900,2900,"大人：5,800円 小人：2,900円",３日間,3,通年,通年,,['https://www2s.biglobe.ne.jp/~t_aoyagi/railway/free/map/tantetsu61.gif'],"特急 快速・普通 
 グリーン車 普通車指定 普通車自由 ライナー 丹後あかまつ 自由 
 ▲ ▲ ▲ ▲ ▲ ○ 
 
 ○：乗車可 ▲：乗車券のみ有効","['京丹後鉄道：普通列車,快速列車の自由席に乗車可 特急は別途特急券が必要' '京都交通：高速バス乗車不可'
 '全但バス：特急バス、豊岡市コバス・コミュニティバスは乗車不可' '丹後海陸交通：高速バス、登山バス、コミュニティバスを除く']",4,"京丹後鉄道 
 福知山,大江,西舞鶴,宮津,天橋立,与謝野,京丹後大宮,峰山,網野,夕日ヶ浦木津温泉,小天橋,久美浜,豊岡 
 インターネット 
 京都交通 
 福知山駅前案内所,西舞鶴駅案内所,東舞鶴チケットカウンター 
 全但バス 
 城崎温泉ツーリストインフォメーションSOZORO, 城崎営業所,豊岡営業所,豊岡駅前出張所,出石出張所 
 丹後海陸交通 
 本社営業所,宮津案内所,天橋立観光船のりば",WILLER TRAVEL お問い合わせ窓口（ナビダイヤル） TEL:0570-666-447,,https://trains.willer.co.jp/planned_ticket/,"[{'text': '京都丹後鉄道', 'url': 'https://trains.willer.co.jp/planned_ticket/'}]",,https://www2s.biglobe.ne.jp/~t_aoyagi/railway/free/tantetsu61.htm,tantetsu61.htm,70,2026-08-10 01:30:50.424840+00:00,幸福パス,,,,https://www2s.biglobe.ne.jp/~t_aoyagi/railway/free/tantetsu61.htm
tantetsu02,家族お出かけきっぷ,京都丹後鉄道,['京都丹後鉄道'],1,FALSE,kinki,近畿,近畿,['近畿'],holiday,週末限定タイプ,周末限定,['実券'],TRUE,FALSE,on_sale,発売中,,,1650,,1650,"通常 大人：1,850円 
 インターネット割引 大人：1,650円",１日間,1,通年,土・日・祝日,,['https://www2s.biglobe.ne.jp/~t_aoyagi/railway/free/map/kitakinkitango.gif'],,['大人と小人が同一行程での利用に限る' '特急列車に乗車の際は別途、特急券が必要'],2,"福知山,大江,西舞鶴,宮津,天橋立,与謝野,京丹後大宮,峰山,網野,夕日ヶ浦木津温泉,小天橋,久美浜,豊岡 
 インターネット",京丹後鉄道 TEL:,,https://trains.willer.co.jp/planned_ticket/,"[{'text': '京丹後鉄道', 'url': 'https://trains.willer.co.jp/planned_ticket/'}]",,https://www2s.biglobe.ne.jp/~t_aoyagi/railway/free/tantetsu02.htm,tantetsu02.htm,71,2026-08-10 01:30:50.424840+00:00,家族お出かけきっぷ,,,,https://www2s.biglobe.ne.jp/~t_aoyagi/railway/free/tantetsu02.htm
tankai11,丹後天橋立伊根フリー,丹後海陸交通,['丹後海陸交通'],1,FALSE,kinki,近畿,近畿,['近畿'],tunen,通年発売タイプ,全年发售,['実券'],TRUE,FALSE,on_sale,発売中,,,2500,1250,1250,"窓口：大人：2,600円 小人：1,300円 
 RYDE PASS：大人：2,500円 小人：1,250円",２日間,2,通年,通年,,['https://www2s.biglobe.ne.jp/~t_aoyagi/railway/free/map/tankai11.gif'],,[],0,"丹後海陸交通：天橋立桟橋,一の宮桟橋,成相営業所 府中駅,バス営業所 本社窓口 
 RYDE PASS",丹後海陸交通 宮津案内所・宮津桟橋 TEL:0772-22-3231,,https://www.tankai.jp/tourist_tickets/#tangoamainefree,"[{'text': '丹後海陸交通', 'url': 'https://www.tankai.jp/tourist_tickets/#tangoamainefree'}
 {'text': 'RYDE PASS', 'url': 'https://pass.ryde-go.com/products/0P231MDSYQ8X'}]",,https://www2s.biglobe.ne.jp/~t_aoyagi/railway/free/tankai11.htm,tankai11.htm,74,2026-08-10 01:30:50.424840+00:00,丹後天橋立伊根フリー,,,,https://www2s.biglobe.ne.jp/~t_aoyagi/railway/free/tankai11.htm
surukan07,神戸街めぐり1dayクーポン,近畿日本鉄道,['近畿日本鉄道' '阪急電鉄' '阪神電気鉄道' '神戸新交通' '神戸市交通局' '神戸電鉄' '神戸高速鉄道' '山陽電気鉄道'],8,TRUE,kinki,近畿,近畿,['近畿'],tunen,通年発売タイプ,全年发售,['デジタル'],FALSE,TRUE,period,〜2027/3/31,,2027/3/31,1500,,1500,"神戸エリア版 大人：1,500円 
 阪急拡大版 大人：2,300円 
 阪神拡大版 大人：2,150円 
 山陽拡大版① 大人：2,100円 
 山陽拡大版② 大人：2,700円 
 近鉄拡大版① 大人：2,800円 
 近鉄拡大版② 大人：3,200円",１日,1,2026年4月1日〜2027年3月31日,2026年4月1日〜2027年3月31日,"【神戸エリア版】 
 
 
 
 阪急拡大版 【神戸エリア版】＋阪急電鉄全線 
 阪神拡大版 【神戸エリア版】＋阪神電車全線 
 山陽拡大版① 【神戸エリア版】＋山陽電気鉄道(西代〜明石) 
 山陽拡大版② 【神戸エリア版】＋山陽電気鉄道全線 
 近鉄拡大版① 【神戸エリア版】＋阪神電車全線＋近鉄大阪府内の路線(道明寺線,けいはんな線,ケーブルを除く) 
 近鉄拡大版② 【神戸エリア版】＋阪神電車全線 
 ＋近鉄大阪府・奈良県内の路線 
 (けいはんな線[長田〜新石切間],道明寺線,田原本線,吉野線の市尾以南(ケーブル,ロープウェイを除く)",['https://www2s.biglobe.ne.jp/~t_aoyagi/railway/free/map/surukan07.gif'],,[],0,"乗車券名 発売箇所 
 基本フリー版 スルッとQRtto 
 
 阪急拡大版 スルッとQRtto 
 阪神拡大版 スルッとQRtto 
 山陽拡大版① スルッとQRtto 
 山陽拡大版② スルッとQRtto 
 近鉄拡大版① スルッとQRtto 
 近鉄拡大版② スルッとQRtto",スルッとKANSAI協議会事務局：06-6258-3636,,https://www.feel-kobe.jp/tickets/machimeguri1day/,"[{'text': '神戸公式観光サイト', 'url': 'https://www.feel-kobe.jp/tickets/machimeguri1day/'}
 {'text': '神戸市交通局', 'url': 'https://kotsu.city.kobe.lg.jp/ensen-navi/bus-railway/machimeguri1day/'}
 {'text': '神戸新交通', 'url': 'https://www.knt-liner.co.jp/ticketinfo/8563/'}
 {'text': '阪急電鉄', 'url': 'https://www.hankyu.co.jp/ticket/otoku/014065.html'}
 {'text': '阪神電気鉄道', 'url': 'https://rail.hanshin.co.jp/ticket/otoku/?mode=detail&seq=2'}
 {'text': '山陽電気鉄道', 'url': 'http://www.sanyo-railway.co.jp/railway/untin/ticket12.html'}
 {'text': '近畿日本鉄道', 'url': 'http://www.kintetsu.co.jp/senden/Railway/Ticket/kobe1day/index.html'}]",,https://www2s.biglobe.ne.jp/~t_aoyagi/railway/free/surukan07.htm,surukan07.htm,75,2026-08-10 01:30:50.424840+00:00,神戸街めぐり1dayクーポン,,,,https://www2s.biglobe.ne.jp/~t_aoyagi/railway/free/surukan07.htm
koyasan,高野山おでかけきっぷ,近畿日本鉄道,"['近畿日本鉄道' '京阪電気鉄道' '阪急電鉄' '阪神電気鉄道' '大阪市高速電気軌道 (大阪メトロ)' '北大阪急行電鉄' '神戸高速鉄道'
 '山陽電気鉄道']",8,TRUE,kinki,近畿,近畿,['近畿'],kisetu,季節発売タイプ,季节发售,['デジタル'],FALSE,TRUE,period,2026/4/1  〜11/30,2026/4/1,2026/11/30,,,4300,"発売社局 発売額 発売社局 発売額 
 阪急電鉄 4,400円 阪神電気鉄道 4,300円 
 神戸高速鉄道 4,350円 大阪メトロ 4,300円 
 山陽版(全線) 4,950円 山陽版(明石以東) 4,650円 
 京阪版 4,500円 近鉄版 4,600円 
 北大阪急行電鉄 4,400円",１日間,1,2026年4月1日〜2026年11月30日,2026年4月1日〜2026年11月30日,"発売社局 有効区間 
 阪急電鉄 共通フリー区間(上図) 
 全線(神戸高速線を除く) 
 大阪メトロ全線 
 大阪メトロ 共通フリー区間(上図) 
 大阪メトロ・大阪シティバス全線 
 近畿日本鉄道 共通フリー区間(上図) 
 大阪府,京都府,奈良県内の近鉄線全線 
 山陽電気鉄道 
 (明石以東) 共通フリー区間(上図) 
 山陽電気鉄道：明石〜西代間 
 神戸高速鉄道：西代〜阪神元町 
 阪神電気鉄道全線 
 山陽電気鉄道 
 山陽版(全線) 共通フリー区間(上図) 
 山陽電気鉄道全線 
 神戸高速鉄道：西代〜阪神元町 
 阪神電気鉄道全線 
 北大阪急行電鉄 共通フリー区間(上図) 
 北大阪急行全線 
 大阪メトロ全線 
 大阪高速鉄道 共通フリー区間(上図) 
 大阪モノレール全線 
 北大阪急行全線 
 大阪メトロ全線 
 神戸高速鉄道 共通フリー区間(上図) 
 神戸高速鉄道全線 
 阪神電気鉄道全線",['https://www2s.biglobe.ne.jp/~t_aoyagi/railway/free/map/koyasan.gif'],,['大人券のみの設定' '南海・高野線で特急「こうや」を利用する際は別途特急券が必要'],2,"阪急電鉄 スルッとQRtto 
 阪神電気鉄道 スルッとQRtto 
 神戸高速鉄道 スルッとQRtto 
 大阪メトロ スルッとQRtto 
 山陽電気鉄道 
 山陽版(明石以東) スルッとQRtto 
 山陽電気鉄道 
 山陽版(全線) スルッとQRtto 
 北大阪急行電鉄 スルッとQRtto 
 
 
 京阪電気鉄道 スルッとQRtto 
 近畿日本鉄道 スルッとQRtto",,,https://www.nankai.co.jp/traffic/digital/koyasan_odekake.html,"[{'text': '南海電気鉄道', 'url': 'https://www.nankai.co.jp/traffic/digital/koyasan_odekake.html'}
 {'text': '阪急電鉄', 'url': 'https://www.hankyu.co.jp/ticket/otoku/013814.html'}
 {'text': '大阪市高速電気軌道', 'url': 'https://subway.osakametro.co.jp/guide/fare/category_digital_tickets/digital_tickets/digital_joshaken.php#kouyasan'}
 {'text': '阪神電気鉄道', 'url': 'https://www.hanshin.co.jp/ticket/otoku/#koyasan'}
 {'text': '山陽電気鉄道', 'url': 'https://www.sanyo-railway.co.jp/railway/untin/ticket11.html'}
 {'text': '北大阪急行電鉄', 'url': 'https://www.kita-kyu.co.jp/train/ticket/value/#plan_digital'}]",,https://www2s.biglobe.ne.jp/~t_aoyagi/railway/free/koyasan.htm,koyasan.htm,77,2026-08-10 01:30:50.424840+00:00,高野山おでかけきっぷ,,,,https://www2s.biglobe.ne.jp/~t_aoyagi/railway/free/koyasan.htm
kintetu75,きんてつ きっずぱす,近畿日本鉄道,['近畿日本鉄道'],1,FALSE,kinki,近畿,近畿,['近畿'],kikan,期間限定タイプ,期间限定,['実券'],TRUE,FALSE,ended,終了,,,,100,100,小人：100円,１日間,1,2026年4月27日〜2026年5月4日,2026年5月5日,,['https://www2s.biglobe.ne.jp/~t_aoyagi/railway/free/map/kintetu01.gif'],,['特急利用時は別途特急券が必要。'],1,"近鉄全線の特急券発売窓口 
 特急券等自動発売機","近畿日本鉄道・旅客案内テレフォンセンター 
 TEL:050-3536-3957",,https://www.kintetsu.co.jp/senden/Railway/Ticket/kintetsu_pass/,"[{'text': '近畿日本鉄道', 'url': 'https://www.kintetsu.co.jp/senden/Railway/Ticket/kintetsu_pass/'}]",,https://www2s.biglobe.ne.jp/~t_aoyagi/railway/free/kintetu75.htm,kintetu75.htm,79,2026-08-10 01:30:50.424840+00:00,きんてつ きっずぱす,,,,https://www2s.biglobe.ne.jp/~t_aoyagi/railway/free/kintetu75.htm
surukan10,大阪周遊パス,近畿日本鉄道,['近畿日本鉄道' '京阪電気鉄道' '阪急電鉄' '阪神電気鉄道' '大阪市高速電気軌道 (大阪メトロ)' '南海電気鉄道'],6,TRUE,kinki,近畿,近畿,['近畿'],kikan,期間限定タイプ,期间限定,['デジタル'],FALSE,TRUE,period,2026/3/25  〜2027/3/31,2026/3/25,2027/3/31,3500,,3500,"1日 大人：3,500円 
 2日 大人：5,000円",１日/2日,1,2026年3月25日〜2027年3月31日,"１日券：2026年3月25日〜2027年3月31日 
 ２日券：2026年3月25日〜2027年4月1日",,['https://www2s.biglobe.ne.jp/~t_aoyagi/railway/free/map/surukan06.gif'],,['IKEA鶴浜バス、USJシャトルバスは利用できない'],1,"１日券： スルッとQRtto 
 
２日券： スルッとQRtto",株式会社スルッとKANSAI：06-7730-9171,,https://osaka-amazing-pass.com/info.html#info-2,"[{'text': '大阪周遊パス', 'url': 'https://osaka-amazing-pass.com/info.html#info-2'}]",,https://www2s.biglobe.ne.jp/~t_aoyagi/railway/free/surukan10.htm,surukan10.htm,80,2026-08-10 01:30:50.424840+00:00,大阪周遊パス,,,,https://www2s.biglobe.ne.jp/~t_aoyagi/railway/free/surukan10.htm
osakamono87,大阪周遊パス(大阪伊丹空港版),近畿日本鉄道,"['近畿日本鉄道' '京阪電気鉄道' '阪急電鉄' '阪神電気鉄道' '大阪市高速電気軌道 (大阪メトロ)' '北大阪急行電鉄' '大阪高速鉄道'
 '南海電気鉄道']",8,TRUE,kinki,近畿,近畿,['近畿'],kikan,期間限定タイプ,期间限定,['デジタル'],FALSE,TRUE,period,2026/3/25  〜2027/3/31,2026/3/25,2027/3/31,3800,,3800,"1日 大人：3,800円 
 2日 大人：5,400円",１日/2日,1,2026年3月25日〜2027年3月31日,"１日券：2026年3月25日〜2027年3月31日 
 ２日券：2026年3月25日〜2027年4月1日",,['https://www2s.biglobe.ne.jp/~t_aoyagi/railway/free/map/osakamono87.gif'],,['IKEA鶴浜バス、USJシャトルバスは利用できない'],1,"１日券： スルッとQRtto 
 
２日券： スルッとQRtto",株式会社スルッとKANSAI：06-7730-9171,,https://osaka-amazing-pass.com/info.html#info-2,"[{'text': '大阪周遊パス', 'url': 'https://osaka-amazing-pass.com/info.html#info-2'}]",,https://www2s.biglobe.ne.jp/~t_aoyagi/railway/free/osakamono87.htm,osakamono87.htm,81,2026-08-10 01:30:50.424840+00:00,大阪周遊パス(大阪伊丹空港版),,,,https://www2s.biglobe.ne.jp/~t_aoyagi/railway/free/osakamono87.htm
kintetu67,近鉄電車ナゾだらけの列車旅(大阪線編)オリジナルデザイン1日乗車券,近畿日本鉄道,['近畿日本鉄道'],1,FALSE,kinki,近畿,近畿,['近畿'],kikan,期間限定タイプ,期间限定,['実券'],TRUE,FALSE,ended,終了,,,2800,,2800,"大人：2,800円 小人：----円",１日間,1,2025年9月12日〜2026年5月31日,2025年9月12日〜2026年5月31日,,['https://www2s.biglobe.ne.jp/~t_aoyagi/railway/free/map/kintetsu67.gif'],,['特急利用時は別途特急券が必要。'],1,スルッとQRtto,"近鉄電車テレフォンセンター 
 TEL:050-3536-3957",,https://www.kintetsu.co.jp/senden/Railway/Ticket/nazotoki_osaka/,"[{'text': '近畿日本鉄道', 'url': 'https://www.kintetsu.co.jp/senden/Railway/Ticket/nazotoki_osaka/'}]",,https://www2s.biglobe.ne.jp/~t_aoyagi/railway/free/kintetu67.htm,kintetu67.htm,84,2026-08-10 01:30:50.424840+00:00,近鉄電車ナゾだらけの列車旅【大阪線編】 オリジナルデザイン1日乗車券,,,,https://www2s.biglobe.ne.jp/~t_aoyagi/railway/free/kintetu67.htm
kintetu93,近鉄新春おでかけきっぷ,近畿日本鉄道,['近畿日本鉄道'],1,FALSE,kinki,近畿,近畿,['近畿'],winter,年末年始限定タイプ,年末年初限定,['実券'],TRUE,FALSE,ended,終了,,,1300,,1300,"大人：1,300円",１日間,1,"特急券発売窓口：2021年12月1日〜2020年12月31日 
 定期券･特急券発売機：2021年12月1日〜2020年12月24日","2021年12月31日〜2020年1月31日 
 ※12月31日利用の場合、翌日1月1日も利用可",,['https://www2s.biglobe.ne.jp/~t_aoyagi/railway/free/map/kintetu81.gif'],,['葛城山ロープウェイ及びバス路線は乗車不可'],1,"大阪府,京都府,奈良県内の近鉄主要駅","近畿日本鉄道旅客案内テレフォンセンター(8:00〜21:00) 
 大阪 TEL:06-6771-3105",,https://www.kintetsu.co.jp/senden/Railway/Ticket/sinshun/sinshun1day.html,"[{'text': '近畿日本鉄道', 'url': 'https://www.kintetsu.co.jp/senden/Railway/Ticket/sinshun/sinshun1day.html'}]",,https://www2s.biglobe.ne.jp/~t_aoyagi/railway/free/kintetu93.htm,kintetu93.htm,85,2026-08-10 01:30:50.424840+00:00,近鉄新春おでかけきっぷ,,,,https://www2s.biglobe.ne.jp/~t_aoyagi/railway/free/kintetu93.htm
kintetu97,新春おでかけ京阪奈1dayパス,近畿日本鉄道,['近畿日本鉄道'],1,FALSE,kinki,近畿,近畿,['近畿'],winter,年末年始限定タイプ,年末年初限定,['実券'],TRUE,FALSE,ended,終了,,,1600,,1600,"大人：1,600円",１日間,1,2025年11月15日〜2025年12月31日,2025年12月31日〜2026年1月15日,,['https://www2s.biglobe.ne.jp/~t_aoyagi/railway/free/map/kintetu81.gif'],,['特急利用時は別途特急券が必要' '12月31日利用の場合、1月1日も利用可'],2,"大阪府,京都府,奈良県内の近鉄主要駅の駅窓口(特急券うりば)および特急券等自動発売機MT型",近畿日本鉄道 TEL:06-771-3105/052-561-1604,,https://www.kintetsu.co.jp/senden/Railway/Ticket/hatsumoude2026/keihanna.html,"[{'text': '近畿日本鉄道', 'url': 'https://www.kintetsu.co.jp/senden/Railway/Ticket/hatsumoude2026/keihanna.html'}]",,https://www2s.biglobe.ne.jp/~t_aoyagi/railway/free/kintetu97.htm,kintetu97.htm,86,2026-08-10 01:30:50.424840+00:00,新春おでかけ京阪奈1dayパス,,,,https://www2s.biglobe.ne.jp/~t_aoyagi/railway/free/kintetu97.htm
kintetu98,阪神・近鉄初詣1dayチケット,近畿日本鉄道,['近畿日本鉄道' '阪神電気鉄道' '神戸高速鉄道'],3,TRUE,kinki,近畿,近畿,['近畿'],winter,年末年始限定タイプ,年末年初限定,['実券'],TRUE,FALSE,ended,終了,,,1700,,1700,"大人：1,700円",１日間,1,2025年12月20日〜2026年1月11日,2025年12月20日〜2026年1月11日,,['https://www2s.biglobe.ne.jp/~t_aoyagi/railway/free/map/kintetu98.gif'],,[],0,"会社名 発売箇所 阪神電気鉄道 大阪梅田,尼崎,甲子園,御影,神戸三宮の各駅長室,各駅改札,阪神電車サービスセンター（神戸三宮） 神戸高速鉄道 新開地 近畿日本鉄道 大阪難波,大阪上本町,鶴橋,布施,東花園,生駒,学園前,大和西大寺,近鉄奈良間の各駅特急券発売窓内","近畿日本鉄道株式会社 鉄道本部 企画統括部 営業企画部 
 TEL:06-6457-2258 
 阪神電気鉄道株式会社 運輸部・営業課 
 TEL:06-6775-3505",,https://www.kintetsu.co.jp/senden/Railway/Ticket/hatsumoude2026/hanshin_kintetsu_1day.html,"[{'text': '近畿日本鉄道', 'url': 'https://www.kintetsu.co.jp/senden/Railway/Ticket/hatsumoude2026/hanshin_kintetsu_1day.html'}
 {'text': '阪神電気鉄道', 'url': 'https://www.hanshin.co.jp/ticket/otoku/detail/004292.html'}]",,https://www2s.biglobe.ne.jp/~t_aoyagi/railway/free/kintetu98.htm,kintetu98.htm,87,2026-08-10 01:30:50.424840+00:00,阪神・近鉄 新春1dayチケット,,,,https://www2s.biglobe.ne.jp/~t_aoyagi/railway/free/kintetu98.htm
keihan05,京阪電車 大阪・京都1日乗車券,京阪電気鉄道,['京阪電気鉄道'],1,FALSE,kinki,近畿,近畿,['近畿'],tunen,通年発売タイプ,全年发售,['デジタル'],FALSE,TRUE,on_sale,発売中,,,1650,830,830,"大人：1,650円／小人：830円",１日間,1,通年,通年,,['https://www2s.biglobe.ne.jp/~t_aoyagi/railway/free/map/keihan01.gif'],,[],0,スルッとQRtto,京阪電鉄：TEL 06-6945-4560,,https://www.keihan.co.jp/traffic/valueticket/detail/osaka-kyoto1day.html,"[{'text': '京阪電鉄', 'url': 'https://www.keihan.co.jp/traffic/valueticket/detail/osaka-kyoto1day.html'}]",,https://www2s.biglobe.ne.jp/~t_aoyagi/railway/free/keihan05.htm,keihan05.htm,88,2026-08-10 01:30:50.424840+00:00,京阪電車 大阪・京都1日乗車券,,,,https://www2s.biglobe.ne.jp/~t_aoyagi/railway/free/keihan05.htm
keihan06,京阪電車 京都1日乗車券,京阪電気鉄道,['京阪電気鉄道'],1,FALSE,kinki,近畿,近畿,['近畿'],tunen,通年発売タイプ,全年发售,['デジタル'],FALSE,TRUE,on_sale,発売中,,,1100,550,550,"大人：1,100円／小人：550円",１日間,1,通年,通年,,['https://www2s.biglobe.ne.jp/~t_aoyagi/railway/free/map/keihan06.gif'],,[],0,スルッとQRtto,京阪電鉄：TEL 06-6945-4560,,https://www.keihan.co.jp/traffic/valueticket/detail/kyoto1day.html,"[{'text': '京阪電鉄', 'url': 'https://www.keihan.co.jp/traffic/valueticket/detail/kyoto1day.html'}]",,https://www2s.biglobe.ne.jp/~t_aoyagi/railway/free/keihan06.htm,keihan06.htm,89,2026-08-10 01:30:50.424840+00:00,京阪電車 京都1日乗車券,,,,https://www2s.biglobe.ne.jp/~t_aoyagi/railway/free/keihan06.htm
keihan83,叡山電車・京阪電車1日乗車券,京阪電気鉄道,['京阪電気鉄道'],1,FALSE,kinki,近畿,近畿,['近畿'],tunen,通年発売タイプ,全年发售,['デジタル'],FALSE,TRUE,period,2026/3/20  〜2027/3/31,2026/3/20,2027/3/31,2100,1050,1050,"大人：2,100円 小人：1,050円",１日,1,2026年3月20日〜2027年3月31日,購入日より3カ月以内,,['https://www2s.biglobe.ne.jp/~t_aoyagi/railway/free/map/keihan83.gif'],,[],0,スルッとQRtto,京阪電車お客さまセンター：TEL 06-6945-4560,,https://www.keihan.co.jp/traffic/valueticket/detail/eizan1day.html,"[{'text': '京阪電気鉄道', 'url': 'https://www.keihan.co.jp/traffic/valueticket/detail/eizan1day.html'}]",,https://www2s.biglobe.ne.jp/~t_aoyagi/railway/free/keihan83.htm,keihan83.htm,90,2026-08-10 01:30:50.424840+00:00,叡山電車・京阪電車1日乗車券,,,,https://www2s.biglobe.ne.jp/~t_aoyagi/railway/free/keihan83.htm
keihan04,京阪電車 大津線 湖都古都1日乗車券,京阪電気鉄道,['京阪電気鉄道'],1,FALSE,kinki,近畿,近畿,['近畿'],tunen,通年発売タイプ,全年发售,['実券' 'デジタル'],TRUE,TRUE,period,2026/4/1  〜2027/3/31,2026/4/1,2027/3/31,800,400,400,大人：800円／小人：400円,１日間,1,2026年4月1日〜2027年3月31日,2026年4月1日〜2027年4月30日,,['https://www2s.biglobe.ne.jp/~t_aoyagi/railway/free/map/otsu01.gif'],,[],0,"京阪山科,四宮,京阪石山,京阪膳所,びわ湖浜大津,京阪大津京,近江神宮前,坂本比叡山口 
 スルッとQRtto (磁気券への引換が必要)",京阪電車お客さまセンター TEL:06-6945-4560,,https://www.keihan.co.jp/traffic/valueticket/detail/kotokoto-1day.html,"[{'text': '京阪電気鉄道', 'url': 'https://www.keihan.co.jp/traffic/valueticket/detail/kotokoto-1day.html'}]",,https://www2s.biglobe.ne.jp/~t_aoyagi/railway/free/keihan04.htm,keihan04.htm,91,2026-08-10 01:30:50.424840+00:00,京阪電車 大津線 湖都古都1日乗車券,,,,https://www2s.biglobe.ne.jp/~t_aoyagi/railway/free/keihan04.htm
keihan02,ひらパーGo!Go!チケット,京阪電気鉄道,['京阪電気鉄道'],1,FALSE,kinki,近畿,近畿,['近畿'],tunen,通年発売タイプ,全年发售,['デジタル'],FALSE,TRUE,period,〜2027/3/31,,2027/3/31,2200,1250,1250,"大人：2,200円 小人：1,250円",１日間,1,2026年3月20日〜2027年3月31日,2026年4月1日〜2027年3月31日(休園日は除く),,['https://www2s.biglobe.ne.jp/~t_aoyagi/railway/free/map/keihan01.gif'],,[],0,スルッとQRtto,京阪電鉄：TEL 06-6945-4560,,https://www.keihan.co.jp/traffic/valueticket/detail/hirapagogo.html,"[{'text': '京阪電鉄', 'url': 'https://www.keihan.co.jp/traffic/valueticket/detail/hirapagogo.html'}]",,https://www2s.biglobe.ne.jp/~t_aoyagi/railway/free/keihan02.htm,keihan02.htm,93,2026-08-10 01:30:50.424840+00:00,ひらパーGo!Go!チケット,,,,https://www2s.biglobe.ne.jp/~t_aoyagi/railway/free/keihan02.htm
keihan15,チームラボ バイオヴォルテックス 京都＋京阪電車 KYOTO-OSAKA SIGHTSEEING PASS 1day,京阪電気鉄道,['京阪電気鉄道'],1,FALSE,kinki,近畿,近畿,['近畿'],tunen,通年発売タイプ,全年发售,['デジタル'],FALSE,TRUE,on_sale,発売中,,,5050,,5050,"大人：5,050円〜",１日間,1,通年,購入日より3カ月以内の1日,,['https://www2s.biglobe.ne.jp/~t_aoyagi/railway/free/map/keihan01.gif'],,['購入時にチームラボ入場日時を指定\n ※指定した入場日時により価格が異なる。'],1,trip.KANSAI,京阪電車お客さまセンター TEL:06-6945-4560,,https://www.keihan.co.jp/traffic/valueticket/detail/teamlab-kyoto.html,"[{'text': '京阪電気鉄道', 'url': 'https://www.keihan.co.jp/traffic/valueticket/detail/teamlab-kyoto.html'}]",,https://www2s.biglobe.ne.jp/~t_aoyagi/railway/free/keihan15.htm,keihan15.htm,94,2026-08-10 01:30:50.424840+00:00,チームラボ バイオヴォルテックス 京都＋京阪電車 KYOTO-OSAKA SIGHTSEEING PASS 1day,,,,https://www2s.biglobe.ne.jp/~t_aoyagi/railway/free/keihan15.htm
keihan68,京都洛北 大原・鞍馬・貴船まるごと1日きっぷ,京阪電気鉄道,['京阪電気鉄道'],1,FALSE,kinki,近畿,近畿,['近畿'],kikan,期間限定タイプ,期间限定,['デジタル'],FALSE,TRUE,period,2026/5/1  〜2027/3/31,2026/5/1,2027/3/31,2600,,2600,"大人：2,600円 小人：---円",１日,1,2026年5月1日〜2027年3月31日,2026年5月1日〜2027年3月31日,,['https://www2s.biglobe.ne.jp/~t_aoyagi/railway/free/map/keihan68.gif'],,[],0,スルッとQRtto,京阪電車お客さまセンター：TEL 06-6945-4560,,https://www.keihan.co.jp/traffic/valueticket/detail/kyouto_rakuhoku.html,"[{'text': '京阪電気鉄道', 'url': 'https://www.keihan.co.jp/traffic/valueticket/detail/kyouto_rakuhoku.html'}]",,https://www2s.biglobe.ne.jp/~t_aoyagi/railway/free/keihan68.htm,keihan68.htm,96,2026-08-10 01:30:50.424840+00:00,京都洛北 大原・鞍馬・貴船まるごと1日きっぷ,,,,https://www2s.biglobe.ne.jp/~t_aoyagi/railway/free/keihan68.htm
keihan11,京阪・Osaka Metro1日フリーチケット,京阪電気鉄道,['京阪電気鉄道' '大阪市高速電気軌道 (大阪メトロ)'],2,TRUE,kinki,近畿,近畿,['近畿'],kikan,期間限定タイプ,期间限定,['デジタル'],FALSE,TRUE,period,〜2027/3/31,,2027/3/31,2160,,2160,"大人：2,160円",１日間,1,2026年4月1日〜2027年3月31日,2026年4月1日〜2027年3月31日,,['https://www2s.biglobe.ne.jp/~t_aoyagi/railway/free/map/keihan_metro.gif'],,[],0,スルッとQRtto,京阪電鉄：TEL 06-6945-4560,,https://www.keihan.co.jp/traffic/valueticket/detail/osakametro.html,"[{'text': '京阪電鉄', 'url': 'https://www.keihan.co.jp/traffic/valueticket/detail/osakametro.html'}
 {'text': '大阪市高速電気軌道', 'url': 'https://subway.osakametro.co.jp/guide/fare/category_digital_tickets/digital_tickets/digital_joshaken.php#keihan'}]",,https://www2s.biglobe.ne.jp/~t_aoyagi/railway/free/keihan11.htm,keihan11.htm,97,2026-08-10 01:30:50.424840+00:00,京阪・Osaka Metro1日フリーチケット,,,,https://www2s.biglobe.ne.jp/~t_aoyagi/railway/free/keihan11.htm
keihan99,比叡山・大津線きっぷ,京阪電気鉄道,['京阪電気鉄道'],1,FALSE,kinki,近畿,近畿,['近畿'],kikan,期間限定タイプ,期间限定,['実券'],TRUE,FALSE,period,2026/3/20  〜2027/3/31,2026/3/20,2027/3/31,3100,1550,1550,"大人：3,100円／小人：1,550円",１日間,1,2026年3月20日〜2026年12月6日,2026年3月20日〜2026年12月6日,,['https://www2s.biglobe.ne.jp/~t_aoyagi/railway/free/map/keihan99.gif'],,['比叡山延暦寺の巡拝は含まれない。'],1,"京阪山科,京阪石山,京阪膳所,びわ湖浜大津,京阪大津京,坂本比叡山口",京阪電車お客さまセンター：TEL 06-6945-4560,,https://www.keihan.co.jp/traffic/valueticket/detail/hieizan-otsu.html,"[{'text': '京阪電鉄', 'url': 'https://www.keihan.co.jp/traffic/valueticket/detail/hieizan-otsu.html'}]",,https://www2s.biglobe.ne.jp/~t_aoyagi/railway/free/keihan99.htm,keihan99.htm,99,2026-08-10 01:30:50.424840+00:00,比叡山・大津線きっぷ,,,,https://www2s.biglobe.ne.jp/~t_aoyagi/railway/free/keihan99.htm
keihan14,京阪電車「免許自主返納」応援！大津線 湖都古都1日乗車券,京阪電気鉄道,['京阪電気鉄道'],1,FALSE,kinki,近畿,近畿,['近畿'],kikan,期間限定タイプ,期间限定,['実券'],TRUE,FALSE,period,2026/4/1  〜2027/3/31,2026/4/1,2027/3/31,650,,650,大人：650円,１日間,1,2026年4月1日〜2027年3月31日,2026年4月1日〜2027年3月31日,,['https://www2s.biglobe.ne.jp/~t_aoyagi/railway/free/map/otsu01.gif'],,['滋賀県在住で、運転免許証を自主返納されたお客さま限定。' '購入時に「本人確認書類」の呈示が必要'],2,"京阪山科,京阪石山,京阪膳所,びわ湖浜大津,京阪大津京,坂本比叡山口",京阪電車お客さまセンター TEL:06-6945-4560,,https://www.keihan.co.jp/traffic/valueticket/detail/kotokoto1day-hennou.html,"[{'text': '京阪電気鉄道', 'url': 'https://www.keihan.co.jp/traffic/valueticket/detail/kotokoto1day-hennou.html'}]",,https://www2s.biglobe.ne.jp/~t_aoyagi/railway/free/keihan14.htm,keihan14.htm,100,2026-08-10 01:30:50.424840+00:00,京阪電車「免許自主返納」応援！ 大津線 湖都古都1日乗車券,,,,https://www2s.biglobe.ne.jp/~t_aoyagi/railway/free/keihan14.htm
keihan90,京阪電車ナゾ巡り1日乗車券,京阪電気鉄道,['京阪電気鉄道'],1,FALSE,kinki,近畿,近畿,['近畿'],kikan,期間限定タイプ,期间限定,['デジタル'],FALSE,TRUE,period,2025/10/1  〜2026/6/30,2025/10/1,2026/6/30,2600,,2600,"大人：2,600円",１日間,1,2025年10月1日〜2026年6月30日,2025年10月1日〜2026年6月30日,,['https://www2s.biglobe.ne.jp/~t_aoyagi/railway/free/map/keihan01.gif'],,[],0,スルッとQRtto,京阪電車お客さまセンター：TEL 06-6945-4560,,https://www.keihan.co.jp/traffic/valueticket/detail/nazomeguri.html,"[{'text': '京阪電鉄', 'url': 'https://www.keihan.co.jp/traffic/valueticket/detail/nazomeguri.html'}]",,https://www2s.biglobe.ne.jp/~t_aoyagi/railway/free/keihan90.htm,keihan90.htm,104,2026-08-10 01:30:50.424840+00:00,京阪電車ナゾ巡り1日乗車券,,,,https://www2s.biglobe.ne.jp/~t_aoyagi/railway/free/keihan90.htm
keihan86,「京阪電車×響け！ユーフォニアム2026」大津線フリーチケット,京阪電気鉄道,['京阪電気鉄道'],1,FALSE,kinki,近畿,近畿,['近畿'],kikan,期間限定タイプ,期间限定,['実券'],TRUE,FALSE,period,2026/9/1  〜2027/3/31,2026/9/1,2027/3/31,1700,,1700,"大人：1,700円",１日間×2回,1,2026年9月1日〜2027年3月31日,2026年9月1日〜2027年3月31日,,['https://www2s.biglobe.ne.jp/~t_aoyagi/railway/free/map/otsu01.gif'],,[],0,びわ湖浜大津,京阪電鉄：TEL 06-6945-4560,,https://www.keihan.co.jp/euphonium/#link_event1,"[{'text': '京阪電鉄', 'url': 'https://www.keihan.co.jp/euphonium/#link_event1'}]",,https://www2s.biglobe.ne.jp/~t_aoyagi/railway/free/keihan86.htm,keihan86.htm,105,2026-08-10 01:30:50.424840+00:00,「京阪電車×響け！ユーフォニアム2026秋」 大津線フリーチケット,,,,https://www2s.biglobe.ne.jp/~t_aoyagi/railway/free/keihan86.htm
keihan88,「京阪電車×響け！ユーフォニアム2026」京阪線フリーチケット,京阪電気鉄道,['京阪電気鉄道'],1,FALSE,kinki,近畿,近畿,['近畿'],kikan,期間限定タイプ,期间限定,['実券'],TRUE,FALSE,period,2026/10/17  〜2027/3/31,2026/10/17,2027/3/31,1700,,1700,"大人：1,700円",１日間,1,2026年10月17日〜2027年3月31日,22026年10月17日〜2027年3月31日,,['https://www2s.biglobe.ne.jp/~t_aoyagi/railway/free/map/keihan01.gif'],,[],0,"淀屋橋,京橋,枚方市,中書島,丹波橋,三条",京阪電鉄：TEL 06-6945-4560,,https://www.keihan.co.jp/euphonium/#link_event1,"[{'text': '京阪電鉄', 'url': 'https://www.keihan.co.jp/euphonium/#link_event1'}]",,https://www2s.biglobe.ne.jp/~t_aoyagi/railway/free/keihan88.htm,keihan88.htm,106,2026-08-10 01:30:50.424840+00:00,「京阪電車×響け！ユーフォニアム2026秋」 京阪線フリーチケット,,,,https://www2s.biglobe.ne.jp/~t_aoyagi/railway/free/keihan88.htm
keihan104,フェルメール《真珠の耳飾りの少女》展 記念乗車券,京阪電気鉄道,['京阪電気鉄道'],1,FALSE,kinki,近畿,近畿,['近畿'],kikan,期間限定タイプ,期间限定,['実券'],TRUE,FALSE,period,2026/8/21  〜12/30,2026/8/21,2026/12/30,4000,,4000,"大人：4,000円(2枚組)",１日間,1,2026年8月21日〜2026年12月30日,2026年8月21日〜2027年3月31日,,['https://www2s.biglobe.ne.jp/~t_aoyagi/railway/free/map/keihan01.gif'],,[],0,"淀屋橋,京橋,枚方市,中書島,丹波橋,三条",京阪電鉄：TEL 06-6945-4560,,https://www.keihan.co.jp/euphonium/#link_event1,"[{'text': '京阪電鉄', 'url': 'https://www.keihan.co.jp/euphonium/#link_event1'}]",,https://www2s.biglobe.ne.jp/~t_aoyagi/railway/free/keihan104.htm,keihan104.htm,108,2026-08-10 01:30:50.424840+00:00,フェルメール《真珠の耳飾りの少女》展 記念乗車券,,,,https://www2s.biglobe.ne.jp/~t_aoyagi/railway/free/keihan104.htm
keihan105,京阪電車ナゾ巡り大津線編1日乗車券,京阪電気鉄道,['京阪電気鉄道'],1,FALSE,kinki,近畿,近畿,['近畿'],kikan,期間限定タイプ,期间限定,['実券'],TRUE,FALSE,period,2026/6/27  〜2027/3/31,2026/6/27,2027/3/31,2500,,2500,"大人：2,500円",１日間,1,2026年6月27日〜2027年3月31日,2026年6月27日〜2027年3月31日,,['https://www2s.biglobe.ne.jp/~t_aoyagi/railway/free/map/otsu01.gif'],,['謎解きキット付き'],1,"京阪山科,四宮,京阪石山,京阪膳所,びわ湖浜大津,京阪大津京,近江神宮前,坂本比叡山口",京阪電車お客さまセンター TEL:06-6945-4560,,https://www.keihan.co.jp/otsu_kotokoto/ticket/#link_ticket2,"[{'text': '京阪電気鉄道', 'url': 'https://www.keihan.co.jp/otsu_kotokoto/ticket/#link_ticket2'}]",,https://www2s.biglobe.ne.jp/~t_aoyagi/railway/free/keihan105.htm,keihan105.htm,109,2026-08-10 01:30:50.424840+00:00,京阪電車ナゾ巡り大津線編1日乗車券,,,,https://www2s.biglobe.ne.jp/~t_aoyagi/railway/free/keihan105.htm
keihan102,京阪電車 冬のおでかけ応援きっぷ,京阪電気鉄道,['京阪電気鉄道'],1,FALSE,kinki,近畿,近畿,['近畿'],kikan,期間限定タイプ,期间限定,['デジタル'],FALSE,TRUE,ended,終了,,,500,,500,大人：500円,１日間,1,2026年1月26日〜2026年2月8日,"2026年2月1日,2月7日,2月8日",,['https://www2s.biglobe.ne.jp/~t_aoyagi/railway/free/map/keihan01.gif'],,[],0,スルッとQRtto,京阪電鉄：TEL 06-6945-4560,,https://www.keihan.co.jp/traffic/valueticket/detail/fuyunoodekake.html,"[{'text': '京阪電鉄', 'url': 'https://www.keihan.co.jp/traffic/valueticket/detail/fuyunoodekake.html'}]",,https://www2s.biglobe.ne.jp/~t_aoyagi/railway/free/keihan102.htm,keihan102.htm,110,2026-08-10 01:30:50.424840+00:00,京阪電車 冬のおでかけ応援きっぷ,,,,https://www2s.biglobe.ne.jp/~t_aoyagi/railway/free/keihan102.htm
keihan89,京阪電車「敬老の日」びわ湖チケット,京阪電気鉄道,['京阪電気鉄道'],1,FALSE,kinki,近畿,近畿,['近畿'],autumn,秋限定タイプ,秋季限定,['実券'],TRUE,FALSE,ended,終了,,,500,,500,大人：500円,１日間,1,2019年9月14日〜2019年10月14日,2019年9月14日〜2019年10月14日,,['https://www2s.biglobe.ne.jp/~t_aoyagi/railway/free/map/otsu01.gif'],,['65歳以上(年齢を確認できる書類必要)'],1,"京阪山科,四宮,石山寺,京阪石山,京阪膳所,びわ湖浜大津,京阪大津京,近江神宮前,坂本比叡山口",京阪電車お客さまセンター TEL:06-6945-4560,,https://www.keihan.co.jp/traffic/valueticket/ticket/biwako_keirou/,"[{'text': '京阪電気鉄道', 'url': 'https://www.keihan.co.jp/traffic/valueticket/ticket/biwako_keirou/'}]",,https://www2s.biglobe.ne.jp/~t_aoyagi/railway/free/keihan89.htm,keihan89.htm,111,2026-08-10 01:30:50.424840+00:00,京阪電車「敬老の日」びわ湖チケット,,,,https://www2s.biglobe.ne.jp/~t_aoyagi/railway/free/keihan89.htm
keihan91,年末年始フリーデジタル２dayチケット,京阪電気鉄道,['京阪電気鉄道'],1,FALSE,kinki,近畿,近畿,['近畿'],winter,年末年始限定タイプ,年末年初限定,['デジタル'],FALSE,TRUE,ended,終了,,,1500,,1500,"大人：1,500円／小人：---円",２日間,2,2024年12月9日〜2024年12月29日,2024年12月30日〜2025年1月5日,,['https://www2s.biglobe.ne.jp/~t_aoyagi/railway/free/map/keihan01.gif'],,[],0,スルッとQRtto,京阪電車お客さまセンター：TEL 06-6945-4560,,https://www.keihan.co.jp/traffic/valueticket/detail/ny-2day.html,"[{'text': '京阪電鉄', 'url': 'https://www.keihan.co.jp/traffic/valueticket/detail/ny-2day.html'}]",,https://www2s.biglobe.ne.jp/~t_aoyagi/railway/free/keihan91.htm,keihan91.htm,112,2026-08-10 01:30:50.424840+00:00,年末年始フリー デジタル２dayチケット,"1,000枚",,,https://www2s.biglobe.ne.jp/~t_aoyagi/railway/free/keihan91.htm
keihan92,京阪電車 年末年始大津線フリーチケット・坂本ケーブルチケット,京阪電気鉄道,['京阪電気鉄道'],1,FALSE,kinki,近畿,近畿,['近畿'],winter,年末年始限定タイプ,年末年初限定,['実券'],TRUE,FALSE,ended,終了,,,1600,800,800,"期間 大人 小人 
 2024年12月1日〜2024年12月7日 1,600円 800円 
 2024年12月8日〜2024年12月14日 1,900円 950円 
 2024年12月15日〜2025年1月5日 2,200円 1,100円",１日間,1,2024年12月1日〜2025年1月5日,2024年12月28日〜2025年1月5日,,['https://www2s.biglobe.ne.jp/~t_aoyagi/railway/free/map/keihan92.gif'],,[],0,スルッとQRtto,京阪電車お客さまセンター：TEL 06-6945-4560,,https://www.keihan.co.jp/traffic/valueticket/detail/ny-otsu_s_cable.html,"[{'text': '京阪電鉄', 'url': 'https://www.keihan.co.jp/traffic/valueticket/detail/ny-otsu_s_cable.html'}]",,https://www2s.biglobe.ne.jp/~t_aoyagi/railway/free/keihan92.htm,keihan92.htm,113,2026-08-10 01:30:50.424840+00:00,京阪電車 年末年始大津線フリーチケット・坂本ケーブルチケット,,,,https://www2s.biglobe.ne.jp/~t_aoyagi/railway/free/keihan92.htm
hankyuhanshin0,阪急阪神1dayパス,阪急電鉄,['阪急電鉄' '阪神電気鉄道' '神戸高速鉄道'],3,TRUE,kinki,近畿,近畿,['近畿'],tunen,通年発売タイプ,全年发售,['デジタル'],FALSE,TRUE,period,〜2027/3/31,,2027/3/31,1600,,1600,"大人：1,600円／小人：---円",１日間,1,2026年4月1日〜2027年3月31日,2026年4月1日〜2027年4月30日,,['https://www2s.biglobe.ne.jp/~t_aoyagi/railway/free/map/hankyuhanshin.gif'],,[],0,スルッとQRtto 阪急沿線アプリ,阪急電鉄 TEL:06-6373-5290,,https://www.hankyu.co.jp/ticket/otoku/013806.html,"[{'text': '阪急電鉄', 'url': 'https://www.hankyu.co.jp/ticket/otoku/013806.html'}
 {'text': '阪神電気鉄道', 'url': 'https://www.hanshin.co.jp/ticket/otoku/detail/004409.html'}]",,https://www2s.biglobe.ne.jp/~t_aoyagi/railway/free/hankyuhanshin0.htm,hankyuhanshin0.htm,114,2026-08-10 01:30:50.424840+00:00,阪急阪神1dayパス,,,,https://www2s.biglobe.ne.jp/~t_aoyagi/railway/free/hankyuhanshin0.htm
hankyu89,阪急1dayパス,阪急電鉄,['阪急電鉄'],1,FALSE,kinki,近畿,近畿,['近畿'],tunen,通年発売タイプ,全年发售,['デジタル'],FALSE,TRUE,period,〜2027/3/31,,2027/3/31,1300,,1300,"大人：1,300円",１日,1,2026年4月1日〜2027年3月31日,2026年4月1日〜2027年4月30日,,['https://www2s.biglobe.ne.jp/~t_aoyagi/railway/free/map/hankyu.gif'],,[],0,スルッとQRtto,阪急電鉄交通ご案内センター TEL:0570-089-500 (9:00〜19:00),,https://www.hankyu.co.jp/ticket/otoku/013812.html,"[{'text': '阪急電鉄', 'url': 'https://www.hankyu.co.jp/ticket/otoku/013812.html'}]",,https://www2s.biglobe.ne.jp/~t_aoyagi/railway/free/hankyu89.htm,hankyu89.htm,115,2026-08-10 01:30:50.424840+00:00,阪急1dayパス,,,,https://www2s.biglobe.ne.jp/~t_aoyagi/railway/free/hankyu89.htm
kitakyumonorailkyoto,北急・モノレール京都おでかけきっぷ,阪急電鉄,['阪急電鉄' '北大阪急行電鉄' '大阪高速鉄道'],3,TRUE,kinki,近畿,近畿,['近畿'],kisetu,季節発売タイプ,季节发售,['デジタル'],FALSE,TRUE,ended,終了,,,1500,,1500,"大人：1,500円",１日,1,"2026年4月10日〜2026年6月14日 
 2025年9月12日〜2025年12月21日","2026年4月10日〜2026年6月14日 
 2025年9月12日〜2025年12月21日",,['https://www2s.biglobe.ne.jp/~t_aoyagi/railway/free/map/kitamonokyoto.gif'],,[],0,スルッとQRtto,"阪急電鉄 梅田駅テレホンセンター TEL:06-6373-5290 
 北大阪急行 鉄道部 TEL:06-6865-0645 
 大阪高速鉄道 お客様サービス課 TEL:06-6832-0202",,https://www.hankyu.co.jp/ticket/otoku/014078.html,"[{'text': '阪急電鉄', 'url': 'https://www.hankyu.co.jp/ticket/otoku/014078.html'}
 {'text': '北大阪急行', 'url': 'https://www.kita-kyu.co.jp/train/ticket/value/#plan_digital'}
 {'text': '大阪高速鉄道', 'url': 'https://www.osaka-monorail.co.jp/ticket/value/37'}]",,https://www2s.biglobe.ne.jp/~t_aoyagi/railway/free/kitakyumonorailkyoto.htm,kitakyumonorailkyoto.htm,120,2026-08-10 01:30:50.424840+00:00,北急・モノレール京都おでかけきっぷ,,,,https://www2s.biglobe.ne.jp/~t_aoyagi/railway/free/kitakyumonorailkyoto.htm
arima_rokko,有馬・六甲周遊1dayパス,阪急電鉄,['阪急電鉄' '阪神電気鉄道' '神戸市交通局' '神戸電鉄' '山陽電気鉄道'],5,TRUE,kinki,近畿,近畿,['近畿'],kikan,期間限定タイプ,期间限定,['実券'],TRUE,FALSE,period,2025/8/1  〜2026/5/31,2025/8/1,2026/5/31,2900,,2900,"基本フリー版 大人：2,900円 
 阪急版 大人：3,100円 
 阪神版 大人：3,000円 
 山陽明石以東版 大人：3,300円 
 山陽全線版 大人：3,800円 
 神鉄拡大版 大人：3,100円",1日間,1,2025年8月1日〜2026年5月31日,2025年8月1日〜2026年5月31日,"【基本フリー版】 
 
 阪急拡大版 【基本フリー版】＋阪急電鉄全線(神戸高速線を除く) 
 阪神拡大版 【基本フリー版】＋阪神電車全線(神戸高速線を除く) 
 山陽拡大版① 【基本フリー版】＋山陽電気鉄道(西代〜明石)＋神戸高速鉄道(阪急三宮〜西代) 
 山陽拡大版② 【基本フリー版】＋山陽電気鉄道全線＋神戸高速鉄道(阪急三宮〜西代) 
 神鉄拡大版 【基本フリー版】＋神戸高速鉄道(湊川〜阪急三宮間)＋神戸電鉄全線",['https://www2s.biglobe.ne.jp/~t_aoyagi/railway/free/map/arimarokko.gif'],,[],0,"乗車券名 発売箇所 
 基本フリー版 神戸市営地下鉄：三宮駅売店,新神戸駅売店 
 市バス・地下鉄お客さまサービスコーナー(三宮) 
 
北神急行電鉄：谷上駅 
 
神戸電鉄：有馬温泉駅 
 
阪急電鉄：阪急電鉄三宮駅ごあんないカウンター,六甲駅 
 阪急版 阪急電鉄ごあんないカウンター 
 阪神版 梅田,尼崎,甲子園,御影,三宮の各駅長室 
 山陽明石以東版 西代,板宿,東須磨,須磨,垂水,明石の各駅 
 板宿,垂水,明石の各定期券発売所,ご案内センター(明石) 
 山陽全線版 明石,東二見,高砂,大塩,飾磨,姫路,網干の各駅 
 明石,東二見,高砂,飾磨,姫路の各定期券発売所,ご案内センター(明石) 
 神鉄拡大版 神戸電鉄主要駅,駅売店,委託発売所 
 神鉄グループ総合案内所","神戸電鉄株式会社・運輸部 TEL:078-592-4451 
 
神戸市交通局・営業推進課 TEL:078-322-5994 
 
六甲山観光株式会社・運輸部営業課 TEL:078-861-5288 
 
阪急電鉄株式会社・阪急電鉄交通ご案内センター TEL:0570-089-500 
 
阪神電気鉄道株式会社・運輸部営業課 TEL:06-6457-2258 
 
山陽電気鉄道株式会社・鉄道営業部営業課 TEL:078-940-5132",,http://www.shintetsu.co.jp/railway/ticket/detail/arima_rokko.html,"[{'text': '神戸電鉄', 'url': 'http://www.shintetsu.co.jp/railway/ticket/detail/arima_rokko.html'}
 {'text': '神戸市交通局', 'url': 'https://kotsu.city.kobe.lg.jp/ensen-navi/bus-railway/arima-rokko/'}
 {'text': '阪神電気鉄道', 'url': 'https://www.hanshin.co.jp/ticket/otoku/detail/000084.html'}
 {'text': '阪急電鉄', 'url': 'https://www.hankyu.co.jp/ticket/otoku/013045.html'}
 {'text': '山陽電気鉄道', 'url': 'https://www.sanyo-railway.co.jp/railway/untin/ticket15.html'}]",,https://www2s.biglobe.ne.jp/~t_aoyagi/railway/free/arima_rokko.htm,arima_rokko.htm,122,2026-08-10 01:30:50.424840+00:00,有馬・六甲周遊1dayパス,,,,https://www2s.biglobe.ne.jp/~t_aoyagi/railway/free/arima_rokko.htm
arima_rokko02,有馬・六甲周遊2dayパス,阪急電鉄,['阪急電鉄'],1,FALSE,kinki,近畿,近畿,['近畿'],kikan,期間限定タイプ,期间限定,['実券'],TRUE,FALSE,period,2025/8/1  〜2026/5/30,2025/8/1,2026/5/30,3600,,3600,"阪急版 大人：3,600円",2日間,2,2025年8月1日〜2026年5月30日,2025年8月1日〜2026年5月31日,,['https://www2s.biglobe.ne.jp/~t_aoyagi/railway/free/map/arimarokko02.gif'],,[],0,"阪急電鉄ごあんないカウンター 
 阪急ツーリストセンター大阪・梅田 
 阪急京都観光案内所・河原町",阪急電鉄株式会社・阪急電鉄交通ご案内センター TEL:0570-089-500,,https://www.hankyu.co.jp/ticket/otoku/013046.html,"[{'text': '阪急電鉄', 'url': 'https://www.hankyu.co.jp/ticket/otoku/013046.html'}]",,https://www2s.biglobe.ne.jp/~t_aoyagi/railway/free/arima_rokko02.htm,arima_rokko02.htm,123,2026-08-10 01:30:50.424840+00:00,有馬・六甲周遊2dayパス,,,,https://www2s.biglobe.ne.jp/~t_aoyagi/railway/free/arima_rokko02.htm
taikonoyu,有馬温泉 太閤の湯クーポン,阪急電鉄,['阪急電鉄' '阪神電気鉄道' '神戸市交通局' '神戸電鉄' '山陽電気鉄道'],5,TRUE,kinki,近畿,近畿,['近畿'],kikan,期間限定タイプ,期间限定,['デジタル'],FALSE,TRUE,period,2026/4/1  〜2027/3/31,2026/4/1,2027/3/31,2600,,2600,"発行会社 大人 発行会社 大人 
 神戸電鉄版 2,600円 山陽電気鉄道版① 3,000円 
 阪急電鉄版 3,250円 山陽電気鉄道版② 3,400円 
 阪神電気鉄道版 3,150円 神戸市交通局版 2,700円",１日間,1,2026年4月1日〜2027年3月31日,2026年4月1日〜2027年3月31日,"神戸電鉄版 神戸電鉄線全線 
 阪急電鉄版 阪急電鉄 ：全線 
 
神戸市交通局：三宮－谷上 
 
神戸電鉄 ：谷上－有馬温泉 
 
 阪神電気鉄道版 阪神電鉄 ：全線 
 
神戸市交通局：三宮－谷上 
 
神戸電鉄 ：谷上－有馬温泉 
 
 山陽電気鉄道版① 山陽電気鉄道：明石－西代
 
 神戸高速鉄道：西代－湊川
 
 神戸電鉄 ：湊川－有馬温泉 
 山陽電気鉄道版② 山陽電気鉄道：全線 
 
神戸高速鉄道：西代－湊川 
 
神戸電鉄 ：湊川－有馬温泉 
 神戸市交通局版 神戸市交通局：全線 
 
神戸電鉄 ：谷上－有馬温泉",['https://www2s.biglobe.ne.jp/~t_aoyagi/railway/free/map/taikonoyu.gif'],,"['休館日(4/7〜4/8,7/8〜7/9,10/6,1/6,臨時休館日）は利用不可。']",1,"乗車券名 発売箇所 
 神戸電鉄版 神鉄主要駅窓口、セブンイレブン各駅店、企画乗車券自動販売機、委託発売所 
 阪急電鉄版 スルッとQRtto 
 阪神電気鉄道版 スルッとQRtto 
 山陽電気鉄道版① スルッとQRtto 
 山陽電気鉄道版② スルッとQRtto 
 神戸市交通局版 スルッとQRtto","阪急電鉄： 
 交通ご案内センター TEL:0570-089-500/06-6133-3473 
 
阪神電車： 
 運輸部営業課 TEL:06-6457-2258 
 
神戸市交通局： 
 お客様サービスコーナー TEL:078-321-0484 
 
山陽電車： 
 鉄道営業部営業課 TEL:078-940-5132 
 
 ご案内センター TEL:078-913-2880 
 
神戸電鉄： 
 総合案内所 TEL:078-592-4611",,https://www.shintetsu.co.jp/railway/ticket/detail/taikounoyu.html,"[{'text': '神戸電鉄', 'url': 'https://www.shintetsu.co.jp/railway/ticket/detail/taikounoyu.html'}
 {'text': '阪急電鉄', 'url': 'https://www.hankyu.co.jp/ticket/otoku/014066.html'}
 {'text': '阪神電気鉄道', 'url': 'https://www.hanshin.co.jp/ticket/otoku/detail/000053.html'}
 {'text': '山陽電気鉄道', 'url': 'http://www.sanyo-railway.co.jp/railway/untin/ticket13.html'}
 {'text': '神戸市交通局', 'url': 'https://kotsu.city.kobe.lg.jp/ensen-navi/bus-railway/taikou-no-yu1day/'}]",,https://www2s.biglobe.ne.jp/~t_aoyagi/railway/free/taikonoyu.htm,taikonoyu.htm,124,2026-08-10 01:30:50.424840+00:00,有馬温泉 太閤の湯クーポン,,,,https://www2s.biglobe.ne.jp/~t_aoyagi/railway/free/taikonoyu.htm
hankyu101,阪急－神戸高速線 神戸市内 土休日フリーきっぷ,阪急電鉄,['阪急電鉄'],1,FALSE,kinki,近畿,近畿,['近畿'],kikan,期間限定タイプ,期间限定,['デジタル'],FALSE,TRUE,period,2026/4/4  〜2027/3/28,2026/4/4,2027/3/28,500,,500,大人 500円,1日,1,2026年4月4日〜2027年3月28日,2026年4月4日〜2027年3月28日の土日祝ダイヤ適用日,,['https://www2s.biglobe.ne.jp/~t_aoyagi/railway/free/map/hankyu101.gif'],,[],0,スルッとQRtto,阪急梅田駅テレホンセンター TEL:06-6373-5290 (9:00〜19:00),,https://www.hankyu.co.jp/ticket/otoku/013807.html,"[{'text': '阪急電鉄', 'url': 'https://www.hankyu.co.jp/ticket/otoku/013807.html'}]",,https://www2s.biglobe.ne.jp/~t_aoyagi/railway/free/hankyu101.htm,hankyu101.htm,127,2026-08-10 01:30:50.424840+00:00,阪急－神戸高速線 神戸市内 土休日フリーきっぷ,,,,https://www2s.biglobe.ne.jp/~t_aoyagi/railway/free/hankyu101.htm
hankyu105,王子動物園×阪急神戸線1dayパス,阪急電鉄,['阪急電鉄'],1,FALSE,kinki,近畿,近畿,['近畿'],kikan,期間限定タイプ,期间限定,['デジタル'],FALSE,TRUE,ended,終了,,,1200,,1200,"大人：1,200円 小人：---円",１日,1,"2026年4月17日〜2026年5月31日 
 2025年9月1日〜2025年11月30日","2026年4月17日〜2026年5月31日 
 2025年9月1日〜2025年11月30日 の土日祝ダイヤ適用日",,['https://www2s.biglobe.ne.jp/~t_aoyagi/railway/free/map/hankyu105.gif'],,[],0,スルッとQRtto,"阪急電鉄 交通ご案内センター 
 TEL:0570-089-500 (9:00〜19:00)",,https://www.hankyu.co.jp/ticket/otoku/014079.html,"[{'text': '阪急電鉄', 'url': 'https://www.hankyu.co.jp/ticket/otoku/014079.html'}]",,https://www2s.biglobe.ne.jp/~t_aoyagi/railway/free/hankyu105.htm,hankyu105.htm,128,2026-08-10 01:30:50.424840+00:00,王子動物園×阪急神戸線1dayパス,,,,https://www2s.biglobe.ne.jp/~t_aoyagi/railway/free/hankyu105.htm
hankyu103,リアル謎解きゲーム ナゾときっぷ(阪急編),阪急電鉄,['阪急電鉄'],1,FALSE,kinki,近畿,近畿,['近畿'],kikan,期間限定タイプ,期间限定,['デジタル'],FALSE,TRUE,period,2026/3/16  〜12/25,2026/3/16,2026/12/25,2800,,2800,"大人：2,800円",１日,1,2026年3月16日〜2026年12月25日,2026年3月16日〜2026年12月25日,,['https://www2s.biglobe.ne.jp/~t_aoyagi/railway/free/map/hankyu.gif'],,[],0,スルッとQRtto,阪急電鉄交通ご案内センター TEL:0570-089-500 (9:00〜19:00),,https://www.hankyu.co.jp/ticket/otoku/014061.html,"[{'text': '阪急電鉄', 'url': 'https://www.hankyu.co.jp/ticket/otoku/014061.html'}
 {'text': 'イベント公式ページ', 'url': 'https://nazotoki-zepets.com/nazotokippu2026/'}]",,https://www2s.biglobe.ne.jp/~t_aoyagi/railway/free/hankyu103.htm,hankyu103.htm,129,2026-08-10 01:30:50.424840+00:00,リアル謎解きゲーム ナゾときっぷ(阪急編),不明,,,https://www2s.biglobe.ne.jp/~t_aoyagi/railway/free/hankyu103.htm
hankyu94,阪急阪神ニューイヤーチケット,阪急電鉄,['阪急電鉄' '能勢電鉄' '阪神電気鉄道' '神戸高速鉄道'],4,TRUE,kinki,近畿,近畿,['近畿'],winter,年末年始限定タイプ,年末年初限定,['デジタル'],FALSE,TRUE,ended,終了,,,1200,,1200,"基本版 大人：1,200円 小人：--- 
 能勢版 大人：1,600円 小人：---",１日,1,2025年12月20日〜2026年1月11日,2026年1月1日〜2026年1月11日,,['https://www2s.biglobe.ne.jp/~t_aoyagi/railway/free/map/hankyuhanshin94.gif'],,[],0,スルッとQRtto,阪急電鉄 TEL:,,https://www.hankyu.co.jp/ticket/otoku/013975.html,"[{'text': '阪急電鉄', 'url': 'https://www.hankyu.co.jp/ticket/otoku/013975.html'}
 {'text': '能勢電鉄', 'url': 'https://noseden.hankyu.co.jp/railway/gain.html'}]",,https://www2s.biglobe.ne.jp/~t_aoyagi/railway/free/hankyu94.htm,hankyu94.htm,131,2026-08-10 01:30:50.424840+00:00,阪急阪神ニューイヤーチケット,,,,https://www2s.biglobe.ne.jp/~t_aoyagi/railway/free/hankyu94.htm
hankyu93,ぐるっと初詣パス,阪急電鉄,['阪急電鉄'],1,FALSE,kinki,近畿,近畿,['近畿'],winter,年末年始限定タイプ,年末年初限定,['デジタル'],FALSE,TRUE,ended,終了,,,600,,600,大人：600円 小人：---,１日,1,2025年12月20日〜2026年1月7日,2026年1月1日〜2026年1月7日,,['https://www2s.biglobe.ne.jp/~t_aoyagi/railway/free/map/hankyu93.gif'],,[],0,スルッとQRttoサイト,阪急電鉄 TEL:,,https://www.hankyu.co.jp/ticket/otoku/013728.html,"[{'text': '阪急電鉄', 'url': 'https://www.hankyu.co.jp/ticket/otoku/013728.html'}]",,https://www2s.biglobe.ne.jp/~t_aoyagi/railway/free/hankyu93.htm,hankyu93.htm,132,2026-08-10 01:30:50.424840+00:00,ぐるっと初詣パス,,,,https://www2s.biglobe.ne.jp/~t_aoyagi/railway/free/hankyu93.htm
nose73,のせでん1dayパス,能勢電鉄,['能勢電鉄'],1,FALSE,kinki,近畿,近畿,['近畿'],kikan,期間限定タイプ,期间限定,['デジタル'],FALSE,TRUE,period,〜2027/3/31,,2027/3/31,800,,800,大人：800円／小人：---円,１日間,1,2025年10月1日〜2026年3月31日,2025年10月1日〜2026年4月30日,,['https://www2s.biglobe.ne.jp/~t_aoyagi/railway/free/map/nose72.gif'],,[],0,スルッとQRtto,能勢電鉄：,,https://noseden.hankyu.co.jp/upload_file/noseden/information/newsrelease202509161.pdf,"[{'text': '能勢電鉄', 'url': 'https://noseden.hankyu.co.jp/upload_file/noseden/information/newsrelease202509161.pdf'}]",,https://www2s.biglobe.ne.jp/~t_aoyagi/railway/free/nose73.htm,nose73.htm,135,2026-08-10 01:30:50.424840+00:00,のせでん1dayパス,,,,https://www2s.biglobe.ne.jp/~t_aoyagi/railway/free/nose73.htm
nose74,のせでん1dayパス 茜音・藍彩 1 周年記念 ver.,能勢電鉄,['能勢電鉄'],1,FALSE,kinki,近畿,近畿,['近畿'],kikan,期間限定タイプ,期间限定,['デジタル'],FALSE,TRUE,period,2026/3/3  〜5/31,2026/3/3,2026/5/31,800,,800,大人：800円／小人：---円,１日間,1,2026年3月3日〜2026年5月31日,2026年3月3日〜2026年5月31日,,['https://www2s.biglobe.ne.jp/~t_aoyagi/railway/free/map/nose72.gif'],,['大人1名と小人1名が利用可能'],1,スルッとQRtto,能勢電鉄：,,https://noseden.hankyu.co.jp/ticket/gain_detail/bdbf7a824e305c9.html,"[{'text': '能勢電鉄', 'url': 'https://noseden.hankyu.co.jp/ticket/gain_detail/bdbf7a824e305c9.html'}]",,https://www2s.biglobe.ne.jp/~t_aoyagi/railway/free/nose74.htm,nose74.htm,136,2026-08-10 01:30:50.424840+00:00,のせでん1dayパス 茜音・藍彩 1 周年記念 ver.,,,,https://www2s.biglobe.ne.jp/~t_aoyagi/railway/free/nose74.htm
hansinsanyo,阪神・山陽シーサイドQR 1dayチケット,阪神電気鉄道,['阪神電気鉄道' '神戸高速鉄道' '山陽電気鉄道'],3,TRUE,kinki,近畿,近畿,['近畿'],tunen,通年発売タイプ,全年发售,['デジタル'],FALSE,TRUE,period,〜2027/3/31,,2027/3/31,2350,,2350,"磁気券 大人：2,450円 
 ＱＲ券 大人：2,350円",１日間,1,2026年4月1日〜2027年3月31日,2026年4月1日〜2027年4月30日,,['https://www2s.biglobe.ne.jp/~t_aoyagi/railway/free/map/hanshinsanyo.gif'],,[],0,"磁気券 ＱＲ券 
 阪神電鉄 － スルッとQRtto 
 神戸高速鉄道 － 
 山陽電鉄 板宿,須磨,垂水,明石,東二見,高砂,大塩,飾磨,姫路,網干 
 ご案内センター(明石)",,,https://www.sanyo-railway.co.jp/railway/untin/ticket02.html,"[{'text': '山陽電気鉄道', 'url': 'https://www.sanyo-railway.co.jp/railway/untin/ticket02.html'}
 {'text': '阪神電気鉄道', 'url': 'https://www.hanshin.co.jp/ticket/otoku/detail/004419.html'}]",,https://www2s.biglobe.ne.jp/~t_aoyagi/railway/free/hansinsanyo.htm,hansinsanyo.htm,139,2026-08-10 01:30:50.424840+00:00,阪神・山陽シーサイド1dayチケット 阪神・山陽シーサイドQR 1dayチケット,,,,https://www2s.biglobe.ne.jp/~t_aoyagi/railway/free/hansinsanyo.htm
sanyo12,阪神・明石市内QR 1dayチケット,阪神電気鉄道,['阪神電気鉄道' '神戸高速鉄道' '山陽電気鉄道'],3,TRUE,kinki,近畿,近畿,['近畿'],tunen,通年発売タイプ,全年发售,['デジタル'],FALSE,TRUE,period,〜2027/3/31,,2027/3/31,1750,,1750,"磁気券 大人：1,900円 
 ＱＲ券 大人：1,750円",１日間,1,2026年4月1日〜2027年3月31日,2026年4月1日〜2027年4月30日,,['https://www2s.biglobe.ne.jp/~t_aoyagi/railway/free/map/sanyo12.gif'],,[],0,"磁気券 ＱＲ券 
 阪神電鉄 － スルッとQRtto 
 神戸高速鉄道 － 
 山陽電鉄 大蔵谷〜西二見の各駅券売機 
 西代,板宿,東須磨,須磨,垂水,明石,東二見の各駅 
 板宿,垂水,明石,東二見の各定期券発売所,ご案内センター（明石）","阪神電気鉄道 運輸部営業課 TEL:06-6457-2258 
 神戸高速鉄道 運輸部営業課 TEL:078-351-0884 
 山陽電気鉄道 鉄道営業部営業課 TEL:078-941-7556 
 ご案内センター(明石) TEL:078-913-2880",,http://www.sanyo-railway.co.jp/railway/untin/ticket04.html,"[{'text': '山陽電気鉄道', 'url': 'http://www.sanyo-railway.co.jp/railway/untin/ticket04.html'}
 {'text': '阪神電気鉄道', 'url': 'https://www.hanshin.co.jp/ticket/otoku/detail/004418.html'}]",,https://www2s.biglobe.ne.jp/~t_aoyagi/railway/free/sanyo12.htm,sanyo12.htm,140,2026-08-10 01:30:50.424840+00:00,阪神・明石市内1dayチケット 阪神・明石市内QR 1dayチケット,,,,https://www2s.biglobe.ne.jp/~t_aoyagi/railway/free/sanyo12.htm
sanyo11,三宮・明石市内QR 1dayチケット,阪神電気鉄道,['阪神電気鉄道' '神戸高速鉄道' '山陽電気鉄道'],3,TRUE,kinki,近畿,近畿,['近畿'],tunen,通年発売タイプ,全年发售,['デジタル'],FALSE,TRUE,period,〜2027/3/31,,2027/3/31,1120,,1120,"磁気券 大人：1,200円 
 ＱＲ券 大人：1,120円",１日間,1,2026年4月1日〜2027年3月31日,2026年4月1日〜2027年4月30日,,['https://www2s.biglobe.ne.jp/~t_aoyagi/railway/free/map/sanyo11.gif'],,[],0,"磁気券 ＱＲ券 
 阪神電鉄 － スルッとQRtto 
 神戸高速鉄道 － 
 山陽電鉄 大蔵谷〜西二見の各駅券売機 
 西代,板宿,東須磨,須磨,垂水,明石,東二見の各駅 
 板宿,垂水,明石,東二見の各定期券発売所,ご案内センター（明石）","阪神電気鉄道 運輸部営業課 TEL:06-6457-2258 
 神戸高速鉄道 運輸部営業課 TEL:078-351-0884 
 山陽電気鉄道 鉄道営業部営業課 TEL:078-941-7556/ご案内センター(明石) TEL:078-913-2880",,http://www.sanyo-railway.co.jp/railway/untin/ticket03.html,"[{'text': '山陽電気鉄道', 'url': 'http://www.sanyo-railway.co.jp/railway/untin/ticket03.html'}
 {'text': '阪神電気鉄道', 'url': 'https://www.hanshin.co.jp/ticket/otoku/detail/004416.html'}]",,https://www2s.biglobe.ne.jp/~t_aoyagi/railway/free/sanyo11.htm,sanyo11.htm,141,2026-08-10 01:30:50.424840+00:00,三宮・明石市内1dayチケット 三宮・明石市内QR 1dayチケット,,,,https://www2s.biglobe.ne.jp/~t_aoyagi/railway/free/sanyo11.htm
sanhime,三宮・姫路QR 1dayチケット,阪神電気鉄道,['阪神電気鉄道' '神戸市交通局' '神戸高速鉄道' '山陽電気鉄道'],4,TRUE,kinki,近畿,近畿,['近畿'],tunen,通年発売タイプ,全年发售,['デジタル'],FALSE,TRUE,period,〜2027/3/31,,2027/3/31,1590,,1590,"磁気券 大人：1,700円 
 ＱＲ券 大人：1,590円",１日間,1,2026年4月1日〜2027年3月31日,2026年4月1日〜2027年4月30日,,['https://www2s.biglobe.ne.jp/~t_aoyagi/railway/free/map/sanhime1.gif'],,[],0,"磁気券 ＱＲ券 
 神戸市交通局 新神戸・三宮 スルッとQRtto 
 阪神電鉄 － 
 神戸高速鉄道 － 
 山陽電鉄 播磨町〜山陽姫路,西飾磨〜山陽網干の各駅券売機 
 西代,板宿,東須磨,須磨,垂水,明石,東二見,高砂,大塩,飾磨,姫路,網干の各駅 
 板宿,垂水,明石,東二見,高砂,飾磨,姫路の各定期券発売所,ご案内センター（明石）","山陽電気鉄道 鉄道営業部営業課：078-941-7556 
 
山陽電気鉄道 ご案内センター（明石）：078-913-2880 
 神戸高速鉄道 運輸部営業課：078-351-0884",,http://www.sanyo-railway.co.jp/railway/untin/ticket01.html,"[{'text': '山陽電気鉄道', 'url': 'http://www.sanyo-railway.co.jp/railway/untin/ticket01.html'}
 {'text': '阪神電気鉄道', 'url': 'https://www.hanshin.co.jp/ticket/otoku/#hyogo'}
 {'text': '神戸市交通局', 'url': 'https://kotsu.city.kobe.lg.jp/ensen-navi/bus-railway/sannomiya-himeji/'}]",,https://www2s.biglobe.ne.jp/~t_aoyagi/railway/free/sanhime.htm,sanhime.htm,143,2026-08-10 01:30:50.424840+00:00,三宮・姫路1dayチケット 三宮・姫路QR 1dayチケット,,,,https://www2s.biglobe.ne.jp/~t_aoyagi/railway/free/sanhime.htm
sanyo95,神戸マラソン1dayチケット,阪神電気鉄道,['阪神電気鉄道'],1,FALSE,kinki,近畿,近畿,['近畿'],kikan,期間限定タイプ,期间限定,['実券'],TRUE,FALSE,ended,終了,,,600,,600,大人：600円,1日間,1,2019年11月1日〜2019年11月17日,2019年11月1日〜2019年11月17日,,['https://www2s.biglobe.ne.jp/~t_aoyagi/railway/free/map/sanyo95.gif'],,[],0,"山陽電気鉄道：西代,板宿,東須磨,山陽須磨,山陽垂水,山陽明石の各駅
 
 阪神電車サービスセンター（神戸三宮）,「神戸マラソン EXPO 2019」会場","山陽電気鉄道 鉄道営業部営業課 TEL:078-941-5132 
 山陽電車ご案内センター(明石) TEL:078-913-2880",,http://www.sanyo-railway.co.jp/railway/topics/detail.html?topics_id=1727,"[{'text': '山陽電気鉄道', 'url': 'http://www.sanyo-railway.co.jp/railway/topics/detail.html?topics_id=1727'}]",,https://www2s.biglobe.ne.jp/~t_aoyagi/railway/free/sanyo95.htm,sanyo95.htm,150,2026-08-10 01:30:50.424840+00:00,神戸マラソン1dayチケット,,,,https://www2s.biglobe.ne.jp/~t_aoyagi/railway/free/sanyo95.htm
hanshin93,リアル謎解きゲーム ナゾときっぷ(阪神編),阪神電気鉄道,['阪神電気鉄道'],1,FALSE,kinki,近畿,近畿,['近畿'],kikan,期間限定タイプ,期间限定,['デジタル'],FALSE,TRUE,period,2026/3/16  〜12/25,2026/3/16,2026/12/25,2700,,2700,"大人：2,700円",１日,1,2026年3月14日〜2026年12月25日,2026年3月14日〜2026年12月25日,,['https://www2s.biglobe.ne.jp/~t_aoyagi/railway/free/map/hanshin91.gif'],,[],0,スルッとQRtto,阪急電鉄交通ご案内センター TEL:0570-089-500 (9:00〜19:00),,https://www.hanshin.co.jp/ticket/otoku/detail/005038.html,"[{'text': '阪神電気鉄道', 'url': 'https://www.hanshin.co.jp/ticket/otoku/detail/005038.html'}
 {'text': 'イベント公式ページ', 'url': 'https://nazotoki-zepets.com/nazotokippu2026/'}]",,https://www2s.biglobe.ne.jp/~t_aoyagi/railway/free/hanshin93.htm,hanshin93.htm,151,2026-08-10 01:30:50.424840+00:00,リアル謎解きゲーム ナゾときっぷ(阪神編),不明,,,https://www2s.biglobe.ne.jp/~t_aoyagi/railway/free/hanshin93.htm
kobe11,神戸周遊パス,阪神電気鉄道,['阪神電気鉄道' '神戸新交通' '神戸市交通局' '神戸電鉄' '神戸高速鉄道' '山陽電気鉄道'],6,TRUE,kinki,近畿,近畿,['近畿'],kikan,期間限定タイプ,期间限定,['デジタル'],FALSE,TRUE,ended,終了,,,3000,,3000,"大人：3,000円",１日,1,2025年4月25日〜2025年10月31日,2025年4月25日〜2025年10月31日,,['https://www2s.biglobe.ne.jp/~t_aoyagi/railway/free/map/kobe11.gif'],,[],0,スルッとQRtto,株式会社スルッとKANSAI：06-7730-9171,,https://www.feel-kobe.jp/tickets/神戸周遊パス/,"[{'text': '神戸公式観光サイト', 'url': 'https://www.feel-kobe.jp/tickets/神戸周遊パス/'}
 {'text': '阪神電気鉄道', 'url': 'https://www.hanshin.co.jp/ticket/otoku/detail/004503.html'}
 {'text': '神戸市交通局', 'url': 'https://kotsu.city.kobe.lg.jp/ensen-navi/bus-railway/kobe-shuyu/'}
 {'text': '神戸新交通', 'url': 'https://www.knt-liner.co.jp/ticketinfo/8105/'}]",,https://www2s.biglobe.ne.jp/~t_aoyagi/railway/free/kobe11.htm,kobe11.htm,152,2026-08-10 01:30:50.424840+00:00,神戸周遊パス,,,,https://www2s.biglobe.ne.jp/~t_aoyagi/railway/free/kobe11.htm
hanshin72,ポートライナー・阪神24時間パス,阪神電気鉄道,['阪神電気鉄道' '神戸新交通'],2,TRUE,kinki,近畿,近畿,['近畿'],kikan,期間限定タイプ,期间限定,['デジタル'],FALSE,TRUE,period,2026/4/1  〜2027/3/31,2026/4/1,2027/3/31,1500,,1500,"大人：1,500円／小人：---",利用開始から24時間,1,2026年4月1日〜2027年3月31日,2026年4月1日〜2027年3月31日,,['https://www2s.biglobe.ne.jp/~t_aoyagi/railway/free/map/hanshin72.gif'],,[],0,スルッとQRtto,"阪神電気鉄道・運輸部営業課 TEL:06-6457-2258 
 神戸新交通 TEL:0570-003222",,https://www.hanshin.co.jp/ticket/otoku/detail/004603.html,"[{'text': '阪神電気鉄道', 'url': 'https://www.hanshin.co.jp/ticket/otoku/detail/004603.html'}
 {'text': '神戸新交通', 'url': 'https://www.knt-liner.co.jp/ticketinfo/8562/'}]",,https://www2s.biglobe.ne.jp/~t_aoyagi/railway/free/hanshin72.htm,hanshin72.htm,153,2026-08-10 01:30:50.424840+00:00,ポートライナー・阪神24時間パス,,,,https://www2s.biglobe.ne.jp/~t_aoyagi/railway/free/hanshin72.htm
sanyo91,山陽・高速 新春全線1dayパス,阪神電気鉄道,['阪神電気鉄道' '神戸高速鉄道' '山陽電気鉄道'],3,TRUE,kinki,近畿,近畿,['近畿'],winter,年末年始限定タイプ,年末年初限定,['実券'],TRUE,FALSE,ended,終了,,,1200,,1200,"大人：1,200円",1日間,1,2025年12月20日〜2026月1月3日,2025年12月31日〜2026月1月3日,,['https://www2s.biglobe.ne.jp/~t_aoyagi/railway/free/map/sanyo91.gif'],,[],0,"神戸高速鉄道 高速神戸,新開地,高速長田 
 山陽電鉄 西代,板宿,東須磨,須磨,垂水,明石,東二見,高砂,大塩,飾磨,姫路,網干 
 ご案内センター（明石） 
 山陽電車定期券発売所 板宿,垂水,明石,東二見,高砂,飾磨,姫路 
 阪神電鉄 阪神三宮(サービスセンター)","神戸高速鉄道 運輸部営業課 TEL:078-351-0884 
 山陽電気鉄道 鉄道営業部営業課 TEL:078-941-7556/ご案内センター(明石) TEL:078-913-2880",,https://www.sanyo-railway.co.jp/railway/untin/newyear1day2026.html,"[{'text': '山陽電気鉄道', 'url': 'https://www.sanyo-railway.co.jp/railway/untin/newyear1day2026.html'}]",,https://www2s.biglobe.ne.jp/~t_aoyagi/railway/free/sanyo91.htm,sanyo91.htm,156,2026-08-10 01:30:50.424840+00:00,山陽・高速 新春全線1dayパス,,,,https://www2s.biglobe.ne.jp/~t_aoyagi/railway/free/sanyo91.htm
osaka03,エンジョイエコカード,大阪市高速電気軌道 (大阪メトロ),['大阪市高速電気軌道 (大阪メトロ)'],1,FALSE,kinki,近畿,近畿,['近畿'],tunen,通年発売タイプ,全年发售,['実券'],TRUE,FALSE,on_sale,発売中,,,620,310,310,"平日 大人：820円／小人：310円 
 土休日 大人：620円／小人：310円",１日間,1,通年,通年,,['https://www2s.biglobe.ne.jp/~t_aoyagi/railway/free/map/osaka01.gif'],,"['夢洲駅は乗降不可' 'IKEA鶴浜行,ユニバーサル・スタジオ・ジャパン行バス,オンデマンドバス,森之宮・京橋周遊バスは利用不可']",2,"券売機、定期券発売所,駅構内売店",大阪市高速電気軌道 TEL:06-6585-6229,,https://subway.osakametro.co.jp/guide/page/enjoy-eco.php,"[{'text': '大阪市高速電気軌道', 'url': 'https://subway.osakametro.co.jp/guide/page/enjoy-eco.php'}]",,https://www2s.biglobe.ne.jp/~t_aoyagi/railway/free/osaka03.htm,osaka03.htm,157,2026-08-10 01:30:50.424840+00:00,エンジョイエコカード,,,,https://www2s.biglobe.ne.jp/~t_aoyagi/railway/free/osaka03.htm
osaka04,Osaka Metro・大阪シティバス1日乗車券,大阪市高速電気軌道 (大阪メトロ),['大阪市高速電気軌道 (大阪メトロ)'],1,FALSE,kinki,近畿,近畿,['近畿'],kikan,期間限定タイプ,期间限定,['デジタル'],FALSE,TRUE,period,〜2027/3/31,,2027/3/31,620,310,310,"平日 大人：820円／小人：310円 
 土休日 大人：620円／小人：310円",１日間,1,2026年4月1日〜2027年3月31日,2026年4月1日〜2027年3月31日,,['https://www2s.biglobe.ne.jp/~t_aoyagi/railway/free/map/osaka01.gif'],,"['夢洲駅は乗降不可' 'IKEA鶴浜行,ユニバーサル・スタジオ・ジャパン行バス,オンデマンドバス,森之宮・京橋周遊バスは利用不可']",2,"平日用： e METRO スルッとQRtto 
 休日用： e METROアプリ スルッとQRtto",大阪市高速電気軌道 TEL:06-6585-6229,,https://subway.osakametro.co.jp/guide/fare/category_digital_tickets/digital_tickets/digital_joshaken.php#onedaypass,"[{'text': '大阪市高速電気軌道', 'url': 'https://subway.osakametro.co.jp/guide/fare/category_digital_tickets/digital_tickets/digital_joshaken.php#onedaypass'}]",,https://www2s.biglobe.ne.jp/~t_aoyagi/railway/free/osaka04.htm,osaka04.htm,160,2026-08-10 01:30:50.424840+00:00,Osaka Metro・大阪シティバス 1日乗車券,,,,https://www2s.biglobe.ne.jp/~t_aoyagi/railway/free/osaka04.htm
osakametoro92,1日乗車券シニア,大阪市高速電気軌道 (大阪メトロ),['大阪市高速電気軌道 (大阪メトロ)'],1,FALSE,kinki,近畿,近畿,['近畿'],kikan,期間限定タイプ,期间限定,['実券' 'デジタル'],TRUE,TRUE,ended,終了,,,670,,670,大人：670円,1日,1,2025年10月14日〜2025年12月26日,2025年10月14日〜2025年12月26日,,['https://www2s.biglobe.ne.jp/~t_aoyagi/railway/free/map/osakametoro01.gif'],,"['70歳以上(購入時に年齢が確認できる公的証明書等(健康保険証,運転免許証など)の提示が必要)'
 'IKEA鶴浜行バス,ユニバーサル・スタジオ・ジャパン行バス,空港バス,オンデマンドバスは利用不可']",2,"Osaka Metro 
 定期券発売所 梅田,なんば,天王寺 
 Osaka Metro 
 駅長室 御堂筋線：江坂,北花田,新金岡,なかもず 
 
谷町線：大日,守口,太子橋今市,八尾南 
 
中央線：高井田,長田 
 
長堀鶴見緑地線：門真南 
 
今里筋線：太子橋今市 
 
 Osaka Metro 
 案内窓口 新大阪案内カウンター 
 e METROアプリ",Osaka Metro・シティバスお客さまセンター TEL:050-3355-8208,,https://subway.osakametro.co.jp/news/news_release/20250924_1day_pass_senior.php,"[{'text': '大阪市高速電気軌道', 'url': 'https://subway.osakametro.co.jp/news/news_release/20250924_1day_pass_senior.php'}]",,https://www2s.biglobe.ne.jp/~t_aoyagi/railway/free/osakametoro92.htm,osakametoro92.htm,162,2026-08-10 01:30:50.424840+00:00,1日乗車券シニア,,,,https://www2s.biglobe.ne.jp/~t_aoyagi/railway/free/osakametoro92.htm
osakametoro94,Osaka Metro 26時間券,大阪市高速電気軌道 (大阪メトロ),['大阪市高速電気軌道 (大阪メトロ)'],1,FALSE,kinki,近畿,近畿,['近畿'],kikan,期間限定タイプ,期间限定,['デジタル'],FALSE,TRUE,period,2025/10/14  〜2026/9/30,2025/10/14,2026/9/30,1000,500,500,"大人：1,000円／小人：500円",利用開始後26時間,,2025年10月14日〜2026年9月30日,購入日から30日以内,,['https://www2s.biglobe.ne.jp/~t_aoyagi/railway/free/map/osakametoro01.gif'],,['いまざとライナーは利用不可'],1,"e METROアプリ 
 
 スルッとQRttoサイト",Osaka Metro・シティバスお客さまセンター TEL:050-3355-8208,,https://subway.osakametro.co.jp/guide/fare/category_digital_tickets/digital_tickets/digital_joshaken.php#jikanken,"[{'text': '大阪市高速電気軌道', 'url': 'https://subway.osakametro.co.jp/guide/fare/category_digital_tickets/digital_tickets/digital_joshaken.php#jikanken'}]",,https://www2s.biglobe.ne.jp/~t_aoyagi/railway/free/osakametoro94.htm,osakametoro94.htm,163,2026-08-10 01:30:50.424840+00:00,Osaka Metro 26時間券,,,,https://www2s.biglobe.ne.jp/~t_aoyagi/railway/free/osakametoro94.htm
osakametoro95,Osaka Metro 48時間券,大阪市高速電気軌道 (大阪メトロ),['大阪市高速電気軌道 (大阪メトロ)'],1,FALSE,kinki,近畿,近畿,['近畿'],kikan,期間限定タイプ,期间限定,['デジタル'],FALSE,TRUE,period,2025/10/14  〜2026/9/30,2025/10/14,2026/9/30,1700,850,850,"大人：1,700円／小人：850円",利用開始後48時間,,2025年10月14日〜2026年9月30日,購入日から30日以内,,['https://www2s.biglobe.ne.jp/~t_aoyagi/railway/free/map/osakametoro01.gif'],,['いまざとライナーは利用不可'],1,"e METROアプリ 
 
 スルッとQRttoサイト",Osaka Metro・シティバスお客さまセンター TEL:050-3355-8208,,https://subway.osakametro.co.jp/guide/fare/category_digital_tickets/digital_tickets/digital_joshaken.php#jikanken,"[{'text': '大阪市高速電気軌道', 'url': 'https://subway.osakametro.co.jp/guide/fare/category_digital_tickets/digital_tickets/digital_joshaken.php#jikanken'}]",,https://www2s.biglobe.ne.jp/~t_aoyagi/railway/free/osakametoro95.htm,osakametoro95.htm,164,2026-08-10 01:30:50.424840+00:00,Osaka Metro 48時間券,,,,https://www2s.biglobe.ne.jp/~t_aoyagi/railway/free/osakametoro95.htm
osakametoro96,Osaka Metro ＆ 北大阪急行1日乗車券,大阪市高速電気軌道 (大阪メトロ),['大阪市高速電気軌道 (大阪メトロ)' '北大阪急行電鉄'],2,TRUE,kinki,近畿,近畿,['近畿'],kikan,期間限定タイプ,期间限定,['デジタル'],FALSE,TRUE,period,2026/4/1  〜2027/3/31,2026/4/1,2027/3/31,1500,,1500,"大人：1,500円",１日間,1,2026年4月1日〜2027年3月31日,2026年4月1日〜2027年3月31日,,['https://www2s.biglobe.ne.jp/~t_aoyagi/railway/free/map/osakametoro96.gif'],,['いまざとライナーは利用不可'],1,"e METROアプリ 
 
 スルッとQRtto",Osaka Metro・シティバスお客さまセンター TEL:050-3355-8208,,https://subway.osakametro.co.jp/guide/fare/category_digital_tickets/digital_tickets/digital_joshaken.php#kitakyu_train_pass,"[{'text': '大阪市高速電気軌道', 'url': 'https://subway.osakametro.co.jp/guide/fare/category_digital_tickets/digital_tickets/digital_joshaken.php#kitakyu_train_pass'}
 {'text': '北大阪急行電鉄', 'url': 'https://www.kita-kyu.co.jp/train/ticket/value/#plan_digital'}]",,https://www2s.biglobe.ne.jp/~t_aoyagi/railway/free/osakametoro96.htm,osakametoro96.htm,165,2026-08-10 01:30:50.424840+00:00,Osaka Metro ＆ 北大阪急行1日乗車券,,,,https://www2s.biglobe.ne.jp/~t_aoyagi/railway/free/osakametoro96.htm
osakametoro51,ひらパーGo!Go!チケット(Osaka Metro版),大阪市高速電気軌道 (大阪メトロ),['大阪市高速電気軌道 (大阪メトロ)'],1,FALSE,kinki,近畿,近畿,['近畿'],kikan,期間限定タイプ,期间限定,['デジタル'],FALSE,TRUE,period,2025/3/20  〜2027/3/31,2025/3/20,2027/3/31,2660,1380,1380,"大人：2,660円／小人：1,380円",１日間,1,2026年3月20日〜2027年3月31日,2026年4月1日〜2027年3月31日,,['https://www2s.biglobe.ne.jp/~t_aoyagi/railway/free/map/osakametoro51.gif'],,['いまざとライナーは利用不可'],1,スルッとQRtto,Osaka Metro・シティバスお客さまセンター TEL:050-3355-8208,,https://subway.osakametro.co.jp/guide/fare/category_digital_tickets/digital_tickets/digital_joshaken.php#hirapa,"[{'text': '大阪市高速電気軌道', 'url': 'https://subway.osakametro.co.jp/guide/fare/category_digital_tickets/digital_tickets/digital_joshaken.php#hirapa'}
 {'text': '北大阪急行電鉄', 'url': 'https://www.kita-kyu.co.jp/train/ticket/value/'}]",,https://www2s.biglobe.ne.jp/~t_aoyagi/railway/free/osakametoro51.htm,osakametoro51.htm,169,2026-08-10 01:30:50.424840+00:00,ひらパーGo!Go!チケット【Osaka Metro版】,,,,https://www2s.biglobe.ne.jp/~t_aoyagi/railway/free/osakametoro51.htm
osakametoro98,「2つの世界と2匹の物語」１日乗車券,大阪市高速電気軌道 (大阪メトロ),['大阪市高速電気軌道 (大阪メトロ)'],1,FALSE,kinki,近畿,近畿,['近畿'],kikan,期間限定タイプ,期间限定,['実券'],TRUE,FALSE,period,2026/6/26  〜2027/1/31,2026/6/26,2027/1/31,2800,,2800,"大人：2,800円／小人：---円",利用開始後26時間,,2026年6月27日〜2027年1月31日,2026年6月27日〜2027年1月31日,,['https://www2s.biglobe.ne.jp/~t_aoyagi/railway/free/map/osakametoro01.gif'],,['いまざとライナーは利用不可'],1,"定期券発売所(なんば,天王寺の各駅),案内カウンター(新大阪駅),駅構内ローソン売店(12店舗)",Osaka Metro・シティバスお客さまセンター TEL:050-3355-8208,,https://subway.osakametro.co.jp/news/news/other/20260624_2_worlds_2_animals.php?_ga=2.106512259.1617438004.1785061804-750010525.1783783624&_gl=1*10btscu*_gcl_au*ODIyMzY4Mzg5LjE3ODM3ODM2MjQ.*_ga*NzUwMDEwNTI1LjE3ODM3ODM2MjQ.*_ga_LT5TV95QB9*czE3ODUwNjE4MDMkbzMkZzEkdDE3ODUwNjIwODUkajI3JGwwJGgw,"[{'text': '大阪市高速電気軌道', 'url': 'https://subway.osakametro.co.jp/news/news/other/20260624_2_worlds_2_animals.php?_ga=2.106512259.1617438004.1785061804-750010525.1783783624&_gl=1*10btscu*_gcl_au*ODIyMzY4Mzg5LjE3ODM3ODM2MjQ.*_ga*NzUwMDEwNTI1LjE3ODM3ODM2MjQ.*_ga_LT5TV95QB9*czE3ODUwNjE4MDMkbzMkZzEkdDE3ODUwNjIwODUkajI3JGwwJGgw'}
 {'text': '特設サイト', 'url': 'https://huntersvillage.jp/quest/osakametro'}]",,https://www2s.biglobe.ne.jp/~t_aoyagi/railway/free/osakametoro98.htm,osakametoro98.htm,170,2026-08-10 01:30:50.424840+00:00,「2つの世界と2匹の物語」１日乗車券,,,,https://www2s.biglobe.ne.jp/~t_aoyagi/railway/free/osakametoro98.htm
osakametoro83,映画『8番出口』Osaka Metro 脱出ゲーム謎解きキット1日乗車券,大阪市高速電気軌道 (大阪メトロ),['大阪市高速電気軌道 (大阪メトロ)'],1,FALSE,kinki,近畿,近畿,['近畿'],kikan,期間限定タイプ,期间限定,['実券'],TRUE,FALSE,ended,終了,,,2800,,2800,"大人：2,800円",１日間,1,2026年6月26日〜2027年1月31日,2026年6月26日〜2027年1月31日,,['https://www2s.biglobe.ne.jp/~t_aoyagi/railway/free/map/osaka01.gif'],,"['いまざとライナー乗車可' 'IKEA鶴浜行バス及びユニバーサル・スタジオ・ジャパンTM行バス,オンデマンドバス,森之宮・京橋周遊バスを除く']",2,"Osaka Metro定期券発売所(梅田,なんば,天王寺) 
 
Osaka Metro案内カウンター(新大阪) 
 駅構内ローソン売店(12店舗)",大阪市高速電気軌道：Osaka Metro・シティバスお客さまセンター TEL:050-3355-8208,,https://subway.osakametro.co.jp/news/news/other/20260624_2_worlds_2_animals.php,"[{'text': '大阪市高速電気軌道', 'url': 'https://subway.osakametro.co.jp/news/news/other/20260624_2_worlds_2_animals.php'}]",,https://www2s.biglobe.ne.jp/~t_aoyagi/railway/free/osakametoro83.htm,osakametoro83.htm,171,2026-08-10 01:30:50.424840+00:00,2つの世界と2匹の物語 謎解きキット1日乗車券,,,,https://www2s.biglobe.ne.jp/~t_aoyagi/railway/free/osakametoro83.htm
osakametoro99,大阪マラソン2day pass,大阪市高速電気軌道 (大阪メトロ),['大阪市高速電気軌道 (大阪メトロ)'],1,FALSE,kinki,近畿,近畿,['近畿'],kikan,期間限定タイプ,期间限定,['デジタル'],FALSE,TRUE,ended,終了,,,1100,,1100,"大人：1,100円／小人：---円",任意の連続する2日間,2,2026年2月16日〜2026年2月22日,2026年2月20日〜2026年2月23日,,['https://www2s.biglobe.ne.jp/~t_aoyagi/railway/free/map/osakametoro01.gif'],,"['大阪シティバス,いまざとライナー,オンデマンドバスは利用不可']",1,スルッとQRtto,Osaka Metro・シティバスお客さまセンター TEL:050-3355-8208,,https://www.osakametro.co.jp/news/news/notice/20260201_osakamarathon_cheer.php,"[{'text': '大阪市高速電気軌道', 'url': 'https://www.osakametro.co.jp/news/news/notice/20260201_osakamarathon_cheer.php'}]",,https://www2s.biglobe.ne.jp/~t_aoyagi/railway/free/osakametoro99.htm,osakametoro99.htm,172,2026-08-10 01:30:50.424840+00:00,大阪マラソン2day pass,,,,https://www2s.biglobe.ne.jp/~t_aoyagi/railway/free/osakametoro99.htm
kitakyu91,リアル謎解きゲーム ナゾときっぷ(北急編),北大阪急行電鉄,['北大阪急行電鉄'],1,FALSE,kinki,近畿,近畿,['近畿'],kikan,期間限定タイプ,期间限定,['デジタル'],FALSE,TRUE,period,2026/3/16  〜12/25,2026/3/16,2026/12/25,2400,,2400,"大人：2,400円",１日,1,2026年4月17日〜2026年12月25日,2026年4月17日〜2026年12月25日,,['https://www2s.biglobe.ne.jp/~t_aoyagi/railway/free/map/kitakyu01.gif'],,[],0,スルッとQRtto,北大阪急行電鉄 TEL:,,https://www.kita-kyu.co.jp/event/,"[{'text': '北大阪急行電鉄', 'url': 'https://www.kita-kyu.co.jp/event/'}
 {'text': 'イベント公式ページ', 'url': 'https://nazotoki-zepets.com/nazotokippu2026/'}]",,https://www2s.biglobe.ne.jp/~t_aoyagi/railway/free/kitakyu91.htm,kitakyu91.htm,177,2026-08-10 01:30:50.424840+00:00,リアル謎解きゲーム ナゾときっぷ(北急編),不明,,,https://www2s.biglobe.ne.jp/~t_aoyagi/railway/free/kitakyu91.htm
kitakyu92,ひらパーGo!Go!チケット(北大阪急行版),北大阪急行電鉄,['北大阪急行電鉄'],1,FALSE,kinki,近畿,近畿,['近畿'],kikan,期間限定タイプ,期间限定,['デジタル'],FALSE,TRUE,period,2026/3/20  〜2027/3/31,2026/3/20,2027/3/31,2820,1460,1460,"大人：2,820円／小人：1,460円",１日間,1,2026年3月20日〜2027年3月31日,2026年4月1日〜2027年3月31日,,['https://www2s.biglobe.ne.jp/~t_aoyagi/railway/free/map/kitakyu92.gif'],,[],0,スルッとQRttoサイト,北大阪急行電鉄,,https://www.kita-kyu.co.jp/train/ticket/value/,"[{'text': '北大阪急行電鉄', 'url': 'https://www.kita-kyu.co.jp/train/ticket/value/'}]",,https://www2s.biglobe.ne.jp/~t_aoyagi/railway/free/kitakyu92.htm,kitakyu92.htm,179,2026-08-10 01:30:50.424840+00:00,ひらパーGo!Go!チケット 【北大阪急行版】,,,,https://www2s.biglobe.ne.jp/~t_aoyagi/railway/free/kitakyu92.htm
osakamono96,休日満喫1dayモバイルチケット,大阪高速鉄道,['大阪高速鉄道'],1,FALSE,kinki,近畿,近畿,['近畿'],kikan,期間限定タイプ,期间限定,['デジタル'],FALSE,TRUE,on_sale,発売中,,,700,300,300,大人：700円／小人：300円,１日,1,2026年4月1日〜2027年3月31日,休日ダイヤ運行日,,['https://www2s.biglobe.ne.jp/~t_aoyagi/railway/free/map/osakamono.gif'],,[],0,スルッとQRtto,大阪高速鉄道・運輸部業務課 TEL:06-6875-3132,,https://www.osaka-monorail.co.jp/ticket/value/33,"[{'text': '大阪高速鉄道', 'url': 'https://www.osaka-monorail.co.jp/ticket/value/33'}]",,https://www2s.biglobe.ne.jp/~t_aoyagi/railway/free/osakamono96.htm,osakamono96.htm,182,2026-08-10 01:30:50.424840+00:00,休日満喫1dayモバイルチケット,,,,https://www2s.biglobe.ne.jp/~t_aoyagi/railway/free/osakamono96.htm
osakamono97,オフピークモバイルチケット,大阪高速鉄道,['大阪高速鉄道'],1,FALSE,kinki,近畿,近畿,['近畿'],kikan,期間限定タイプ,期间限定,['デジタル'],FALSE,TRUE,on_sale,発売中,,,600,,600,大人：600円／小人：－,１日,1,2026年4月1日〜2027年3月31日,"平日ダイヤ運行日 
 10時〜16時に入場(出場は16時45分まで)",,['https://www2s.biglobe.ne.jp/~t_aoyagi/railway/free/map/osakamono.gif'],,[],0,スルッとQRtto,大阪高速鉄道・運輸部業務課 TEL:06-6875-3132,,https://www.osaka-monorail.co.jp/ticket/value/33,"[{'text': '大阪高速鉄道', 'url': 'https://www.osaka-monorail.co.jp/ticket/value/33'}]",,https://www2s.biglobe.ne.jp/~t_aoyagi/railway/free/osakamono97.htm,osakamono97.htm,183,2026-08-10 01:30:50.424840+00:00,オフピークモバイルチケット,,,,https://www2s.biglobe.ne.jp/~t_aoyagi/railway/free/osakamono97.htm
osakamono90,ニフレル エンジョイパス,大阪高速鉄道,['大阪高速鉄道'],1,FALSE,kinki,近畿,近畿,['近畿'],kikan,期間限定タイプ,期间限定,['デジタル'],FALSE,TRUE,on_sale,発売中,,,,1400,1400,"高校生以上：2,900円／中学生：1,700円／小人：1,400円",１日,1,2026年4月1日〜2027年3月31日,2026年4月1日〜2027年3月31日,,['https://www2s.biglobe.ne.jp/~t_aoyagi/railway/free/map/osakamono.gif'],,[],0,スルッとQRtto,大阪高速鉄道・運輸部業務課 TEL:06-6875-3132,,https://www.osaka-monorail.co.jp/ticket/value/23,"[{'text': '大阪高速鉄道', 'url': 'https://www.osaka-monorail.co.jp/ticket/value/23'}]",,https://www2s.biglobe.ne.jp/~t_aoyagi/railway/free/osakamono90.htm,osakamono90.htm,184,2026-08-10 01:30:50.424840+00:00,ニフレル エンジョイパス,,,,https://www2s.biglobe.ne.jp/~t_aoyagi/railway/free/osakamono90.htm
osakamono98,お得に万博記念公園エンジョイパス,大阪高速鉄道,['大阪高速鉄道'],1,FALSE,kinki,近畿,近畿,['近畿'],kikan,期間限定タイプ,期间限定,['デジタル'],FALSE,TRUE,period,2026/3/20  〜2027/3/31,2026/3/20,2027/3/31,1000,,1000,"大人：1,000円／小人：－",１日,1,2026年4月1日〜2027年3月31日,2026年4月1日〜2027年3月31日,,['https://www2s.biglobe.ne.jp/~t_aoyagi/railway/free/map/osakamono.gif'],,[],0,スルッとQRtto,大阪高速鉄道・運輸部業務課 TEL:06-6875-3132,,https://www.osaka-monorail.co.jp/ticket/value/29,"[{'text': '大阪高速鉄道', 'url': 'https://www.osaka-monorail.co.jp/ticket/value/29'}]",,https://www2s.biglobe.ne.jp/~t_aoyagi/railway/free/osakamono98.htm,osakamono98.htm,185,2026-08-10 01:30:50.424840+00:00,お得に万博記念公園エンジョイパス,,,,https://www2s.biglobe.ne.jp/~t_aoyagi/railway/free/osakamono98.htm
osakamono52,ひらパーGo!Go!チケット(大阪モノレール版),大阪高速鉄道,['大阪高速鉄道'],1,FALSE,kinki,近畿,近畿,['近畿'],kikan,期間限定タイプ,期间限定,['デジタル'],FALSE,TRUE,period,2026/3/20  〜2027/3/31,2026/3/20,2027/3/31,2530,1310,1310,"大人：2,530円／小人：1,310円",１日間,1,2026年3月20日〜2027年3月31日,2026年4月1日〜2027年3月31日,,['https://www2s.biglobe.ne.jp/~t_aoyagi/railway/free/map/osakamono52.gif'],,[],0,スルッとQRttoサイト,大阪高速鉄道,,https://www.osaka-monorail.co.jp/ticket/value/31,"[{'text': '大阪高速鉄道', 'url': 'https://www.osaka-monorail.co.jp/ticket/value/31'}]",,https://www2s.biglobe.ne.jp/~t_aoyagi/railway/free/osakamono52.htm,osakamono52.htm,186,2026-08-10 01:30:50.424840+00:00,ひらパーGo!Go!チケット 【大阪モノレール版】,,,,https://www2s.biglobe.ne.jp/~t_aoyagi/railway/free/osakamono52.htm
nankai102,NANKAI 1DAY PASS,南海電気鉄道,['南海電気鉄道'],1,FALSE,kinki,近畿,近畿,['近畿'],kikan,期間限定タイプ,期间限定,['デジタル'],FALSE,TRUE,ended,終了,,,2500,,2500,"大人：2,500円",1日間,1,2025年4月13日〜2025年10月13日,2025年4月13日〜2025年10月13日,,['https://www2s.biglobe.ne.jp/~t_aoyagi/railway/free/map/nankai102.gif'],,['QRコード専用改札を設置している駅のみ利用可'],1,スルッとQRtto,南海電気鉄道 南海コールセンター ：050-3090-2608 (8:00〜21:00),,https://www.nankai.co.jp/traffic/digital/nankai_1day_pass.html?utm_source=nankai_official&utm_medium=expo25_lp&utm_campaign=ticket_1daypass,"[{'text': '南海電気鉄道', 'url': 'https://www.nankai.co.jp/traffic/digital/nankai_1day_pass.html?utm_source=nankai_official&utm_medium=expo25_lp&utm_campaign=ticket_1daypass'}]",,https://www2s.biglobe.ne.jp/~t_aoyagi/railway/free/nankai102.htm,nankai102.htm,190,2026-08-10 01:30:50.424840+00:00,NANKAI 1DAY PASS,,,,https://www2s.biglobe.ne.jp/~t_aoyagi/railway/free/nankai102.htm
nankai104,南海×通天閣きっぷ,南海電気鉄道,['南海電気鉄道'],1,FALSE,kinki,近畿,近畿,['近畿'],kikan,期間限定タイプ,期间限定,['デジタル'],FALSE,TRUE,ended,終了,,,1700,,1700,"大人：1,700円",1日間,1,2025年4月25日〜2025年10月13日,2025年4月25日〜2025年10月13日,,['https://www2s.biglobe.ne.jp/~t_aoyagi/railway/free/map/nankai104.gif'],,['QRコード専用改札を設置している駅のみ利用可'],1,スルッとQRtto,南海電気鉄道 南海コールセンター ：050-3090-2608 (8:00〜21:00),,https://www.nankai.co.jp/traffic/digital/nankai_tsutenkaku.html,"[{'text': '南海電気鉄道', 'url': 'https://www.nankai.co.jp/traffic/digital/nankai_tsutenkaku.html'}]",,https://www2s.biglobe.ne.jp/~t_aoyagi/railway/free/nankai104.htm,nankai104.htm,191,2026-08-10 01:30:50.424840+00:00,南海×通天閣きっぷ,,,,https://www2s.biglobe.ne.jp/~t_aoyagi/railway/free/nankai104.htm
nankai100,南海うみまち39きっぷ,南海電気鉄道,['南海電気鉄道'],1,FALSE,kinki,近畿,近畿,['近畿'],kikan,期間限定タイプ,期间限定,['実券'],TRUE,FALSE,period,2026/4/25  〜11/8,2026/4/25,2026/11/8,3900,,3900,"大人：3,900円",1日間,1,2026年4月25日〜2026年11月8日,"2026年4月25日〜2026年11月8日の土休日 
 2026年8月10日〜2026年8月14日の毎日",,['https://www2s.biglobe.ne.jp/~t_aoyagi/railway/free/map/nankai103.gif'],,[],0,"難波,新今宮,天下茶屋,堺,羽衣,泉大津,岸和田,貝塚,泉佐野,尾崎,みさき公園,和歌山市,堺東,三国ケ丘,中百舌鳥,北野田,金剛,河内長野,林間田園都市,橋本,和泉中央",南海電気鉄道 南海コールセンター ：050-3090-2608 (8:00〜21:00),,https://www.nankai.co.jp/traffic/otoku/umimachi.html,"[{'text': '南海電気鉄道', 'url': 'https://www.nankai.co.jp/traffic/otoku/umimachi.html'}]",,https://www2s.biglobe.ne.jp/~t_aoyagi/railway/free/nankai100.htm,nankai100.htm,194,2026-08-10 01:30:50.424840+00:00,南海うみまち39きっぷ,,,,https://www2s.biglobe.ne.jp/~t_aoyagi/railway/free/nankai100.htm
nankai99,南海旅なぞ TRAIN2026 〜謎解きは旅の途中で〜１日フリー乗車券,南海電気鉄道,['南海電気鉄道'],1,FALSE,kinki,近畿,近畿,['近畿'],kikan,期間限定タイプ,期间限定,['実券'],TRUE,FALSE,period,2026/7/17  〜2027/3/20,2026/7/17,2027/3/20,2700,500,500,"大人：2,700円（謎解きキット付き）／小人：500円（謎解きキットなし）",1日間,1,2026年7月17日〜2027年3月20日,2026年7月17日〜2027年3月20日,,['https://www2s.biglobe.ne.jp/~t_aoyagi/railway/free/map/nankai98.gif'],,"['謎解きキット１式(小人は、フリーきっぷのみ)' '小人券は単品購入不可。大人用1部につき、2枚まで同時購入可能'
 '「特急座席指定車」乗車時は、別途、特急券・座席指定券が必要。']",3,南海デジタルチケット,南海電気鉄道 南海コールセンター ：050-3090-2608 (8:00〜21:00),,https://www.nankai.co.jp/traffic/digital/nazotoki_2026.html,"[{'text': '南海電気鉄道', 'url': 'https://www.nankai.co.jp/traffic/digital/nazotoki_2026.html'}]",,https://www2s.biglobe.ne.jp/~t_aoyagi/railway/free/nankai99.htm,nankai99.htm,195,2026-08-10 01:30:50.424840+00:00,南海旅なぞ TRAIN2026 〜謎解きは旅の途中で〜１日フリー乗車券,,,,https://www2s.biglobe.ne.jp/~t_aoyagi/railway/free/nankai99.htm
nankai105,南海電鉄140周年×｢INI｣ WINTER SINGLE記念乗車券,南海電気鉄道,['南海電気鉄道'],1,FALSE,kinki,近畿,近畿,['近畿'],kikan,期間限定タイプ,期间限定,['実券'],TRUE,FALSE,ended,終了,,,2500,,2500,"大人：2,500円",1日間,1,2025年10月31日〜2026年1月31日,2025年10月31日〜2026年1月31日,,['https://www2s.biglobe.ne.jp/~t_aoyagi/railway/free/map/nankai98.gif'],,['QRコード専用改札を設置している駅のみ利用可'],1,"難波,新今宮,天下茶屋,堺,羽衣,泉大津,岸和田,貝塚,泉佐野,尾崎,みさき公園,和歌山市,りんくうタウン,関西空港,住吉東,堺東,三国ケ丘,中百舌鳥,北野田,金剛,河内長野,林間田園都市,橋本,高野山,深井,泉ケ丘,栂・美木多,光明池,和泉中央 
 南海電車グッズオンラインショップ",南海電気鉄道 南海コールセンター ：050-3090-2608 (8:00〜21:00),,https://www.nankai.co.jp/lib/company/news/pdf/251009_1.pdf,"[{'text': '南海電気鉄道', 'url': 'https://www.nankai.co.jp/lib/company/news/pdf/251009_1.pdf'}]",,https://www2s.biglobe.ne.jp/~t_aoyagi/railway/free/nankai105.htm,nankai105.htm,196,2026-08-10 01:30:50.424840+00:00,南海電鉄140周年×｢INI｣ WINTER SINGLE記念乗車券,,,,https://www2s.biglobe.ne.jp/~t_aoyagi/railway/free/nankai105.htm
nankai106,YOASOBI×めでたいでんしゃ加太線1dayきっぷ,南海電気鉄道,['南海電気鉄道'],1,FALSE,kinki,近畿,近畿,['近畿'],kikan,期間限定タイプ,期间限定,['実券'],TRUE,FALSE,ended,終了,,,1000,,1000,"大人：1,000円／小人：---円",１日間,1,2025年10月1日〜2025年12月31日,2025年10月1日〜2025年12月31日,,['https://www2s.biglobe.ne.jp/~t_aoyagi/railway/free/map/nankai95.gif'],,['「特急座席指定車」乗車時は、別途、特急券・座席指定券が必要。'],1,"難波,新今宮,天下茶屋,堺,羽衣,泉大津,岸和田,貝塚,泉佐野,尾崎,みさき公園,和歌山市,りんくうタウン,関西空港,住吉東,堺東,三国ケ丘,中百舌鳥,北野田,金剛,河内長野,林間田園都市,橋本,高野山,深井,泉ケ丘,栂・美木多,光明池,和泉中央 
 南海電車グッズオンラインショップ",南海電気鉄道 南海テレホンセンター ：06-6643-1005 (8:30〜18:30),,https://www.nankai.co.jp/lib/company/news/pdf/250916.pdf,"[{'text': '南海電気鉄道', 'url': 'https://www.nankai.co.jp/lib/company/news/pdf/250916.pdf'}]",,https://www2s.biglobe.ne.jp/~t_aoyagi/railway/free/nankai106.htm,nankai106.htm,197,2026-08-10 01:30:50.424840+00:00,YOASOBI×めでたいでんしゃ加太線1dayきっぷ,,,,https://www2s.biglobe.ne.jp/~t_aoyagi/railway/free/nankai106.htm
nankai92,敬老の日1dayチケット,南海電気鉄道,['南海電気鉄道'],1,FALSE,kinki,近畿,近畿,['近畿'],autumn,秋限定タイプ,秋季限定,['実券'],TRUE,FALSE,ended,終了,,,1150,350,350,"大人：1,150円／小人：350円",有効期間内の任意の1日間,1,2019年8月26日〜2019年9月6日,2019年9月14日〜2019年9月16日,,['https://www2s.biglobe.ne.jp/~t_aoyagi/railway/free/map/nankai91.gif'],"特急座席指定車 特急・快速・普通 
 ▲ ○ 
 
 
 ○：乗車可 ▲：乗車券のみ有効 ×：乗車不可",['「特急座席指定車」乗車時は、別途、特急券・座席指定券が必要。' '小人券は、大人券と同時購入の場合に発売。大人券1枚に付き2枚まで購入可能。'],2,"南海線・高野線の各駅窓口（一部の駅を除く）,泉北高速鉄道各駅","南海電気鉄道 南海テレホンセンター ：06-6643-1005 (8:30〜18:30) 
 泉北高速鉄道 運輸部 運輸業務課：0725-57-3000",,http://www.nankai.co.jp/traffic/otoku/keirou_2019.html,"[{'text': '南海電気鉄道', 'url': 'http://www.nankai.co.jp/traffic/otoku/keirou_2019.html'}
 {'text': '泉北高速鉄道', 'url': 'http://www.semboku.jp/cat_news/8501/'}]",,https://www2s.biglobe.ne.jp/~t_aoyagi/railway/free/nankai92.htm,nankai92.htm,198,2026-08-10 01:30:50.424840+00:00,敬老の日1dayチケット,,,,https://www2s.biglobe.ne.jp/~t_aoyagi/railway/free/nankai92.htm
nankai91,南海・泉北 新春乗り放題きっぷ(2DAY),南海電気鉄道,['南海電気鉄道'],1,FALSE,kinki,近畿,近畿,['近畿'],winter,年末年始限定タイプ,年末年初限定,['実券'],TRUE,FALSE,ended,終了,,,2200,,2200,"オンライン 大人：2,200円 
 駅売り 大人：2,200円",期間中の任意の２日間,2,"オンライン先行発売：2022年12月12日〜2022年12月20日 
 駅発売：2022年12月12日〜2022年12月30日",2023年1月1日〜2023年1月15日,,['https://www2s.biglobe.ne.jp/~t_aoyagi/railway/free/map/nankai91.gif'],,['「特急座席指定車」乗車時は、別途、特急券・座席指定券が必要。'],1,"オンライン先行発売 
 
 南海電車グッズ オンラインショップ 
 
 南海線・高野線の各駅窓口(一部の駅を除く) 
 泉北高速鉄道各駅(深井〜和泉中央)窓口","南海電気鉄道 南海テレホンセンター：06-6643-1005(8:30〜18:30) 
 
泉北高速鉄道 運輸業務課 ：0725-57-3000(平日 9:30〜17:30)",,https://www.nankai.co.jp/traffic/otoku/senbokushinsyun.html,"[{'text': '南海電気鉄道', 'url': 'https://www.nankai.co.jp/traffic/otoku/senbokushinsyun.html'}
 {'text': '泉北高速鉄道', 'url': 'http://www.semboku.jp/cat_news/13948/'}]",,https://www2s.biglobe.ne.jp/~t_aoyagi/railway/free/nankai91.htm,nankai91.htm,199,2026-08-10 01:30:50.424840+00:00,南海・泉北 新春乗り放題きっぷ（2DAY）,,,,https://www2s.biglobe.ne.jp/~t_aoyagi/railway/free/nankai91.htm
hankai02,TAKE TAKEきっぷ(１日乗車券),阪堺電気軌道,['阪堺電気軌道'],1,FALSE,kinki,近畿,近畿,['近畿'],tunen,通年発売タイプ,全年发售,['実券'],TRUE,FALSE,on_sale,発売中,,,700,350,350,大人：700円 小人：350円,１日間,1,通年,通年,,['https://www2s.biglobe.ne.jp/~t_aoyagi/railway/free/map/hankai02.gif'],,[],0,"天王寺駅前,南霞町,我孫子道,浜寺駅前の乗車券販売所 
 
恵美須町,天王寺駅前,住吉公園 
 
本社および運輸区(我孫子道)",阪堺電気軌道・営業課 TEL:06-6671-3080,,http://www.hankai.co.jp/ticket/#taketake,"[{'text': '阪堺電気軌道', 'url': 'http://www.hankai.co.jp/ticket/#taketake'}]",,https://www2s.biglobe.ne.jp/~t_aoyagi/railway/free/hankai02.htm,hankai02.htm,200,2026-08-10 01:30:50.424840+00:00,TAKE TAKE(てくてく)きっぷ,,,,https://www2s.biglobe.ne.jp/~t_aoyagi/railway/free/hankai02.htm
hankai03,トリップチケット,阪堺電気軌道,['阪堺電気軌道'],1,FALSE,kinki,近畿,近畿,['近畿'],tunen,通年発売タイプ,全年发售,['デジタル'],FALSE,TRUE,on_sale,発売中,,,680,340,340,大人：680円 小人：340円,１日間,1,通年,通年,,['https://www2s.biglobe.ne.jp/~t_aoyagi/railway/free/map/hankai02.gif'],,[],0,RYDE PASS,阪堺電気軌道・営業課 TEL:06-6671-3080,,http://www.hankai.co.jp/ticket/#taketake,"[{'text': '阪堺電気軌道', 'url': 'http://www.hankai.co.jp/ticket/#taketake'}
 {'text': 'RYDE PASS', 'url': 'https://pass.ryde-go.com/products/0P231MDSME8X'}]",,https://www2s.biglobe.ne.jp/~t_aoyagi/railway/free/hankai03.htm,hankai03.htm,201,2026-08-10 01:30:50.424840+00:00,トリップチケット,,,,https://www2s.biglobe.ne.jp/~t_aoyagi/railway/free/hankai03.htm
sakai04,堺おもてなしチケット「阪堺拡大版」,阪堺電気軌道,['阪堺電気軌道'],1,FALSE,kinki,近畿,近畿,['近畿'],tunen,通年発売タイプ,全年发售,['実券'],TRUE,FALSE,on_sale,発売中,,,800,400,400,大人：800円 小人：400円,１日,1,通年,通年,,['https://www2s.biglobe.ne.jp/~t_aoyagi/railway/free/map/sakai04.gif'],,[],0,"【阪堺電車】我孫子道,浜寺駅前の各乗車券発売所 
 
【南海バス】堺東案内所,堺駅バス定期券発売所,堺営業所 
 
【観光施設】さかい利晶の杜,堺伝匠館,百舌鳥古墳群ビジターセンター 
 
【観光案内所】堺東,堺駅の各観光案内所 
 
【コンビニ】セブンイレブン（堺東駅,堺駅,三国ヶ丘駅） 
 
【宿泊施設】ホテルアゴーラリージェンシー大阪堺,ビジネスホテルニュー大浜,シティホテル青雲荘,臨海ホテル石津店,東横イン堺東駅",阪堺電気鉄道・営業課 TEL:06-6671-3080,,http://www.hankai.co.jp/ticket/#sakai,"[{'text': '阪堺電気軌道', 'url': 'http://www.hankai.co.jp/ticket/#sakai'}
 {'text': '南海バス', 'url': 'http://www.nankaibus.jp/var/rev0/0000/6756/sakai_omotenasi.pdf'}]",,https://www2s.biglobe.ne.jp/~t_aoyagi/railway/free/sakai04.htm,sakai04.htm,202,2026-08-10 01:30:50.424840+00:00,堺おもてなしチケット(阪堺拡大版),,,,https://www2s.biglobe.ne.jp/~t_aoyagi/railway/free/sakai04.htm
sakai03,堺おもてなしチケット「南海バス拡大版」,阪堺電気軌道,['阪堺電気軌道'],1,FALSE,kinki,近畿,近畿,['近畿'],tunen,通年発売タイプ,全年发售,['実券'],TRUE,FALSE,on_sale,発売中,,,600,300,300,大人：600円 小人：300円,１日,1,通年,通年,,['https://www2s.biglobe.ne.jp/~t_aoyagi/railway/free/map/sakai03.gif'],,[],0,"【阪堺電車】我孫子道,浜寺駅前の各乗車券発売所 
 
【南海バス】堺東案内所,堺駅バス定期券発売所,堺営業所 
 
【観光施設】さかい利晶の杜,堺伝匠館,百舌鳥古墳群ビジターセンター 
 
【観光案内所】堺東,堺駅の各観光案内所 
 
【コンビニ】セブンイレブン（堺東駅,堺駅,三国ヶ丘駅） 
 
【宿泊施設】ホテルアゴーラリージェンシー大阪堺,ビジネスホテルニュー大浜,シティホテル青雲荘,臨海ホテル石津店,東横イン堺東駅",阪堺電気鉄道・営業課 TEL:06-6671-3080,,http://www.hankai.co.jp/ticket/#sakai,"[{'text': '阪堺電気軌道', 'url': 'http://www.hankai.co.jp/ticket/#sakai'}
 {'text': '南海バス', 'url': 'http://www.nankaibus.jp/var/rev0/0000/6756/sakai_omotenasi.pdf'}]",,https://www2s.biglobe.ne.jp/~t_aoyagi/railway/free/sakai03.htm,sakai03.htm,203,2026-08-10 01:30:50.424840+00:00,堺おもてなしチケット(南海バス拡大版),,,,https://www2s.biglobe.ne.jp/~t_aoyagi/railway/free/sakai03.htm
mizuma01,鉄道１日フリー乗車券,水間鉄道,['水間鉄道'],1,FALSE,kinki,近畿,近畿,['近畿'],tunen,通年発売タイプ,全年发售,['実券'],TRUE,FALSE,on_sale,発売中,,,660,330,330,大人：660円／小人：330円,１日,1,発売中,通年,,['https://www2s.biglobe.ne.jp/~t_aoyagi/railway/free/map/mizuma01.gif'],,[],0,"貝塚,水間観音駅",水間鉄道 TEL:,,,[],,https://www2s.biglobe.ne.jp/~t_aoyagi/railway/free/mizuma01.htm,mizuma01.htm,204,2026-08-10 01:30:50.424840+00:00,鉄道１日フリー乗車券,,,,https://www2s.biglobe.ne.jp/~t_aoyagi/railway/free/mizuma01.htm
mizuma03,昼間割引フリー乗車券,水間鉄道,['水間鉄道'],1,FALSE,kinki,近畿,近畿,['近畿'],tunen,通年発売タイプ,全年发售,['実券'],TRUE,FALSE,on_sale,発売中,,,360,,360,大人：360円,１日,1,通年,通年,,['https://www2s.biglobe.ne.jp/~t_aoyagi/railway/free/map/mizuma01.gif'],,['昼間時間帯(10時台〜16時台迄《昼間割引対象列車のみ》)'],1,"貝塚,水間観音駅",水間鉄道 TEL:,,http://www.suitetsu.com/event/20201102-3.pdf,"[{'text': '水間鉄道', 'url': 'http://www.suitetsu.com/event/20201102-3.pdf'}]",,https://www2s.biglobe.ne.jp/~t_aoyagi/railway/free/mizuma03.htm,mizuma03.htm,205,2026-08-10 01:30:50.424840+00:00,昼間割引フリー乗車券,,,,https://www2s.biglobe.ne.jp/~t_aoyagi/railway/free/mizuma03.htm
mizuma93,仮面ライダーガヴ・ゴジュウジャー コラボ 鉄道１日フリー乗車券,水間鉄道,['水間鉄道'],1,FALSE,kinki,近畿,近畿,['近畿'],kikan,期間限定タイプ,期间限定,['実券'],TRUE,FALSE,ended,終了,,,660,330,330,大人：660円／小人：330円,１日,1,2025年7月19日〜2025年8月31日,2025年7月19日〜2025年8月31日,,['https://www2s.biglobe.ne.jp/~t_aoyagi/railway/free/map/mizuma01.gif'],,[],0,"貝塚,水間観音駅",水間鉄道 TEL:,,https://www.suitetsu.com/event2025/wherodagashi.pdf,"[{'text': '水間鉄道', 'url': 'https://www.suitetsu.com/event2025/wherodagashi.pdf'}]",,https://www2s.biglobe.ne.jp/~t_aoyagi/railway/free/mizuma93.htm,mizuma93.htm,206,2026-08-10 01:30:50.424840+00:00,仮面ライダーガヴ・ゴジュウジャー コラボ 鉄道１日フリー乗車券,,,,https://www2s.biglobe.ne.jp/~t_aoyagi/railway/free/mizuma93.htm
wakayama01,貴志川線１日乗車券,和歌山電鐵,['和歌山電鐵'],1,FALSE,kinki,近畿,近畿,['近畿'],tunen,通年発売タイプ,全年发售,['実券' 'デジタル'],TRUE,TRUE,on_sale,発売中,,,800,400,400,大人：800円／小人：400円,１日間,1,通年,通年,,['https://www2s.biglobe.ne.jp/~t_aoyagi/railway/free/map/wakayama.gif'],,[],0,"和歌山電鐵：和歌山駅9番ホーム,伊太祁曽駅,貴志駅売店,貴志駅たまカフェ 
 
和歌山バス：和歌山駅前バス定期券発売所 
 
 和歌山電鐵アプリ RYDE PASS",和歌山電鐵 TEL:073-478-0110,,https://wakayama-dentetsu.co.jp/fare/one-day-pass/,"[{'text': '和歌山電鐵', 'url': 'https://wakayama-dentetsu.co.jp/fare/one-day-pass/'}]",,https://www2s.biglobe.ne.jp/~t_aoyagi/railway/free/wakayama01.htm,wakayama01.htm,207,2026-08-10 01:30:50.424840+00:00,貴志川線１日乗車券,,,,https://www2s.biglobe.ne.jp/~t_aoyagi/railway/free/wakayama01.htm
wakayama94,和歌山電鐵貴志川線 1日乗車券(招き猫みくじ付き),和歌山電鐵,['和歌山電鐵'],1,FALSE,kinki,近畿,近畿,['近畿'],kikan,期間限定タイプ,期间限定,['デジタル'],FALSE,TRUE,period,2025/2/1  〜2026/9/30,2025/2/1,2026/9/30,1500,1100,1100,"大人：1,500円／小人：1,100円",１日間,1,2025年2月1日〜2026年9月30日,2025年2月1日〜2026年9月30日,,['https://www2s.biglobe.ne.jp/~t_aoyagi/railway/free/map/wakayama.gif'],,[],0,KANSAI MaaS,和歌山電鐵 TEL:073-478-0110,,https://wakayama-dentetsu.co.jp/info/15486/,"[{'text': '和歌山電鐵', 'url': 'https://wakayama-dentetsu.co.jp/info/15486/'}]",,https://www2s.biglobe.ne.jp/~t_aoyagi/railway/free/wakayama94.htm,wakayama94.htm,208,2026-08-10 01:30:50.424840+00:00,和歌山電鐵貴志川線 1日乗車券 (招き猫みくじ付き),,,,https://www2s.biglobe.ne.jp/~t_aoyagi/railway/free/wakayama94.htm
kobe01,共通１日乗車券,神戸新交通,['神戸新交通'],1,FALSE,kinki,近畿,近畿,['近畿'],tunen,通年発売タイプ,全年发售,['実券'],TRUE,FALSE,on_sale,発売中,,,1220,610,610,"大人 1,220円／小人 610円",１日間,1,通年,通年,,['https://www2s.biglobe.ne.jp/~t_aoyagi/railway/free/map/kobeshin01.gif'],,[],0,ポートライナー及び六甲ライナー各駅の券売機,神戸新交通営業推進課 TEL:078-302-2503,,https://www.knt-liner.co.jp/ticketinfo/8166/,"[{'text': '神戸新交通', 'url': 'https://www.knt-liner.co.jp/ticketinfo/8166/'}]",,https://www2s.biglobe.ne.jp/~t_aoyagi/railway/free/kobe01.htm,kobe01.htm,209,2026-08-10 01:30:50.424840+00:00,共通１日乗車券,,,,https://www2s.biglobe.ne.jp/~t_aoyagi/railway/free/kobe01.htm
kobe02,ポートライナー専用１日乗車券,神戸新交通,['神戸新交通'],1,FALSE,kinki,近畿,近畿,['近畿'],tunen,通年発売タイプ,全年发售,['実券'],TRUE,FALSE,on_sale,発売中,,,710,360,360,大人 710円／小人 360円,１日間,1,通年,通年,,['https://www2s.biglobe.ne.jp/~t_aoyagi/railway/free/map/kobeshin02.gif'],,[],0,ポートライナー各駅の券売機,神戸新交通営業推進課 TEL:078-302-2503,,https://www.knt-liner.co.jp/ticketinfo/8166/,"[{'text': '神戸新交通', 'url': 'https://www.knt-liner.co.jp/ticketinfo/8166/'}]",,https://www2s.biglobe.ne.jp/~t_aoyagi/railway/free/kobe02.htm,kobe02.htm,210,2026-08-10 01:30:50.424840+00:00,ポートライナー専用１日乗車券,,,,https://www2s.biglobe.ne.jp/~t_aoyagi/railway/free/kobe02.htm
kobe03,六甲ライナー専用１日乗車券,神戸新交通,['神戸新交通'],1,FALSE,kinki,近畿,近畿,['近畿'],tunen,通年発売タイプ,全年发售,['実券'],TRUE,FALSE,on_sale,発売中,,,550,280,280,大人 550円／小人 280円,１日間,1,通年,通年,,['https://www2s.biglobe.ne.jp/~t_aoyagi/railway/free/map/kobeshin03.gif'],,[],0,六甲ライナー各駅の券売機,神戸新交通営業推進課 TEL:078-302-2503,,https://www.knt-liner.co.jp/ticketinfo/8166/,"[{'text': '神戸新交通', 'url': 'https://www.knt-liner.co.jp/ticketinfo/8166/'}]",,https://www2s.biglobe.ne.jp/~t_aoyagi/railway/free/kobe03.htm,kobe03.htm,211,2026-08-10 01:30:50.424840+00:00,六甲ライナー専用１日乗車券,,,,https://www2s.biglobe.ne.jp/~t_aoyagi/railway/free/kobe03.htm
kobecity04,神戸市営地下鉄QR１日乗車券,神戸市交通局,['神戸市交通局'],1,FALSE,kinki,近畿,近畿,['近畿'],tunen,通年発売タイプ,全年发售,['デジタル'],FALSE,TRUE,on_sale,発売中,,,980,,980,大人：980円,１日間,1,通年,通年,,['https://www2s.biglobe.ne.jp/~t_aoyagi/railway/free/map/kobe02.gif'],,[],0,スルッとQRtto,神戸市交通局営業推進課 TEL:078-322-5946/5959,,https://kotsu.city.kobe.lg.jp/ensen-navi/bus-railway/kobecitysubwayqr1dayticket/,"[{'text': '神戸市交通局', 'url': 'https://kotsu.city.kobe.lg.jp/ensen-navi/bus-railway/kobecitysubwayqr1dayticket/'}]",,https://www2s.biglobe.ne.jp/~t_aoyagi/railway/free/kobecity04.htm,kobecity04.htm,216,2026-08-10 01:30:50.424840+00:00,神戸市営地下鉄QR１日乗車券,,,,https://www2s.biglobe.ne.jp/~t_aoyagi/railway/free/kobecity04.htm
kobecity02,地下鉄１日乗車券,神戸市交通局,['神戸市交通局'],1,FALSE,kinki,近畿,近畿,['近畿'],tunen,通年発売タイプ,全年发售,['実券'],TRUE,FALSE,ended,終了,,,830,,830,大人：830円,１日間,1,〜2026年3月31日,〜2026年9月30日,,['https://www2s.biglobe.ne.jp/~t_aoyagi/railway/free/map/kobe03.gif'],,[],0,"神戸市営地下鉄各駅窓口（谷上駅除く） 
 
各定期券発売所",神戸市交通局営業推進課 TEL:078-322-5946,,https://kotsu.city.kobe.lg.jp/ensen-navi/bus-railway/subway1day01/,"[{'text': '神戸市交通局', 'url': 'https://kotsu.city.kobe.lg.jp/ensen-navi/bus-railway/subway1day01/'}]",,https://www2s.biglobe.ne.jp/~t_aoyagi/railway/free/kobecity02.htm,kobecity02.htm,217,2026-08-10 01:30:50.424840+00:00,地下鉄１日乗車券,,,,https://www2s.biglobe.ne.jp/~t_aoyagi/railway/free/kobecity02.htm
kobecity01,市バス・地下鉄共通１日乗車券,神戸市交通局,['神戸市交通局'],1,FALSE,kinki,近畿,近畿,['近畿'],tunen,通年発売タイプ,全年发售,['実券'],TRUE,FALSE,ended,終了,,,1040,,1040,"大人：1,040円",１日間,1,〜2026年3月31日,〜2026年9月30日,,['https://www2s.biglobe.ne.jp/~t_aoyagi/railway/free/map/kobe01.gif'],,[],0,"神戸市営地下鉄各駅窓口（谷上駅除く） 
 
各定期券発売所",神戸市交通局営業推進課 TEL:078-322-5946/5959,,https://kotsu.city.kobe.lg.jp/ensen-navi/bus-railway/bus-subway1day01/,"[{'text': '神戸市交通局', 'url': 'https://kotsu.city.kobe.lg.jp/ensen-navi/bus-railway/bus-subway1day01/'}]",,https://www2s.biglobe.ne.jp/~t_aoyagi/railway/free/kobecity01.htm,kobecity01.htm,218,2026-08-10 01:30:50.424840+00:00,市バス・地下鉄共通1日乗車券,,,,https://www2s.biglobe.ne.jp/~t_aoyagi/railway/free/kobecity01.htm
kobecity83,兵庫津ミュージアム観覧券付き海岸線1日乗車券,神戸市交通局,['神戸市交通局'],1,FALSE,kinki,近畿,近畿,['近畿'],kikan,期間限定タイプ,期间限定,['実券'],TRUE,FALSE,period,2026/4/1  〜2027/3/31,2026/4/1,2027/3/31,700,,700,大人：700円,１日間,1,2026年4月1日〜2027年3月31日,2026年4月1日〜2027年3月31日,,['https://www2s.biglobe.ne.jp/~t_aoyagi/railway/free/map/kobe83.gif'],,['兵庫津ミュージアム観覧券付き'],1,神戸市営地下鉄海岸線各駅窓口,神戸市交通局営業推進課 TEL:078-322-5946/5959,,https://kotsu.city.kobe.lg.jp/ensen-navi/bus-railway/hyogonotsu-1day/,"[{'text': '神戸市交通局', 'url': 'https://kotsu.city.kobe.lg.jp/ensen-navi/bus-railway/hyogonotsu-1day/'}]",,https://www2s.biglobe.ne.jp/~t_aoyagi/railway/free/kobecity83.htm,kobecity83.htm,223,2026-08-10 01:30:50.424840+00:00,兵庫津ミュージアム観覧券付き 海岸線1日乗車券,,,,https://www2s.biglobe.ne.jp/~t_aoyagi/railway/free/kobecity83.htm
kobecity84,海岸線中学生以下フリーパス,神戸市交通局,['神戸市交通局'],1,FALSE,kinki,近畿,近畿,['近畿'],kikan,期間限定タイプ,期间限定,['実券'],TRUE,FALSE,period,〜2027/3/31,,2027/3/31,,,0,小中学生：0円,利用期間内,,,"【第１期】2026年4月1日〜9月30日 
 
【第２期】2026年10月1日〜2027年3月31日",,['https://www2s.biglobe.ne.jp/~t_aoyagi/railway/free/map/kobe83.gif'],,['申請書を記入の上、本人確認ができるもの（資格確認書、学生証、のびのびパスポート等）をご持参のうえ、申込箇所へお越しください'],1,,神戸市交通局営業推進課 TEL:078-322-5946/5959,,https://kotsu.city.kobe.lg.jp/ensen-navi/bus-railway/freepass/,"[{'text': '神戸市交通局', 'url': 'https://kotsu.city.kobe.lg.jp/ensen-navi/bus-railway/freepass/'}]",,https://www2s.biglobe.ne.jp/~t_aoyagi/railway/free/kobecity84.htm,kobecity84.htm,224,2026-08-10 01:30:50.424840+00:00,海岸線中学生以下フリーパス,,"【第１期】2026年3月13日〜9月30日 
 
【第２期】2026年9月14日〜2027年3月31日","谷上定期券発売所 
 
三宮定期券発売所 
 
神戸駅前定期券発売所 
 
新長田定期券発売所 
 
名谷定期券発売所 
 
西神中央定期券発売所 
 
イオンモール神戸南（1階インフォメーション） 
 
こべっこランド",https://www2s.biglobe.ne.jp/~t_aoyagi/railway/free/kobecity84.htm
shintetu94,おもてなしきっぷ,神戸市交通局,['神戸市交通局' '神戸電鉄'],2,TRUE,kinki,近畿,近畿,['近畿'],kikan,期間限定タイプ,期间限定,['実券'],TRUE,FALSE,ended,終了,,,1400,1000,1000,"神鉄版： 大人：1,400円/小人：1,000円 
 
神戸市営地下鉄・神鉄版： 大人：2,000円",1日間,1,2026年7月11日〜2027年1月11日,2026年7月11日〜2027年1月11日,,['https://www2s.biglobe.ne.jp/~t_aoyagi/railway/free/map/shintetsu94.gif'],,[],0,"神鉄主要駅,駅売店,委託販売所,企画乗車券自動販売機 
 
 
 神鉄版 神戸市営地下鉄・神鉄版 
 駅 湊川,鈴蘭台,北鈴蘭台,谷上,有馬口,有馬温泉,岡場,横山,三田,西鈴蘭台,志染 湊川,鈴蘭台,北鈴蘭台,谷上,有馬口,有馬温泉,岡場,横山,三田,西鈴蘭台,志染 
 神戸市営地下鉄各駅窓口 
 企画乗車券自動販売機 唐櫃台,フラワータウン,栄,緑が丘,恵比須,三木,小野 
 駅売店 コンビニ(セブン－イレブン) 
 神鉄新開地駅店,神鉄鈴蘭台駅店,神鉄北鈴蘭台駅店,神鉄谷上駅店,神鉄岡場駅店,神鉄西鈴蘭台駅店 発売なし 
 委託発売所 箕谷駅／ジャストチェーンみつや 
 木幡駅／ショップさの 
 栄駅／桜が丘中央協同組合(たばこ屋) 
 三木上の丸駅／福祉コンビニたんぽぽ 
 三木駅／三木市観光協会 発売なし",神戸電鉄・運輸部 TEL:078-592-4451,,https://www.shintetsu.co.jp/railway/ticket/omotenashi/,"[{'text': '神戸電鉄', 'url': 'https://www.shintetsu.co.jp/railway/ticket/omotenashi/'}
 {'text': '神戸市交通局', 'url': 'https://kotsu.city.kobe.lg.jp/ensen-navi/bus-railway/omotenashi/'}
 {'text': 'おもてなしきっぷ', 'url': 'https://shintetsu-omotenashi.com/'}]",,https://www2s.biglobe.ne.jp/~t_aoyagi/railway/free/shintetu94.htm,shintetu94.htm,226,2026-08-10 01:30:50.424840+00:00,おもてなしきっぷ,,,,https://www2s.biglobe.ne.jp/~t_aoyagi/railway/free/shintetu94.htm
sanyo98,神戸西須磨パークスQR 1dayチケット,神戸市交通局,['神戸市交通局' '山陽電気鉄道'],2,TRUE,kinki,近畿,近畿,['近畿'],kikan,期間限定タイプ,期间限定,['デジタル'],FALSE,TRUE,period,2026/1/31  〜12/6,2026/1/31,2026/12/6,1510,,1510,"エリア版 大人：1,510円 
 明石市内版 大人：1,700円 
 山陽全線版 大人：1,950円 
 神戸市営地下鉄版 大人：2,000円",1日間,1,2026年1月31日〜2026年12月6日,2026年1月31日〜2026年12月6日,,['https://www2s.biglobe.ne.jp/~t_aoyagi/railway/free/map/sanyo98.gif'],,[],0,"販売会社 磁気券 ＱＲ券 
 
 エリア版 須磨浦山上遊園 
 (須磨浦ショップ) スルッとQRtto 
 明石市内版 － 
 スルッとQRtto 
 
 山陽全線版 スルッとQRtto 
 
 神戸市営地下鉄版 スルッとQRtto",山陽電気鉄道 鉄道営業部営業課 TEL:078-940-5132,,https://www.sanyo-railway.co.jp/railway/untin/kobenishisumaparks1day.html,"[{'text': '山陽電気鉄道', 'url': 'https://www.sanyo-railway.co.jp/railway/untin/kobenishisumaparks1day.html'}
 {'text': '神戸市交通局', 'url': 'https://kotsu.city.kobe.lg.jp/ensen-navi/bus-railway/kobe-nishisuma/'}]",,https://www2s.biglobe.ne.jp/~t_aoyagi/railway/free/sanyo98.htm,sanyo98.htm,229,2026-08-10 01:30:50.424840+00:00,神戸西須磨パークスQR 1dayチケット,,,,https://www2s.biglobe.ne.jp/~t_aoyagi/railway/free/sanyo98.htm
shintetu81,日曜限定 おでかけ4dayきっぷ,神戸電鉄,['神戸電鉄' '神戸高速鉄道'],2,TRUE,kinki,近畿,近畿,['近畿'],kikan,期間限定タイプ,期间限定,['実券'],TRUE,FALSE,period,2026/3/25  〜2027/3/28,2026/3/25,2027/3/28,2100,,2100,"大人：2,100円",各月第１〜第４日曜日の４日間,4,2026年3月25日〜2027年3月28日,各月の第１〜第４日曜日,,['https://www2s.biglobe.ne.jp/~t_aoyagi/railway/free/map/shintetsu82.gif'],,[],0,"神戸電鉄 
 湊川,鈴蘭台,北鈴蘭台,谷上,有馬口,有馬温泉,岡場,横山,三田,西鈴蘭台,志染 
 
 企画乗車券自動販売機 
 唐櫃台,フラワータウン,栄,緑が丘,恵比須,三木,小野 
 
 駅売店(セブンイレブン) 
 新開地,鈴蘭台,北鈴蘭,谷上,岡場,西鈴蘭台 
 
 委託発売所","神戸電鉄 TEL: 
 神戸高速鉄道 TEL:",,http://www.shintetsu.co.jp/railway/ticket/detail/4day.html,"[{'text': '神戸電鉄', 'url': 'http://www.shintetsu.co.jp/railway/ticket/detail/4day.html'}]",,https://www2s.biglobe.ne.jp/~t_aoyagi/railway/free/shintetu81.htm,shintetu81.htm,236,2026-08-10 01:30:50.424840+00:00,日曜限定 おでかけ4dayきっぷ,,,,https://www2s.biglobe.ne.jp/~t_aoyagi/railway/free/shintetu81.htm
kobecity92,おでかけ乗車券,神戸電鉄,['神戸電鉄'],1,FALSE,kinki,近畿,近畿,['近畿'],kikan,期間限定タイプ,期间限定,['実券'],TRUE,FALSE,ended,終了,,,1000,,1000,"大人：1,000円",１日間,1,2020年8月10日〜2020年10月11日,2020年8月10日〜2020年10月11日,,['https://www2s.biglobe.ne.jp/~t_aoyagi/railway/free/map/kobe92.gif'],,['持参人一名有効'],1,"神戸市交通局 新神戸,三宮,県庁前,三宮・花時計前,旧居留地・大丸前,みなと元町 
 神戸電鉄 鈴蘭台,北鈴蘭台,谷上,有馬口,有馬温泉,岡場,横山,三田 
 
企画乗車券自動販売機","神戸市交通局営業推進課 TEL:078-322-5944 
 (土日祝日及び12//29〜1/3を除く 8:45〜17:30)",,https://www.city.kobe.lg.jp/a90404/20200720.html,"[{'text': '神戸市交通局', 'url': 'https://www.city.kobe.lg.jp/a90404/20200720.html'}]",,https://www2s.biglobe.ne.jp/~t_aoyagi/railway/free/kobecity92.htm,kobecity92.htm,239,2026-08-10 01:30:50.424840+00:00,おでかけ乗車券,,,,https://www2s.biglobe.ne.jp/~t_aoyagi/railway/free/kobecity92.htm
shintetu92,小野まつり1dayチケット,神戸電鉄,['神戸電鉄'],1,FALSE,kinki,近畿,近畿,['近畿'],kikan,期間限定タイプ,期间限定,['実券'],TRUE,FALSE,ended,終了,,,1000,,1000,"大人：1,000円",1日間,1,2023年8月19日〜2023年8月20日,2023年8月10日〜2023年8月20日,,['https://www2s.biglobe.ne.jp/~t_aoyagi/railway/free/map/shintetsu01.gif'],,[],0,"湊川,鈴蘭台,北鈴蘭台,谷上,有馬口,有馬温泉,岡場,横山,三田,西鈴蘭台,志染 
 
セブン-イレブン各駅店(神鉄新開地,鈴蘭台,北鈴蘭台,谷上,岡場,西鈴蘭台) 
 
委託発売所,企画乗車券自動販売機",神戸電鉄・運輸部 TEL:078-592-4451,,https://www.shintetsu.co.jp/wp/wp-content/uploads/2023/07/230707.pdf,"[{'text': '神戸電鉄', 'url': 'https://www.shintetsu.co.jp/wp/wp-content/uploads/2023/07/230707.pdf'}]",,https://www2s.biglobe.ne.jp/~t_aoyagi/railway/free/shintetu92.htm,shintetu92.htm,240,2026-08-10 01:30:50.424840+00:00,小野まつり1dayチケット,,,,https://www2s.biglobe.ne.jp/~t_aoyagi/railway/free/shintetu92.htm
shintetu93,三木金物まつり1dayチケット,神戸電鉄,['神戸電鉄'],1,FALSE,kinki,近畿,近畿,['近畿'],kikan,期間限定タイプ,期间限定,['実券'],TRUE,FALSE,ended,終了,,,930,,930,大人：930円,１日,1,2025年10月25日〜2025年11月2日,2025年11月1日〜2025年11月2日,,['https://www2s.biglobe.ne.jp/~t_aoyagi/railway/free/map/shintetu.gif'],,[],0,"神戸電鉄主要駅 
 湊川,鈴蘭台,北鈴蘭台,谷上,有馬口,有馬温泉,岡場,横山,三田,西鈴蘭台,志染 
 
企画乗車券自動販売機 
 唐櫃台,フラワータウン,栄,緑が丘,恵比須,三木,小野 
 
セブン-イレブン 
 
神鉄新開地駅店,神鉄鈴蘭台駅店,神鉄北鈴蘭台駅,神鉄谷上駅店,神鉄岡場駅店,神鉄西鈴蘭台駅店
 
 委託発売所",神戸電鉄 TEL:,,http://www.shintetsu.co.jp/railway/ticket/detail/miki_1day.html,"[{'text': '神戸電鉄', 'url': 'http://www.shintetsu.co.jp/railway/ticket/detail/miki_1day.html'}]",,https://www2s.biglobe.ne.jp/~t_aoyagi/railway/free/shintetu93.htm,shintetu93.htm,242,2026-08-10 01:30:50.424840+00:00,三木金物まつり1dayチケット,,,,https://www2s.biglobe.ne.jp/~t_aoyagi/railway/free/shintetu93.htm
shintetu82,神鉄・高速全線ゴールデンウィーク1dayパス,神戸電鉄,['神戸電鉄' '神戸高速鉄道'],2,TRUE,kinki,近畿,近畿,['近畿'],,,,['実券'],TRUE,FALSE,period,2026/4/22  〜5/6,2026/4/22,2026/5/6,1000,,1000,"大人：1,000円",１日,1,2026年4月22日〜2026年5月6日,2026年4月29日〜2026年5月6日,,['https://www2s.biglobe.ne.jp/~t_aoyagi/railway/free/map/shintetsu82.gif'],,[],0,"湊川,鈴蘭台,北鈴蘭台,谷上,有馬口,有馬温泉,岡場,横山,三田,西鈴蘭台,志染,新開地 
 企画乗車券自動販売機,委託販売所",神戸電鉄 TEL:,沿線の施設が利用できる金券(100円)付き,https://www.shintetsu.co.jp/railway/ticket/detail/gw_1day.html,"[{'text': '神戸電鉄', 'url': 'https://www.shintetsu.co.jp/railway/ticket/detail/gw_1day.html'}]",,https://www2s.biglobe.ne.jp/~t_aoyagi/railway/free/shintetu82.htm,shintetu82.htm,243,2026-08-10 01:30:50.424840+00:00,神鉄・高速全線ゴールデンウィーク1dayパス,,,,https://www2s.biglobe.ne.jp/~t_aoyagi/railway/free/shintetu82.htm
shintetu91,神鉄・高速全線 年末・年始１dayパス,神戸電鉄,['神戸電鉄' '神戸高速鉄道'],2,TRUE,kinki,近畿,近畿,['近畿'],winter,年末年始限定タイプ,年末年初限定,['実券'],TRUE,FALSE,ended,終了,,,1100,,1100,"大人：1,100円",１日間,1,2025年12月22日〜2026年1月3日,2025年12月29日〜2026年1月3日,,['https://www2s.biglobe.ne.jp/~t_aoyagi/railway/free/map/shintetsu82.gif'],,[],0,"神戸電鉄主要駅,駅売店,委託販売所,企画乗車券自動販売機 
 新開地の駅長室,高速神戸,高速長田の駅窓口",神戸電鉄・運輸部 TEL:078-592-4451,,https://www.shintetsu.co.jp/railway/ticket/detail/ny_1day.html,"[{'text': '神戸電鉄', 'url': 'https://www.shintetsu.co.jp/railway/ticket/detail/ny_1day.html'}]",,https://www2s.biglobe.ne.jp/~t_aoyagi/railway/free/shintetu91.htm,shintetu91.htm,244,2026-08-10 01:30:50.424840+00:00,神鉄・高速全線 年末・年始１dayパス,,,,https://www2s.biglobe.ne.jp/~t_aoyagi/railway/free/shintetu91.htm
sanhime5,三宮・姫路5dayチケット,神戸高速鉄道,['神戸高速鉄道' '山陽電気鉄道'],2,TRUE,kinki,近畿,近畿,['近畿'],tunen,通年発売タイプ,全年发售,['実券'],TRUE,FALSE,on_sale,発売中,,,8500,,8500,"大人：8,500円",任意の５日間,5,2026年4月1日〜2027年3月31日,2026年4月1日〜2027年4月30日,,['https://www2s.biglobe.ne.jp/~t_aoyagi/railway/free/map/sanhime.gif'],,[],0,"阪神電鉄 － 
 神戸高速鉄道 － 
 山陽電鉄 西代,板宿,東須磨,須磨,垂水,明石,東二見,高砂,大塩,飾磨,姫路,網干の各駅 
 板宿,垂水,明石,東二見,高砂,飾磨,姫路の各定期券発売所,ご案内センター（明石）","山陽電気鉄道 鉄道営業部営業課：078-941-7556 
 
山陽電気鉄道 ご案内センター（明石）：078-913-2880 
 神戸高速鉄道 運輸部営業課：078-351-0884",,https://www.sanyo-railway.co.jp/railway/untin/ticket07.html,"[{'text': '山陽電気鉄道', 'url': 'https://www.sanyo-railway.co.jp/railway/untin/ticket07.html'}]",,https://www2s.biglobe.ne.jp/~t_aoyagi/railway/free/sanhime5.htm,sanhime5.htm,247,2026-08-10 01:30:50.424840+00:00,三宮・姫路5dayチケット,,,,https://www2s.biglobe.ne.jp/~t_aoyagi/railway/free/sanhime5.htm
sanyo97,なぞときさんぽ旅 1dayチケット,山陽電気鉄道,['山陽電気鉄道'],1,FALSE,kinki,近畿,近畿,['近畿'],kikan,期間限定タイプ,期间限定,['実券'],TRUE,FALSE,period,2025/8/29  〜2026/5/31,2025/8/29,2026/5/31,2500,,2500,"大人：2,500円",1日間,1,2025年8月29日〜2026年5月31日,2025年8月29日〜2026年5月31日,,['https://www2s.biglobe.ne.jp/~t_aoyagi/railway/free/map/sanyo92.gif'],,[],0,"西代,板宿,東須磨,山陽須磨,山陽垂水,山陽明石,東二見,高砂,大塩,飾磨,山陽姫路,山陽網干 
 
ご案内センター(明石)","山陽電気鉄道 鉄道営業部営業課 TEL:078-940-5132 
 株式会社フラップゼロα TEL:06-7174-3804",,https://www.sanyo-railway.co.jp/media/1755492500.pdf,"[{'text': '山陽電気鉄道', 'url': 'https://www.sanyo-railway.co.jp/media/1755492500.pdf'}]",,https://www2s.biglobe.ne.jp/~t_aoyagi/railway/free/sanyo97.htm,sanyo97.htm,272,2026-08-10 01:30:50.424840+00:00,なぞときさんぽ旅 1dayチケット,,,,https://www2s.biglobe.ne.jp/~t_aoyagi/railway/free/sanyo97.htm
sanyo99,山陽 鉄道フェスティバル2025 親子QR1dayチケット,山陽電気鉄道,['山陽電気鉄道'],1,FALSE,kinki,近畿,近畿,['近畿'],kikan,期間限定タイプ,期间限定,['デジタル'],FALSE,TRUE,ended,終了,,,1000,0,0,"大人：1,000円／小人：0円",1日間,1,2025年10月1日〜2025年11月1日,2025年11月1日,,['https://www2s.biglobe.ne.jp/~t_aoyagi/railway/free/map/sanyo99.gif'],,[],0,スルッとQRttoサイト,山陽電気鉄道 鉄道営業部営業課 TEL:078-940-5132,,https://www.sanyo-railway.co.jp/railway/untin/festival-qr1day.html,"[{'text': '山陽電気鉄道', 'url': 'https://www.sanyo-railway.co.jp/railway/untin/festival-qr1day.html'}]",,https://www2s.biglobe.ne.jp/~t_aoyagi/railway/free/sanyo99.htm,sanyo99.htm,275,2026-08-10 01:30:50.424840+00:00,山陽鉄道フェスティバル2025 親子QR1dayチケット,,,,https://www2s.biglobe.ne.jp/~t_aoyagi/railway/free/sanyo99.htm
sanyo90,山陽電車初詣・初売4dayパス,山陽電気鉄道,['山陽電気鉄道'],1,FALSE,kinki,近畿,近畿,['近畿'],winter,年末年始限定タイプ,年末年初限定,['実券'],TRUE,FALSE,ended,終了,,,1600,,1600,"大人：1,600円",4日間,4,2025年12月20日〜2026月1月3日,2025年12月31日〜2026月1月3日,,['https://www2s.biglobe.ne.jp/~t_aoyagi/railway/free/map/sanyo92.gif'],,[],0,"西代,板宿,東須磨,須磨,垂水,明石,東二見,高砂,大塩,飾磨,姫路,網干 
 ご案内センター（明石）",山陽電気鉄道 ご案内センター(明石) TEL:078-913-2880,,https://www.sanyo-railway.co.jp/railway/untin/newyear4day2026.html,"[{'text': '山陽電気鉄道', 'url': 'https://www.sanyo-railway.co.jp/railway/untin/newyear4day2026.html'}]",,https://www2s.biglobe.ne.jp/~t_aoyagi/railway/free/sanyo90.htm,sanyo90.htm,277,2026-08-10 01:30:50.424840+00:00,山陽電車初詣・初売4dayパス,,,,https://www2s.biglobe.ne.jp/~t_aoyagi/railway/free/sanyo90.htm
hojo01,１日フリーきっぷ,北条鉄道,['北条鉄道'],1,FALSE,kinki,近畿,近畿,['近畿'],tunen,通年発売タイプ,全年发售,['実券' 'デジタル'],TRUE,TRUE,on_sale,発売中,,,1000,500,500,"大人：1,000円／小人：500円",１日間,1,通年,通年,,['https://www2s.biglobe.ne.jp/~t_aoyagi/railway/free/map/hojo.gif'],,[],0,"北条町駅 
 チケット端末設置のセブンイレブン店舗 RYDE PASS",北条鉄道 TEL:0790-42-0036,,http://www.hojorailway.jp/afare,"[{'text': '北条鉄道', 'url': 'http://www.hojorailway.jp/afare'}]",,https://www2s.biglobe.ne.jp/~t_aoyagi/railway/free/hojo01.htm,hojo01.htm,278,2026-08-10 01:30:50.424840+00:00,1日フリーきっぷ,,,,https://www2s.biglobe.ne.jp/~t_aoyagi/railway/free/hojo01.htm
jrwest79,岡山・香川ワイドパス,,[],0,FALSE,tyugoku,中国,中国地方,['中国'],kikan,期間限定タイプ,期间限定,['デジタル'],FALSE,TRUE,period,〜2027/3/31,,2027/3/31,3600,1800,1800,"大人：3,600円／小人：1,800円",３日間,3,"2026年3月1日〜2027年3月31日 
 利用開始日の1ヵ月前から当日までの発売",2026年4月1日〜2027年4月2日,,['https://www2s.biglobe.ne.jp/~t_aoyagi/railway/free/map/jrwest79.gif'],"新幹線 在来線特急・急行 快速・普通 
 サンライズ瀬戸 グリーン 指定 自由 ライナー グリーン 指定 自由 
 × ■ ▲ ▲ ○ ▲ ▲ ▲ ○ 
 
 ○：乗車可 ▲：乗車券のみ有効 ×：乗車不可 
 ■：「のびのび座席」利用時は乗車券のみ有効、他の施設は乗車不可",[],0,tabiwa,ＪＲ西日本 TEL:,,https://app.tabi-wester.westjr.co.jp/eticketDetails?ticket_id=J0000900,"[{'text': 'tabiwa', 'url': 'https://app.tabi-wester.westjr.co.jp/eticketDetails?ticket_id=J0000900'}]",,https://www2s.biglobe.ne.jp/~t_aoyagi/railway/free/jrwest79.htm,jrwest79.htm,1,2026-08-10 01:30:50.424840+00:00,岡山・香川ワイドパス,,,,https://www2s.biglobe.ne.jp/~t_aoyagi/railway/free/jrwest79.htm
jrwest66,岡山ワイドパス,,[],0,FALSE,tyugoku,中国,中国地方,['中国'],kikan,期間限定タイプ,期间限定,['デジタル'],FALSE,TRUE,period,〜2027/3/31,,2027/3/31,4300,2150,2150,"大人：4,300円／小人：2,150円",3日間,3,"2026年3月1日〜2027年3月31日 
 利用開始日の1ヵ月前から当日までの発売",2026年4月1日〜2027年4月2日,,['https://www2s.biglobe.ne.jp/~t_aoyagi/railway/free/map/jrwest66.gif'],"新幹線 在来線特急・急行 快速・普通 宮島フェリー 
 サンライズ出雲 グリーン 指定 自由 ライナー グリーン 指定 自由 
 × × × × × － ▲ ▲ ○ － 
 
 ○：乗車可 ▲：乗車券のみ有効 ×：乗車不可",[],0,tabiwa,ＪＲ西日本 TEL:,,https://app.tabi-wester.westjr.co.jp/eticketDetails?ticket_id=J0000700,"[{'text': 'tabiwa', 'url': 'https://app.tabi-wester.westjr.co.jp/eticketDetails?ticket_id=J0000700'}]",,https://www2s.biglobe.ne.jp/~t_aoyagi/railway/free/jrwest66.htm,jrwest66.htm,2,2026-08-10 01:30:50.424840+00:00,岡山ワイドパス,,,,https://www2s.biglobe.ne.jp/~t_aoyagi/railway/free/jrwest66.htm
jrwest49,せとうちパス,,[],0,FALSE,tyugoku,中国,中国地方,['中国'],kikan,期間限定タイプ,期间限定,['デジタル'],FALSE,TRUE,period,〜2027/3/31,,2027/3/31,3240,1620,1620,"大人：3,240円／小人：1,620円",2日間,2,"2026年3月1日〜2027年3月31日 
 利用開始日の1ヵ月前から当日までの発売",2026年4月1日〜2027年4月1日,,['https://www2s.biglobe.ne.jp/~t_aoyagi/railway/free/map/jrwest49.gif'],"新幹線 在来線特急・急行 快速・普通 宮島フェリー 
 サンライズ出雲 グリーン 指定 自由 ライナー グリーン 指定 自由 
 × － × × × － ▲ ▲ ○ － 
 
 ○：乗車可 ▲：乗車券のみ有効 ×：乗車不可",[],0,tabiwa,ＪＲ西日本 TEL:,,https://app.tabi-wester.westjr.co.jp/eticketDetails?ticket_id=J0000300,"[{'text': 'tabiwa', 'url': 'https://app.tabi-wester.westjr.co.jp/eticketDetails?ticket_id=J0000300'}]",,https://www2s.biglobe.ne.jp/~t_aoyagi/railway/free/jrwest49.htm,jrwest49.htm,3,2026-08-10 01:30:50.424840+00:00,せとうちパス,,,,https://www2s.biglobe.ne.jp/~t_aoyagi/railway/free/jrwest49.htm
jrwest68,岡山・倉敷tabiwaぐるりんパス,,[],0,FALSE,tyugoku,中国,中国地方,['中国'],kikan,期間限定タイプ,期间限定,['デジタル'],FALSE,TRUE,period,〜2027/3/31,,2027/3/31,3800,1750,1750,"大人：3,800円／小人：1,750円",2日間,2,"2026年3月1日〜2027年3月31日 
 利用開始日の1ヵ月前から当日までの発売",2026年4月1日〜2027年4月2日,,['https://www2s.biglobe.ne.jp/~t_aoyagi/railway/free/map/jrwest68.gif'],"新幹線 在来線特急・急行 快速・普通 宮島フェリー 
 サンライズ出雲 グリーン 指定 自由 ライナー グリーン 指定 自由 
 × × × × × － ▲ ▲ ○ － 
 
 ○：乗車可 ▲：乗車券のみ有効 ×：乗車不可",[],0,tabiwa,ＪＲ西日本 TEL:,,https://app.tabi-wester.westjr.co.jp/eticketDetails?ticket_id=J0002400,"[{'text': 'tabiwa', 'url': 'https://app.tabi-wester.westjr.co.jp/eticketDetails?ticket_id=J0002400'}]",,https://www2s.biglobe.ne.jp/~t_aoyagi/railway/free/jrwest68.htm,jrwest68.htm,4,2026-08-10 01:30:50.424840+00:00,岡山・倉敷tabiwaぐるりんパス,,,,https://www2s.biglobe.ne.jp/~t_aoyagi/railway/free/jrwest68.htm
jrwest166,井原・岡山周遊パス,,[],0,FALSE,tyugoku,中国,中国地方,['中国'],kikan,期間限定タイプ,期间限定,['デジタル'],FALSE,TRUE,period,2026/3/1  〜2027/3/31,2026/3/1,2027/3/31,2500,1250,1250,"大人：2,500円／小人：1,250円",1日間,1,"2026年3月1日〜2027年3月31日 
 利用開始日の1ヵ月前から当日までの発売",2026年4月1日〜2027年3月31日,,['https://www2s.biglobe.ne.jp/~t_aoyagi/railway/free/map/jrwest166.gif'],"東海道新幹線 山陽新幹線 北陸新幹線 在来線特急・急行 快速・普通 
 グリーン車 普通車指定 普通車自由 グランクラス グリーン車 普通車指定 普通車自由 寝台車 グリーン車 普通車指定 普通車自由 グリーン車指定 グリーン車自由 ライナー 指定 自由 
 × × × × × × × × × × ▲ ▲ ▲ ▲ ▲ ▲ ○ 
 
 ○：乗車可 ▲：乗車券のみ有効 ×：乗車不可",[],0,tabiwa,ＪＲ西日本：,,https://app.tabi-wester.westjr.co.jp/eticketDetails?ticket_id=J0001000,"[{'text': 'tabiwa', 'url': 'https://app.tabi-wester.westjr.co.jp/eticketDetails?ticket_id=J0001000'}]",,https://www2s.biglobe.ne.jp/~t_aoyagi/railway/free/jrwest166.htm,jrwest166.htm,5,2026-08-10 01:30:50.424840+00:00,井原・岡山周遊パス,,,,https://www2s.biglobe.ne.jp/~t_aoyagi/railway/free/jrwest166.htm
jrwest61,広島ワイドパス,,[],0,FALSE,tyugoku,中国,中国地方,['中国'],kikan,期間限定タイプ,期间限定,['デジタル'],FALSE,TRUE,period,〜2027/3/31,,2027/3/31,4400,2200,2200,"大人：4,400円／小人：2,200円",3日間,3,"2026年3月1日〜2027年3月31日 
 利用開始日の1ヵ月前から当日までの発売",2026年4月1日〜2027年4月2日,,['https://www2s.biglobe.ne.jp/~t_aoyagi/railway/free/map/jrwest61.gif'],"新幹線 在来線特急・急行 快速・普通 宮島フェリー 
 サンライズ出雲 グリーン 指定 自由 ライナー グリーン 指定 自由 
 × × × × × － × ▲ ○ ○ 
 
 ○：乗車可 ▲：乗車券のみ有効 ×：乗車不可",[],0,tabiwa,ＪＲ西日本 TEL:,,https://app.tabi-wester.westjr.co.jp/eticketDetails?ticket_id=J0000000,"[{'text': 'tabiwa', 'url': 'https://app.tabi-wester.westjr.co.jp/eticketDetails?ticket_id=J0000000'}]",,https://www2s.biglobe.ne.jp/~t_aoyagi/railway/free/jrwest61.htm,jrwest61.htm,6,2026-08-10 01:30:50.424840+00:00,広島ワイドパス,,,,https://www2s.biglobe.ne.jp/~t_aoyagi/railway/free/jrwest61.htm
jrwest62,宮島・瀬戸内tabiwaぐるりんパス,,[],0,FALSE,tyugoku,中国,中国地方,['中国'],kikan,期間限定タイプ,期间限定,['デジタル'],FALSE,TRUE,period,〜2027/3/31,,2027/3/31,4100,2150,2150,"大人：4,100円／小人：2,150円",3日間,3,"2026年3月1日〜2027年3月31日 
 利用開始日の1ヵ月前から当日までの発売",2026年4月1日〜2027年4月2日,,['https://www2s.biglobe.ne.jp/~t_aoyagi/railway/free/map/jrwest62.gif'],"新幹線 在来線特急・急行 快速・普通 宮島フェリー 
 サンライズ出雲 グリーン 指定 自由 ライナー グリーン 指定 自由 
 × × × × × － × ▲ ○ ○ 
 
 ○：乗車可 ▲：乗車券のみ有効 ×：乗車不可",[],0,tabiwa,ＪＲ西日本 TEL:,,https://app.tabi-wester.westjr.co.jp/eticketDetails?ticket_id=J0000100,"[{'text': 'tabiwa', 'url': 'https://app.tabi-wester.westjr.co.jp/eticketDetails?ticket_id=J0000100'}]",,https://www2s.biglobe.ne.jp/~t_aoyagi/railway/free/jrwest62.htm,jrwest62.htm,7,2026-08-10 01:30:50.424840+00:00,宮島・瀬戸内tabiwaぐるりんパス,,,,https://www2s.biglobe.ne.jp/~t_aoyagi/railway/free/jrwest62.htm
jrwest301,広島・松山周遊パス,,[],0,FALSE,tyugoku,中国,中国地方,['中国'],kikan,期間限定タイプ,期间限定,['デジタル'],FALSE,TRUE,ended,終了,,,14500,7250,7250,"大人：14,500円／小人：7,250円",３日間,3,2025年8月1日〜2025年12月29日,2025年8月2日〜2025年12月31日,,['https://www2s.biglobe.ne.jp/~t_aoyagi/railway/free/map/jrwest301.gif'],"新幹線 在来線特急・急行 快速・普通 宮島フェリー 
 サンライズ出雲 グリーン 指定 自由 ライナー グリーン 指定 自由 
 × × × × × － × ▲ ○ ○ 
 
 ○：乗車可 ▲：乗車券のみ有効 ×：乗車不可",['往路・復路共に各1回利用可' 'スーパージェット・フェリーいずれも利用可' '広島港〜呉港間を乗船の場合は現地で差額(現金のみ)の支払いが必要'],3,tabiwa by WESTER,ＪＲ西日本 TEL:,,https://app.tabi-wester.westjr.co.jp/eticketDetails?ticket_id=JK203500,"[{'text': 'tabiwa by WESTER', 'url': 'https://app.tabi-wester.westjr.co.jp/eticketDetails?ticket_id=JK203500'}]",,https://www2s.biglobe.ne.jp/~t_aoyagi/railway/free/jrwest301.htm,jrwest301.htm,8,2026-08-10 01:30:50.424840+00:00,広島・松山周遊パス,,,,https://www2s.biglobe.ne.jp/~t_aoyagi/railway/free/jrwest301.htm
jrwest69,山口セントラルパス,,[],0,FALSE,tyugoku,中国,中国地方,['中国'],kikan,期間限定タイプ,期间限定,['デジタル'],FALSE,TRUE,period,〜2027/3/31,,2027/3/31,3500,1750,1750,"大人：3,500円／小人：1,750円",2日間,2,"2026年3月1日〜2027年3月31日 
 利用開始日の1ヵ月前から当日までの発売",2026年4月1日〜2027年4月1日,,['https://www2s.biglobe.ne.jp/~t_aoyagi/railway/free/map/jrwest69.gif'],"新幹線 在来線特急・急行 快速・普通 宮島フェリー 
 サンライズ出雲 グリーン 指定 自由 ライナー グリーン 指定 自由 
 × × × × × － ▲ ▲ ○ － 
 
 ○：乗車可 ▲：乗車券のみ有効 ×：乗車不可",[],0,tabiwa,ＪＲ西日本 TEL:,,https://app.tabi-wester.westjr.co.jp/eticketDetails?ticket_id=J0000500,"[{'text': 'tabiwa', 'url': 'https://app.tabi-wester.westjr.co.jp/eticketDetails?ticket_id=J0000500'}]",,https://www2s.biglobe.ne.jp/~t_aoyagi/railway/free/jrwest69.htm,jrwest69.htm,9,2026-08-10 01:30:50.424840+00:00,山口セントラルパス,,,,https://www2s.biglobe.ne.jp/~t_aoyagi/railway/free/jrwest69.htm
jrwest58,下関・長門tabiwaぐるりんパス,,[],0,FALSE,tyugoku,中国,中国地方,['中国'],kikan,期間限定タイプ,期间限定,['デジタル'],FALSE,TRUE,period,〜2027/3/31,,2027/3/31,3500,1750,1750,"大人：3,500円／小人：1,750円",2日間,2,"2026年3月1日〜2027年3月31日 
 利用開始日の1ヵ月前から当日までの発売",2026年4月1日〜2027年4月1日,,['https://www2s.biglobe.ne.jp/~t_aoyagi/railway/free/map/jrwest58.gif'],"新幹線 在来線特急・急行 快速・普通 宮島フェリー 
 サンライズ出雲 グリーン 指定 自由 ライナー グリーン 指定 自由 
 × － × × × － ▲ ▲ ○ － 
 
 ○：乗車可 ▲：乗車券のみ有効 ×：乗車不可",[],0,tabiwa,ＪＲ西日本 TEL:,,https://app.tabi-wester.westjr.co.jp/eticketDetails?ticket_id=J0000600,"[{'text': 'tabiwa', 'url': 'https://app.tabi-wester.westjr.co.jp/eticketDetails?ticket_id=J0000600'}]",,https://www2s.biglobe.ne.jp/~t_aoyagi/railway/free/jrwest58.htm,jrwest58.htm,10,2026-08-10 01:30:50.424840+00:00,下関・長門tabiwaぐるりんパス,,,,https://www2s.biglobe.ne.jp/~t_aoyagi/railway/free/jrwest58.htm
jrwest85,山陰のんびりパス,,[],0,FALSE,tyugoku,中国,中国地方,['中国'],kikan,期間限定タイプ,期间限定,['デジタル'],FALSE,TRUE,period,〜2027/3/31,,2027/3/31,5000,2500,2500,"大人：5,000円／小人：2,500円",３日間,3,"2026年3月1日〜2027年3月31日 
 利用開始日の1ヵ月前から当日までの発売",2026年4月1日〜2027年4月2日,,['https://www2s.biglobe.ne.jp/~t_aoyagi/railway/free/map/jrwest85.gif'],"新幹線 在来線特急・急行 快速・普通 
 サンライズ出雲 グリーン 指定 自由 ライナー グリーン 指定 自由 
 × ■ ▲ ▲ ▲ ▲ ▲ ▲ ○ 
 
 ○：乗車可 ▲：乗車券のみ有効 ×：乗車不可 
 ■：「のびのび座席」利用時は乗車券のみ有効、他の施設は乗車不可",[],0,tabiwa,ＪＲ西日本 TEL:,,https://app.tabi-wester.westjr.co.jp/eticketDetails?ticket_id=J0001700,"[{'text': 'tabiwa', 'url': 'https://app.tabi-wester.westjr.co.jp/eticketDetails?ticket_id=J0001700'}]",,https://www2s.biglobe.ne.jp/~t_aoyagi/railway/free/jrwest85.htm,jrwest85.htm,11,2026-08-10 01:30:50.424840+00:00,山陰のんびりパス,,,,https://www2s.biglobe.ne.jp/~t_aoyagi/railway/free/jrwest85.htm
jrwest132,鳥取のんびりパス,,[],0,FALSE,tyugoku,中国,中国地方,['中国'],kikan,期間限定タイプ,期间限定,['デジタル'],FALSE,TRUE,period,2026/4/1  〜2027/3/31,2026/4/1,2027/3/31,3000,1500,1500,"大人：3,000円／小人：1,500円",３日間,3,"2026年3月1日〜2027年3月31日 
 利用開始日の1ヵ月前から当日までの発売",2026年4月1日〜2027年4月2日,,['https://www2s.biglobe.ne.jp/~t_aoyagi/railway/free/map/jrwest132.gif'],"新幹線 在来線特急・急行 快速・普通 
 サンライズ出雲 グリーン 指定 自由 ライナー グリーン 指定 自由 
 × ■ ▲ ▲ ▲ ▲ ▲ ▲ ○ 
 
 ○：乗車可 ▲：乗車券のみ有効 ×：乗車不可 
 ■：「のびのび座席」利用時は乗車券のみ有効、他の施設は乗車不可",[],0,tabiwa,ＪＲ西日本 TEL:,,https://app.tabi-wester.westjr.co.jp/eticketDetails?ticket_id=J0001800,"[{'text': 'tabiwa', 'url': 'https://app.tabi-wester.westjr.co.jp/eticketDetails?ticket_id=J0001800'}]",,https://www2s.biglobe.ne.jp/~t_aoyagi/railway/free/jrwest132.htm,jrwest132.htm,12,2026-08-10 01:30:50.424840+00:00,鳥取のんびりパス,,,,https://www2s.biglobe.ne.jp/~t_aoyagi/railway/free/jrwest132.htm
jrwest133,松江・出雲tabiwaぐるりんパス,,[],0,FALSE,tyugoku,中国,中国地方,['中国'],kikan,期間限定タイプ,期间限定,['デジタル'],FALSE,TRUE,period,〜2027/3/31,,2027/3/31,5000,1800,1800,"大人：5,000円／小人：1,800円",２日間,2,"2026年3月1日〜2027年3月31日 
 利用開始日の1ヵ月前から当日までの発売",2026年4月1日〜2027年4月1日,,['https://www2s.biglobe.ne.jp/~t_aoyagi/railway/free/map/jrwest133.gif'],"新幹線 在来線特急・急行 快速・普通 
 サンライズ出雲 グリーン 指定 自由 ライナー グリーン 指定 自由 
 × ■ ▲ ▲ ▲ ▲ ▲ ▲ ○ 
 
 ○：乗車可 ▲：乗車券のみ有効 ×：乗車不可 
 ■：「のびのび座席」利用時は乗車券のみ有効、他の施設は乗車不可",[],0,tabiwa,ＪＲ西日本 TEL:,,https://app.tabi-wester.westjr.co.jp/eticketDetails?ticket_id=J0002500,"[{'text': 'tabiwa', 'url': 'https://app.tabi-wester.westjr.co.jp/eticketDetails?ticket_id=J0002500'}]",,https://www2s.biglobe.ne.jp/~t_aoyagi/railway/free/jrwest133.htm,jrwest133.htm,13,2026-08-10 01:30:50.424840+00:00,松江・出雲tabiwaぐるりんパス,,,,https://www2s.biglobe.ne.jp/~t_aoyagi/railway/free/jrwest133.htm
jrwest148,tabiwa 津山因美パス,,[],0,FALSE,tyugoku,中国,中国地方,['中国'],kikan,期間限定タイプ,期间限定,['デジタル'],FALSE,TRUE,ended,終了,,,700,350,350,大人：700円／小人：350円,3日間,3,2025年8月1日〜2026年3月31日,2025年7月15日〜2026年3月31日,,['https://www2s.biglobe.ne.jp/~t_aoyagi/railway/free/map/jrwest148.gif'],"新幹線 在来線特急・急行 快速・普通 宮島フェリー 
 サンライズ出雲 グリーン 指定 自由 ライナー グリーン 指定 自由 
 × × × × × － ▲ ▲ ○ － 
 
 ○：乗車可 ▲：乗車券のみ有効 ×：乗車不可",[],0,tabiwa by WESTER,ＪＲ西日本 TEL:,,https://app.tabi-wester.westjr.co.jp/eticketDetails?ticket_id=JK203400,"[{'text': 'tabiwa by WESTER', 'url': 'https://app.tabi-wester.westjr.co.jp/eticketDetails?ticket_id=JK203400'}]",,https://www2s.biglobe.ne.jp/~t_aoyagi/railway/free/jrwest148.htm,jrwest148.htm,14,2026-08-10 01:30:50.424840+00:00,tabiwa 津山因美パス,,,,https://www2s.biglobe.ne.jp/~t_aoyagi/railway/free/jrwest148.htm
jrwest165,宮島満喫パス,,[],0,FALSE,tyugoku,中国,中国地方,['中国'],kikan,期間限定タイプ,期间限定,['デジタル'],FALSE,TRUE,period,〜2027/3/31,,2027/3/31,1500,750,750,"大人：1,500円／小人：750円",2日間,2,"2026年3月1日〜2027年3月31日 
 利用開始日の1ヵ月前から当日までの発売",2026年4月1日〜2027年4月1日,,['https://www2s.biglobe.ne.jp/~t_aoyagi/railway/free/map/jrwest139.gif'],"東海道新幹線 山陽新幹線 北陸新幹線 在来線特急・急行 快速・普通 
 グリーン車 普通車指定 普通車自由 グランクラス グリーン車 普通車指定 普通車自由 寝台車 グリーン車 普通車指定 普通車自由 グリーン車指定 グリーン車自由 ライナー 指定 自由 
 × × × × × × × × × × ▲ ▲ ▲ ▲ ▲ ▲ ○ 
 
 ○：乗車可 ▲：乗車券のみ有効 ×：乗車不可",[],0,tabiwa,ＪＲ西日本：,,https://app.tabi-wester.westjr.co.jp/eticketDetails?ticket_id=J0000200,"[{'text': 'tabiwa', 'url': 'https://app.tabi-wester.westjr.co.jp/eticketDetails?ticket_id=J0000200'}]",,https://www2s.biglobe.ne.jp/~t_aoyagi/railway/free/jrwest165.htm,jrwest165.htm,15,2026-08-10 01:30:50.424840+00:00,宮島満喫パス,,,,https://www2s.biglobe.ne.jp/~t_aoyagi/railway/free/jrwest165.htm
jrwest140,tabiwa呉海自カレーきっぷ,,[],0,FALSE,tyugoku,中国,中国地方,['中国'],kikan,期間限定タイプ,期间限定,['デジタル'],FALSE,TRUE,period,〜2027/3/31,,2027/3/31,2220,1850,1850,"大人：2,220円／小人：1,850円",1日間,1,"2026年3月1日〜2027年3月31日 
 利用開始日の1ヵ月前から当日までの発売",2026年4月1日〜2027年4月2日,,['https://www2s.biglobe.ne.jp/~t_aoyagi/railway/free/map/jrwest140.gif'],"東海道新幹線 山陽新幹線 北陸新幹線 在来線特急・急行 快速・普通 
 グリーン車 普通車指定 普通車自由 グランクラス グリーン車 普通車指定 普通車自由 寝台車 グリーン車 普通車指定 普通車自由 グリーン車指定 グリーン車自由 ライナー 指定 自由 
 × × × × × × × × × × ▲ ▲ ▲ ▲ ▲ ▲ ○ 
 
 ○：乗車可 ▲：乗車券のみ有効 ×：乗車不可",['「呉海自カレー」引換券付き'],1,tabiwa,ＪＲ西日本：,,https://app.tabi-wester.westjr.co.jp/eticketDetails?ticket_id=J0000400,"[{'text': 'tabiwa', 'url': 'https://app.tabi-wester.westjr.co.jp/eticketDetails?ticket_id=J0000400'}]",,https://www2s.biglobe.ne.jp/~t_aoyagi/railway/free/jrwest140.htm,jrwest140.htm,16,2026-08-10 01:30:50.424840+00:00,tabiwa呉海自カレーきっぷ,,,,https://www2s.biglobe.ne.jp/~t_aoyagi/railway/free/jrwest140.htm
jrwest57,バス＆レール どっちも乗り放題パス２デイ,,[],0,FALSE,tyugoku,中国,中国地方,['中国'],kikan,期間限定タイプ,期间限定,['デジタル'],FALSE,TRUE,ended,終了,,,2000,1000,1000,"大人：2,000円／小人：1,000円",土日祝のいずれか1日を含む連続した2日間,1,2025年10月28日〜2026年3月30日,2025年10月28日〜2026年3月31日,,['https://www2s.biglobe.ne.jp/~t_aoyagi/railway/free/map/jrwest57.gif'],"新幹線 在来線特急・急行 快速・普通 宮島フェリー 
 サンライズ出雲 グリーン 指定 自由 ライナー グリーン 指定 自由 
 × × × × × － × × ○ － 
 
 ○：乗車可 ▲：乗車券のみ有効 ×：乗車不可",['東城〜下帝釈間は運行日のみ'],1,"ＪＲ広島駅新幹線口１階バスきっぷ売り場,
三次市交通観光センター交通案内窓口,トーエイ(東城店)",ＪＲ西日本 TEL:,,https://tickets.jr-odekake.net/shohindb/view/consumer/tokutoku/detail.html?shnId=123000480,"[{'text': 'ＪＲ西日本', 'url': 'https://tickets.jr-odekake.net/shohindb/view/consumer/tokutoku/detail.html?shnId=123000480'}
 {'text': '備北交通', 'url': 'https://bihoku.co.jp/info/%e3%80%902025%e5%b9%b410%e6%9c%8828%e6%97%a5%ef%bc%88%e7%81%ab%ef%bc%89%e7%99%ba%e5%a3%b2%e9%96%8b%e5%a7%8b%e3%80%91%e3%83%90%e3%82%b9%ef%bc%86%e3%83%ac%e3%83%bc%e3%83%ab%e3%81%a9%e3%81%a3%e3%81%a1/'}]",,https://www2s.biglobe.ne.jp/~t_aoyagi/railway/free/jrwest57.htm,jrwest57.htm,17,2026-08-10 01:30:50.424840+00:00,バス＆レール どっちも乗り放題パス ２デイ”三次⇔”東城”,,,,https://www2s.biglobe.ne.jp/~t_aoyagi/railway/free/jrwest57.htm
jrwest130,宇部周遊1dayパス,,[],0,FALSE,tyugoku,中国,中国地方,['中国'],kikan,期間限定タイプ,期间限定,['デジタル'],FALSE,TRUE,ended,終了,,,1500,,1500,"大人：1,500円",１日間,1,2024年10月4日〜2025年1月19日,2024年10月4日〜2025年1月19日,,['https://www2s.biglobe.ne.jp/~t_aoyagi/railway/free/map/jrwest130.gif'],"新幹線 在来線特急・急行 快速・普通 宮島フェリー 
 サンライズ出雲 グリーン 指定 自由 ライナー グリーン 指定 自由 
 × × ▲ ▲ ▲ ▲ ▲ ▲ ○ － 
 
 ○：乗車可 ▲：乗車券のみ有効 ×：乗車不可",['新山口〜山口宇部空港間の空港連絡バスは乗車不可'],1,tabiwa by WESTER,ＪＲ西日本 TEL:,,https://www.westjr.co.jp/press/article/items/240924_00_press_MatijyuEvaNo4Ube1daypass.pdf,"[{'text': 'ＪＲ西日本', 'url': 'https://www.westjr.co.jp/press/article/items/240924_00_press_MatijyuEvaNo4Ube1daypass.pdf'}]",,https://www2s.biglobe.ne.jp/~t_aoyagi/railway/free/jrwest130.htm,jrwest130.htm,18,2026-08-10 01:30:50.424840+00:00,宇部周遊1dayパス,,,,https://www2s.biglobe.ne.jp/~t_aoyagi/railway/free/jrwest130.htm
tizukyu11,智頭線普通列車１日乗車券,,[],0,FALSE,tyugoku,中国,中国地方,['中国'],tunen,通年発売タイプ,全年发售,['実券'],TRUE,FALSE,on_sale,発売中,,,2000,1000,1000,"大人：2,000円／小人：1,000円",１日,1,通年,通年,,['https://www2s.biglobe.ne.jp/~t_aoyagi/railway/free/map/tizukyu.gif'],,['特急は乗車不可'],1,"智頭急行：上郡,佐用,大原,智頭",智頭急行 TEL:0858-75-2595,,https://www.chizukyu.co.jp/chizukyu/tokutoku/x229/,"[{'text': '智頭急行', 'url': 'https://www.chizukyu.co.jp/chizukyu/tokutoku/x229/'}]",,https://www2s.biglobe.ne.jp/~t_aoyagi/railway/free/tizukyu11.htm,tizukyu11.htm,19,2026-08-10 01:30:50.424840+00:00,智頭線普通列車１日乗車券,,,,https://www2s.biglobe.ne.jp/~t_aoyagi/railway/free/tizukyu11.htm
wakasa01,１日フリー乗車券,,[],0,FALSE,tyugoku,中国,中国地方,['中国'],tunen,通年発売タイプ,全年发售,['実券'],TRUE,FALSE,on_sale,発売中,,,500,,500,"大人：760円 
 大人：500円(2026年7月25日〜2026年8月30日) 
 大人：500円(2025年12月6日〜2026年2月28日)",１日,1,通年,通年,,['https://www2s.biglobe.ne.jp/~t_aoyagi/railway/free/map/wakasa.gif'],,[],0,"若桜駅,若桜鉄道列車乗務員,因幡船岡駅,郡家駅観光協会ぷらっとぴあやず 
 割引販売は、若桜駅,八頭町観光協会(郡家駅)",若桜鉄道 TEL:0858-82-0919,,https://wakatetsu.co.jp/info#collapse-accordion-7,"[{'text': '若桜鉄道', 'url': 'https://wakatetsu.co.jp/info#collapse-accordion-7'}
 {'text': '若桜鉄道', 'url': 'https://wakatetsu.co.jp/archives/news/%e8%8b%a5%e6%a1%9c%e9%89%84%e9%81%93-1%e6%97%a5%e3%83%95%e3%83%aa%e3%83%bc%e5%88%87%e7%ac%a6%e3%82%ad%e3%83%a3%e3%83%b3%e3%83%9a%e3%83%bc%e3%83%b3%e3%81%ae%e3%81%8a%e7%9f%a5%e3%82%89%e3%81%9b-4'}]",,https://www2s.biglobe.ne.jp/~t_aoyagi/railway/free/wakasa01.htm,wakasa01.htm,20,2026-08-10 01:30:50.424840+00:00,１日フリー乗車券,,,,https://www2s.biglobe.ne.jp/~t_aoyagi/railway/free/wakasa01.htm
wakasa03,鳥取藩乗放題手形,,[],0,FALSE,tyugoku,中国,中国地方,['中国'],tunen,通年発売タイプ,全年发售,['実券'],TRUE,FALSE,on_sale,発売中,,,1800,,1800,"大人：1,800円",３日間,3,通年,通年,,['https://www2s.biglobe.ne.jp/~t_aoyagi/railway/free/map/wakasa03.gif'],,[],0,"鳥取駅前バスターミナル,鳥取市観光案内所(JR鳥取駅構内),日ノ丸自動車鳥取営業部,鳥取空港ビル,日本交通岩美営業所,若桜鉄道若桜駅,八頭町観光協会 
 三朝温泉観光協会,日本交通倉吉バスセンター,日本交通新町営業所,日ノ丸自動車倉吉営業所,JR倉吉駅内観光案内所,倉吉観光MICE協会 
 米子駅前バスターミナル,皆生温泉旅館組合(米子市観光センター内),米子市国際観光案内所(米子駅内),大山町観光案内所(KOMOREBITO1階),米子空港総合案内所(米子鬼太郎空港内),日ノ丸自動車米子支店","日ノ丸自動車 
 
 鳥取 TEL:0857-22-5155,倉吉 TEL:0858-26-4111,米子 TEL:0859-32-2121 
 
日本交通 
 
 鳥取 TEL:0857-23-1122,倉吉 TEL:0858-26-1115,米子 TEL:0859-33-9116",,https://www.tottori-guide.jp/tourism/tour/view/570,"[{'text': '鳥取県観光・旅行情報サイト「とっとり旅」', 'url': 'https://www.tottori-guide.jp/tourism/tour/view/570'}
 {'text': '日本交通', 'url': 'https://www.nihonkotsu.jp/bus_local/tegata/index.html'}
 {'text': '日の丸自動車', 'url': 'https://hinomarubus.co.jp/676/'}]",,https://www2s.biglobe.ne.jp/~t_aoyagi/railway/free/wakasa03.htm,wakasa03.htm,21,2026-08-10 01:30:50.424840+00:00,鳥取藩乗放題手形,,,,https://www2s.biglobe.ne.jp/~t_aoyagi/railway/free/wakasa03.htm
wakasa02,親子きっぷ,,[],0,FALSE,tyugoku,中国,中国地方,['中国'],holiday,週末限定タイプ,周末限定,['実券'],TRUE,FALSE,on_sale,発売中,,,,,760,"760円 (大人１名＋小人１名) 
 2024年1月6日〜2024年2月25日は、380円",１日,1,土日休日(当日発売),土日休日,,['https://www2s.biglobe.ne.jp/~t_aoyagi/railway/free/map/wakasa.gif'],,[],0,"若桜駅,若桜鉄道列車乗務員,郡家駅観光協会ぷらっとぴあやず",若桜鉄道 TEL:0858-82-0919,,https://wakatetsu.co.jp/info#collapse-accordion-7,"[{'text': '若桜鉄道', 'url': 'https://wakatetsu.co.jp/info#collapse-accordion-7'}
 {'text': '若桜鉄道', 'url': 'https://wakatetsu.co.jp/archives/news/%e8%8b%a5%e6%a1%9c%e9%89%84%e9%81%93-%e8%a6%aa%e5%ad%90%e5%88%87%e7%ac%a6%e5%8d%8a%e9%a1%8d%e3%82%ad%e3%83%a3%e3%83%b3%e3%83%9a%e3%83%bc%e3%83%b3%e3%81%ae%e3%81%8a%e7%9f%a5%e3%82%89%e3%81%9b-2'}]",,https://www2s.biglobe.ne.jp/~t_aoyagi/railway/free/wakasa02.htm,wakasa02.htm,22,2026-08-10 01:30:50.424840+00:00,親子きっぷ,,,,https://www2s.biglobe.ne.jp/~t_aoyagi/railway/free/wakasa02.htm
itibata01,一畑電車フリー乗車券,,[],0,FALSE,tyugoku,中国,中国地方,['中国'],tunen,通年発売タイプ,全年发售,['実券'],TRUE,FALSE,on_sale,発売中,,,1800,900,900,"大人：1,800円 小人：900円",１日,1,通年,通年,,['https://www2s.biglobe.ne.jp/~t_aoyagi/railway/free/map/ichibata01.gif'],,[],0,"松江しんじ湖温泉,雲州平田,川跡,電鉄出雲市,出雲大社前",一畑電車・運輸部営業課 TEL:0853-62-3383,,https://railway.ichibata.co.jp/tichet/free/,"[{'text': '一畑電車', 'url': 'https://railway.ichibata.co.jp/tichet/free/'}]",,https://www2s.biglobe.ne.jp/~t_aoyagi/railway/free/itibata01.htm,itibata01.htm,23,2026-08-10 01:30:50.424840+00:00,１日フリー乗車券,,,,https://www2s.biglobe.ne.jp/~t_aoyagi/railway/free/itibata01.htm
itibata02,一畑電車シルバーきっぷ,,[],0,FALSE,tyugoku,中国,中国地方,['中国'],tunen,通年発売タイプ,全年发售,['実券'],TRUE,FALSE,on_sale,発売中,,,1700,,1700,"大人：1,700円",１日,1,通年,"12月31日〜1月3日,松江水郷祭・出雲神話まつり開催日を除く毎日",,['https://www2s.biglobe.ne.jp/~t_aoyagi/railway/free/map/ichibata01.gif'],,['65歳以上のみ利用可(公的証明書要)'],1,"松江しんじ湖温泉,雲州平田,川跡,電鉄出雲市,出雲大社前",一畑電車 TEL:0852-21-2429,,https://railway.ichibata.co.jp/tichet/silver/,"[{'text': '一畑電車', 'url': 'https://railway.ichibata.co.jp/tichet/silver/'}]",,https://www2s.biglobe.ne.jp/~t_aoyagi/railway/free/itibata02.htm,itibata02.htm,24,2026-08-10 01:30:50.424840+00:00,シルバーきっぷ,,,,https://www2s.biglobe.ne.jp/~t_aoyagi/railway/free/itibata02.htm
itibata04,フォーゲル＆フリーチケット,,[],0,FALSE,tyugoku,中国,中国地方,['中国'],tunen,通年発売タイプ,全年发售,['実券'],TRUE,FALSE,on_sale,発売中,,,2300,1200,1200,"大人：2,300円／中学生：1,800円／小人：1,200円",販売当日のみ,,通年,通年,,['https://www2s.biglobe.ne.jp/~t_aoyagi/railway/free/map/ichibata04.gif'],,[],0,"松江しんじ湖温泉,雲州平田,川跡,電鉄出雲市,出雲大社前",一畑電車・運輸部営業課 TEL:0853-62-3383,,https://railway.ichibata.co.jp/tichet/vogel/,"[{'text': '一畑電車', 'url': 'https://railway.ichibata.co.jp/tichet/vogel/'}]",,https://www2s.biglobe.ne.jp/~t_aoyagi/railway/free/itibata04.htm,itibata04.htm,25,2026-08-10 01:30:50.424840+00:00,フォーゲル＆フリーチケット,,,,https://www2s.biglobe.ne.jp/~t_aoyagi/railway/free/itibata04.htm
itibata05,古代出雲歴博入場券＆フリーチケット,,[],0,FALSE,tyugoku,中国,中国地方,['中国'],tunen,通年発売タイプ,全年发售,['実券'],TRUE,FALSE,on_sale,発売中,,,1900,,1900,"大人：1,900円",販売当日のみ,,通年,通年,,['https://www2s.biglobe.ne.jp/~t_aoyagi/railway/free/map/ichibata01.gif'],,[],0,"松江しんじ湖温泉,雲州平田,川跡,電鉄出雲市",一畑電車 TEL:0852-21-2429,,https://railway.ichibata.co.jp/tichet/izm/,"[{'text': '一畑電車', 'url': 'https://railway.ichibata.co.jp/tichet/izm/'}]",,https://www2s.biglobe.ne.jp/~t_aoyagi/railway/free/itibata05.htm,itibata05.htm,26,2026-08-10 01:30:50.424840+00:00,古代出雲歴博入場券 ＆フリーチケット,,,,https://www2s.biglobe.ne.jp/~t_aoyagi/railway/free/itibata05.htm
itibata06,松江・出雲 旅PASS 2Days,,[],0,FALSE,tyugoku,中国,中国地方,['中国'],tunen,通年発売タイプ,全年发售,['デジタル'],FALSE,TRUE,period,2026/4/1  〜2027/3/30,2026/4/1,2027/3/30,3500,1750,1750,"大人：3,500円 小人：1,750円",2日,2,2026年4月1日〜2027年3月30日,2026年4月1日〜2027年3月31日,,['https://www2s.biglobe.ne.jp/~t_aoyagi/railway/free/map/ichibata06.gif'],,"['高速バス,臨時バス,米子・出雲両空港への連絡バスには乗車不可。']",1,「 tabiwa 」,一畑電車 TEL:0852-21-2429,,https://app.tabi-wester.westjr.co.jp/eticketDetails?ticket_id=N6000700,"[{'text': 'tabiwa', 'url': 'https://app.tabi-wester.westjr.co.jp/eticketDetails?ticket_id=N6000700'}]",,https://www2s.biglobe.ne.jp/~t_aoyagi/railway/free/itibata06.htm,itibata06.htm,27,2026-08-10 01:30:50.424840+00:00,松江・出雲 旅PASS 2Days,,,,https://www2s.biglobe.ne.jp/~t_aoyagi/railway/free/itibata06.htm
itibata92,特別１日フリー乗車券,,[],0,FALSE,tyugoku,中国,中国地方,['中国'],kikan,期間限定タイプ,期间限定,['実券'],TRUE,FALSE,ended,終了,,,500,250,250,大人：500円 小人：250円,１日,1,2023年10月15日,2023年10月15日,,['https://www2s.biglobe.ne.jp/~t_aoyagi/railway/free/map/ichibata01.gif'],,[],0,"松江しんじ湖温泉,雲州平田,川跡,電鉄出雲市,出雲大社前,電車内",一畑電車・運輸部営業課 TEL:0853-62-3383,,https://www.ichibata.co.jp/railway/newsrelease-new/77/,"[{'text': '一畑電鉄', 'url': 'https://www.ichibata.co.jp/railway/newsrelease-new/77/'}]",,https://www2s.biglobe.ne.jp/~t_aoyagi/railway/free/itibata92.htm,itibata92.htm,28,2026-08-10 01:30:50.424840+00:00,特別１日フリー乗車券,,,,https://www2s.biglobe.ne.jp/~t_aoyagi/railway/free/itibata92.htm
okaden02,路面電車１日乗車券,,[],0,FALSE,tyugoku,中国,中国地方,['中国'],tunen,通年発売タイプ,全年发售,['実券' 'デジタル'],TRUE,TRUE,on_sale,発売中,,,400,200,200,大人：400円 小人：200円,１日,1,通年,通年,,['https://www2s.biglobe.ne.jp/~t_aoyagi/railway/free/map/okaden.gif'],,[],0,"路面電車車内,運輸課(徳吉町),岡山駅前バス総合案内所 
 岡山電気軌道本社(岡南町) 
 tabiwa",岡山電気軌道：,,https://okayama-kido.co.jp/tram/route-map/,"[{'text': '岡山電気軌道', 'url': 'https://okayama-kido.co.jp/tram/route-map/'}
 {'text': 'tabiwa', 'url': 'https://app.tabi-wester.westjr.co.jp/eticketDetails?ticket_id=N4001800'}]",,https://www2s.biglobe.ne.jp/~t_aoyagi/railway/free/okaden02.htm,okaden02.htm,29,2026-08-10 01:30:50.424840+00:00,路面電車１日乗車券,,,,https://www2s.biglobe.ne.jp/~t_aoyagi/railway/free/okaden02.htm
okaden97,路面電車＋岡電バス(一部区間)１日乗車券,,[],0,FALSE,tyugoku,中国,中国地方,['中国'],tunen,通年発売タイプ,全年发售,['実券' 'デジタル'],TRUE,TRUE,period,〜2027/3/31,,2027/3/31,400,200,200,大人：400円 小人：200円,１日,1,2026年4月1日〜2027年3月31日,2026年4月1日〜2027年3月31日,,['https://www2s.biglobe.ne.jp/~t_aoyagi/railway/free/map/okaden97.gif'],,[],0,"路面電車車内 
 おかでんチャギントンミュージアム 
 岡山駅東口案内所 
 RYDE PASS",両備グループ バス・電車 お客様センター：TEL 086-230-2130,,https://okayama-kido.co.jp/tram/tram-status-info/post-3248/,"[{'text': '岡山電気軌道', 'url': 'https://okayama-kido.co.jp/tram/tram-status-info/post-3248/'}
 {'text': 'RYDE PASS', 'url': 'https://pass.ryde-go.com/products/PYR6LKSW6V31'}]",,https://www2s.biglobe.ne.jp/~t_aoyagi/railway/free/okaden97.htm,okaden97.htm,30,2026-08-10 01:30:50.424840+00:00,路面電車＋岡電バス(一部区間)１日乗車券,,,,https://www2s.biglobe.ne.jp/~t_aoyagi/railway/free/okaden97.htm
okaden98,令和８年初参り 路面電車一日乗車券付き「紙絵馬」引換券,,[],0,FALSE,tyugoku,中国,中国地方,['中国'],kikan,期間限定タイプ,期间限定,['実券'],TRUE,FALSE,ended,終了,,,800,600,600,大人：800円／小人：600円,１日,1,2026年1月1日〜2026年3月31日,2026年1月1日〜2026年3月31日,,['https://www2s.biglobe.ne.jp/~t_aoyagi/railway/free/map/okaden.gif'],,[],0,"RYDE PASS 
 
路面電車車内 
 
おかでんチャギントンミュージアム 
 
岡山駅東口案内所",岡山電気軌道 TEL：086-272-5520,,https://okayama-kido.co.jp/tram/event/post-3119/,"[{'text': '岡山電気軌道', 'url': 'https://okayama-kido.co.jp/tram/event/post-3119/'}
 {'text': 'RYDE PASS', 'url': 'https://pass.ryde-go.com/products/2X8KWESYJ680'}]",,https://www2s.biglobe.ne.jp/~t_aoyagi/railway/free/okaden98.htm,okaden98.htm,31,2026-08-10 01:30:50.424840+00:00,令和８年初参り 路面電車一日乗車券付き 「紙絵馬」引換券,,,,https://www2s.biglobe.ne.jp/~t_aoyagi/railway/free/okaden98.htm
okaden94,サマーキッズパス,,[],0,FALSE,tyugoku,中国,中国地方,['中国'],summer,夏限定タイプ,夏季限定,['実券'],TRUE,FALSE,period,2026/7/10  〜8/15,2026/7/10,2026/8/15,,,2100,"中学生：3,100円、小学生2,100円",有効期間内全日,,2026年7月10日〜2026年8月15日,2026年7月20日〜2026年8月31日,,['https://www2s.biglobe.ne.jp/~t_aoyagi/railway/free/map/okaden94.gif'],,['ハレカカードが必要' '購入時には、身分証の提示が必要'],2,岡電バス定期券販売窓口,岡山電気軌道：,,https://okayama-kido.co.jp/bus/others/%e3%82%b5%e3%83%9e%e3%83%bc%e3%82%ad%e3%83%83%e3%82%ba%e3%83%91%e3%82%b9%e3%81%ae%e7%99%ba%e5%a3%b2%e3%81%ab%e3%81%a4%e3%81%84%e3%81%a6-3,"[{'text': '岡山電気軌道', 'url': 'https://okayama-kido.co.jp/bus/others/%e3%82%b5%e3%83%9e%e3%83%bc%e3%82%ad%e3%83%83%e3%82%ba%e3%83%91%e3%82%b9%e3%81%ae%e7%99%ba%e5%a3%b2%e3%81%ab%e3%81%a4%e3%81%84%e3%81%a6-3'}]",,https://www2s.biglobe.ne.jp/~t_aoyagi/railway/free/okaden94.htm,okaden94.htm,32,2026-08-10 01:30:50.424840+00:00,サマーキッズパス,,,,https://www2s.biglobe.ne.jp/~t_aoyagi/railway/free/okaden94.htm
mizushima01,1日乗り放題乗車券,,[],0,FALSE,tyugoku,中国,中国地方,['中国'],tunen,通年発売タイプ,全年发售,['デジタル'],FALSE,TRUE,on_sale,発売中,,,800,400,400,大人：800円 小人：400円,１日,1,通年,通年,,['https://www2s.biglobe.ne.jp/~t_aoyagi/railway/free/map/mizushima.gif'],,[],0,ジョルダン,水島臨海鉄道：086-446-0931 (平日8:30〜17:30),,https://www.mizurin.co.jp/info_detail/index/392.html,"[{'text': '水島臨海鉄道', 'url': 'https://www.mizurin.co.jp/info_detail/index/392.html'}]",,https://www2s.biglobe.ne.jp/~t_aoyagi/railway/free/mizushima01.htm,mizushima01.htm,33,2026-08-10 01:30:50.424840+00:00,1日乗り放題乗車券,,,,https://www2s.biglobe.ne.jp/~t_aoyagi/railway/free/mizushima01.htm
ibara12,スーパーホリデーパス,,[],0,FALSE,tyugoku,中国,中国地方,['中国'],holiday,週末限定タイプ,周末限定,['実券' 'デジタル'],TRUE,TRUE,period,〜2027/3/31,,2027/3/31,1700,850,850,"大人：1,700円 小人：850円",１日,1,2026年4月1日〜2027年3月31日,"2026年4月1日〜2027年3月31日の土日祝日 
 2026年4月25日〜2026年5月6日 
 2026年8月8日〜2026年8月16日 
 2026年12月26日〜2027年1月3日",,['https://www2s.biglobe.ne.jp/~t_aoyagi/railway/free/map/ibara.gif'],,['総社－清音間のＪＲ電車には乗車できない。'],1,"清音,矢掛,井原,神辺,吉備真備[太田文具],列車内 
 RYDE PASS",井原駅 TEL:0866-62-6669,,https://www.ibara-railway.co.jp/fare/super-holiday/,"[{'text': '井原鉄道', 'url': 'https://www.ibara-railway.co.jp/fare/super-holiday/'}
 {'text': 'RYDE PASS', 'url': 'https://pass.ryde-go.com/products/G93P5JSQEL35'}]",,https://www2s.biglobe.ne.jp/~t_aoyagi/railway/free/ibara12.htm,ibara12.htm,34,2026-08-10 01:30:50.424840+00:00,スーパーホリデーパス,,,,https://www2s.biglobe.ne.jp/~t_aoyagi/railway/free/ibara12.htm
ibara91,井原線１日乗り放題切符,,[],0,FALSE,tyugoku,中国,中国地方,['中国'],kikan,期間限定タイプ,期间限定,['実券'],TRUE,FALSE,ended,終了,,,500,300,300,大人：500円 小人：300円,１日,1,2025年12月20日〜2026年1月11日,2026年1月11日,,['https://www2s.biglobe.ne.jp/~t_aoyagi/railway/free/map/ibara.gif'],,['総社－清音間のＪＲ電車には乗車できない。'],1,"清音,矢掛,井原,神辺 
 太田文具店(吉備真備駅)",井原駅 TEL:0866-62-6669,,https://www.ibara-railway.co.jp/wp-content/uploads/2025/12/f2c7b7df7e7c6f425cd3a1dde0ebd0cf.pdf,"[{'text': '井原鉄道', 'url': 'https://www.ibara-railway.co.jp/wp-content/uploads/2025/12/f2c7b7df7e7c6f425cd3a1dde0ebd0cf.pdf'}]",,https://www2s.biglobe.ne.jp/~t_aoyagi/railway/free/ibara91.htm,ibara91.htm,35,2026-08-10 01:30:50.424840+00:00,井原線１日乗り放題切符,,,,https://www2s.biglobe.ne.jp/~t_aoyagi/railway/free/ibara91.htm
astrum01,一日乗車券,,[],0,FALSE,tyugoku,中国,中国地方,['中国'],tunen,通年発売タイプ,全年发售,['実券'],TRUE,FALSE,on_sale,発売中,,,900,450,450,大人：900円／小人：450円,１日,1,通年,通年,,['https://www2s.biglobe.ne.jp/~t_aoyagi/railway/free/map/astrum.gif'],,[],0,アストラムライン各駅,広島高速交通(アストラムライン) TEL:082-830-3115,,http://www.astramline.co.jp/card.html#one day,"[{'text': '広島高速交通', 'url': 'http://www.astramline.co.jp/card.html#one day'}]",,https://www2s.biglobe.ne.jp/~t_aoyagi/railway/free/astrum01.htm,astrum01.htm,36,2026-08-10 01:30:50.424840+00:00,一日乗車券,,,,https://www2s.biglobe.ne.jp/~t_aoyagi/railway/free/astrum01.htm
astrum11,サンフレッチェ応援乗車券,,[],0,FALSE,tyugoku,中国,中国地方,['中国'],kikan,期間限定タイプ,期间限定,['実券'],TRUE,FALSE,unknown,公式戦開催日,,,630,320,320,大人：630円／小人：320円,１日,1,"広島広域公園陸上競技場で開催されるサンフレッチェ広島及びサンフレッチェレジーナの公式戦当日 
 
キックオフの４時間前〜キックオフ時刻まで",サンフレッチェ戦試合開催日,,['https://www2s.biglobe.ne.jp/~t_aoyagi/railway/free/map/astrum.gif'],,[],0,アストラムライン各駅自動販売機,広島高速交通(アストラムライン) TEL:082-830-3115,,https://www.astramline.co.jp/ride-guidance/ticket.html#link03,"[{'text': '広島高速交通', 'url': 'https://www.astramline.co.jp/ride-guidance/ticket.html#link03'}]",,https://www2s.biglobe.ne.jp/~t_aoyagi/railway/free/astrum11.htm,astrum11.htm,37,2026-08-10 01:30:50.424840+00:00,サンフレッチェ応援乗車券,,,,https://www2s.biglobe.ne.jp/~t_aoyagi/railway/free/astrum11.htm
hiroden01,電車一日乗車券,,[],0,FALSE,tyugoku,中国,中国地方,['中国'],tunen,通年発売タイプ,全年发售,['実券'],TRUE,FALSE,on_sale,発売中,,,700,350,350,大人：700円／小人：350円,１日,1,通年,通年,,['https://www2s.biglobe.ne.jp/~t_aoyagi/railway/free/map/hiroshima01.gif'],,[],0,"電車車内乗務員（運転士・車掌） 
 広島駅電車案内所（路面電車のりば） 
 電車定期券窓口、広島市内主要ホテルなど",広島電鉄 TEL:082-243-4848,,http://www.hiroden.co.jp/ticket-pass/bargain-tickets/oneday.html,"[{'text': '広島電鉄', 'url': 'http://www.hiroden.co.jp/ticket-pass/bargain-tickets/oneday.html'}]",,https://www2s.biglobe.ne.jp/~t_aoyagi/railway/free/hiroden01.htm,hiroden01.htm,38,2026-08-10 01:30:50.424840+00:00,電車一日乗車券,,,,https://www2s.biglobe.ne.jp/~t_aoyagi/railway/free/hiroden01.htm
hiroden03,広電電車乗車券,,[],0,FALSE,tyugoku,中国,中国地方,['中国'],tunen,通年発売タイプ,全年发售,['デジタル'],FALSE,TRUE,on_sale,発売中,,,600,300,300,"8時間券 大人：600円／小人：300円 
 24時間券 大人：700円／小人：350円","8時間券：使用開始より8時間 
 24時間券：使用開始より24時間",1,通年,通年,,['https://www2s.biglobe.ne.jp/~t_aoyagi/railway/free/map/hiroshima01.gif'],,[],0,MOBIRY TRAVEL,広島電鉄 TEL:082-243-4848,,https://www.mobirytravel.jp/ticket/3f4008_6ds0/,"[{'text': 'MOBIRY TRAVEL', 'url': 'https://www.mobirytravel.jp/ticket/3f4008_6ds0/'}]",,https://www2s.biglobe.ne.jp/~t_aoyagi/railway/free/hiroden03.htm,hiroden03.htm,39,2026-08-10 01:30:50.424840+00:00,広電電車乗車券(デジタルチケット),,,,https://www2s.biglobe.ne.jp/~t_aoyagi/railway/free/hiroden03.htm
hiroden02,一日乗車乗船券,,[],0,FALSE,tyugoku,中国,中国地方,['中国'],tunen,通年発売タイプ,全年发售,['実券'],TRUE,FALSE,on_sale,発売中,,,1000,550,550,"大人：1,000円／小人：550円",１日,1,通年,通年,,['https://www2s.biglobe.ne.jp/~t_aoyagi/railway/free/map/hiroshima02.gif'],,['宮島口－宮島間の航路は宮島松大観光船のみ利用可能'],1,"電車車内乗務員（運転士・車掌） 
 広島駅電車案内所（路面電車のりば） 
 電車定期券窓口、広島市内主要ホテルなど",広島電鉄 TEL:082-243-4848,,http://www.hiroden.co.jp/ticket-pass/bargain-tickets/oneday.html,"[{'text': '広島電鉄', 'url': 'http://www.hiroden.co.jp/ticket-pass/bargain-tickets/oneday.html'}]",,https://www2s.biglobe.ne.jp/~t_aoyagi/railway/free/hiroden02.htm,hiroden02.htm,40,2026-08-10 01:30:50.424840+00:00,一日乗車乗船券,,,,https://www2s.biglobe.ne.jp/~t_aoyagi/railway/free/hiroden02.htm
hiroden04,広電電車乗車乗船券,,[],0,FALSE,tyugoku,中国,中国地方,['中国'],tunen,通年発売タイプ,全年发售,['デジタル'],FALSE,TRUE,on_sale,発売中,,,1000,550,550,"大人：1,000円／小人：550円",使用開始より24時間,1,通年,通年,,['https://www2s.biglobe.ne.jp/~t_aoyagi/railway/free/map/hiroshima02.gif'],,[],0,MOBIRY TRAVEL,広島電鉄 TEL:082-243-4848,,https://www.mobirytravel.jp/ticket/iqiksgeq1/,"[{'text': 'MOBIRY TRAVEL', 'url': 'https://www.mobirytravel.jp/ticket/iqiksgeq1/'}]",,https://www2s.biglobe.ne.jp/~t_aoyagi/railway/free/hiroden04.htm,hiroden04.htm,41,2026-08-10 01:30:50.424840+00:00,広電電車乗車乗船券(デジタルチケット),,,,https://www2s.biglobe.ne.jp/~t_aoyagi/railway/free/hiroden04.htm
hiroshima01,広島たびパス(紙チケット),,[],0,FALSE,tyugoku,中国,中国地方,['中国'],tunen,通年発売タイプ,全年发售,['実券'],TRUE,FALSE,on_sale,発売中,,,1000,,1000,"1dayパス：大人：1,000円 
 2dayパス：大人：1,500円 
 3dayパス：大人：2,000円","1dayパス：１日 
 2dayパス：２日 
 3dayパス：３日",1,通年,通年,,['https://www2s.biglobe.ne.jp/~t_aoyagi/railway/free/map/hiroshima11.gif'],,"['【対象外バス路線】 ' '高速バス,広島空港リムジンバス,深夜バス,コミュニティバス,イベント輸送バス,定期観光バス']",2,"広島駅南口交通案内所 
 JR広島駅新幹線口1階 バスきっぷ売り場(交通案内所) 
 
広島バスセンター 
 広島電鉄：定期券うりば,宮島口営業センター 
 広島バス：トラベルセンター,大州営業所 
 ホテルニューヒロデン 
 ひろでん中国新聞旅行",●広電電車バステレホンセンター TEL:0570-550700,,https://www.hiroden.co.jp/ticket-pass/bargain-tickets/travel.html,"[{'text': '広島電鉄', 'url': 'https://www.hiroden.co.jp/ticket-pass/bargain-tickets/travel.html'}]",,https://www2s.biglobe.ne.jp/~t_aoyagi/railway/free/hiroshima01.htm,hiroshima01.htm,42,2026-08-10 01:30:50.424840+00:00,広島たびパス,,,,https://www2s.biglobe.ne.jp/~t_aoyagi/railway/free/hiroshima01.htm
hiroshima02,広島たびパス(デジタルチケット),,[],0,FALSE,tyugoku,中国,中国地方,['中国'],tunen,通年発売タイプ,全年发售,['デジタル'],FALSE,TRUE,on_sale,発売中,,,1000,,1000,"24時間券：大人：1,000円 
 48時間券：大人：1,500円 
 72時間券：大人：2,000円","24時間券：使用開始より24時間 
 48時間券：使用開始より48時間 
 72時間券：使用開始より72時間",1,通年,通年,,['https://www2s.biglobe.ne.jp/~t_aoyagi/railway/free/map/hiroshima11.gif'],,"['宮島を訪問する場合、宮島訪問税（100円）の支払いが必要'
 '【対象外バス路線】 高速バス,広島空港リムジンバス,深夜バス,コミュニティバス,イベント輸送バス,定期観光バス']",2,MOBIRYデジタルチケットサービス,●広電電車バステレホンセンター TEL:0570-550700,,https://www.hiroden.co.jp/ticket-pass/bargain-tickets/travel.html,"[{'text': '広島電鉄', 'url': 'https://www.hiroden.co.jp/ticket-pass/bargain-tickets/travel.html'}
 {'text': 'デジタルチケットサービスMOBIRY', 'url': 'https://www.mobirytravel.jp/ticket/1vf0m4hys4/'}]",,https://www2s.biglobe.ne.jp/~t_aoyagi/railway/free/hiroshima02.htm,hiroshima02.htm,43,2026-08-10 01:30:50.424840+00:00,広島たびパス(デジタルチケット),,,,https://www2s.biglobe.ne.jp/~t_aoyagi/railway/free/hiroshima02.htm
hiroshima08,広島たびパス(ミドルエリア),,[],0,FALSE,tyugoku,中国,中国地方,['中国'],tunen,通年発売タイプ,全年发售,['デジタル'],FALSE,TRUE,on_sale,発売中,,,4500,,4500,"大人：4,500円",３日間,3,通年,通年,"郊外バス 呉、竹原、三原、三次、庄原、東広島、岩国エリアの一部路線バス 
 高速バス 三段峡線(高速),クレアライン,かぐや姫号(広島〜竹原),三次庄原線,広島〜岩国線 
 
※対象路線の内、2回乗車が可能 
 対象路線詳細",['https://www2s.biglobe.ne.jp/~t_aoyagi/railway/free/map/hiroshima11.gif'],,"['【対象外バス路線】 高速バス,広島空港リムジンバス,深夜バス,コミュニティバス,イベント輸送バス,定期観光バス'
 '宮島訪問税は含まれていない。']",2,"広島駅南口交通案内所 
 JR広島駅新幹線口1階 バスきっぷ売り場(交通案内所) 
 
広島バスセンター 
 広島電鉄：定期券うりば,宮島口営業センター 
 広島バス：トラベルセンター,大州営業所 
 ホテルニューヒロデン 
 ひろでん中国新聞旅行 
 
 MOBIRY TRAVE",●広電電車バステレホンセンター TEL:0570-550700,,https://www.hiroden.co.jp/ticket-pass/bargain-tickets/travel.html,"[{'text': '広島電鉄', 'url': 'https://www.hiroden.co.jp/ticket-pass/bargain-tickets/travel.html'}]",,https://www2s.biglobe.ne.jp/~t_aoyagi/railway/free/hiroshima08.htm,hiroshima08.htm,44,2026-08-10 01:30:50.424840+00:00,広島たびパス(ミドルエリア),,,,https://www2s.biglobe.ne.jp/~t_aoyagi/railway/free/hiroshima08.htm
hiroden07,デジタルシティパス,,[],0,FALSE,tyugoku,中国,中国地方,['中国'],tunen,通年発売タイプ,全年发售,['デジタル'],FALSE,TRUE,on_sale,発売中,,,440,220,220,大人：440円／小人：220円,１日,1,通年,"平日：10:00〜16:00 
 土日祝日：利用開始時から6時間",,['https://www2s.biglobe.ne.jp/~t_aoyagi/railway/free/map/hiroshima07.gif'],,[],0,デジタルチケットサービスMOBIRY,広島電鉄 TEL:082-243-4848,,https://www.hiroden.co.jp/ticket-pass/bargain-tickets/digitalcitypass.html,"[{'text': '広島電鉄', 'url': 'https://www.hiroden.co.jp/ticket-pass/bargain-tickets/digitalcitypass.html'}
 {'text': 'デジタルチケットサービスMOBIRY', 'url': 'https://www.mobirytravel.jp/ticket/qjsq52cxa_pr/'}]",,https://www2s.biglobe.ne.jp/~t_aoyagi/railway/free/hiroden07.htm,hiroden07.htm,45,2026-08-10 01:30:50.424840+00:00,デジタルシティパス,,,,https://www2s.biglobe.ne.jp/~t_aoyagi/railway/free/hiroden07.htm
nishikigawa01,１日フリーきっぷ,,[],0,FALSE,tyugoku,中国,中国地方,['中国'],tunen,通年発売タイプ,全年发售,['実券'],TRUE,FALSE,on_sale,発売中,,,2000,,2000,"大人：2,000円",１日,1,発売中,発売中,,['https://www2s.biglobe.ne.jp/~t_aoyagi/railway/free/map/nishikigawa.gif'],,['岩国－川西間は乗車不可。'],1,"錦川駅,錦川清流線列車内",錦川鉄道錦町駅 TEL:0827-72-2002,,http://nishikigawa.com/plan/one-day-free/,"[{'text': '錦川鉄道', 'url': 'http://nishikigawa.com/plan/one-day-free/'}]",,https://www2s.biglobe.ne.jp/~t_aoyagi/railway/free/nishikigawa01.htm,nishikigawa01.htm,46,2026-08-10 01:30:50.424840+00:00,１日フリーきっぷ,,,,https://www2s.biglobe.ne.jp/~t_aoyagi/railway/free/nishikigawa01.htm
jrsikoku01,四国フリーきっぷ,ＪＲ四国,['ＪＲ四国'],1,FALSE,sikoku,四国,四国,['四国'],tunen,通年発売タイプ,全年发售,['実券' 'デジタル'],TRUE,TRUE,on_sale,発売中,,,18000,9000,9000,"大人：18,000円／小人：9,000円",３日,3,通年,通年,,['https://www2s.biglobe.ne.jp/~t_aoyagi/railway/free/map/jrshikoku01.gif'],"在来線特急列車 サンライズ瀬戸号 快速・普通 ＪＲ四国バス 
 グリーン車 ものがたり列車 伊予灘ものがたりのグリーン個室 普通車指定 普通車自由 グリーン ライナー 指定 自由 高速バス 路線バス 
 ▲ ▲ × ▲ ○ × ▲ ▲ ▲ ○ × ○ 
 
 ○：乗車可 ▲：乗車券のみ有効 ×：乗車不可",[],0,"JR四国の駅のみどりの窓口,みどりの券売機プラス 
 JR四国ツアー支店,四国内の主な旅行会社 
 しこくスマートえきちゃん tabiwa しこくるり",ＪＲ四国 TEL:,,https://www.jr-eki.com/ticket/brand/2-3V6,"[{'text': 'ＪＲ四国', 'url': 'https://www.jr-eki.com/ticket/brand/2-3V6'}]",,https://www2s.biglobe.ne.jp/~t_aoyagi/railway/free/jrsikoku01.htm,jrsikoku01.htm,1,2026-08-10 01:30:50.424840+00:00,四国フリーきっぷ,,,,https://www2s.biglobe.ne.jp/~t_aoyagi/railway/free/jrsikoku01.htm
jrsikoku02,四国グリーン紀行,ＪＲ四国,['ＪＲ四国'],1,FALSE,sikoku,四国,四国,['四国'],tunen,通年発売タイプ,全年发售,['実券'],TRUE,FALSE,on_sale,発売中,,,23000,,23000,"大人：23,000円",４日,4,通年,通年,,['https://www2s.biglobe.ne.jp/~t_aoyagi/railway/free/map/jrshikoku02.gif'],"在来線特急列車 サンライズ瀬戸号 快速・普通 ＪＲ四国バス 
 グリーン車 ものがたり列車 伊予灘ものがたりのグリーン個室 普通車指定 普通車自由 グリーン ライナー 指定 自由 高速バス 路線バス 
 ○ ▲ × ○ ○ × ○ ▲ ○ ○ × ○ 
 
 ○：乗車可 ▲：乗車券のみ有効 ×：乗車不可",[],0,"JR四国の駅のみどりの窓口,みどりの券売機プラス,JR四国ツアー支店,四国内の主な旅行会社",ＪＲ四国 TEL:,,https://www.jr-eki.com/ticket/brand/2-3UX,"[{'text': 'ＪＲ四国', 'url': 'https://www.jr-eki.com/ticket/brand/2-3UX'}]",,https://www2s.biglobe.ne.jp/~t_aoyagi/railway/free/jrsikoku02.htm,jrsikoku02.htm,2,2026-08-10 01:30:50.424840+00:00,四国グリーン紀行,,,,https://www2s.biglobe.ne.jp/~t_aoyagi/railway/free/jrsikoku02.htm
jrsikoku11,四万十・宇和海フリーきっぷ,ＪＲ四国,['ＪＲ四国' '土佐くろしお鉄道'],2,TRUE,sikoku,四国,四国,['四国'],tunen,通年発売タイプ,全年发售,['実券' 'デジタル'],TRUE,TRUE,on_sale,発売中,,,4100,2050,2050,"大人：4,100円／小人：2,050円",３日,3,通年,通年,,['https://www2s.biglobe.ne.jp/~t_aoyagi/railway/free/map/jrsikoku11.gif'],"在来線特急列車 サンライズ瀬戸号 快速・普通 ＪＲ四国バス 
 グリーン車 普通車指定 普通車自由 グリーン ライナー 指定 自由 高速バス 路線バス 
 ▲ ▲ ○ × ▲ ▲ ▲ ○ × × 
 
 ○：乗車可 ▲：乗車券のみ有効 ×：乗車不可",[],0,"ＪＲ四国の駅のみどりの窓口,みどりの券売機プラス,ワープ支店及び四国内の主な旅行会社 
 土佐くろしお鉄道の安芸,中村,宿毛駅 
 「 しこくスマートえきちゃん 」",ＪＲ四国 TEL:,,https://www.jr-eki.com/ticket/brand/2-5G4,"[{'text': 'ＪＲ四国', 'url': 'https://www.jr-eki.com/ticket/brand/2-5G4'}
 {'text': '土佐くろしお鉄道', 'url': 'https://www.tosakuro.com/discounts-tickets'}]",,https://www2s.biglobe.ne.jp/~t_aoyagi/railway/free/jrsikoku11.htm,jrsikoku11.htm,3,2026-08-10 01:30:50.424840+00:00,四万十・宇和海フリーきっぷ,,,,https://www2s.biglobe.ne.jp/~t_aoyagi/railway/free/jrsikoku11.htm
jrsikoku08,ことでん・JRくるり〜んきっぷ,ＪＲ四国,['ＪＲ四国' '高松琴平電鉄'],2,TRUE,sikoku,四国,四国,['四国'],tunen,通年発売タイプ,全年发售,['実券' 'デジタル'],TRUE,TRUE,on_sale,発売中,,,2200,1100,1100,"大人：2,200円／小人：1,100円",１日,1,通年,通年,,['https://www2s.biglobe.ne.jp/~t_aoyagi/railway/free/map/jrshikoku08.gif'],"在来線特急列車 サンライズ瀬戸号 快速・普通 ＪＲ四国バス 
 グリーン車 普通車指定 普通車自由 グリーン ライナー 指定 自由 高速バス 路線バス 
 ▲ ▲ ▲ × ▲ ▲ ▲ ○ × × 
 
 ○：乗車可 ▲：乗車券のみ有効 ×：乗車不可",[],0,"ＪＲ四国 
 みどりの窓口,みどりの券売機プラス,JR四国ツアー支店 
 高松琴平電鉄 
 高松築港,瓦町,栗林公園,琴電琴平,長尾,琴電志度 
 四国内の主な旅行会社 
 高松空港インフォメーションセンター 
 チケットアプリ「 しこくスマートえきちゃん 」",ＪＲ四国 TEL:,,http://www.jr-eki.com/ticket/brand/1-5EG,"[{'text': 'ＪＲ四国', 'url': 'http://www.jr-eki.com/ticket/brand/1-5EG'}
 {'text': '高松琴平電鉄', 'url': 'http://www.kotoden.co.jp/publichtm/kotoden/ticket/kururin.htm'}]",,https://www2s.biglobe.ne.jp/~t_aoyagi/railway/free/jrsikoku08.htm,jrsikoku08.htm,4,2026-08-10 01:30:50.424840+00:00,ことでん･ＪＲくるり〜んきっぷ,,,,https://www2s.biglobe.ne.jp/~t_aoyagi/railway/free/jrsikoku08.htm
jrsikoku13,内子・大洲町並散策１日パス,ＪＲ四国,['ＪＲ四国'],1,FALSE,sikoku,四国,四国,['四国'],tunen,通年発売タイプ,全年发售,['実券' 'デジタル'],TRUE,TRUE,on_sale,発売中,,,4000,2000,2000,"大人：4,000円／小人：2,000円",１日,1,通年,通年,,['https://www2s.biglobe.ne.jp/~t_aoyagi/railway/free/map/jrshikoku13.gif'],"在来線特急列車 サンライズ瀬戸号 快速・普通 ＪＲ四国バス 
 グリーン車 ものがたり列車 普通車指定 普通車自由 グリーン ライナー 指定 自由 高速バス 路線バス 
 ▲ ▲ ▲ ○ × ▲ ▲ ▲ ○ × × 
 
 ○：乗車可 ▲：乗車券のみ有効 ×：乗車不可",[],0,"JR四国の駅のみどりの窓口,みどりの券売機プラス,ＪＲ四国ツアー支店,四国内の主な旅行会社 
 
【道後温泉】 
 大和屋本店,道後舘,道後プリンスホテル,道後グランドホテル 
 
【チケットアプリ】 
 「 しこくスマートえきちゃん 」, Klook（クルック）",ＪＲ四国 TEL:,,https://www.jr-eki.com/ticket/brand/1-5FK,"[{'text': 'ＪＲ四国', 'url': 'https://www.jr-eki.com/ticket/brand/1-5FK'}]",,https://www2s.biglobe.ne.jp/~t_aoyagi/railway/free/jrsikoku13.htm,jrsikoku13.htm,5,2026-08-10 01:30:50.424840+00:00,内子・大洲町並散策１日パス,,,,https://www2s.biglobe.ne.jp/~t_aoyagi/railway/free/jrsikoku13.htm
jrsikoku03,週末乗り放題きっぷ,ＪＲ四国,['ＪＲ四国'],1,FALSE,sikoku,四国,四国,['四国'],holiday,週末限定タイプ,周末限定,['実券' 'デジタル'],TRUE,TRUE,on_sale,発売中,,,12000,6000,6000,"大人：12,000円／小人：6,000円",１日,1,通年,"土・日・祝日と12/31,1/2.1/3",,['https://www2s.biglobe.ne.jp/~t_aoyagi/railway/free/map/jrshikoku01.gif'],"在来線特急列車 サンライズ瀬戸号 快速・普通 ＪＲ四国バス 
 グリーン車 ものがたり列車 伊予灘ものがたりのグリーン個室 普通車指定 普通車自由 グリーン ライナー 指定 自由 高速バス 路線バス 
 ▲ ▲ × ▲ ○ × ▲ ▲ ▲ ○ × ○ 
 
 ○：乗車可 ▲：乗車券のみ有効 ×：乗車不可",[],0,"JR四国の駅のみどりの窓口,みどりの券売機プラス 
 JR四国ツアー支店,四国内の主な旅行会社 
 「 しこくスマートえきちゃん 」",ＪＲ四国 TEL:,,https://www.jr-eki.com/ticket/brand/2-3VQ,"[{'text': 'ＪＲ四国', 'url': 'https://www.jr-eki.com/ticket/brand/2-3VQ'}]",,https://www2s.biglobe.ne.jp/~t_aoyagi/railway/free/jrsikoku03.htm,jrsikoku03.htm,6,2026-08-10 01:30:50.424840+00:00,週末乗り放題きっぷ,,,,https://www2s.biglobe.ne.jp/~t_aoyagi/railway/free/jrsikoku03.htm
jrsikoku16,四国再発見早トクきっぷ,ＪＲ四国,['ＪＲ四国'],1,FALSE,sikoku,四国,四国,['四国'],holiday,週末限定タイプ,周末限定,['実券' 'デジタル'],TRUE,TRUE,on_sale,発売中,,,2400,1200,1200,"大人：2,400円／小人：1,200円",1日,1,通年,"土,日,祝日,国民の休日,振替休日",,['https://www2s.biglobe.ne.jp/~t_aoyagi/railway/free/map/jrshikoku01.gif'],"在来線特急列車 サンライズ瀬戸号 快速・普通 ＪＲ四国バス 
 グリーン車 ものがたり列車 伊予灘ものがたりのグリーン個室 普通車指定 普通車自由 グリーン ライナー 指定 自由 高速バス 路線バス 
 × × × × × × × ▲ ▲ ○ × ○ 
 
 ○：乗車可 ▲：乗車券のみ有効 ×：乗車不可",[],0,"JR四国の駅のみどりの窓口,みどりの券売機プラス 
 JR四国ツアー支店,四国内の主な旅行会社 
 「 しこくスマートえきちゃん 」",ＪＲ四国 TEL:,,http://www.jr-eki.com/service_ticket/htm/shikoku/saihakken-re.htm,"[{'text': 'ＪＲ四国', 'url': 'http://www.jr-eki.com/service_ticket/htm/shikoku/saihakken-re.htm'}]",,https://www2s.biglobe.ne.jp/~t_aoyagi/railway/free/jrsikoku16.htm,jrsikoku16.htm,7,2026-08-10 01:30:50.424840+00:00,四国再発見早トクきっぷ,,,,https://www2s.biglobe.ne.jp/~t_aoyagi/railway/free/jrsikoku16.htm
jrsikoku06,バースデイきっぷ,ＪＲ四国,['ＪＲ四国'],1,FALSE,sikoku,四国,四国,['四国'],kikan,期間限定タイプ,期间限定,['実券'],TRUE,FALSE,period,〜2027/3/31,,2027/3/31,12000,6000,6000,"グリーン車用 大人：15,000円 
 
自由席用 大人：12,000円／小人：6,000円",３日間,3,〜2027年3月31日,〜2027年4月2日,,['https://www2s.biglobe.ne.jp/~t_aoyagi/railway/free/map/jrshikoku02.gif'],"券種 在来線特急列車 サンライズ瀬戸号 快速・普通 ＪＲ四国バス 
 グリーン車 ものがたり列車 普通車指定 普通車自由 グリーン車 ライナー 指定 自由 高速バス 路線バス 
 グリーン車用 ○ ▲ ○ ○ × ○ ▲ ○ ○ × ○ 
 自由席用 ▲ ▲ ▲ ○ × ▲ ▲ ▲ ○ × ○ 
 
 ○：乗車可 ▲：乗車券のみ有効 ×：乗車不可","['誕生月に利用可能。' '購入時に誕生日が証明できる身分証明書が必要。'
 '同行者は３名迄利用可能。「ご本人様用」の利用者と同一行程の利用に限る。']",3,"JR四国の駅のみどりの窓口,みどりの券売機プラス 
 ＪＲ四国ツアー支店,四国内の主な旅行会社",ＪＲ四国 TEL:,,https://www.jr-eki.com/ticket/brand/2-3WM,"[{'text': 'ＪＲ四国', 'url': 'https://www.jr-eki.com/ticket/brand/2-3WM'}
 {'text': 'ＪＲ四国', 'url': 'https://www.jr-eki.com/ticket/brand/2-3WN'}]",,https://www2s.biglobe.ne.jp/~t_aoyagi/railway/free/jrsikoku06.htm,jrsikoku06.htm,8,2026-08-10 01:30:50.424840+00:00,バースディきっぷ,,,,https://www2s.biglobe.ne.jp/~t_aoyagi/railway/free/jrsikoku06.htm
jrsikoku87,徳島・室戸・高知55フリーきっぷ,ＪＲ四国,['ＪＲ四国' '土佐くろしお鉄道'],2,TRUE,sikoku,四国,四国,['四国'],kikan,期間限定タイプ,期间限定,['実券' 'デジタル'],TRUE,TRUE,period,〜2027/3/31,,2027/3/31,5800,2900,2900,"大人：5,800円／小人：2,900円",３日間,3,〜2027年3月31日,〜2027年4月2日,,['https://www2s.biglobe.ne.jp/~t_aoyagi/railway/free/map/jrshikoku87.gif'],"在来線特急列車 サンライズ瀬戸号 快速・普通 ＪＲ四国バス 
 グリーン車 普通車指定 普通車自由 グリーン ライナー 指定 自由 高速バス 路線バス 
 ▲ ▲ ○ × ▲ ▲ ▲ ○ × × 
 
 ○：乗車可 ▲：乗車券のみ有効 ×：乗車不可",['DMVは座席の事前予約はできない。' 'DMVの土日祝日運行の室戸便は利用できない。'],2,"JR四国の駅のみどりの窓口,みどりの券売機プラス 
 ＪＲ四国ツアー支店,四国内の主な旅行会社 
 
阿佐海岸鉄道：宍喰駅 
 土佐くろしお鉄道：のいち駅,安芸駅 
 奈半利駅物産館「無花果」 
 高知龍馬空港総合案内所 
 「 しこくスマートえきちゃん 」",ＪＲ四国電話案内センター TEL:0570-00-4592,,https://www.jr-eki.com/ticket/brand/2-5HA,"[{'text': 'ＪＲ四国', 'url': 'https://www.jr-eki.com/ticket/brand/2-5HA'}]",,https://www2s.biglobe.ne.jp/~t_aoyagi/railway/free/jrsikoku87.htm,jrsikoku87.htm,9,2026-08-10 01:30:50.424840+00:00,徳島・室戸・高知55フリーきっぷ,,,,https://www2s.biglobe.ne.jp/~t_aoyagi/railway/free/jrsikoku87.htm
jrsikoku81,スマえき若者限定四国フリーきっぷ,ＪＲ四国,['ＪＲ四国'],1,FALSE,sikoku,四国,四国,['四国'],kikan,期間限定タイプ,期间限定,['デジタル'],FALSE,TRUE,period,2026/6/18  〜9/11,2026/6/18,2026/9/11,,,12000,"12,000円",３日間,3,"2026年2月21日〜2026年4月8日 
 2026年6月18日〜2026年9月11日 
 2026年11月11日〜2027年1月9日","2026年3月1日〜2026年4月10日 
 2026年7月18日〜2026年9月13日 
 2026年8月7日〜2026年8月16日を除く 
 2026年12月11日〜2027年1月11日 
 2026年12月23日〜2027年1月4日を除く",,['https://www2s.biglobe.ne.jp/~t_aoyagi/railway/free/map/jrshikoku01.gif'],"在来線特急列車 サンライズ瀬戸号 快速・普通 ＪＲ四国バス 
 グリーン車 普通車指定 普通車自由 グリーン ライナー 指定 自由 高速バス 路線バス 
 ▲ ▲ ○ × ▲ ▲ ▲ ○ × ○ 
 
 ○：乗車可 ▲：乗車券のみ有効 ×：乗車不可",['購入時に満25歳以下で、生年月日を確認できる公的証明書(学生証等)が必要。' '乗車時は年齢を確認できる公的証明書を携帯のこと。'],2,しこくスマートえきちゃん,ＪＲ四国 TEL:,,https://www.jr-eki.com/ticket/brand/2-3XF,"[{'text': 'ＪＲ四国', 'url': 'https://www.jr-eki.com/ticket/brand/2-3XF'}]",,https://www2s.biglobe.ne.jp/~t_aoyagi/railway/free/jrsikoku81.htm,jrsikoku81.htm,10,2026-08-10 01:30:50.424840+00:00,スマえき若者限定四国フリーきっぷ,,,,https://www2s.biglobe.ne.jp/~t_aoyagi/railway/free/jrsikoku81.htm
tosakuro92,ひがしこうち観光１日フリーきっぷ,ＪＲ四国,['ＪＲ四国' '土佐くろしお鉄道'],2,TRUE,sikoku,四国,四国,['四国'],kikan,期間限定タイプ,期间限定,['実券' 'デジタル'],TRUE,TRUE,period,〜2027/3/31,,2027/3/31,2900,1450,1450,"大人：2,900円 小人：1,450円",1日,1,〜2027年3月31日,〜2027年3月31日,,['https://www2s.biglobe.ne.jp/~t_aoyagi/railway/free/map/tosakuro92.gif'],,[],0,"土佐くろしお鉄道：安芸,のいち,奈半利駅物産館無花果,車掌, オンラインストア 
 
ＪＲ四国：駅のみどりの窓口,みどりの券売機プラス,ＪＲ四国ツアー支店 
 「 しこくスマートえきちゃん 」 
 高知観光情報発信館とさてらす",土佐くろしお鉄道・安芸駅 TEL:0887-34-8800,,https://www.tosakuro.com/discounts-tickets,"[{'text': '土佐くろしお鉄道', 'url': 'https://www.tosakuro.com/discounts-tickets'}
 {'text': 'JR四国', 'url': 'https://www.jr-eki.com/ticket/brand/2-5I5'}]",,https://www2s.biglobe.ne.jp/~t_aoyagi/railway/free/tosakuro92.htm,tosakuro92.htm,11,2026-08-10 01:30:50.424840+00:00,ひがしこうち観光1日フリーきっぷ,,,,https://www2s.biglobe.ne.jp/~t_aoyagi/railway/free/tosakuro92.htm
jrsikoku67,やなせたかしさんふるさとの地を巡る高知ものべ周遊パス,ＪＲ四国,['ＪＲ四国' '土佐くろしお鉄道'],2,TRUE,sikoku,四国,四国,['四国'],kikan,期間限定タイプ,期间限定,['実券' 'デジタル'],TRUE,TRUE,period,2026/3/1  〜2027/3/31,2026/3/1,2027/3/31,2000,1000,1000,"大人：2,000円 小人：1,000円",1日間,1,2026年3月1日〜2027年3月31日,2026年4月1日〜2027年3月31日,,['https://www2s.biglobe.ne.jp/~t_aoyagi/railway/free/map/jrshikoku67.gif'],"在来線特急列車 サンライズ瀬戸号 快速・普通 ＪＲ四国バス 
 グリーン車 普通車指定 普通車自由 グリーン ライナー 指定 自由 高速バス 路線バス 
 ▲ ▲ ▲ × ▲ ▲ ▲ ○ × ○ 
 
 ○：乗車可 ▲：乗車券のみ有効 ×：乗車不可",[],0,"ＪＲ四国の駅のみどりの窓口,みどりの券売機プラス 
 ＪＲ四国ツアー支店 
 「 しこくスマートえきちゃん 」 
 四国内の主な旅行会社",ＪＲ四国電話案内センター TEL:0570-00-4592,,https://www.jr-eki.com/ticket/brand/2-5IM,"[{'text': 'ＪＲ四国', 'url': 'https://www.jr-eki.com/ticket/brand/2-5IM'}
 {'text': '土佐くろしお鉄道', 'url': 'https://www.tosakuro.com/discounts-tickets'}]",,https://www2s.biglobe.ne.jp/~t_aoyagi/railway/free/jrsikoku67.htm,jrsikoku67.htm,12,2026-08-10 01:30:50.424840+00:00,やなせたかしさんふるさとの地を巡る高知ものべ周遊パス,,,,https://www2s.biglobe.ne.jp/~t_aoyagi/railway/free/jrsikoku67.htm
jrsikoku101,しこく超ドリームパス（愛称：Cho Pass）,ＪＲ四国,['ＪＲ四国'],1,FALSE,sikoku,四国,四国,['四国'],kikan,期間限定タイプ,期间限定,['デジタル'],FALSE,TRUE,ended,終了,,,100000,,100000,"大人：100,000円／小人：---円",連続した1ヶ月間,,2025年9月1日〜2025年10月31日,2025年10月1日〜2025年11月30日,,['https://www2s.biglobe.ne.jp/~t_aoyagi/railway/free/map/jrshikoku93.gif'],"在来線特急列車 サンライズ瀬戸号 快速・普通 ＪＲ四国バス 
 グリーン車 ものがたり列車 伊予灘ものがたりのグリーン個室 普通車指定 普通車自由 グリーン ライナー 指定 自由 高速バス 路線バス 
 ▲ ▲ × ▲ ○ × ▲ ▲ ▲ ○ × ○ 
 
 ○：乗車可 ▲：乗車券のみ有効 ×：乗車不可",[],0,「 しこくスマートえきちゃん 」,ＪＲ四国 TEL:,,https://www.jr-eki.com/ticket/brand/2-5J6,"[{'text': 'ＪＲ四国', 'url': 'https://www.jr-eki.com/ticket/brand/2-5J6'}]",,https://www2s.biglobe.ne.jp/~t_aoyagi/railway/free/jrsikoku101.htm,jrsikoku101.htm,13,2026-08-10 01:30:50.424840+00:00,しこく超ドリームパス（愛称：Cho Pass）,,,,https://www2s.biglobe.ne.jp/~t_aoyagi/railway/free/jrsikoku101.htm
jrsikoku66,こども四国フリーきっぷ,ＪＲ四国,['ＪＲ四国'],1,FALSE,sikoku,四国,四国,['四国'],kikan,期間限定タイプ,期间限定,['実券'],TRUE,FALSE,period,2026/7/4  〜8/31,2026/7/4,2026/8/31,12000,500,500,"大人：12,000円／小人：500円",１日間,1,"2026年3月6日〜2026年4月6日 
 2026年7月4日〜2026年8月31日 
 利用日の14日前から当日までの発売","2026年3月20日〜2026年4月6日 
 2026年7月18日〜2026年8月31日 
 2026年8月7日〜2026年8月16日を除く",,['https://www2s.biglobe.ne.jp/~t_aoyagi/railway/free/map/jrshikoku01.gif'],"在来線特急列車 サンライズ瀬戸号 快速・普通 ＪＲ四国バス 
 グリーン車 普通車指定 普通車自由 グリーン ライナー 指定 自由 高速バス 路線バス 
 ▲ ▲ ○ × ▲ ▲ ▲ ○ × ○ 
 
 ○：乗車可 ▲：乗車券のみ有効 ×：乗車不可",['大人用はこども用と全行程同一で旅行する場合に限り有効'],1,"ＪＲ四国の主な駅 
 ＪＲ四国の駅のみどりの券売機プラス,指定席券売機,みどりの窓口,ＪＲ四国ツアー支店及び四国内の主な旅行会社",ＪＲ四国 TEL:,,https://www.jr-eki.com/ticket/brand/2-5IW,"[{'text': 'ＪＲ四国', 'url': 'https://www.jr-eki.com/ticket/brand/2-5IW'}]",,https://www2s.biglobe.ne.jp/~t_aoyagi/railway/free/jrsikoku66.htm,jrsikoku66.htm,14,2026-08-10 01:30:50.424840+00:00,こども四国フリーきっぷ,,,,https://www2s.biglobe.ne.jp/~t_aoyagi/railway/free/jrsikoku66.htm
jrsikoku65,香川エリアぐるぐるきっぷ,ＪＲ四国,['ＪＲ四国'],1,FALSE,sikoku,四国,四国,['四国'],kikan,期間限定タイプ,期间限定,['実券'],TRUE,FALSE,ended,終了,,,2000,,2000,"大人：2,000円",１日間,1,2025年8月16日〜2025年8月17日,2025年8月16日〜2025年8月31日,,['https://www2s.biglobe.ne.jp/~t_aoyagi/railway/free/map/jrshikoku84.gif'],"在来線特急列車 サンライズ瀬戸号 快速・普通 ＪＲ四国バス 
 グリーン車 普通車指定 普通車自由 グリーン ライナー 指定 自由 高速バス 路線バス 
 ▲ ▲ ▲ × ▲ ▲ ▲ ○ × × 
 
 ○：乗車可 ▲：乗車券のみ有効 ×：乗車不可",[],0,高松駅コンコース内特設コーナー,ＪＲ四国 TEL:,,https://www.jr-shikoku.co.jp/03_news/press/assets/2025/08/07/2025%2008%2007.pdf,"[{'text': 'ＪＲ四国', 'url': 'https://www.jr-shikoku.co.jp/03_news/press/assets/2025/08/07/2025%2008%2007.pdf'}]",,https://www2s.biglobe.ne.jp/~t_aoyagi/railway/free/jrsikoku65.htm,jrsikoku65.htm,15,2026-08-10 01:30:50.424840+00:00,香川エリアぐるぐるきっぷ,"5,000枚",,,https://www2s.biglobe.ne.jp/~t_aoyagi/railway/free/jrsikoku65.htm
kotoden01,ことでん１日フリーきっぷ,高松琴平電鉄,['高松琴平電鉄'],1,FALSE,sikoku,四国,四国,['四国'],tunen,通年発売タイプ,全年发售,['実券'],TRUE,FALSE,on_sale,発売中,,,1600,800,800,"大人：1,600円／小人：800円",１日,1,通年,通年,,['https://www2s.biglobe.ne.jp/~t_aoyagi/railway/free/map/kotoden.gif'],,[],0,"高松築港,片原町,瓦町,栗林公園,伏石,太田,仏生山,一宮,滝宮,琴電琴平,高田,長尾,八栗,琴電志度",高松琴平電気鉄道・運輸サービス部：087-863-7300,,https://www.kotoden.co.jp/publichtm/kotoden/ticket/free_ticket2019/index.html,"[{'text': '高松琴平電鉄', 'url': 'https://www.kotoden.co.jp/publichtm/kotoden/ticket/free_ticket2019/index.html'}]",,https://www2s.biglobe.ne.jp/~t_aoyagi/railway/free/kotoden01.htm,kotoden01.htm,16,2026-08-10 01:30:50.424840+00:00,ことでん１日フリーきっぷ,,,,https://www2s.biglobe.ne.jp/~t_aoyagi/railway/free/kotoden01.htm
kotoden03,ことでんおんせん乗車入浴券,高松琴平電鉄,['高松琴平電鉄'],1,FALSE,sikoku,四国,四国,['四国'],tunen,通年発売タイプ,全年发售,['実券'],TRUE,FALSE,on_sale,発売中,,,1300,,1300,"大人：1,300円",１日,1,通年,通年,,['https://www2s.biglobe.ne.jp/~t_aoyagi/railway/free/map/kotoden03.gif'],,[],0,"高松築港,片原町,瓦町,栗林公園,伏石,仏生山",高松琴平電気鉄道・運輸サービス部：087-863-7300,,https://www.kotoden.co.jp/publichtm/kotoden/ticket/kotoden_onsen/index.html,"[{'text': '高松琴平電鉄', 'url': 'https://www.kotoden.co.jp/publichtm/kotoden/ticket/kotoden_onsen/index.html'}]",,https://www2s.biglobe.ne.jp/~t_aoyagi/railway/free/kotoden03.htm,kotoden03.htm,17,2026-08-10 01:30:50.424840+00:00,ことでんおんせん乗車入浴券,,,,https://www2s.biglobe.ne.jp/~t_aoyagi/railway/free/kotoden03.htm
kotoden04,レール＆リムジンパス,高松琴平電鉄,['高松琴平電鉄'],1,FALSE,sikoku,四国,四国,['四国'],tunen,通年発売タイプ,全年发售,['実券'],TRUE,FALSE,on_sale,発売中,,,3800,,3800,"大人：3,800円",１日×2枚,1,通年,通年,,['https://www2s.biglobe.ne.jp/~t_aoyagi/railway/free/map/kotoden.gif'],,[],0,高松空港1階国内線到着ロビー・バス券売機,高松琴平電気鉄道・運輸サービス部：087-863-7300,,https://www.kotoden.co.jp/publichtm/kotoden/new/2023/rail_limousines/index.html,"[{'text': '高松琴平電鉄', 'url': 'https://www.kotoden.co.jp/publichtm/kotoden/new/2023/rail_limousines/index.html'}]",,https://www2s.biglobe.ne.jp/~t_aoyagi/railway/free/kotoden04.htm,kotoden04.htm,19,2026-08-10 01:30:50.424840+00:00,レール＆リムジンパス,,,,https://www2s.biglobe.ne.jp/~t_aoyagi/railway/free/kotoden04.htm
kotoden09,レール＆リムジンデジタルパス,高松琴平電鉄,['高松琴平電鉄'],1,FALSE,sikoku,四国,四国,['四国'],tunen,通年発売タイプ,全年发售,['デジタル'],FALSE,TRUE,on_sale,発売中,,,1700,850,850,"大人：1,700円／小人：850円","高松空港リムジンバス：1回 
 
ことでん電車：利用開始から24時間",1,通年,通年,,['https://www2s.biglobe.ne.jp/~t_aoyagi/railway/free/map/kotoden.gif'],,[],0,QUICK TRIP,高松琴平電気鉄道・運輸サービス部：087-863-7300,,https://www.kotoden.co.jp/publichtm/kotoden/ticket/digital_ticket/index.html,"[{'text': '高松琴平電鉄', 'url': 'https://www.kotoden.co.jp/publichtm/kotoden/ticket/digital_ticket/index.html'}]",,https://www2s.biglobe.ne.jp/~t_aoyagi/railway/free/kotoden09.htm,kotoden09.htm,20,2026-08-10 01:30:50.424840+00:00,レール＆リムジンデジタルパス,,,,https://www2s.biglobe.ne.jp/~t_aoyagi/railway/free/kotoden09.htm
kotoden05,ことでん×NEWレオマワールドセットきっぷ,高松琴平電鉄,['高松琴平電鉄'],1,FALSE,sikoku,四国,四国,['四国'],tunen,通年発売タイプ,全年发售,['実券'],TRUE,FALSE,on_sale,発売中,,,3800,2300,2300,"大人：3,800円 
 
学生：2,800円 
 
小人：2,300円",１日,1,通年,通年,,['https://www2s.biglobe.ne.jp/~t_aoyagi/railway/free/map/kotoden.gif'],,[],0,ことでん全有人駅,高松琴平電気鉄道・運輸サービス部：087-863-7300,,https://www.kotoden.co.jp/publichtm/kotoden/new/2023/reoma_tiket/index.html,"[{'text': '高松琴平電鉄', 'url': 'https://www.kotoden.co.jp/publichtm/kotoden/new/2023/reoma_tiket/index.html'}]",,https://www2s.biglobe.ne.jp/~t_aoyagi/railway/free/kotoden05.htm,kotoden05.htm,21,2026-08-10 01:30:50.424840+00:00,ことでん×NEWレオマワールドセットきっぷ,,,,https://www2s.biglobe.ne.jp/~t_aoyagi/railway/free/kotoden05.htm
kotoden07,ことでん24時間フリーきっぷ,高松琴平電鉄,['高松琴平電鉄'],1,FALSE,sikoku,四国,四国,['四国'],tunen,通年発売タイプ,全年发售,['デジタル'],FALSE,TRUE,on_sale,発売中,,,1500,750,750,"大人：1,500円／小人：750円",利用開始から24時間,1,通年,通年,,['https://www2s.biglobe.ne.jp/~t_aoyagi/railway/free/map/kotoden.gif'],,[],0,QUICK TRIP RYDE PASS,高松琴平電気鉄道・運輸サービス部：087-863-7300,,https://www.kotoden.co.jp/publichtm/kotoden/ticket/quicktrip/index.html,"[{'text': '高松琴平電鉄', 'url': 'https://www.kotoden.co.jp/publichtm/kotoden/ticket/quicktrip/index.html'}]",,https://www2s.biglobe.ne.jp/~t_aoyagi/railway/free/kotoden07.htm,kotoden07.htm,22,2026-08-10 01:30:50.424840+00:00,ことでん24時間フリーきっぷ,,,,https://www2s.biglobe.ne.jp/~t_aoyagi/railway/free/kotoden07.htm
kotoden08,ことでん48時間フリーきっぷ,高松琴平電鉄,['高松琴平電鉄'],1,FALSE,sikoku,四国,四国,['四国'],tunen,通年発売タイプ,全年发售,['デジタル'],FALSE,TRUE,on_sale,発売中,,,2800,1400,1400,"大人：2,800円／小人：1,400円",利用開始から48時間,,通年,通年,,['https://www2s.biglobe.ne.jp/~t_aoyagi/railway/free/map/kotoden.gif'],,[],0,QUICK TRIP RYDE PASS,高松琴平電気鉄道・運輸サービス部：087-863-7300,,https://www.kotoden.co.jp/publichtm/kotoden/ticket/quicktrip/index.html,"[{'text': '高松琴平電鉄', 'url': 'https://www.kotoden.co.jp/publichtm/kotoden/ticket/quicktrip/index.html'}]",,https://www2s.biglobe.ne.jp/~t_aoyagi/railway/free/kotoden08.htm,kotoden08.htm,23,2026-08-10 01:30:50.424840+00:00,ことでん48時間フリーきっぷ,,,,https://www2s.biglobe.ne.jp/~t_aoyagi/railway/free/kotoden08.htm
kotoden84,やしま四国村・志度線パス,高松琴平電鉄,['高松琴平電鉄'],1,FALSE,sikoku,四国,四国,['四国'],tunen,通年発売タイプ,全年发售,['実券' 'デジタル'],TRUE,TRUE,on_sale,発売中,,,2500,,2500,"大人：2,500円",１日,1,通年,通年,,['https://www2s.biglobe.ne.jp/~t_aoyagi/railway/free/map/kotoden84.gif'],,[],0,"高松築港,片原町,瓦町,八栗,琴電志度 
 QUICK TRIP",高松琴平電気鉄道・管理本部地域開発部 ：087-812-7292,,https://www.kotoden.co.jp/publichtm/kotoden/ticket/shikokumura_ticket/index.html,"[{'text': '高松琴平電鉄', 'url': 'https://www.kotoden.co.jp/publichtm/kotoden/ticket/shikokumura_ticket/index.html'}]",,https://www2s.biglobe.ne.jp/~t_aoyagi/railway/free/kotoden84.htm,kotoden84.htm,24,2026-08-10 01:30:50.424840+00:00,やしま四国村・志度線パス,,,,https://www2s.biglobe.ne.jp/~t_aoyagi/railway/free/kotoden84.htm
kotoden10,やしま四国村・志度線パス リムジンバスセット券,高松琴平電鉄,['高松琴平電鉄'],1,FALSE,sikoku,四国,四国,['四国'],tunen,通年発売タイプ,全年发售,['実券'],TRUE,FALSE,on_sale,発売中,,,3500,,3500,"大人：3,500円",１日(購入から7日以内),1,2026年4月1日〜通年,2026年4月1日〜通年,,['https://www2s.biglobe.ne.jp/~t_aoyagi/railway/free/map/kotoden84.gif'],,[],0,高松空港1階国内線到着ロビー・バス券売機,高松琴平電気鉄道・管理本部地域開発部 ：087-812-7292,,https://www.kotoden.co.jp/publichtm/kotoden/ticket/shikokumura_ticket/index.html,"[{'text': '高松琴平電鉄', 'url': 'https://www.kotoden.co.jp/publichtm/kotoden/ticket/shikokumura_ticket/index.html'}]",,https://www2s.biglobe.ne.jp/~t_aoyagi/railway/free/kotoden10.htm,kotoden10.htm,25,2026-08-10 01:30:50.424840+00:00,やしま四国村・志度線パス リムジンバスセット券,,,,https://www2s.biglobe.ne.jp/~t_aoyagi/railway/free/kotoden10.htm
kotoden81,ことでんぷーるきっぷ,高松琴平電鉄,['高松琴平電鉄'],1,FALSE,sikoku,四国,四国,['四国'],summer,夏限定タイプ,夏季限定,['実券'],TRUE,FALSE,period,2026/7/18  〜8/31,2026/7/18,2026/8/31,2200,,1600,"大人：2,200円 
 
高校生：2,000円 
 
中学生：1,700円 
 
小学生：1,600円",１日,1,2026年7月18日〜2026年8月31日,2026年7月18日〜2026年8月31日,,['https://www2s.biglobe.ne.jp/~t_aoyagi/railway/free/map/kotoden81.gif'],,[],0,ことでん有人駅,高松琴平電気鉄道・運輸サービス部：087-863-7300,,https://www.kotoden.co.jp/publichtm/kotoden/ticket/poolticket/index.html,"[{'text': '高松琴平電鉄', 'url': 'https://www.kotoden.co.jp/publichtm/kotoden/ticket/poolticket/index.html'}]",,https://www2s.biglobe.ne.jp/~t_aoyagi/railway/free/kotoden81.htm,kotoden81.htm,26,2026-08-10 01:30:50.424840+00:00,ことでんぷーるきっぷ,,,,https://www2s.biglobe.ne.jp/~t_aoyagi/railway/free/kotoden81.htm
kotoden82,ことでんすけーときっぷ,高松琴平電鉄,['高松琴平電鉄'],1,FALSE,sikoku,四国,四国,['四国'],winter,年末年始限定タイプ,年末年初限定,['実券'],TRUE,FALSE,ended,終了,,,2500,,1700,"大人：2,500円 
 
高校生：2,200円 
 
中学生：2,000円 
 
小学生：1,700円",１日,1,2025年10月26日〜2026年4月12日,2025年10月26日〜2026年4月12日,,['https://www2s.biglobe.ne.jp/~t_aoyagi/railway/free/map/kotoden81.gif'],,[],0,ことでん有人駅,高松琴平電気鉄道・運輸サービス部：087-863-7300,,https://www.kotoden.co.jp/publichtm/kotoden/ticket/skate_ticket/index.html,"[{'text': '高松琴平電鉄', 'url': 'https://www.kotoden.co.jp/publichtm/kotoden/ticket/skate_ticket/index.html'}]",,https://www2s.biglobe.ne.jp/~t_aoyagi/railway/free/kotoden82.htm,kotoden82.htm,27,2026-08-10 01:30:50.424840+00:00,ことでんすけーときっぷ,,,,https://www2s.biglobe.ne.jp/~t_aoyagi/railway/free/kotoden82.htm
iyotetu21,市内電車･郊外電車 1Dayチケット,伊予鉄道,['伊予鉄道'],1,FALSE,sikoku,四国,四国,['四国'],tunen,通年発売タイプ,全年发售,['デジタル'],FALSE,TRUE,on_sale,発売中,,,2000,1000,1000,"大人：2,000円／小人：1,000円",１日間,1,通年,通年,,['https://www2s.biglobe.ne.jp/~t_aoyagi/railway/free/map/iyo21.gif'],,['「坊ちゃん列車」は乗車不可。'],1,みきゃんアプリ ジョルダンモバイルチケット,伊予鉄道 運輸課：089-948-3323,,https://www.iyotetsu.co.jp/ticket/toku/1day_rail.html,"[{'text': '伊予鉄道', 'url': 'https://www.iyotetsu.co.jp/ticket/toku/1day_rail.html'}
 {'text': 'みきゃんアプリ', 'url': 'https://mican-app.jp/'}]",,https://www2s.biglobe.ne.jp/~t_aoyagi/railway/free/iyotetu21.htm,iyotetu21.htm,28,2026-08-10 01:30:50.424840+00:00,市内電車･郊外電車 1Dayチケット,,,,https://www2s.biglobe.ne.jp/~t_aoyagi/railway/free/iyotetu21.htm
iyotetu22,市内電車･リムジンバス 1Dayチケット,伊予鉄道,['伊予鉄道'],1,FALSE,sikoku,四国,四国,['四国'],tunen,通年発売タイプ,全年发售,['デジタル'],FALSE,TRUE,on_sale,発売中,,,2300,1150,1150,"大人：2,300円／小人：1,150円",１日間,1,通年,通年,,['https://www2s.biglobe.ne.jp/~t_aoyagi/railway/free/map/iyo22.gif'],,['「坊ちゃん列車」は乗車不可。'],1,みきゃんアプリ ジョルダンモバイルチケット,伊予鉄道 運輸課：089-948-3323 自動車課：089-948-3172,,https://www.iyotetsu.co.jp/ticket/toku/1day_lim.html,"[{'text': '伊予鉄道', 'url': 'https://www.iyotetsu.co.jp/ticket/toku/1day_lim.html'}
 {'text': 'みきゃんアプリ', 'url': 'https://mican-app.jp/'}]",,https://www2s.biglobe.ne.jp/~t_aoyagi/railway/free/iyotetu22.htm,iyotetu22.htm,29,2026-08-10 01:30:50.424840+00:00,市内電車･リムジンバス 1Dayチケット,,,,https://www2s.biglobe.ne.jp/~t_aoyagi/railway/free/iyotetu22.htm
tosaden01,電車１日乗車券〜市内均一料金区間版〜,土佐電気鉄道,['土佐電気鉄道'],1,FALSE,sikoku,四国,四国,['四国'],tunen,通年発売タイプ,全年发售,['実券' 'デジタル'],TRUE,TRUE,on_sale,発売中,,,500,250,250,大人：500円／小人：250円,１日,1,通年,通年,,['https://www2s.biglobe.ne.jp/~t_aoyagi/railway/free/map/tosaden02.gif'],,[],0,"電車車内 
 はりまや橋サービスセンター,高知駅バス案内所,ごめん町サービスセンター,とさでん交通(株)桟橋窓口 
 とさてらす,城西館,ザクラウンパレス新阪急高知,三翠園,オリエントホテル高知,ホテル日航高知旭ロイヤル 
 
 ジョルダンモバイルチケット",土佐電気鉄道・電車課 TEL:088-833-7121,,http://www.tosaden.co.jp/train/oneday.php,"[{'text': '土佐電気鉄道', 'url': 'http://www.tosaden.co.jp/train/oneday.php'}
 {'text': 'ジョルダンモバイルチケット', 'url': 'https://ticket.jorudan.co.jp/tosaden/train/ja/'}]",,https://www2s.biglobe.ne.jp/~t_aoyagi/railway/free/tosaden01.htm,tosaden01.htm,30,2026-08-10 01:30:50.424840+00:00,電車１日乗車券 〜市内均一料金区間版〜,,,,https://www2s.biglobe.ne.jp/~t_aoyagi/railway/free/tosaden01.htm
tosaden03,電車24時間乗車券〜市内均一料金区間版〜,土佐電気鉄道,['土佐電気鉄道'],1,FALSE,sikoku,四国,四国,['四国'],tunen,通年発売タイプ,全年发售,['デジタル'],FALSE,TRUE,on_sale,発売中,,,600,300,300,大人：600円／小人：300円,１日,1,通年,通年,,['https://www2s.biglobe.ne.jp/~t_aoyagi/railway/free/map/tosaden02.gif'],,[],0,ジョルダンモバイルチケット,土佐電気鉄道・電車課 TEL:088-833-7121,,https://www.tosaden.co.jp/info/dtl.php?ID=1875,"[{'text': '土佐電気鉄道', 'url': 'https://www.tosaden.co.jp/info/dtl.php?ID=1875'}
 {'text': 'ジョルダンモバイルチケット', 'url': 'https://ticket.jorudan.co.jp/tosaden/train/ja/'}]",,https://www2s.biglobe.ne.jp/~t_aoyagi/railway/free/tosaden03.htm,tosaden03.htm,31,2026-08-10 01:30:50.424840+00:00,電車24時間乗車券 〜市内均一料金区間版〜,,,,https://www2s.biglobe.ne.jp/~t_aoyagi/railway/free/tosaden03.htm
tosaden02,電車１日乗車券〜軌道全線版〜,土佐電気鉄道,['土佐電気鉄道'],1,FALSE,sikoku,四国,四国,['四国'],tunen,通年発売タイプ,全年发售,['実券' 'デジタル'],TRUE,TRUE,on_sale,発売中,,,1000,500,500,"大人：1,000円／小人：500円",１日,1,通年,通年,,['https://www2s.biglobe.ne.jp/~t_aoyagi/railway/free/map/tosaden01.gif'],,[],0,"電車車内 
 はりまや橋サービスセンター,高知駅バス案内所,ごめん町サービスセンター,とさでん交通(株)桟橋窓口 
 とさてらす,城西館,ザクラウンパレス新阪急高知,三翠園,オリエントホテル高知,ホテル日航高知旭ロイヤル 
 
 ジョルダンモバイルチケット",土佐電気鉄道・電車課 TEL:088-833-7121,,http://www.tosaden.co.jp/train/oneday.php,"[{'text': '土佐電気鉄道', 'url': 'http://www.tosaden.co.jp/train/oneday.php'}
 {'text': 'ジョルダンモバイルチケット', 'url': 'https://ticket.jorudan.co.jp/tosaden/train/ja/'}]",,https://www2s.biglobe.ne.jp/~t_aoyagi/railway/free/tosaden02.htm,tosaden02.htm,32,2026-08-10 01:30:50.424840+00:00,電車１日乗車券 〜軌道全線版〜,,,,https://www2s.biglobe.ne.jp/~t_aoyagi/railway/free/tosaden02.htm
tosaden04,電車24時間乗車券〜軌道全線版〜,土佐電気鉄道,['土佐電気鉄道'],1,FALSE,sikoku,四国,四国,['四国'],tunen,通年発売タイプ,全年发售,['デジタル'],FALSE,TRUE,on_sale,発売中,,,1200,600,600,"大人：1,200円／小人：600円",１日,1,通年,通年,,['https://www2s.biglobe.ne.jp/~t_aoyagi/railway/free/map/tosaden01.gif'],,[],0,ジョルダンモバイルチケット,土佐電気鉄道・電車課 TEL:088-833-7121,,http://www.tosaden.co.jp/train/oneday.php,"[{'text': '土佐電気鉄道', 'url': 'http://www.tosaden.co.jp/train/oneday.php'}
 {'text': 'ジョルダンモバイルチケット', 'url': 'https://ticket.jorudan.co.jp/tosaden/train/ja/'}]",,https://www2s.biglobe.ne.jp/~t_aoyagi/railway/free/tosaden04.htm,tosaden04.htm,33,2026-08-10 01:30:50.424840+00:00,電車24時間乗車券 〜軌道全線版〜,,,,https://www2s.biglobe.ne.jp/~t_aoyagi/railway/free/tosaden04.htm
tosaden05,バス・路面電車一日乗車券 モバイルチケット,土佐電気鉄道,['土佐電気鉄道'],1,FALSE,sikoku,四国,四国,['四国'],tunen,通年発売タイプ,全年发售,['デジタル'],FALSE,TRUE,on_sale,発売中,,,1800,900,900,"大人：1,800円／小人：900円",１日,1,通年,通年,,['https://www2s.biglobe.ne.jp/~t_aoyagi/railway/free/map/tosaden05.gif'],,[],0,ジョルダンモバイルチケット,土佐電気鉄道・電車課 TEL:088-833-7121,,https://www.tosaden.co.jp/info/dtl.php?ID=2007,"[{'text': '土佐電気鉄道', 'url': 'https://www.tosaden.co.jp/info/dtl.php?ID=2007'}
 {'text': 'ジョルダンモバイルチケット', 'url': 'https://ticket.jorudan.co.jp/tosaden/train/ja/'}]",,https://www2s.biglobe.ne.jp/~t_aoyagi/railway/free/tosaden05.htm,tosaden05.htm,34,2026-08-10 01:30:50.424840+00:00,とさでん交通 バス・路面電車一日乗車券,,,,https://www2s.biglobe.ne.jp/~t_aoyagi/railway/free/tosaden05.htm
tosaden91,新春初詣きっぷ,土佐電気鉄道,['土佐電気鉄道'],1,FALSE,sikoku,四国,四国,['四国'],winter,年末年始限定タイプ,年末年初限定,['実券' 'デジタル'],TRUE,TRUE,ended,終了,,,2000,1000,1000,"大人：2,000円／小人：1,000円",5日間,5,2025年12月16日〜2026年1月3日,2025年12月30日〜2026年1月3日,,['https://www2s.biglobe.ne.jp/~t_aoyagi/railway/free/map/tosaden91.gif'],,"['高速バス,ＭＹ遊バス,臨時バス,イベントバスの利用不可']",1,"はりまや橋サービスセンター,高知駅バスターミナル窓口,桟橋高知営業所,一宮バスターミナル,高岡営業所,ごめん町サービスセンター 
 ジョルダンモバイルチケット","とさでん交通株式会社 
 電車 TEL:088-833-7122 
 バス TEL:088-833-7171",,https://www.tosaden.co.jp/info/dtl.php?ID=2398,"[{'text': 'とさでん交通', 'url': 'https://www.tosaden.co.jp/info/dtl.php?ID=2398'}]",,https://www2s.biglobe.ne.jp/~t_aoyagi/railway/free/tosaden91.htm,tosaden91.htm,35,2026-08-10 01:30:50.424840+00:00,新春初詣きっぷ,,,,https://www2s.biglobe.ne.jp/~t_aoyagi/railway/free/tosaden91.htm
kurosio01,ごめん・なはり線フリーきっぷ,土佐くろしお鉄道,['土佐くろしお鉄道'],1,FALSE,sikoku,四国,四国,['四国'],tunen,通年発売タイプ,全年发售,['実券' 'デジタル'],TRUE,TRUE,on_sale,発売中,,,2200,1100,1100,"大人：2,200円／小人：1,100円",１日,1,通年,通年,,['https://www2s.biglobe.ne.jp/~t_aoyagi/railway/free/map/kurosio01.gif'],,[],0,"御免(JR四国窓口),のいち,安芸,奈半利,中村 
 ごめん・なはり線車内(車掌が乗務している列車) 
 高知観光情報発信館「とさてらす」(JR高知駅隣接) 
 ジョルダンモバイルチケット 「 しこくスマートえきちゃん 」 
 オンラインストア",土佐くろしお鉄道・安芸駅 TEL：0887-34-8800,,https://www.tosakuro.com/discounts-tickets,"[{'text': '土佐くろしお鉄道', 'url': 'https://www.tosakuro.com/discounts-tickets'}
 {'text': 'ジョルダンモバイルチケット', 'url': 'https://ticket.jorudan.co.jp/tosakuro/gns-1d/ja/'}]",,https://www2s.biglobe.ne.jp/~t_aoyagi/railway/free/kurosio01.htm,kurosio01.htm,36,2026-08-10 01:30:50.424840+00:00,ごめん・なはり線観光1日フリーきっぷ,,,,https://www2s.biglobe.ne.jp/~t_aoyagi/railway/free/kurosio01.htm
kurosio02,くろしお1日フリーきっぷ,土佐くろしお鉄道,['土佐くろしお鉄道'],1,FALSE,sikoku,四国,四国,['四国'],tunen,通年発売タイプ,全年发售,['実券' 'デジタル'],TRUE,TRUE,on_sale,発売中,,,2080,1040,1040,"フリー区間 タイプ 大人 小人 
 中村・宿毛線(全線) 普通列車 2,080円 1,040円 
 中村線(窪川〜中村) 特急自由席 
 普通列車 2,600円 1,300円",１日,1,通年,通年,,['https://www2s.biglobe.ne.jp/~t_aoyagi/railway/free/map/kurosio02.gif'],,[],0,"中村,宿毛,窪川 
 旅アプリ「 しこくるり 」 
 「 しこくスマートえきちゃん 」",土佐くろしお鉄道 TEL:,,https://www.tosakuro.com/discounts-tickets,"[{'text': '土佐くろしお鉄道', 'url': 'https://www.tosakuro.com/discounts-tickets'}]",,https://www2s.biglobe.ne.jp/~t_aoyagi/railway/free/kurosio02.htm,kurosio02.htm,37,2026-08-10 01:30:50.424840+00:00,中村・宿毛線フリーきっぷ,,,,https://www2s.biglobe.ne.jp/~t_aoyagi/railway/free/kurosio02.htm
tosakuro81,土佐くろおでかけきっぷ,土佐くろしお鉄道,['土佐くろしお鉄道'],1,FALSE,sikoku,四国,四国,['四国'],kikan,期間限定タイプ,期间限定,['実券' 'デジタル'],TRUE,TRUE,period,〜2027/3/31,,2027/3/31,500,300,300,大人：500円／小人：300円,１日,1,〜2027年3月31日,"〜2027年3月31日の土日祝日 
 2026年4月29日〜2026年5月5日 
 2026年8月11日〜2026年8月16日 
 2026年12月27日〜2027年1月5日",,['https://www2s.biglobe.ne.jp/~t_aoyagi/railway/free/map/tosakuro94.gif'],,['特急列車は利用不可'],1,"中村,宿毛,窪川,安芸,奈半利駅 
 中村・宿毛線の車内 
 オンラインストア 
 ジョルダンモバイルチケット 
 旅アプリ「 しこくるり 」 
 「 しこくスマートえきちゃん 」",土佐くろしお鉄道 TEL:0880-35-4961,,https://www.tosakuro.com/discounts-tickets,"[{'text': '土佐くろしお鉄道', 'url': 'https://www.tosakuro.com/discounts-tickets'}
 {'text': 'ジョルダンモバイルチケット', 'url': 'https://ticket.jorudan.co.jp/tosakuro/wkn-1d/ja/'}]",,https://www2s.biglobe.ne.jp/~t_aoyagi/railway/free/tosakuro81.htm,tosakuro81.htm,40,2026-08-10 01:30:50.424840+00:00,土佐くろおでかけきっぷ,,,,https://www2s.biglobe.ne.jp/~t_aoyagi/railway/free/tosakuro81.htm
tosakuro96,土佐くろまるごときっぷ,土佐くろしお鉄道,['土佐くろしお鉄道'],1,FALSE,sikoku,四国,四国,['四国'],kikan,期間限定タイプ,期间限定,['実券'],TRUE,FALSE,period,〜2027/3/29,,2027/3/29,3000,1500,1500,"大人：3,000円 小人：1,500円",3日間,3,〜2027年3月29日,〜2027年3月31日,,['https://www2s.biglobe.ne.jp/~t_aoyagi/railway/free/map/tosakuro95.gif'],,"['接続するJR四国のきっぷ(窪川〜後免間)を同時購入するか、事前にJR四国の周遊きっぷ、フリーきっぷ等を提示した場合のみ発売'
 '土佐くろしお鉄道の特急乗車可']",2,"安芸,中村,宿毛,列車に乗務中の車掌","土佐くろしお鉄道・安芸駅 TEL:0887-34-8800 
 土佐くろしお鉄道・中村駅 TEL:0880-35-4961",,https://www.tosakuro.com/discounts-tickets,"[{'text': '土佐くろしお鉄道', 'url': 'https://www.tosakuro.com/discounts-tickets'}]",,https://www2s.biglobe.ne.jp/~t_aoyagi/railway/free/tosakuro96.htm,tosakuro96.htm,41,2026-08-10 01:30:50.424840+00:00,土佐くろまるごときっぷ,,,,https://www2s.biglobe.ne.jp/~t_aoyagi/railway/free/tosakuro96.htm
jrkyusyu01,旅名人の九州満喫きっぷ,ＪＲ九州,['ＪＲ九州'],1,FALSE,kyusyu,九州,九州,['九州'],tunen,通年発売タイプ,全年发售,['実券'],TRUE,FALSE,on_sale,発売中,,,12000,12000,12000,"〜2026年8月31日 大人：12,000円 小人：12,000円 
 2026年9月1日〜 大人：14,000円 my route 大人：13,000円",購入日より３ヶ月の任意の３日(回),3,通年,通年,,['https://www2s.biglobe.ne.jp/~t_aoyagi/railway/free/map/jrkyusyu03.gif'],"九州新幹線 特急・急行 快速・普通 
 普通車指定 普通車自由 グリーン DXグリーン グリーン個室 普通車指定 普通車自由 ライナー 指定 自由 南阿蘇鉄道トロッコ列車 
 × × × × × × △ ▲ ▲ ○ × 
 
○：乗車可 ▲：乗車券のみ有効 △：西日本鉄道のみ乗車可 ×：乗車不可","['各社局の普通列車及び快速列車に乗車可。' '九州新幹線は乗車不可。' 'ＪＲ九州の普通車指定席は、別途指定券を購入すれば乗車可。'
 '西日本鉄道は、特急、急行も乗車可。' '西日本鉄道は、12/31利用不可。' '南阿蘇鉄道の「トロッコ列車」は乗車不可。'
 '肥薩線タクシー輸送(八代〜人吉)は乗車不可。']",7,"ＪＲ九州の駅、旅行センター、ＪＲ九州旅行支店、九州内の主な旅行会社 
 2026年9月1日〜 my route",ＪＲ九州案内センター TEL：092-471-8111,,http://www.jrkyushu-kippu.jp/fare/ticket/96,"[{'text': 'ＪＲ九州', 'url': 'http://www.jrkyushu-kippu.jp/fare/ticket/96'}]",,https://www2s.biglobe.ne.jp/~t_aoyagi/railway/free/jrkyusyu01.htm,jrkyusyu01.htm,1,2026-08-10 01:30:50.424840+00:00,旅名人の九州満喫きっぷ,,,,https://www2s.biglobe.ne.jp/~t_aoyagi/railway/free/jrkyusyu01.htm
jrkyusyu81,ぶらり大村線きっぷ,ＪＲ九州,['ＪＲ九州'],1,FALSE,kyusyu,九州,九州,['九州'],tunen,通年発売タイプ,全年发售,['実券' 'デジタル'],TRUE,TRUE,on_sale,発売中,,,3700,1850,1850,"大人：3,700円／小人：1,850円",２日間,2,通年,通年,,['https://www2s.biglobe.ne.jp/~t_aoyagi/railway/free/map/jrkyusyu81.gif'],"西九州新幹線 在来線特急・急行 快速・普通 
 指定 自由 グリーン車 指定 自由 グリーン指定 グリーン自由 ライナー 指定 自由 
 ▲ ▲ ▲ ▲ ▲ － － ▲ ▲ ○ 
 
 ○：乗車可 △：制限事項あり ▲：乗車券のみ有効 
 ×：乗車不可 －：設定なし",[],0,"長崎,浦上,諫早,大村,新大村,ハウステンボス,早岐,佐世保,有田,武雄温泉,嬉野温泉 
 my route","ＪＲ九州案内センター TEL：095-826-4336 
 ＪＲ九州旅行長崎支店 TEL：095-822-4813",,https://www.burari-omura.com/#ticket,"[{'text': 'ＪＲ九州', 'url': 'https://www.burari-omura.com/#ticket'}
 {'text': '九州MaaS', 'url': 'https://kyushu-maas.jp/ticket/415'}
 {'text': 'my route', 'url': 'https://top.myroute.fun/ticket/nagasaki#kujukuislands'}]",,https://www2s.biglobe.ne.jp/~t_aoyagi/railway/free/jrkyusyu81.htm,jrkyusyu81.htm,2,2026-08-10 01:30:50.424840+00:00,ぶらり大村線きっぷ,,,,https://www2s.biglobe.ne.jp/~t_aoyagi/railway/free/jrkyusyu81.htm
jrkyusyu08,ゆふいん1dayレール＆バスチケット,ＪＲ九州,['ＪＲ九州'],1,FALSE,kyusyu,九州,九州,['九州'],tunen,通年発売タイプ,全年发售,['デジタル'],FALSE,TRUE,on_sale,発売中,,,2670,1340,1340,"大人：2,670円 小人：1,340円",１日間,1,通年,通年,,['https://www2s.biglobe.ne.jp/~t_aoyagi/railway/free/map/jrkyusyu08.gif'],"九州新幹線 特急・急行 快速・普通 
 普通車指定 普通車自由 グリーン DXグリーン グリーン個室 普通車指定 普通車自由 ライナー 指定 自由 
 － － ▲ ▲ ▲ ▲ ▲ ▲ ▲ ○ 
 
 ○：乗車可 △：指定席料金券を購入すれば指定席への変更可 
 ▲乗車券のみ有効 ×：乗車不可 －：設定なし",['特急自由席利用可(九州新幹線を除く)'],1,my route,,,https://www.jrkyushu.co.jp/maas/jrs_maas/,"[{'text': 'ＪＲ九州', 'url': 'https://www.jrkyushu.co.jp/maas/jrs_maas/'}
 {'text': '九州MaaS', 'url': 'https://kyushu-maas.jp/ticket/381'}
 {'text': 'my route', 'url': 'https://top.myroute.fun/ticket/oita#yuhuinnbeppu'}]",,https://www2s.biglobe.ne.jp/~t_aoyagi/railway/free/jrkyusyu08.htm,jrkyusyu08.htm,3,2026-08-10 01:30:50.424840+00:00,ゆふいん1dayレール＆バスチケット,,,,https://www2s.biglobe.ne.jp/~t_aoyagi/railway/free/jrkyusyu08.htm
jrkyusyu91,ぐるっと九州きっぷ,ＪＲ九州,['ＪＲ九州'],1,FALSE,kyusyu,九州,九州,['九州'],tunen,通年発売タイプ,全年发售,['実券'],TRUE,FALSE,on_sale,発売中,,,14300,7150,7150,"大人 小人 
 窓口発売 15,800円 7,900円 
 インターネット 
 列車予約発売 14,300円 7,150円",３日間,3,通年,通年,,['https://www2s.biglobe.ne.jp/~t_aoyagi/railway/free/map/jrkyusyu92.gif'],"九州新幹線 特急・急行 快速・普通 
 グリーン 普通車指定 普通車自由 グリーン DXグリーン グリーン個室 普通車指定 普通車自由 ライナー SL人吉 指定 自由 
 ▲ ▲ ▲ ▲ ▲ ▲ ▲ ▲ ▲ ▲ ▲ ○ 
 
 ○：乗車可 △：回数制限あり ▲：乗車券のみ有効 ×：乗車不可 
 
 指定席は合計6回まで利用可能。",[],0,"ＪＲ九州の主な駅,旅行センター,JR九州旅行支店,九州内の主な旅行会社 
 JR九州 ネット予約／列車予約サービス",ＪＲ九州案内センター TEL：095-826-4336,,http://www.jrkyushu-kippu.jp/fare/ticket/304,"[{'text': 'ＪＲ九州', 'url': 'http://www.jrkyushu-kippu.jp/fare/ticket/304'}]",,https://www2s.biglobe.ne.jp/~t_aoyagi/railway/free/jrkyusyu91.htm,jrkyusyu91.htm,4,2026-08-10 01:30:50.424840+00:00,ぐるっと九州きっぷ,,,,https://www2s.biglobe.ne.jp/~t_aoyagi/railway/free/jrkyusyu91.htm
jrkyusyu61,JR＆宮交バス 日南1デーフリーパス,ＪＲ九州,['ＪＲ九州'],1,FALSE,kyusyu,九州,九州,['九州'],tunen,通年発売タイプ,全年发售,['デジタル'],FALSE,TRUE,on_sale,発売中,,,23000,1150,1150,"大人：2,3000円 小人：1,150円",１日,1,発売中,発売中,,['https://www2s.biglobe.ne.jp/~t_aoyagi/railway/free/map/jrkyusyu61.gif'],"九州新幹線 特急・急行 快速・普通 
 普通車指定 普通車自由 グリーン DXグリーン グリーン個室 普通車指定 普通車自由 ライナー 指定 自由 
 － － ▲ ▲ ▲ ▲ ▲ ▲ ▲ ○ 
 
 ○：乗車可 ▲：乗車券のみ有効 ×：乗車不可",[],0,my route,ＪＲ九州 TEL:,,https://www.jrkyushu.co.jp/maas/jrs_maas/,"[{'text': 'ＪＲ九州', 'url': 'https://www.jrkyushu.co.jp/maas/jrs_maas/'}
 {'text': '九州MaaS', 'url': 'https://kyushu-maas.jp/ticket/459'}
 {'text': 'my route', 'url': 'https://top.myroute.fun/ticket/miyazaki#nichinancity'}]",,https://www2s.biglobe.ne.jp/~t_aoyagi/railway/free/jrkyusyu61.htm,jrkyusyu61.htm,5,2026-08-10 01:30:50.424840+00:00,JR＆宮交バス 日南1デーフリーパス,,,,https://www2s.biglobe.ne.jp/~t_aoyagi/railway/free/jrkyusyu61.htm
minamiaso11,みなみあそ旅のレールバス,ＪＲ九州,['ＪＲ九州' '南阿蘇鉄道'],2,TRUE,kyusyu,九州,九州,['九州'],tunen,通年発売タイプ,全年发售,['デジタル'],FALSE,TRUE,on_sale,発売中,,,2000,,2000,"大人：2,000円",利用開始後24時間,1,発売中,発売中,,['https://www2s.biglobe.ne.jp/~t_aoyagi/railway/free/map/minamiaso11.gif'],,['特急列車、トロッコ列車乗車の場合、別途料金が必要'],1,my route,南阿蘇鉄道・高森駅 TEL:0967-62-0058,,https://www.mt-torokko.com/information/fare/,"[{'text': '南阿蘇鉄道', 'url': 'https://www.mt-torokko.com/information/fare/'}
 {'text': '九州MasS', 'url': 'https://kyushu-maas.jp/ticket/283'}
 {'text': '九州産交', 'url': 'https://sankobus.artpro.co.jp/?utm_source=minamiasorail&utm_medium=Referral'}]",,https://www2s.biglobe.ne.jp/~t_aoyagi/railway/free/minamiaso11.htm,minamiaso11.htm,6,2026-08-10 01:30:50.424840+00:00,みなみあそ旅のレールバス,,,,https://www2s.biglobe.ne.jp/~t_aoyagi/railway/free/minamiaso11.htm
minamiaso12,あそ旅のレールバス,ＪＲ九州,['ＪＲ九州' '南阿蘇鉄道'],2,TRUE,kyusyu,九州,九州,['九州'],tunen,通年発売タイプ,全年发售,['デジタル'],FALSE,TRUE,on_sale,発売中,,,3200,,3200,"大人：3,200円",利用開始後24時間,1,発売中,発売中,,['https://www2s.biglobe.ne.jp/~t_aoyagi/railway/free/map/minamiaso12.gif'],,['特急列車、トロッコ列車乗車の場合、別途料金が必要'],1,my route,南阿蘇鉄道・高森駅 TEL:0967-62-0058,,https://www.mt-torokko.com/information/fare/,"[{'text': '南阿蘇鉄道', 'url': 'https://www.mt-torokko.com/information/fare/'}
 {'text': '九州MasS', 'url': 'https://kyushu-maas.jp/ticket/281'}
 {'text': '九州産交', 'url': 'https://sankobus.artpro.co.jp/?utm_source=minamiasorail&utm_medium=Referral'}]",,https://www2s.biglobe.ne.jp/~t_aoyagi/railway/free/minamiaso12.htm,minamiaso12.htm,7,2026-08-10 01:30:50.424840+00:00,あそ旅のレールバス,,,,https://www2s.biglobe.ne.jp/~t_aoyagi/railway/free/minamiaso12.htm
jrkyusyu801,ハロー！自由時間ネットパス(全九州版),ＪＲ九州,['ＪＲ九州'],1,FALSE,kyusyu,九州,九州,['九州'],kaiin,会員限定タイプ,会员限定,['実券'],TRUE,FALSE,on_sale,発売中,,,,,22800,"22,800円",３日間,3,通年(利用開始日の前日まで),通年,,['https://www2s.biglobe.ne.jp/~t_aoyagi/railway/free/map/jrkyusyu92.gif'],"山陽新幹線 九州/西九州新幹線 特急・急行 快速・普通 
 グリーン 普通車指定 普通車自由 グリーン DXグリーン グリーン個室 普通車指定 普通車自由 ライナー 指定 自由 
 × ▲ △ ○ ▲ ▲ ▲ △ ○ ▲ ▲ ○ 
 
 ○：乗車可 △：６回まで有効 ▲：料金券が必要 ■：乗車券のみ有効 ×：乗車不可 －：設定なし",['「ハロー！自由時間クラブ」会員限定(利用時は身分証明書の携帯必要)' '特急指定席利用可（6回まで)'],2,ＪＲ九州インターネット予約限定,ＪＲ九州,,https://www.jrkyushu-kippu.jp/fare/ticket/358,"[{'text': 'ＪＲ九州', 'url': 'https://www.jrkyushu-kippu.jp/fare/ticket/358'}]",,https://www2s.biglobe.ne.jp/~t_aoyagi/railway/free/jrkyusyu801.htm,jrkyusyu801.htm,8,2026-08-10 01:30:50.424840+00:00,ハロー！自由時間ネットパス(全九州版),,,,https://www2s.biglobe.ne.jp/~t_aoyagi/railway/free/jrkyusyu801.htm
jrkyusyu791,ハロー！自由時間ネットパス(北部九州版),ＪＲ九州,['ＪＲ九州'],1,FALSE,kyusyu,九州,九州,['九州'],kaiin,会員限定タイプ,会员限定,['実券'],TRUE,FALSE,on_sale,発売中,,,,,11300,"11,300円",３日間,3,通年(利用開始日の前日まで),通年,,['https://www2s.biglobe.ne.jp/~t_aoyagi/railway/free/map/jrkyusyu85.gif'],"山陽新幹線 九州/西九州新幹線 特急・急行 快速・普通 
 グリーン 普通車指定 普通車自由 グリーン DXグリーン グリーン個室 普通車指定 普通車自由 ライナー 指定 自由 
 × ▲ △ ○ ▲ ▲ ▲ △ ○ ▲ ▲ ○ 
 
 ○：乗車可 △：６回まで有効 ▲：料金券が必要 ■：乗車券のみ有効 ×：乗車不可 －：設定なし",['「ハロー！自由時間クラブ」会員限定(利用時は身分証明書の携帯必要)' '特急指定席利用可（6回まで)'],2,ＪＲ九州インターネット予約(要ログイン),ＪＲ九州,,https://www.jrkyushu-kippu.jp/fare/ticket/358,"[{'text': 'ＪＲ九州', 'url': 'https://www.jrkyushu-kippu.jp/fare/ticket/358'}]",,https://www2s.biglobe.ne.jp/~t_aoyagi/railway/free/jrkyusyu791.htm,jrkyusyu791.htm,9,2026-08-10 01:30:50.424840+00:00,ハロー！自由時間ネットパス(北部九州版),,,,https://www2s.biglobe.ne.jp/~t_aoyagi/railway/free/jrkyusyu791.htm
jrkyusyu124,JQ CARDおでかけネットパス(全九州版),ＪＲ九州,['ＪＲ九州'],1,FALSE,kyusyu,九州,九州,['九州'],kaiin,会員限定タイプ,会员限定,['実券'],TRUE,FALSE,period,2025/9/1  〜2027/3/29,2025/9/1,2027/3/29,,,22800,"22,800円",2日間,2,"2025年9月1日〜2026年3月29日 
 利用日前日までの発売",2025年10月1日〜2026年3月31日,,['https://www2s.biglobe.ne.jp/~t_aoyagi/railway/free/map/jrkyusyu92.gif'],"山陽新幹線 九州/西九州新幹線 特急・急行 快速・普通 
 グリーン 普通車指定 普通車自由 グリーン DXグリーン グリーン個室 普通車指定 普通車自由 ライナー 指定 自由 
 × ▲ △ ○ ▲ ▲ ▲ △ ○ ▲ ▲ ○ 
 
 ○：乗車可 △：６回まで有効 ▲：料金券が必要 ■：乗車券のみ有効 ×：乗車不可 －：設定なし",['JQ CARD決済限定'],1,ＪＲ九州インターネット予約限定,ＪＲ九州,,https://www.jrkyushu-kippu.jp/fare/ticket/445,"[{'text': 'ＪＲ九州', 'url': 'https://www.jrkyushu-kippu.jp/fare/ticket/445'}]",,https://www2s.biglobe.ne.jp/~t_aoyagi/railway/free/jrkyusyu124.htm,jrkyusyu124.htm,10,2026-08-10 01:30:50.424840+00:00,JQ CARDおでかけネットパス(全九州版),,,,https://www2s.biglobe.ne.jp/~t_aoyagi/railway/free/jrkyusyu124.htm
jrkyusyu123,JQ CARDおでかけネットパス(北部九州版),ＪＲ九州,['ＪＲ九州'],1,FALSE,kyusyu,九州,九州,['九州'],kaiin,会員限定タイプ,会员限定,['実券'],TRUE,FALSE,period,2025/9/1  〜2027/3/29,2025/9/1,2027/3/29,,,11300,"11,300円",２日間,2,"2025年9月1日〜2026年3月29日 
 利用日前日までの発売",2025年10月1日〜2026年3月31日,,['https://www2s.biglobe.ne.jp/~t_aoyagi/railway/free/map/jrkyusyu85.gif'],"山陽新幹線 九州/西九州新幹線 特急・急行 快速・普通 
 グリーン 普通車指定 普通車自由 グリーン DXグリーン グリーン個室 普通車指定 普通車自由 ライナー 指定 自由 
 × ▲ △ ○ ▲ ▲ ▲ △ ○ ▲ ▲ ○ 
 
 ○：乗車可 △：６回まで有効 ▲：料金券が必要 ■：乗車券のみ有効 ×：乗車不可 －：設定なし",['JQ CARD決済限定'],1,ＪＲ九州インターネット予約(要ログイン),ＪＲ九州,,https://www.jrkyushu-kippu.jp/fare/ticket/445,"[{'text': 'ＪＲ九州', 'url': 'https://www.jrkyushu-kippu.jp/fare/ticket/445'}]",,https://www2s.biglobe.ne.jp/~t_aoyagi/railway/free/jrkyusyu123.htm,jrkyusyu123.htm,11,2026-08-10 01:30:50.424840+00:00,JQ CARDおでかけネットパス(北部九州版),,,,https://www2s.biglobe.ne.jp/~t_aoyagi/railway/free/jrkyusyu123.htm
jrkyusyu66,こどもぼうけんきっぷ,ＪＲ九州,['ＪＲ九州'],1,FALSE,kyusyu,九州,九州,['九州'],kikan,期間限定タイプ,期间限定,['実券'],TRUE,FALSE,period,2026/6/18  〜8/30,2026/6/18,2026/8/30,,100,100,小人：100円,１日間,1,"2026年6月18日〜2026年8月30日 
 2026年2月14日〜2026年5月5日 
 2025年11月24日〜2026年1月6日","2026年7月18日〜2026年8月31日 
 2026年4月25日〜2026年5月6日 
 2026年3月14日〜2026年3月31日 
 2025年12月24日〜2026年1月7日",,['https://www2s.biglobe.ne.jp/~t_aoyagi/railway/free/map/jrkyusyu92.gif'],"山陽新幹線 九州新幹線 
 西九州新幹線 特急・急行 快速・普通 JR九州バス 
 みずほ グリーン 普通車指定 普通車自由 グリーン DXグリーン グリーン個室 普通車指定 普通車自由 ライナー 指定 自由 直方線 BRTひこぼしライン 嬉野線 北薩線 
 × ■ ■ ■ ■ ■ ■ ■ ■ ■ ■ ■ ○ ○ ○ ○ ○ 
 
 ○：乗車可 △：６回まで有効 ▲：料金券が必要 ■：乗車券のみ有効 ×：乗車不可 －：設定なし",[],0,"JR九州のインターネット列車予約サイト 
 ＪＲ九州各駅の指定席券売機 
 利用日の前日までに購入",ＪＲ九州,,https://www.jrkyushu-kippu.jp/fare/ticket/347?,"[{'text': 'ＪＲ九州', 'url': 'https://www.jrkyushu-kippu.jp/fare/ticket/347?'}
 {'text': '「こどもぼうけんきっぷ」特設サイト', 'url': 'https://www.jrkyushu.co.jp/railway/bouken/summer2026/'}]",,https://www2s.biglobe.ne.jp/~t_aoyagi/railway/free/jrkyusyu66.htm,jrkyusyu66.htm,12,2026-08-10 01:30:50.424840+00:00,こどもぼうけんきっぷ,,,,https://www2s.biglobe.ne.jp/~t_aoyagi/railway/free/jrkyusyu66.htm
jrkyusyu118,みやざきマルっと1Dayフリーパス,ＪＲ九州,['ＪＲ九州'],1,FALSE,kyusyu,九州,九州,['九州'],kikan,期間限定タイプ,期间限定,['デジタル'],FALSE,TRUE,ended,終了,,,500,250,250,大人：500円／小人：250円,2日間,2,"2025年10月24日〜2025年12月8日 
 2025年8月25日〜2025年9月29日 
 2025年5月26日〜2025年6月30日","2025年10月24日〜2025年12月8日の土日月曜日 
 2025年9月1日〜2025年9月29日の土日月曜日 
 2025年6月1日〜2025年6月30日の土日月",,['https://www2s.biglobe.ne.jp/~t_aoyagi/railway/free/map/jrkyusyu118.gif'],"山陽新幹線 九州新幹線 
 西九州新幹線 特急・急行 快速・普通 
 グリーン 普通車指定 普通車自由 グリーン DXグリーン グリーン個室 普通車指定 普通車自由 ライナー 指定 自由 
 － × × × ■ ■ ■ ■ ○ ■ ■ ○ 
 
 ○：乗車可 ■：乗車券のみ有効 
 ×：乗車不可 －：設定なし",[],0,「 my route 」,ＪＲ九州案内センター TEL：095-826-4336,,https://www.jrkyushu.co.jp/maas/jrs_maas/,"[{'text': 'ＪＲ九州', 'url': 'https://www.jrkyushu.co.jp/maas/jrs_maas/'}
 {'text': '九州MaaS', 'url': 'https://kyushu-maas.jp/ticket/1292'}
 {'text': 'my route', 'url': 'https://top.myroute.fun/ticket/miyazaki#miyazakicity'}]",,https://www2s.biglobe.ne.jp/~t_aoyagi/railway/free/jrkyusyu118.htm,jrkyusyu118.htm,13,2026-08-10 01:30:50.424840+00:00,みやざきマルっと1Dayフリーパス,,,,https://www2s.biglobe.ne.jp/~t_aoyagi/railway/free/jrkyusyu118.htm
jrkyusyu111,『GO NORI-HODAI』Tシャツきっぷ,ＪＲ九州,['ＪＲ九州'],1,FALSE,kyusyu,九州,九州,['九州'],kikan,期間限定タイプ,期间限定,['実券'],TRUE,FALSE,ended,終了,,,3000,1500,1500,"大人：3,000円 小人：1,500円",１日間,1,"WEB販売：2025年8月6日〜2025年9月5日 
 ファミリーマート,銘品蔵：2025年8月6日〜2025年8月24日 
 当日：2025年9月6日",2025年9月6日,,['https://www2s.biglobe.ne.jp/~t_aoyagi/railway/free/map/jrkyusyu111.gif'],"山陽新幹線 九州新幹線 
 西九州新幹線 特急・急行 快速・普通 
 グリーン 普通車指定 普通車自由 グリーン DXグリーン グリーン個室 普通車指定 普通車自由 ライナー 指定 自由 
 × × × ○ － － － － － － － － 
 
 ○：乗車可 ×：乗車不可 －：設定なし",['きっぷを着用もしくは手持ちの上有人改札口から乗降'],1,"WEB販売： ＪＲ九州トラベルデスク(STORES) 
 ファミリーマート,銘品蔵： ＪＲ九州 
 当日：武雄温泉,嬉野温泉,新大村,諫早,長崎(売切れの場合は販売無し)",ＪＲ九州,,https://www.jrkyushu.co.jp/train/gowest/#norihodai,"[{'text': 'ＪＲ九州', 'url': 'https://www.jrkyushu.co.jp/train/gowest/#norihodai'}]",,https://www2s.biglobe.ne.jp/~t_aoyagi/railway/free/jrkyusyu111.htm,jrkyusyu111.htm,14,2026-08-10 01:30:50.424840+00:00,『GO NORI-HODAI』Tシャツきっぷ,"7,000枚 (大人：5,000枚/小人：2,000枚)",,,https://www2s.biglobe.ne.jp/~t_aoyagi/railway/free/jrkyusyu111.htm
jrkyusyu112,ぶらり大村線・松浦鉄道きっぷ,ＪＲ九州,['ＪＲ九州'],1,FALSE,kyusyu,九州,九州,['九州'],kikan,期間限定タイプ,期间限定,['実券'],TRUE,FALSE,ended,終了,,,4400,1820,1820,"大人：4,400円／小人：1,820円","２日間 
 松浦鉄道は1日",2,2023年9月23日〜2024年2月28日,2023年9月23日〜2024年2月29日,,['https://www2s.biglobe.ne.jp/~t_aoyagi/railway/free/map/jrkyusyu112.gif'],"西九州新幹線 在来線特急・急行 快速・普通 
 指定 自由 グリーン車 指定 自由 グリーン指定 グリーン自由 ライナー 指定 自由 
 ▲ ▲ ▲ ▲ ▲ － － ▲ ▲ ○ 
 
 ○：乗車可 △：制限事項あり ▲：乗車券のみ有効 
 ×：乗車不可 －：設定なし",[],0,「 JR 九州インターネット列車予約 」,ＪＲ九州案内センター TEL：095-826-4336,,http://www.jrkyushu-kippu.jp/fare/ticket/351,"[{'text': 'ＪＲ九州', 'url': 'http://www.jrkyushu-kippu.jp/fare/ticket/351'}]",,https://www2s.biglobe.ne.jp/~t_aoyagi/railway/free/jrkyusyu112.htm,jrkyusyu112.htm,15,2026-08-10 01:30:50.424840+00:00,ぶらり大村線・松浦鉄道きっぷ,,,,https://www2s.biglobe.ne.jp/~t_aoyagi/railway/free/jrkyusyu112.htm
jrkyusyu113,肥薩線〜指宿枕崎線1日乗り放題きっぷ,ＪＲ九州,['ＪＲ九州'],1,FALSE,kyusyu,九州,九州,['九州'],kikan,期間限定タイプ,期间限定,['デジタル'],FALSE,TRUE,ended,終了,,,1000,500,500,"大人：1,000円／小人：500円",１日間,1,2025年7月18日〜2025年10月31日,2025年7月18日〜2025年10月31日,,['https://www2s.biglobe.ne.jp/~t_aoyagi/railway/free/map/jrkyusyu113.gif'],"山陽新幹線 九州新幹線 
 西九州新幹線 特急・急行 快速・普通 
 グリーン 普通車指定 普通車自由 グリーン DXグリーン グリーン個室 普通車指定 普通車自由 ライナー 指定 自由 
 × × × × ■ ■ ■ ■ ■ ■ ■ ○ 
 
 ○：乗車可 ■：乗車券のみ有効 ×：乗車不可 －：設定なし",[],0,「 my route 」,ＪＲ九州案内センター TEL：095-826-4336,,https://kyushu-maas.jp/ticket/755,"[{'text': 'ＪＲ九州', 'url': 'https://kyushu-maas.jp/ticket/755'}]",,https://www2s.biglobe.ne.jp/~t_aoyagi/railway/free/jrkyusyu113.htm,jrkyusyu113.htm,16,2026-08-10 01:30:50.424840+00:00,肥薩線〜指宿枕崎線 1日乗り放題きっぷ,"大人：1,000枚 小人：300枚",,,https://www2s.biglobe.ne.jp/~t_aoyagi/railway/free/jrkyusyu113.htm
jrkyusyu114,ひなたフェスみやざき記念きっぷ,ＪＲ九州,['ＪＲ九州'],1,FALSE,kyusyu,九州,九州,['九州'],kikan,期間限定タイプ,期间限定,['実券'],TRUE,FALSE,ended,終了,,,3100,2000,2000,"大人：3,100円／小人：2,000円",2日間,2,2024年8月1日〜2024年8月20日,2024年9月7日〜2024年9月8日,,['https://www2s.biglobe.ne.jp/~t_aoyagi/railway/free/map/jrkyusyu114.gif'],"山陽新幹線 九州新幹線 
 西九州新幹線 特急・急行 快速・普通 
 グリーン 普通車指定 普通車自由 グリーン DXグリーン グリーン個室 普通車指定 普通車自由 ライナー 指定 自由 
 × × × × ■ ■ ■ ■ ■ ■ ■ ○ 
 
 ○：乗車可 ■：乗車券のみ有効 ×：乗車不可 －：設定なし",[],0,「 ＪＲ九州お買い物マーケット 」,,,https://www.jrkyushu.co.jp/news/__icsFiles/afieldfile/2024/07/29/20240729_Hinatazaka_46_Hyuga_City_JR_Kyushu_We_are_starting_the_Miyazaki_bustling_project.pdf,"[{'text': 'ＪＲ九州', 'url': 'https://www.jrkyushu.co.jp/news/__icsFiles/afieldfile/2024/07/29/20240729_Hinatazaka_46_Hyuga_City_JR_Kyushu_We_are_starting_the_Miyazaki_bustling_project.pdf'}]",,https://www2s.biglobe.ne.jp/~t_aoyagi/railway/free/jrkyusyu114.htm,jrkyusyu114.htm,17,2026-08-10 01:30:50.424840+00:00,ひなたフェスみやざき記念きっぷ,,,,https://www2s.biglobe.ne.jp/~t_aoyagi/railway/free/jrkyusyu114.htm
jrkyusyu115,南九州 DE 超回復！きっぷ,ＪＲ九州,['ＪＲ九州'],1,FALSE,kyusyu,九州,九州,['九州'],kikan,期間限定タイプ,期间限定,['実券'],TRUE,FALSE,ended,終了,,,14500,6000,6000,"大人 小人 
 インターネット列車予約 15,000円 6,000円 
 my route 14,500円 －",3日間,3,"インターネット列車予約 2024年9月1日〜2025年3月22日 
 my route 2024年10月1日〜2025年3月29日",2024年9月1日〜2025年3月31日,,['https://www2s.biglobe.ne.jp/~t_aoyagi/railway/free/map/jrkyusyu115.gif'],"山陽新幹線 九州新幹線 
 西九州新幹線 特急・急行 快速・普通 
 グリーン 普通車指定 普通車自由 グリーン DXグリーン グリーン個室 普通車指定 普通車自由 ライナー 指定 自由 
 インターネット列車予約 × ■ △ ○ ■ ■ ■ △ ○ ■ △ ○ 
 my route × ■ △ ○ ■ ■ ■ ■ ○ ■ △ ○ 
 
 ○：乗車可 ■：乗車券のみ有効 △：合計で３回まで 
 
 ×：乗車不可 －：設定なし",[],0,"「 ＪＲ九州ネット予約 」 
 my route",,,https://www.jrkyushu-kippu.jp/fare/ticket/370,"[{'text': 'ＪＲ九州', 'url': 'https://www.jrkyushu-kippu.jp/fare/ticket/370'}
 {'text': '九州MasS', 'url': 'https://kyushu-maas.jp/ticket/882'}]",,https://www2s.biglobe.ne.jp/~t_aoyagi/railway/free/jrkyusyu115.htm,jrkyusyu115.htm,18,2026-08-10 01:30:50.424840+00:00,南九州 DE 超回復！きっぷ,,,,https://www2s.biglobe.ne.jp/~t_aoyagi/railway/free/jrkyusyu115.htm
jrkyusyu51,ぐるっと九州御朱印めぐりきっぷ,ＪＲ九州,['ＪＲ九州'],1,FALSE,kyusyu,九州,九州,['九州'],kikan,期間限定タイプ,期间限定,['実券'],TRUE,FALSE,period,2026/2/20  〜10/29,2026/2/20,2026/10/29,14300,,14300,"大人：14,300円",３日間,3,2026年2月20日〜2026年10月29日,2026年2月20日〜2026年10月31日,,['https://www2s.biglobe.ne.jp/~t_aoyagi/railway/free/map/jrkyusyu92.gif'],"九州新幹線 特急・急行 快速・普通 
 普通車指定 普通車自由 グリーン DXグリーン グリーン個室 普通車指定 普通車自由 ライナー 指定 自由 
 ▲ ▲ ▲ ▲ ▲ ▲ ▲ ▲ ▲ ○ 
 
○：乗車可 ▲：乗車券のみ有効 ×：乗車不可",[],0,「 JR九州インターネット列車予約 」(要ログイン)),ＪＲ九州案内センター TEL：050-3786-1717,,https://www.jrkyushu-kippu.jp/fare/ticket/458,"[{'text': 'ＪＲ九州', 'url': 'https://www.jrkyushu-kippu.jp/fare/ticket/458'}
 {'text': 'ＪＲ九州', 'url': 'https://www.jrkyushu.co.jp/train/tokubetsu-gosyuin-meguri/#sec02'}]",,https://www2s.biglobe.ne.jp/~t_aoyagi/railway/free/jrkyusyu51.htm,jrkyusyu51.htm,19,2026-08-10 01:30:50.424840+00:00,ぐるっと九州御朱印めぐりきっぷ,,,,https://www2s.biglobe.ne.jp/~t_aoyagi/railway/free/jrkyusyu51.htm
jrkyusyu52,いちにち九州御朱印めぐりきっぷ,ＪＲ九州,['ＪＲ九州'],1,FALSE,kyusyu,九州,九州,['九州'],kikan,期間限定タイプ,期间限定,['実券'],TRUE,FALSE,period,2026/2/20  〜10/31,2026/2/20,2026/10/31,3900,,3900,"大人：3,900円",１日間,1,2026年2月20日〜2026年10月31日,2026年2月20日〜2026年10月31日,,['https://www2s.biglobe.ne.jp/~t_aoyagi/railway/free/map/jrkyusyu92.gif'],"九州新幹線 特急・急行 快速・普通 
 普通車指定 普通車自由 グリーン DXグリーン グリーン個室 普通車指定 普通車自由 ライナー 指定 自由 
 ▲ ▲ ▲ ▲ ▲ ▲ ▲ ▲ ▲ ○ 
 
○：乗車可 ▲：乗車券のみ有効 ×：乗車不可",[],0,「 JR九州インターネット列車予約 」(要ログイン)),ＪＲ九州案内センター TEL：050-3786-1717,,https://www.jrkyushu-kippu.jp/fare/ticket/457?,"[{'text': 'ＪＲ九州', 'url': 'https://www.jrkyushu-kippu.jp/fare/ticket/457?'}
 {'text': 'ＪＲ九州', 'url': 'https://www.jrkyushu.co.jp/train/tokubetsu-gosyuin-meguri/#sec02'}]",,https://www2s.biglobe.ne.jp/~t_aoyagi/railway/free/jrkyusyu52.htm,jrkyusyu52.htm,20,2026-08-10 01:30:50.424840+00:00,いちにち九州御朱印めぐりきっぷ,,,,https://www2s.biglobe.ne.jp/~t_aoyagi/railway/free/jrkyusyu52.htm
jrkyusyu121,旅名人の九州満喫寺社めぐりきっぷ,ＪＲ九州,['ＪＲ九州'],1,FALSE,kyusyu,九州,九州,['九州'],kikan,期間限定タイプ,期间限定,['実券'],TRUE,FALSE,ended,終了,,,12000,,12000,"大人：12,000円",購入日より３ヶ月の任意の３日(回),3,2025年4月1日〜2025年10月31日,2025年4月1日〜2025年10月31日,,['https://www2s.biglobe.ne.jp/~t_aoyagi/railway/free/map/jrkyusyu03.gif'],"九州新幹線 特急・急行 快速・普通 
 普通車指定 普通車自由 グリーン DXグリーン グリーン個室 普通車指定 普通車自由 ライナー 指定 自由 南阿蘇鉄道トロッコ列車 
 × × × × × × △ ▲ ▲ ○ × 
 
○：乗車可 ▲：乗車券のみ有効 △：西日本鉄道のみ乗車可 ×：乗車不可","['各社局の普通列車及び快速列車に乗車可。' '九州新幹線は乗車不可。' 'ＪＲ九州の普通車指定席は、別途指定券を購入すれば乗車可。'
 '西日本鉄道は、特急、急行も乗車可。' '南阿蘇鉄道の「トロッコ列車」は乗車不可。' '肥薩線タクシー輸送(八代〜人吉)は乗車不可。']",6,ＪＲ九州の駅,ＪＲ九州案内センター TEL：092-471-8111,,https://www.jrkyushu-kippu.jp/fare/ticket/426,"[{'text': 'ＪＲ九州', 'url': 'https://www.jrkyushu-kippu.jp/fare/ticket/426'}
 {'text': 'ＪＲ九州', 'url': 'https://www.jrkyushu.co.jp/train/jisha-meguri/#box02'}]",,https://www2s.biglobe.ne.jp/~t_aoyagi/railway/free/jrkyusyu121.htm,jrkyusyu121.htm,21,2026-08-10 01:30:50.424840+00:00,旅名人の九州満喫寺社めぐりきっぷ,,,,https://www2s.biglobe.ne.jp/~t_aoyagi/railway/free/jrkyusyu121.htm
jrkyusyu120,福岡エリア 九州寺社めぐりきっぷ,ＪＲ九州,['ＪＲ九州'],1,FALSE,kyusyu,九州,九州,['九州'],kikan,期間限定タイプ,期间限定,['実券'],TRUE,FALSE,ended,終了,,,3500,3500,3500,"大人：3,500円／小人：3,500円",１日間,1,2025年4月25日〜2025年10月31日,2025年6月13日〜2025年10月31日,,['https://www2s.biglobe.ne.jp/~t_aoyagi/railway/free/map/jrkyusyu120.gif'],"九州新幹線 在来線特急・急行 快速・普通 
 指定 自由 グリーン車 指定 自由 グリーン指定 グリーン自由 ライナー 指定 自由 
 － － ▲ ▲ ▲ － － ▲ ▲ ○ 
 
 ○：乗車可 △：制限事項あり ▲：乗車券のみ有効 
 ×：乗車不可 －：設定なし",[],0,「 JR九州インターネット予約 」,"ＪＲ九州案内センター TEL：095-826-4336 
 ＪＲ九州旅行長崎支店 TEL：095-822-4813",,https://www.jrkyushu.co.jp/train/jisha-meguri/#box03,"[{'text': 'ＪＲ九州', 'url': 'https://www.jrkyushu.co.jp/train/jisha-meguri/#box03'}]",,https://www2s.biglobe.ne.jp/~t_aoyagi/railway/free/jrkyusyu120.htm,jrkyusyu120.htm,22,2026-08-10 01:30:50.424840+00:00,福岡エリア 九州寺社めぐりきっぷ,,,,https://www2s.biglobe.ne.jp/~t_aoyagi/railway/free/jrkyusyu120.htm
jrkyusyu119,ぶらり大村線 寺社めぐりきっぷ,ＪＲ九州,['ＪＲ九州'],1,FALSE,kyusyu,九州,九州,['九州'],kikan,期間限定タイプ,期间限定,['実券'],TRUE,FALSE,ended,終了,,,3700,3700,3700,"大人：3,700円／小人：3,700円",２日間,2,2025年6月13日〜2025年10月30日,2025年6月13日〜2025年10月31日,,['https://www2s.biglobe.ne.jp/~t_aoyagi/railway/free/map/jrkyusyu81.gif'],"西九州新幹線 在来線特急・急行 快速・普通 
 指定 自由 グリーン車 指定 自由 グリーン指定 グリーン自由 ライナー 指定 自由 
 ▲ ▲ ▲ ▲ ▲ － － ▲ ▲ ○ 
 
 ○：乗車可 △：制限事項あり ▲：乗車券のみ有効 
 ×：乗車不可 －：設定なし",[],0,"長崎,浦上,諫早,大村,新大村,ハウステンボス,早岐,佐世保,有田,武雄温泉,嬉野温泉","ＪＲ九州案内センター TEL：095-826-4336 
 ＪＲ九州旅行長崎支店 TEL：095-822-4813",,https://www.jrkyushu.co.jp/train/jisha-meguri/#box04,"[{'text': 'ＪＲ九州', 'url': 'https://www.jrkyushu.co.jp/train/jisha-meguri/#box04'}]",,https://www2s.biglobe.ne.jp/~t_aoyagi/railway/free/jrkyusyu119.htm,jrkyusyu119.htm,23,2026-08-10 01:30:50.424840+00:00,ぶらり大村線 寺社めぐりきっぷ,,,,https://www2s.biglobe.ne.jp/~t_aoyagi/railway/free/jrkyusyu119.htm
jrkyusyu122,北九州周遊パス〜タッチKyushu〜,ＪＲ九州,['ＪＲ九州' '皿倉山登山鉄道'],2,TRUE,kyusyu,九州,九州,['九州'],kikan,期間限定タイプ,期间限定,['デジタル'],FALSE,TRUE,period,2025/7/23  〜2027/3/31,2025/7/23,2027/3/31,2000,2000,2000,"１日間 大人：2,000円 小人：2,000円 
 ２日間 大人：3,000円 小人：3,000円",１／２日間,2,"1日券 2025年7月23日〜2026年3月31日 
 2日券 2025年7月23日〜2026年3月30日",2025年7月23日〜2027年3月31日,,['https://www2s.biglobe.ne.jp/~t_aoyagi/railway/free/map/jrkyusyu122.gif'],"山陽新幹線 九州新幹線 
 西九州新幹線 特急・急行 快速・普通 
 グリーン 普通車指定 普通車自由 グリーン DXグリーン グリーン個室 普通車指定 普通車自由 ライナー 指定 自由 
 × × × × × × × × × ▲ ▲ ○ 
 
 ○：乗車可 ▲：料金券必要 ×：乗車不可",['タッチ決済対応のクレジットカード要'],1,九州観光機構 Pass Case,ＪＲ九州,,https://kitakyushu-tourpass.com/,"[{'text': '九州観光機構', 'url': 'https://kitakyushu-tourpass.com/'}
 {'text': '皿倉登山鉄道', 'url': 'https://www.sarakurayama-cablecar.co.jp/news/2025-7-23%e3%80%8c%e5%8c%97%e4%b9%9d%e5%b7%9e%e5%91%a8%e9%81%8a%e3%83%91%e3%82%b9%e3%80%8d%e8%b2%a9%e5%a3%b2%e9%96%8b%e5%a7%8b/'}]",,https://www2s.biglobe.ne.jp/~t_aoyagi/railway/free/jrkyusyu122.htm,jrkyusyu122.htm,24,2026-08-10 01:30:50.424840+00:00,北九州周遊パス〜タッチKyushu〜,－,,,https://www2s.biglobe.ne.jp/~t_aoyagi/railway/free/jrkyusyu122.htm
jrkyusyu130,GO QUEST西九州フリーきっぷ,ＪＲ九州,['ＪＲ九州'],1,FALSE,kyusyu,九州,九州,['九州'],kikan,期間限定タイプ,期间限定,['実券'],TRUE,FALSE,ended,終了,,,9990,2990,2990,"２日間用 大人：9,990円／小人：2,990円 
 ３日間用 大人：10,990円／小人：3,990円",2日間,2,"2025年8月23日〜2026年3月29日 
 利用日前日までの発売",2025年9月7日〜2026年3月31日,,['https://www2s.biglobe.ne.jp/~t_aoyagi/railway/free/map/jrkyusyu130.gif'],"山陽新幹線 九州/西九州新幹線 特急・急行 快速・普通 
 グリーン 普通車指定 普通車自由 グリーン DXグリーン グリーン個室 普通車指定 普通車自由 ライナー 指定 自由 
 × ■ △ ○ ■ ■ ■ △ ○ ■ ■ ○ 
 
 ○：乗車可 △：3回まで有効 ■：乗車券のみ有効 ×：乗車不可 －：設定なし",['J小人用は大人用と同時購入、同一行程の利用のみ可'],1,ＪＲ九州インターネット予約限定,ＪＲ九州,,https://www.jrkyushu-kippu.jp/fare/ticket/443,"[{'text': 'ＪＲ九州', 'url': 'https://www.jrkyushu-kippu.jp/fare/ticket/443'}]",,https://www2s.biglobe.ne.jp/~t_aoyagi/railway/free/jrkyusyu130.htm,jrkyusyu130.htm,25,2026-08-10 01:30:50.424840+00:00,GO QUEST西九州フリーきっぷ,,,,https://www2s.biglobe.ne.jp/~t_aoyagi/railway/free/jrkyusyu130.htm
jrkyusyu127,島原半島〜長崎満喫きっぷ,ＪＲ九州,['ＪＲ九州'],1,FALSE,kyusyu,九州,九州,['九州'],kikan,期間限定タイプ,期间限定,['実券'],TRUE,FALSE,ended,終了,,,3600,,3600,"2日間きっぷ 大人：3,600円 小人：---円 
 3日間きっぷ 大人：4,950円 小人：---円","2日間きっぷ 2日間 
 3日間きっぷ 3日間",2,"2日間きっぷ 2026年2月1日〜2026年3月30日 
 3日間きっぷ 2026年2月1日〜2026年3月29日",2026年2月1日〜2026年3月31日,,['https://www2s.biglobe.ne.jp/~t_aoyagi/railway/free/map/jrkyusyu127.gif'],"山陽新幹線 九州/西九州新幹線 特急・急行 快速・普通 
 グリーン 普通車指定 普通車自由 グリーン DXグリーン グリーン個室 普通車指定 普通車自由 ライナー 指定 自由 
 × ▲ ▲ ▲ ▲ ▲ ▲ ▲ ▲ ▲ ▲ ○ 
 
 ○：乗車可 △：６回まで有効 ▲：料金券が必要 ■：乗車券のみ有効 ×：乗車不可 －：設定なし",[],0,"諫早,長崎駅の指定席券売機 
 JR九州インターネット予約",ＪＲ九州,,https://train.yoyaku.jrkyushu.co.jp/jr/pc/special/TicketClass?code=SNK,"[{'text': 'JR九州', 'url': 'https://train.yoyaku.jrkyushu.co.jp/jr/pc/special/TicketClass?code=SNK'}
 {'text': 'ながさきバスツアー.net', 'url': 'https://nbtour.net/mankitsu_kippu/'}]",,https://www2s.biglobe.ne.jp/~t_aoyagi/railway/free/jrkyusyu127.htm,jrkyusyu127.htm,26,2026-08-10 01:30:50.424840+00:00,島原半島〜長崎満喫きっぷ,,,,https://www2s.biglobe.ne.jp/~t_aoyagi/railway/free/jrkyusyu127.htm
jrkyusyu129,九州大冒険きっぷ(全九州版),ＪＲ九州,['ＪＲ九州'],1,FALSE,kyusyu,九州,九州,['九州'],kikan,期間限定タイプ,期间限定,['実券'],TRUE,FALSE,ended,終了,,,10000,2000,2000,"大人：10,000円／小人：2,000円",2日間,2,"2026年3月10日〜2026年4月17日 
 利用日前日までの発売",2026年4月10日〜2026年4月19日,,['https://www2s.biglobe.ne.jp/~t_aoyagi/railway/free/map/jrkyusyu92.gif'],"山陽新幹線 九州/西九州新幹線 特急・急行 快速・普通 
 グリーン 普通車指定 普通車自由 グリーン DXグリーン グリーン個室 普通車指定 普通車自由 ライナー 指定 自由 
 × ■ ■ ○ ■ ■ ■ ■ ○ ■ ■ ○ 
 
 ○：乗車可 ■：乗車券のみ有効 ×：乗車不可 －：設定なし",[],0,ＪＲ九州インターネット予約限定,ＪＲ九州,,https://www.jrkyushu-kippu.jp/fare/ticket/455,"[{'text': 'ＪＲ九州', 'url': 'https://www.jrkyushu-kippu.jp/fare/ticket/455'}]",,https://www2s.biglobe.ne.jp/~t_aoyagi/railway/free/jrkyusyu129.htm,jrkyusyu129.htm,27,2026-08-10 01:30:50.424840+00:00,九州大冒険きっぷ(全九州版),,,,https://www2s.biglobe.ne.jp/~t_aoyagi/railway/free/jrkyusyu129.htm
jrkyusyu128,九州大冒険きっぷ(北部九州版),ＪＲ九州,['ＪＲ九州'],1,FALSE,kyusyu,九州,九州,['九州'],kikan,期間限定タイプ,期间限定,['実券'],TRUE,FALSE,ended,終了,,,10000,2000,2000,"大人：10,000円／小人：2,000円",２日間,2,"2026年3月10日〜2026年4月17日 
 利用日前日までの発売",2026年4月10日〜2026年4月19日,,['https://www2s.biglobe.ne.jp/~t_aoyagi/railway/free/map/jrkyusyu85.gif'],"山陽新幹線 九州/西九州新幹線 特急・急行 快速・普通 
 グリーン 普通車指定 普通車自由 グリーン DXグリーン グリーン個室 普通車指定 普通車自由 ライナー 指定 自由 
 × ■ ■ ○ ■ ■ ■ ■ ○ ■ ■ ○ 
 
 ○：乗車可 ■：乗車券のみ有効 ×：乗車不可 －：設定なし",['J小人用は大人用と同時購入、同一行程の利用のみ可'],1,ＪＲ九州インターネット予約(要ログイン),ＪＲ九州,,https://www.jrkyushu-kippu.jp/fare/ticket/455,"[{'text': 'ＪＲ九州', 'url': 'https://www.jrkyushu-kippu.jp/fare/ticket/455'}]",,https://www2s.biglobe.ne.jp/~t_aoyagi/railway/free/jrkyusyu128.htm,jrkyusyu128.htm,28,2026-08-10 01:30:50.424840+00:00,九州大冒険きっぷ(北部九州版),,,,https://www2s.biglobe.ne.jp/~t_aoyagi/railway/free/jrkyusyu128.htm
jrkyusyu132,かごんまーベラスフリーきっぷ,ＪＲ九州,['ＪＲ九州'],1,FALSE,kyusyu,九州,九州,['九州'],kikan,期間限定タイプ,期间限定,['実券'],TRUE,FALSE,ended,終了,,,3500,1500,1500,"大人：3,500円 小人：1,500円",２日,2,2026年3月1日〜2026年6月28日,2026年3月12日〜2026年6月30日,,['https://www2s.biglobe.ne.jp/~t_aoyagi/railway/free/map/jrkyusyu132.gif'],"九州新幹線 特急・急行 快速・普通 
 グリーン 普通車指定 普通車自由 グリーン DXグリーン グリーン個室 普通車指定 普通車自由 ライナー 指定 自由 
 × × × ▲ ▲ ▲ ▲ 〇 ▲ ▲ 〇 
 
 ○：乗車可 ▲：乗車券のみ有効 ×：乗車不可",['乗車日の前日までの発売'],1,インターネット列車予約,ＪＲ九州 TEL:,,https://www.jrkyushu-kippu.jp/fare/ticket/459,"[{'text': 'ＪＲ九州', 'url': 'https://www.jrkyushu-kippu.jp/fare/ticket/459'}]",,https://www2s.biglobe.ne.jp/~t_aoyagi/railway/free/jrkyusyu132.htm,jrkyusyu132.htm,29,2026-08-10 01:30:50.424840+00:00,かごんまーベラスフリーきっぷ,,,,https://www2s.biglobe.ne.jp/~t_aoyagi/railway/free/jrkyusyu132.htm
jrkyusyu133,JR・市電・市バス・シティビュー乗りまわレールきっぷ,ＪＲ九州,['ＪＲ九州' '鹿児島市交通局'],2,TRUE,kyusyu,九州,九州,['九州'],kikan,期間限定タイプ,期间限定,['デジタル'],FALSE,TRUE,period,2026/3/14  〜7/31,2026/3/14,2026/7/31,1000,500,500,"大人：1,000円 小人：500円",２日,2,2026年3月14日〜2026年7月31日,2026年3月14日〜2026年7月31日,,['https://www2s.biglobe.ne.jp/~t_aoyagi/railway/free/map/jrkyusyu133.gif'],"九州新幹線 特急・急行 快速・普通 
 グリーン 普通車指定 普通車自由 グリーン DXグリーン グリーン個室 普通車指定 普通車自由 ライナー 指定 自由 
 × × × ▲ ▲ ▲ ▲ ▲ ▲ ▲ 〇 
 
 ○：乗車可 ▲：乗車券のみ有効 ×：乗車不可",['乗車日の前日までの発売'],1,my route,ＪＲ九州 TEL:,,https://kyushu-maas.jp/ticket/1723,"[{'text': '九州MaaS', 'url': 'https://kyushu-maas.jp/ticket/1723'}]",,https://www2s.biglobe.ne.jp/~t_aoyagi/railway/free/jrkyusyu133.htm,jrkyusyu133.htm,30,2026-08-10 01:30:50.424840+00:00,JR・市電・市バス・シティビュー乗りまわレールきっぷ,,,,https://www2s.biglobe.ne.jp/~t_aoyagi/railway/free/jrkyusyu133.htm
jrkyusyu116,くまもっと！冒険きっぷ,ＪＲ九州,['ＪＲ九州'],1,FALSE,kyusyu,九州,九州,['九州'],kikan,期間限定タイプ,期间限定,['実券' 'デジタル'],TRUE,TRUE,period,2026/6/17  〜12/31,2026/6/17,2026/12/31,2990,1490,1490,"【JR九州インターネット列車予約】 
 2日間用 大人：2,990円／小人：1,490円 
 3日間用 大人：3,990円／小人：1,990円 
 
【tabiwa/my route】 
 2日間用 大人：3,190円／小人：1,590円 
 3日間用 大人：4,190円／小人：2,090円",2日間/3日間,2,"JR九州インターネット列車予約 2日間用 2026年6月17日〜2026年12月29日 
 3日間用 2026年6月17日〜2026年12月28日 
 tabiwa/my route 2日間用 2026年7月1日〜2026年12月30日 
 3日間用 2026年7月1日〜2026年12月29日",2026年7月1日〜2026年12月31日,,['https://www2s.biglobe.ne.jp/~t_aoyagi/railway/free/map/jrkyusyu116.gif'],"山陽新幹線 九州新幹線 
 西九州新幹線 特急・急行 快速・普通 
 グリーン 普通車指定 普通車自由 グリーン DXグリーン グリーン個室 普通車指定 普通車自由 ライナー 指定 自由 
 － × × × ■ ■ ■ ■ ■ ■ △ ○ 
 
 ○：乗車可 ■：乗車券のみ有効 
 
 
 ×：乗車不可 －：設定なし",[],0,"「 JR九州インターネット列車予約 」(要ログイン) 
 
 tabiwa my route",ＪＲ九州案内センター TEL：095-826-4336,,https://www.jrkyushu.co.jp/news/__icsFiles/afieldfile/2026/05/26/20260526_Kumamoto_DC_Collaboration_Campaign_1.pdf,"[{'text': 'ＪＲ九州', 'url': 'https://www.jrkyushu.co.jp/news/__icsFiles/afieldfile/2026/05/26/20260526_Kumamoto_DC_Collaboration_Campaign_1.pdf'}]",,https://www2s.biglobe.ne.jp/~t_aoyagi/railway/free/jrkyusyu116.htm,jrkyusyu116.htm,31,2026-08-10 01:30:50.424840+00:00,くまもっと！冒険きっぷ,,,,https://www2s.biglobe.ne.jp/~t_aoyagi/railway/free/jrkyusyu116.htm
solaseed01,鹿児島・宮崎フリーきっぷ,ソラシドエア,['ソラシドエア'],1,FALSE,kyusyu,九州,九州,['九州'],kikan,期間限定タイプ,期间限定,['実券'],TRUE,FALSE,on_sale,発売中,,,6390,3240,3240,"有効期間 一般 Solaseed Airカード 
 大人 小人 大人 小人 
 2日間 7,100円 3,600円 6,390円 3,240円 
 3日間 8,400円 4,200円 7,560円 3,780円",２日間/３日間,2,発売中,発売中,,['https://www2s.biglobe.ne.jp/~t_aoyagi/railway/free/map/solaseed01.gif'],"山陽新幹線 九州新幹線 西九州新幹線 特急･急行 快速･普通 ななつ星in九州 或る列車 かんぱち・いちろく 36ぷらす3 BRTひこぼしライン 
 みずほ グリーン 普通車指定 普通車自由 普通車指定 普通車自由 グリーン DXグリーン グリーン個室 普通車指定 普通車自由 指定 自由 
 × × × × × － － × × × ● ○ ● ○ × × × ▲ × 
 
 ○：乗車可 ●：制限あり ▲：乗車券のみ有効 
 
 ×：乗車不可 －：設定なし 
 
 ※指定席は６回まで",[],0,"ソラシドエア便：羽田発 → 宮崎／熊本／長崎／鹿児島／大分到着便
 
 
引換駅：宮崎,宮崎空港,鹿児島中央,隼人,国分,霧島神宮,指宿",ＪＲ九州,,https://www.solaseedair.jp/jrkyushu-freeticket/,"[{'text': 'ソラシドエア', 'url': 'https://www.solaseedair.jp/jrkyushu-freeticket/'}]",,https://www2s.biglobe.ne.jp/~t_aoyagi/railway/free/solaseed01.htm,solaseed01.htm,32,2026-08-10 01:30:50.424840+00:00,鹿児島・宮崎フリーきっぷ,,,,https://www2s.biglobe.ne.jp/~t_aoyagi/railway/free/solaseed01.htm
solaseed02,由布院・別府フリーきっぷ,ソラシドエア,['ソラシドエア'],1,FALSE,kyusyu,九州,九州,['九州'],kikan,期間限定タイプ,期间限定,['実券'],TRUE,FALSE,on_sale,発売中,,,8640,4320,4320,"有効期間 一般 Solaseed Airカード 
 大人 小人 大人 小人 
 2日間 9,600円 4,800円 8,640円 4,320円 
 3日間 10,900円 5,500円 9,810円 4,950円",２日間/３日間,2,2024年7月1日〜,2024年7月1日〜,,['https://www2s.biglobe.ne.jp/~t_aoyagi/railway/free/map/solaseed02.gif'],"山陽新幹線 九州新幹線 西九州新幹線 特急・急行 快速・普通 ななつ星in九州 或る列車 かんぱち・いちろく 36ぷらす3 BRTひこぼしライン 
 グリーン 普通車指定 普通車自由 普通車指定 普通車自由 グリーン DXグリーン グリーン個室 普通車指定 普通車自由 ライナー 指定 自由 
 × × × × － － ▲ ▲ ▲ ○ ○ ▲ ○ × × × × ▲ × 
 
 ○：乗車可 ▲：乗車券のみ有効 ×：乗車不可 －：設定なし",[],0,"ソラシドエア便：羽田発 → 宮崎／熊本／長崎／鹿児島／大分到着便
 
 
引換駅：博多,小倉,鳥栖,別府,大分,由布院,行橋",ＪＲ九州,,https://www.solaseedair.jp/jrkyushu-freeticket/,"[{'text': 'ソラシドエア', 'url': 'https://www.solaseedair.jp/jrkyushu-freeticket/'}]",,https://www2s.biglobe.ne.jp/~t_aoyagi/railway/free/solaseed02.htm,solaseed02.htm,33,2026-08-10 01:30:50.424840+00:00,由布院・別府フリーきっぷ,,,,https://www2s.biglobe.ne.jp/~t_aoyagi/railway/free/solaseed02.htm
solaseed03,西九州フリーきっぷ,ソラシドエア,['ソラシドエア'],1,FALSE,kyusyu,九州,九州,['九州'],kikan,期間限定タイプ,期间限定,['実券'],TRUE,FALSE,on_sale,発売中,,,9180,4590,4590,"西九州新幹線2回乗車可 
 
 
 有効期間 一般 Solaseed Airカード 
 大人 小人 大人 小人 
 2日間 10,200円 5,100円 9,180円 4,590円 
 3日間 11,000円 5,500円 9,900円 4,950円 
 
 
 
 西九州新幹線乗車回数制限なし 
 
 有効期間 一般 Solaseed Airカード 
 大人 小人 大人 小人 
 2日間 11,500円 5,800円 10,350円 5,220円 
 3日間 12,600円 6,300円 11,340円 5,670円",２日間/３日間,2,2024年7月1日〜,2024年7月1日〜,,['https://www2s.biglobe.ne.jp/~t_aoyagi/railway/free/map/solaseed03.gif'],"山陽新幹線 九州新幹線 西九州新幹線 特急･急行 快速･普通 ななつ星in九州 或る列車 かんぱち・いちろく 36ぷらす3 BRTひこぼしライン 
 みずほ グリーン 普通車指定 普通車自由 普通車指定 普通車自由 グリーン DXグリーン グリーン個室 普通車指定 普通車自由 指定 自由 
 × × × × × ● ● ▲ ▲ ▲ ○ ○ ▲ ○ × × × ▲ × 
 
 ○：乗車可 ●：制限あり ▲：乗車券のみ有効 
 
 ×：乗車不可 －：設定なし 
 
 西九州新幹線の乗車は2回と無制限がある。",[],0,"ソラシドエア便：羽田発 → 宮崎／熊本／長崎／鹿児島／大分到着便
 
 
引換駅：博多,鳥栖,佐賀,長崎,諫早,佐世保,ハウステンボス,大村,新大村",ＪＲ九州,,https://www.solaseedair.jp/jrkyushu-freeticket/,"[{'text': 'ソラシドエア', 'url': 'https://www.solaseedair.jp/jrkyushu-freeticket/'}]",,https://www2s.biglobe.ne.jp/~t_aoyagi/railway/free/solaseed03.htm,solaseed03.htm,34,2026-08-10 01:30:50.424840+00:00,西九州フリーきっぷ,,,,https://www2s.biglobe.ne.jp/~t_aoyagi/railway/free/solaseed03.htm
solaseed04,中九州フリーきっぷ,ソラシドエア,['ソラシドエア'],1,FALSE,kyusyu,九州,九州,['九州'],kikan,期間限定タイプ,期间限定,['実券'],TRUE,FALSE,on_sale,発売中,,,11160,5580,5580,"有効期間 一般 Solaseed Airカード 
 大人 小人 大人 小人 
 2日間 12,400円 6,200円 11,160円 5,580円 
 3日間 13,800円 6,900円 12,420円 6,210円",２日間/３日間,2,2024年7月1日〜,2024年7月1日〜,,['https://www2s.biglobe.ne.jp/~t_aoyagi/railway/free/map/solaseed04.gif'],"山陽新幹線 九州新幹線 西九州新幹線 特急･急行 快速･普通 ななつ星in九州 或る列車 かんぱち・いちろく 36ぷらす3 BRTひこぼしライン 
 みずほ グリーン 普通車指定 普通車自由 普通車指定 普通車自由 グリーン DXグリーン グリーン個室 普通車指定 普通車自由 指定 自由 
 × × × ● ● － － ▲ ▲ ▲ ○ ○ ▲ ○ × × × ▲ × 
 
 ○：乗車可 ●：制限あり ▲：乗車券のみ有効 
 
 ×：乗車不可 －：設定なし 
 
 九州新幹線の乗車は1回のみ",[],0,"ソラシドエア便：羽田発 → 宮崎／熊本／長崎／鹿児島／大分到着便
 
 
引換駅：博多,鳥栖,別府,大分,由布院,熊本,肥後大津,阿蘇,宮地",ＪＲ九州,,https://www.solaseedair.jp/jrkyushu-freeticket/,"[{'text': 'ソラシドエア', 'url': 'https://www.solaseedair.jp/jrkyushu-freeticket/'}]",,https://www2s.biglobe.ne.jp/~t_aoyagi/railway/free/solaseed04.htm,solaseed04.htm,35,2026-08-10 01:30:50.424840+00:00,中九州フリーきっぷ,,,,https://www2s.biglobe.ne.jp/~t_aoyagi/railway/free/solaseed04.htm
solaseed05,全九州フリーきっぷ,ソラシドエア,['ソラシドエア'],1,FALSE,kyusyu,九州,九州,['九州'],kikan,期間限定タイプ,期间限定,['実券'],TRUE,FALSE,on_sale,発売中,,,32490,16290,16290,"有効期間 一般 Solaseed Airカード 
 大人 小人 大人 小人 
 3日間 36,100円 18,100円 32,490円 16,290円 
 4日間 37,400円 18,700円 33,660円 16,830円 
 5日間 38,700円 19,400円 34,830円 17,460円",３日間/４日間/５日間,3,2024年7月1日〜,2024年7月1日〜,,['https://www2s.biglobe.ne.jp/~t_aoyagi/railway/free/map/solaseed05.gif'],"山陽新幹線 九州新幹線 西九州新幹線 特急･急行 快速･普通 ななつ星in九州 或る列車 かんぱち・いちろく 36ぷらす3 BRTひこぼしライン 
 みずほ グリーン 普通車指定 普通車自由 普通車指定 普通車自由 グリーン DXグリーン グリーン個室 普通車指定 普通車自由 指定 自由 
 × × × ● ○ ● ○ × × × ● ○ ● ○ × × × × × 
 
 ○：乗車可 ●：制限あり ▲：乗車券のみ有効 
 
 ×：乗車不可 －：設定なし 
 
 ※指定席は６回まで",[],0,"ソラシドエア便：羽田発 → 宮崎／熊本／長崎／鹿児島／大分到着便
 
 
引換駅：博多,小倉,佐賀,長崎,諫早,ハウステンボス,大村,新大村,別府,大分,由布院,熊本,肥後大津,宮崎,宮崎空港,鹿児島中央",ＪＲ九州,,https://www.solaseedair.jp/jrkyushu-freeticket/,"[{'text': 'ソラシドエア', 'url': 'https://www.solaseedair.jp/jrkyushu-freeticket/'}]",,https://www2s.biglobe.ne.jp/~t_aoyagi/railway/free/solaseed05.htm,solaseed05.htm,36,2026-08-10 01:30:50.424840+00:00,全九州フリーきっぷ,,,,https://www2s.biglobe.ne.jp/~t_aoyagi/railway/free/solaseed05.htm
solaseed06,かごんまーべラスフリーきっぷ,ソラシドエア,['ソラシドエア'],1,FALSE,kyusyu,九州,九州,['九州'],kikan,期間限定タイプ,期间限定,['実券'],TRUE,FALSE,ended,終了,,,3150,1350,1350,"有効期間 一般 Solaseed Airカード 
 大人 小人 大人 小人 
 2日間 3,500円 1,500円 3,150円 1,350円",２日間,2,2026年4月1日〜2026年6月27日,2026年4月1日〜2026年6月28日,,['https://www2s.biglobe.ne.jp/~t_aoyagi/railway/free/map/jrkyusyu132.gif'],"山陽新幹線 九州新幹線 西九州新幹線 特急･急行 快速･普通 ななつ星in九州 或る列車 かんぱち・いちろく 36ぷらす3 BRTひこぼしライン 
 みずほ グリーン 普通車指定 普通車自由 普通車指定 普通車自由 グリーン DXグリーン グリーン個室 普通車指定 普通車自由 指定 自由 
 × × × ▲ ○ － － × × × ▲ ○ ▲ ○ × × × × × 
 
 ○：乗車可 ●：制限あり ▲：乗車券のみ有効 
 
 ×：乗車不可 －：設定なし 
 
 ※指定席は６回まで",[],0,"ソラシドエア便：羽田発 → 鹿児島到着便
 
 
引換駅：鹿児島中央,隼人,国分,指宿",ＪＲ九州,,https://www.solaseedair.jp/jrkyushu-freeticket/,"[{'text': 'ソラシドエア', 'url': 'https://www.solaseedair.jp/jrkyushu-freeticket/'}]",,https://www2s.biglobe.ne.jp/~t_aoyagi/railway/free/solaseed06.htm,solaseed06.htm,37,2026-08-10 01:30:50.424840+00:00,かごんまーべラスフリーきっぷ,,,,https://www2s.biglobe.ne.jp/~t_aoyagi/railway/free/solaseed06.htm
nishitetu81,FUKUOKA 1DAY PASS,西日本鉄道,['西日本鉄道'],1,FALSE,kyusyu,九州,九州,['九州'],tunen,通年発売タイプ,全年发售,['実券'],TRUE,FALSE,on_sale,発売中,,,2980,1490,1490,"大人：2,980円／小人：1,490円",１日,1,発売中,発売中,,['https://www2s.biglobe.ne.jp/~t_aoyagi/railway/free/map/nishitetu81.gif'],,"['高速バス,特急バス,コミュニティバスは乗車不可。']",1,"西鉄福岡(天神),薬院,大橋,春日原,下大利,二日市,朝倉街道,筑紫,三国が丘,西鉄小郡,宮の陣,西鉄久留米,花畑,大善寺,西鉄柳川 
 天神定期券発売所,西鉄天神バスセンター,博多バスターミナル,福岡空港バスターミナル,天神駅観光案内所,バス営業所",西日本鉄道お客さまセンター TEL:0570-00-1010,,http://www.ensen24.jp/kippu/32/,"[{'text': '西日本鉄道', 'url': 'http://www.ensen24.jp/kippu/32/'}]",,https://www2s.biglobe.ne.jp/~t_aoyagi/railway/free/nishitetu81.htm,nishitetu81.htm,38,2026-08-10 01:30:50.424840+00:00,FUKUOKA 1DAY PASS,,,,https://www2s.biglobe.ne.jp/~t_aoyagi/railway/free/nishitetu81.htm
nishitetu21,福岡(天神)⇔太宰府1日フリー乗車券,西日本鉄道,['西日本鉄道'],1,FALSE,kyusyu,九州,九州,['九州'],kikan,期間限定タイプ,期间限定,['デジタル'],FALSE,TRUE,on_sale,発売中,,,820,420,420,大人：820円／小人：420円,１日,1,発売中,発売中,,['https://www2s.biglobe.ne.jp/~t_aoyagi/railway/free/map/nishitetu21.gif'],,[],0,my route Pass Case,西日本鉄道お客さまセンター TEL:0570-00-1010,,https://top.myroute.fun/ticket/fukuoka#dazaifucity,"[{'text': 'my route', 'url': 'https://top.myroute.fun/ticket/fukuoka#dazaifucity'}]",,https://www2s.biglobe.ne.jp/~t_aoyagi/railway/free/nishitetu21.htm,nishitetu21.htm,39,2026-08-10 01:30:50.424840+00:00,福岡(天神)⇔太宰府 1日フリー乗車券,,,,https://www2s.biglobe.ne.jp/~t_aoyagi/railway/free/nishitetu21.htm
nishitetu84,田主丸っと もぎもぎきっぷ,西日本鉄道,['西日本鉄道'],1,FALSE,kyusyu,九州,九州,['九州'],kikan,期間限定タイプ,期间限定,['デジタル'],FALSE,TRUE,ended,終了,,,2800,1400,1400,"大人：2,800円／小人：1,400円",１日,1,2024年9月1日〜2024年11月3日,2024年9月1日〜2024年11月3日,,['https://www2s.biglobe.ne.jp/~t_aoyagi/railway/free/map/nishitetu84.gif'],,"['高速バス,特急バス,コミュニティバスは乗車不可。']",1,my route,西日本鉄道お客さまセンター TEL:0570-00-1010,,https://fukuoka-maas.jp/experimental/tanushimaru/,"[{'text': '福岡MaaS', 'url': 'https://fukuoka-maas.jp/experimental/tanushimaru/'}]",,https://www2s.biglobe.ne.jp/~t_aoyagi/railway/free/nishitetu84.htm,nishitetu84.htm,40,2026-08-10 01:30:50.424840+00:00,田主丸っと もぎもぎきっぷ,,,,https://www2s.biglobe.ne.jp/~t_aoyagi/railway/free/nishitetu84.htm
kitamono01,１日乗車券,北九州高速鉄道,['北九州高速鉄道'],1,FALSE,kyusyu,九州,九州,['九州'],tunen,通年発売タイプ,全年发售,['実券' 'デジタル'],TRUE,TRUE,on_sale,発売中,,,800,400,400,大人：800円／小人：400円,１日,1,通年,通年,,['https://www2s.biglobe.ne.jp/~t_aoyagi/railway/free/map/kitamono.gif'],,[],0,"各駅券売機, RYDE PASS",北九州高速鉄道・企画課 TEL:093-961-0103,,https://www.kitakyushu-monorail.co.jp/fare/special-ticket.php,"[{'text': '北九州高速鉄道', 'url': 'https://www.kitakyushu-monorail.co.jp/fare/special-ticket.php'}
 {'text': 'RYDE PASS', 'url': 'https://pass.ryde-go.com/products/GQV304YSJQ89'}]",,https://www2s.biglobe.ne.jp/~t_aoyagi/railway/free/kitamono01.htm,kitamono01.htm,41,2026-08-10 01:30:50.424840+00:00,１日乗車券,,,,https://www2s.biglobe.ne.jp/~t_aoyagi/railway/free/kitamono01.htm
chikuchiku91,へい！ちくてつ１日フリーきっぷ,筑豊電気鉄道,['筑豊電気鉄道' '平成筑豊鉄道'],2,TRUE,kyusyu,九州,九州,['九州'],tunen,通年発売タイプ,全年发售,['デジタル'],FALSE,TRUE,on_sale,発売中,,,1600,800,800,"大人：1,600円／小人：800円",１日,1,通年,通年,,['https://www2s.biglobe.ne.jp/~t_aoyagi/railway/free/map/chikuchiku.gif'],,['土日祝日および年末年始(12月30日〜1月3日)はきっぷ一枚で小人1名無料で乗車可'],1,my route,平成筑豊鉄道 TEL:0947-22-1000,,https://www.heichiku.net/d-tickets/heichikutetsu_d/,"[{'text': '平成筑豊鉄道推進協議会', 'url': 'https://www.heichiku.net/d-tickets/heichikutetsu_d/'}
 {'text': '筑豊電鉄', 'url': 'http://www.chikutetsu.co.jp/data/topics/389_250131_heichikutetsufree%20.pdf'}
 {'text': '九州MaaS', 'url': 'https://kyushu-maas.jp/ticket/1126'}]",,https://www2s.biglobe.ne.jp/~t_aoyagi/railway/free/chikuchiku91.htm,chikuchiku91.htm,43,2026-08-10 01:30:50.424840+00:00,へい！ちくてつ１日フリーきっぷ,,,,https://www2s.biglobe.ne.jp/~t_aoyagi/railway/free/chikuchiku91.htm
chikutetsu01,ちくてつ24時間フリーきっぷ,筑豊電気鉄道,['筑豊電気鉄道'],1,FALSE,kyusyu,九州,九州,['九州'],tunen,通年発売タイプ,全年发售,['デジタル'],FALSE,TRUE,on_sale,発売中,,,920,460,460,大人：920円／小人：460円,１日,1,通年,通年,,['https://www2s.biglobe.ne.jp/~t_aoyagi/railway/free/map/chikutetsu.gif'],,[],0,my route,筑豊電気鉄道電車営業所 TEL:093-619-3077,,http://www.chikutetsu.co.jp/data/topics/390_250131_chikutetsufree%20.pdf,"[{'text': '筑豊電気鉄道', 'url': 'http://www.chikutetsu.co.jp/data/topics/390_250131_chikutetsufree%20.pdf'}
 {'text': '九州MaaS', 'url': 'https://kyushu-maas.jp/ticket/1123'}]",,https://www2s.biglobe.ne.jp/~t_aoyagi/railway/free/chikutetsu01.htm,chikutetsu01.htm,44,2026-08-10 01:30:50.424840+00:00,ちくてつ24時間フリーきっぷ,,,,https://www2s.biglobe.ne.jp/~t_aoyagi/railway/free/chikutetsu01.htm
fukuoka01,１日乗車券,福岡市交通局,['福岡市交通局'],1,FALSE,kyusyu,九州,九州,['九州'],tunen,通年発売タイプ,全年发售,['実券'],TRUE,FALSE,on_sale,発売中,,,640,320,320,大人：640円／小人：320円,１日,1,通年,通年,,['https://www2s.biglobe.ne.jp/~t_aoyagi/railway/free/map/fukuoka.gif'],,[],0,各駅券売機,福岡市交通局テレホンセンター TEL:092-734-7800,,https://subway.city.fukuoka.lg.jp/fare/card/oneday.php,"[{'text': '福岡市交通局', 'url': 'https://subway.city.fukuoka.lg.jp/fare/card/oneday.php'}]",,https://www2s.biglobe.ne.jp/~t_aoyagi/railway/free/fukuoka01.htm,fukuoka01.htm,45,2026-08-10 01:30:50.424840+00:00,１日乗車券,,,,https://www2s.biglobe.ne.jp/~t_aoyagi/railway/free/fukuoka01.htm
fukuoka15,ファミちかきっぷ,福岡市交通局,['福岡市交通局'],1,FALSE,kyusyu,九州,九州,['九州'],tunen,通年発売タイプ,全年发售,['実券' 'デジタル'],TRUE,TRUE,on_sale,発売中,,,,,1000,"1,000円",１日,1,通年,通年,,['https://www2s.biglobe.ne.jp/~t_aoyagi/railway/free/map/fukuoka.gif'],,['大人2名と小人(人数制限なし)が同時に利用'],1,"駅窓口,お客様サービスセンター 
 my route",福岡市交通局テレホンセンター TEL:092-734-7800,,https://subway.city.fukuoka.lg.jp/fare/card/fami.php,"[{'text': '福岡市交通局', 'url': 'https://subway.city.fukuoka.lg.jp/fare/card/fami.php'}
 {'text': '九州MaaS', 'url': 'https://kyushu-maas.jp/ticket/1379'}]",,https://www2s.biglobe.ne.jp/~t_aoyagi/railway/free/fukuoka15.htm,fukuoka15.htm,46,2026-08-10 01:30:50.424840+00:00,ファミちかきっぷ,,,,https://www2s.biglobe.ne.jp/~t_aoyagi/railway/free/fukuoka15.htm
fukuoka16,ファミリーペア券,福岡市交通局,['福岡市交通局'],1,FALSE,kyusyu,九州,九州,['九州'],tunen,通年発売タイプ,全年发售,['実券' 'デジタル'],TRUE,TRUE,on_sale,発売中,,,,,800,800円,１日,1,通年,通年,,['https://www2s.biglobe.ne.jp/~t_aoyagi/railway/free/map/fukuoka.gif'],,['大人1名と小人1名が同時に利用'],1,"駅窓口,お客様サービスセンター 
 my route",福岡市交通局テレホンセンター TEL:092-734-7800,,https://subway.city.fukuoka.lg.jp/fare/famipair/,"[{'text': '福岡市交通局', 'url': 'https://subway.city.fukuoka.lg.jp/fare/famipair/'}]",,https://www2s.biglobe.ne.jp/~t_aoyagi/railway/free/fukuoka16.htm,fukuoka16.htm,47,2026-08-10 01:30:50.424840+00:00,ファミリーペア券,,,,https://www2s.biglobe.ne.jp/~t_aoyagi/railway/free/fukuoka16.htm
fukuoka94,小学生100円パス,福岡市交通局,['福岡市交通局'],1,FALSE,kyusyu,九州,九州,['九州'],holiday,週末限定タイプ,周末限定,['実券'],TRUE,FALSE,on_sale,発売中,,,,100,100,小人：100円,１日,1,"土日 
 春休み：2025年3月25日〜2024年4月6日 
 夏休み：2025年7月19日〜2025年8月26日 
 冬休み：2025年12月24日〜2026年1月6日","土日 
 春休み：2025年3月25日〜2024年4月6日 
 夏休み：2025年7月19日〜2025年8月26日 
 冬休み：2025年12月24日〜2026年1月6日",,['https://www2s.biglobe.ne.jp/~t_aoyagi/railway/free/map/fukuoka.gif'],,['小学生限定'],1,地下鉄駅券売機,福岡市交通局テレホンセンター TEL 092-734-7800,,https://subway.city.fukuoka.lg.jp/fare/kidsticket/,"[{'text': '福岡市交通局', 'url': 'https://subway.city.fukuoka.lg.jp/fare/kidsticket/'}]",,https://www2s.biglobe.ne.jp/~t_aoyagi/railway/free/fukuoka94.htm,fukuoka94.htm,48,2026-08-10 01:30:50.424840+00:00,小学生100円パス,,,,https://www2s.biglobe.ne.jp/~t_aoyagi/railway/free/fukuoka94.htm
tikuho02,ちくまるキップ,平成筑豊鉄道,['平成筑豊鉄道'],1,FALSE,kyusyu,九州,九州,['九州'],tunen,通年発売タイプ,全年发售,['実券'],TRUE,FALSE,on_sale,発売中,,,1500,800,800,"大人：1,500円／小人：800円",１日,1,通年,通年,,['https://www2s.biglobe.ne.jp/~t_aoyagi/railway/free/map/heitiku.gif'],,[],0,"駅窓口・列車内 
 中泉駅（おしゃれステーションフジタ）",平成筑豊鉄道 TEL:0947-22-1000,,http://www.heichiku.net/d-tickets/1dayfree/,"[{'text': '平成筑豊鉄道推進協議会', 'url': 'http://www.heichiku.net/d-tickets/1dayfree/'}]",,https://www2s.biglobe.ne.jp/~t_aoyagi/railway/free/tikuho02.htm,tikuho02.htm,49,2026-08-10 01:30:50.424840+00:00,ちくまるキップ,,,,https://www2s.biglobe.ne.jp/~t_aoyagi/railway/free/tikuho02.htm
mojiko,１日フリーきっぷ,平成筑豊鉄道,['平成筑豊鉄道'],1,FALSE,kyusyu,九州,九州,['九州'],holiday,週末限定タイプ,周末限定,['実券'],TRUE,FALSE,period,2026/4/1  〜2027/3/31,2026/4/1,2027/3/31,1000,500,500,"大人：1,000円／小人：500円",１日,1,2026年4月1日〜2027年3月31日,"2026年4月1日〜2027年3月31日の土・日・祝日 
 (1月1日,1月3日〜1月4日は運休) 
 4月29日〜5月10日,8月8日〜8月16日は毎日運行",,['https://www2s.biglobe.ne.jp/~t_aoyagi/railway/free/map/mojiko.gif'],,[],0,"九州鉄道記念館駅,関門海峡めかり駅,潮風号車内",平成筑豊鉄道 TEL:0947-22-1000,,https://www.retro-line.net/value_tickets/1day-pass/,"[{'text': '門司港レトロ観光列車潮風号', 'url': 'https://www.retro-line.net/value_tickets/1day-pass/'}]",,https://www2s.biglobe.ne.jp/~t_aoyagi/railway/free/mojiko.htm,mojiko.htm,51,2026-08-10 01:30:50.424840+00:00,１日フリーきっぷ,,,,https://www2s.biglobe.ne.jp/~t_aoyagi/railway/free/mojiko.htm
tikuho93,へいちくフェスタ乗り放題きっぷ,平成筑豊鉄道,['平成筑豊鉄道'],1,FALSE,kyusyu,九州,九州,['九州'],kikan,期間限定タイプ,期间限定,['実券'],TRUE,FALSE,ended,終了,,,1000,,1000,"大人：1,000円",2日間,2,平成27年10月3日〜平成27年10月25日,平成27年10月24日〜平成27年10月25日,,['https://www2s.biglobe.ne.jp/~t_aoyagi/railway/free/map/heitiku.gif'],,[],0,金田,平成筑豊鉄道 TEL:0947-22-1000,,http://www.heichiku.net/wp-content/uploads/2015/09/festa2015-kippu.pdf,"[{'text': '平成筑豊鉄道', 'url': 'http://www.heichiku.net/wp-content/uploads/2015/09/festa2015-kippu.pdf'}]",,https://www2s.biglobe.ne.jp/~t_aoyagi/railway/free/tikuho93.htm,tikuho93.htm,52,2026-08-10 01:30:50.424840+00:00,へいちくフェスタ乗り放題きっぷ,,,,https://www2s.biglobe.ne.jp/~t_aoyagi/railway/free/tikuho93.htm
amatetu01,甘鉄一日フリー乗車券,甘木鉄道,['甘木鉄道'],1,FALSE,kyusyu,九州,九州,['九州'],tunen,通年発売タイプ,全年发售,['実券'],TRUE,FALSE,on_sale,発売中,,,860,430,430,大人：860円／小人：430円,１日,1,通年,通年,,['https://www2s.biglobe.ne.jp/~t_aoyagi/railway/free/map/amagi.gif'],,[],0,"甘木駅,小郡販売所",甘木鉄道 TEL:0946-23-1111,,http://www.amatetsu.jp/fare/index.html,"[{'text': '甘木鉄道', 'url': 'http://www.amatetsu.jp/fare/index.html'}]",,https://www2s.biglobe.ne.jp/~t_aoyagi/railway/free/amatetu01.htm,amatetu01.htm,53,2026-08-10 01:30:50.424840+00:00,甘鉄一日フリー乗車券,,,,https://www2s.biglobe.ne.jp/~t_aoyagi/railway/free/amatetu01.htm
matuura01,松浦鉄道１日乗車券,松浦鉄道,['松浦鉄道'],1,FALSE,kyusyu,九州,九州,['九州'],tunen,通年発売タイプ,全年发售,['実券' 'デジタル'],TRUE,TRUE,on_sale,発売中,,,2500,500,500,"大人：2,500円／小人：500円",１日,1,通年,通年,,['https://www2s.biglobe.ne.jp/~t_aoyagi/railway/free/map/matuura.gif'],,[],0,"有田,伊万里,松浦,たびら平戸口,佐々,佐世保中央,佐世保 
 車内 
 
 ジョルダンモバイルチケット my route",松浦鉄道営業部駅務課 TEL:0956-25-2229,,https://matutetu.com/pages/744/,"[{'text': '松浦鉄道', 'url': 'https://matutetu.com/pages/744/'}
 {'text': 'ジョルダンモバイルチケット', 'url': 'https://ticket.jorudan.co.jp/matsutetsu/1d/ja/'}
 {'text': 'my route', 'url': 'https://top.myroute.fun/ticket/nagasaki#kujukuislands'}]",,https://www2s.biglobe.ne.jp/~t_aoyagi/railway/free/matuura01.htm,matuura01.htm,54,2026-08-10 01:30:50.424840+00:00,松浦鉄道１日乗車券,,,,https://www2s.biglobe.ne.jp/~t_aoyagi/railway/free/matuura01.htm
matuura04,西肥バス・させぼバス・松浦鉄道 1 日乗車券,松浦鉄道,['松浦鉄道'],1,FALSE,kyusyu,九州,九州,['九州'],tunen,通年発売タイプ,全年发售,['デジタル'],FALSE,TRUE,on_sale,発売中,,,4000,2000,2000,"大人：4,000円／小人：2,000円",１日,1,通年,通年,,['https://www2s.biglobe.ne.jp/~t_aoyagi/railway/free/map/matsuura04.gif'],,[],0,my route,松浦鉄道 TEL:0956-25-3900,,https://matutetu.com/files/libs/5202/202410281037368164.pdf,"[{'text': '松浦鉄道', 'url': 'https://matutetu.com/files/libs/5202/202410281037368164.pdf'}
 {'text': '西肥バス', 'url': 'https://www.bus.saihigroup.co.jp/cms/wp-content/uploads/2024/07/%E8%A5%BF%E8%82%A5%E3%83%90%E3%82%B9%E3%83%BB%E3%81%95%E3%81%9B%E3%81%BC%E3%83%90%E3%82%B9%E3%83%BB%E6%9D%BE%E6%B5%A6%E9%89%84%E9%81%931%E6%97%A5%E4%B9%97%E8%BB%8A%E5%88%B8%E7%99%BA%E5%A3%B2%E9%96%8B%E5%A7%8B.pdf'}]",,https://www2s.biglobe.ne.jp/~t_aoyagi/railway/free/matuura04.htm,matuura04.htm,55,2026-08-10 01:30:50.424840+00:00,西肥バス・させぼバス・松浦鉄道 1 日乗車券,,,,https://www2s.biglobe.ne.jp/~t_aoyagi/railway/free/matuura04.htm
matuura03,シルバー会員専用１日乗車券,松浦鉄道,['松浦鉄道'],1,FALSE,kyusyu,九州,九州,['九州'],kaiin,会員限定タイプ,会员限定,['実券'],TRUE,FALSE,on_sale,発売中,,,1500,,1500,"大人：1,500円",１日,1,通年,通年,,['https://www2s.biglobe.ne.jp/~t_aoyagi/railway/free/map/matuura.gif'],,"['松浦鉄道シルバークラブ(入会金1,000円,更新料500円、満65歳以上の男女)への入会が必須。']",1,"有田,伊万里,松浦,たびら平戸口,佐々,佐世保中央,佐世保",松浦鉄道 TEL:0956-25-3900,,https://matutetu.com/pages/745/,"[{'text': '松浦鉄道', 'url': 'https://matutetu.com/pages/745/'}]",,https://www2s.biglobe.ne.jp/~t_aoyagi/railway/free/matuura03.htm,matuura03.htm,56,2026-08-10 01:30:50.424840+00:00,シルバー会員専用１日乗車券,,,,https://www2s.biglobe.ne.jp/~t_aoyagi/railway/free/matuura03.htm
matuura81,松浦鉄道コロプラ1日フリーきっぷ,松浦鉄道,['松浦鉄道'],1,FALSE,kyusyu,九州,九州,['九州'],kikan,期間限定タイプ,期间限定,['実券'],TRUE,FALSE,period,〜2027/3/31,,2027/3/31,3000,,3000,"大人：3,000円",１日,1,2014年6月1日〜2026年3月31日,2014年6月1日〜2026年3月31日,,['https://www2s.biglobe.ne.jp/~t_aoyagi/railway/free/map/matuura.gif'],,[],0,"有田,伊万里,松浦,たびら平戸口,佐々,佐世保中央,佐世保",松浦鉄道・佐世保駅 TEL:0956-25-2229,,https://colopl.co.jp/service/other/coloca/transport/area06/norimono_matsuura/,"[{'text': 'コロプラ', 'url': 'https://colopl.co.jp/service/other/coloca/transport/area06/norimono_matsuura/'}]",,https://www2s.biglobe.ne.jp/~t_aoyagi/railway/free/matuura81.htm,matuura81.htm,57,2026-08-10 01:30:50.424840+00:00,松浦鉄道コロプラ1日フリーきっぷ,,,,https://www2s.biglobe.ne.jp/~t_aoyagi/railway/free/matuura81.htm
matuura82,二陶巡り旅,松浦鉄道,['松浦鉄道'],1,FALSE,kyusyu,九州,九州,['九州'],kikan,期間限定タイプ,期间限定,['デジタル'],FALSE,TRUE,ended,終了,,,500,,500,大人：500円／小人：---円,１日,1,2024年8月1日〜2024年12月22日,2024年8月1日〜2024年12月22日の土日,,['https://www2s.biglobe.ne.jp/~t_aoyagi/railway/free/map/matsuura82.gif'],,['祝日は利用不可'],1,my route,松浦鉄道 TEL:0956-25-3900,,https://matutetu.com/files/libs/5194/202410231411068333.pdf,"[{'text': '松浦鉄道', 'url': 'https://matutetu.com/files/libs/5194/202410231411068333.pdf'}]",,https://www2s.biglobe.ne.jp/~t_aoyagi/railway/free/matuura82.htm,matuura82.htm,58,2026-08-10 01:30:50.424840+00:00,二陶巡り旅,,,,https://www2s.biglobe.ne.jp/~t_aoyagi/railway/free/matuura82.htm
sasebo,佐世保市内・佐々町内共通1日乗車券,松浦鉄道,['松浦鉄道'],1,FALSE,kyusyu,九州,九州,['九州'],kikan,期間限定タイプ,期间限定,['実券'],TRUE,FALSE,ended,終了,,,500,250,250,大人：500円／小人：250円,１日,1,2018年11月1日〜2018年11月17日,2018年11月17日,,['https://www2s.biglobe.ne.jp/~t_aoyagi/railway/free/map/sasebo.gif'],,[],0,"松浦鉄道：佐世保駅,佐世保中央駅 
 佐世保市交通局：佐世保駅前市営バスセンター、島瀬定期券売場 
 西肥バス：佐世保駅前バスセンター,大野,早岐田子の浦,江迎",佐世保市企画部地域交通課 TEL:0956-24-1111,,http://www.bus.saihigroup.co.jp/cms/wp-content/uploads/2018/10/1810%E3%81%B5%E3%82%8C%E3%81%82%E3%81%84%E3%83%95%E3%82%A7%E3%82%B9%E3%82%BF%E3%83%81%E3%83%A9%E3%82%B7.pdf,"[{'text': '西肥バス', 'url': 'http://www.bus.saihigroup.co.jp/cms/wp-content/uploads/2018/10/1810%E3%81%B5%E3%82%8C%E3%81%82%E3%81%84%E3%83%95%E3%82%A7%E3%82%B9%E3%82%BF%E3%83%81%E3%83%A9%E3%82%B7.pdf'}]",,https://www2s.biglobe.ne.jp/~t_aoyagi/railway/free/sasebo.htm,sasebo.htm,59,2026-08-10 01:30:50.424840+00:00,佐世保市内・佐々町内共通1日乗車券,,,,https://www2s.biglobe.ne.jp/~t_aoyagi/railway/free/sasebo.htm
matuura83,こどもわくわく100えんきっぷ,松浦鉄道,['松浦鉄道'],1,FALSE,kyusyu,九州,九州,['九州'],kikan,期間限定タイプ,期间限定,['実券'],TRUE,FALSE,period,2026/7/11  〜8/31,2026/7/11,2026/8/31,,100,100,小人：100円,１日,1,"2026年7月11日〜2026年8月31日 
 2025年12月20日〜2026年1月12日","2026年7月18日〜2026年8月31日 
 2025年12月25日〜2026年1月12日",,['https://www2s.biglobe.ne.jp/~t_aoyagi/railway/free/map/matuura.gif'],,[],0,"有田,伊万里,松浦,たびら平戸口,佐々,佐世保中央,佐世保",松浦鉄道・佐世保駅 TEL:0956-25-2229,,https://matutetu.com/pages/883/,"[{'text': '松浦鉄道', 'url': 'https://matutetu.com/pages/883/'}]",,https://www2s.biglobe.ne.jp/~t_aoyagi/railway/free/matuura83.htm,matuura83.htm,60,2026-08-10 01:30:50.424840+00:00,こどもわくわく100えんきっぷ,,,,https://www2s.biglobe.ne.jp/~t_aoyagi/railway/free/matuura83.htm
nagasaki01,電車一日乗車券,長崎電気軌道,['長崎電気軌道'],1,FALSE,kyusyu,九州,九州,['九州'],tunen,通年発売タイプ,全年发售,['実券' 'デジタル'],TRUE,TRUE,on_sale,発売中,,,600,300,300,大人：600円／小人：300円,１日,1,通年,通年,,['https://www2s.biglobe.ne.jp/~t_aoyagi/railway/free/map/nagasaki.gif'],,[],0,"駅前の観光協会，主なホテル，長崎駅構内 
 ジョルダンモバイルチケット my route RYDE PASS Pass Case STLOCAL",長崎電気軌道 TEL:095-845-4111,,http://www.naga-den.com/smarts/index/12,"[{'text': '長崎電気軌道', 'url': 'http://www.naga-den.com/smarts/index/12'}
 {'text': 'ジョルダンモバイルチケット', 'url': 'https://ticket.jorudan.co.jp/naga-den/ja/'}
 {'text': 'my route', 'url': 'https://top.myroute.fun/ticket/nagasaki#nagasakicity'}
 {'text': 'RYDE PASS', 'url': 'https://pass.ryde-go.com/products/GQV304YS5589'}]",,https://www2s.biglobe.ne.jp/~t_aoyagi/railway/free/nagasaki01.htm,nagasaki01.htm,61,2026-08-10 01:30:50.424840+00:00,一日乗車券,,,,https://www2s.biglobe.ne.jp/~t_aoyagi/railway/free/nagasaki01.htm
nagasaki02,24時間乗車券,長崎電気軌道,['長崎電気軌道'],1,FALSE,kyusyu,九州,九州,['九州'],tunen,通年発売タイプ,全年发售,['デジタル'],FALSE,TRUE,on_sale,発売中,,,700,350,350,大人：700円／小人：350円,利用開始後24時間,1,通年,通年,,['https://www2s.biglobe.ne.jp/~t_aoyagi/railway/free/map/nagasaki.gif'],,[],0,ジョルダンモバイルチケット my route RYDE PASS STLOCAL,長崎電気軌道 TEL:095-845-4111,,http://www.naga-den.com/publics/index/11/,"[{'text': '長崎電気軌道', 'url': 'http://www.naga-den.com/publics/index/11/'}
 {'text': 'ジョルダンモバイルチケット', 'url': 'https://ticket.jorudan.co.jp/naga-den/ja/'}
 {'text': 'my route', 'url': 'https://top.myroute.fun/ticket/nagasaki#nagasakicity'}
 {'text': 'RYDE PASS', 'url': 'https://pass.ryde-go.com/products/09G8M61SX0RW'}
 {'text': 'STLOCAL', 'url': 'https://stlocal.net/nagasaki/ticket/2'}]",,https://www2s.biglobe.ne.jp/~t_aoyagi/railway/free/nagasaki02.htm,nagasaki02.htm,62,2026-08-10 01:30:50.424840+00:00,24時間乗車券,,,,https://www2s.biglobe.ne.jp/~t_aoyagi/railway/free/nagasaki02.htm
nagasaki04,長崎電気軌道×乗合タクシー24時間券,長崎電気軌道,['長崎電気軌道'],1,FALSE,kyusyu,九州,九州,['九州'],tunen,通年発売タイプ,全年发售,['デジタル'],FALSE,TRUE,on_sale,発売中,,,1000,,1000,"大人：1,000円",利用開始後24時間,1,通年,通年,,['https://www2s.biglobe.ne.jp/~t_aoyagi/railway/free/map/nagasaki04.gif'],,[],0,Pass Case,長崎電気軌道 TEL:095-845-4111,,http://www.naga-den.com/publics/index/11/,"[{'text': '長崎電気軌道', 'url': 'http://www.naga-den.com/publics/index/11/'}]",,https://www2s.biglobe.ne.jp/~t_aoyagi/railway/free/nagasaki04.htm,nagasaki04.htm,63,2026-08-10 01:30:50.424840+00:00,長崎電気軌道×乗合タクシー24時間券,,,,https://www2s.biglobe.ne.jp/~t_aoyagi/railway/free/nagasaki04.htm
nagasaki92,LUCA路面電車フリーパス,長崎電気軌道,['長崎電気軌道'],1,FALSE,kyusyu,九州,九州,['九州'],kikan,期間限定タイプ,期间限定,['デジタル'],FALSE,TRUE,ended,終了,,,1400,700,700,"大人：1,400円／小人：700円",指定の5日間,5,2024年9月30日〜2024年10月27日,"2024年10月4日,10月4日,10月25日,10月26日,10月27日",,['https://www2s.biglobe.ne.jp/~t_aoyagi/railway/free/map/nagasaki.gif'],,[],0,RYDE PASS,長崎電気軌道電車事業部運転課 TEL:095-845-4113,,https://www.naga-den.com/pages/1307/,"[{'text': '長崎電気軌道', 'url': 'https://www.naga-den.com/pages/1307/'}
 {'text': 'RYDE PASS', 'url': 'https://pass.ryde-go.com/products/17894ZSGXZR0'}]",,https://www2s.biglobe.ne.jp/~t_aoyagi/railway/free/nagasaki92.htm,nagasaki92.htm,64,2026-08-10 01:30:50.424840+00:00,LUCA路面電車フリーパス,,,,https://www2s.biglobe.ne.jp/~t_aoyagi/railway/free/nagasaki92.htm
nagasaki93,ヴィヴィくんの路面電車フリーパス,長崎電気軌道,['長崎電気軌道'],1,FALSE,kyusyu,九州,九州,['九州'],kikan,期間限定タイプ,期间限定,['デジタル'],FALSE,TRUE,ended,終了,,,840,420,420,大人：840円／小人：420円,指定の3日間,3,2024年9月30日〜2024年11月10日,"2024年10月6日,10月27日,11月10日",,['https://www2s.biglobe.ne.jp/~t_aoyagi/railway/free/map/nagasaki.gif'],,[],0,RYDE PASS,長崎電気軌道電車事業部運転課 TEL:095-845-4113,,https://www.naga-den.com/pages/1307/,"[{'text': '長崎電気軌道', 'url': 'https://www.naga-den.com/pages/1307/'}
 {'text': 'RYDE PASS', 'url': 'https://pass.ryde-go.com/products/VM8LPZS6K9RP'}]",,https://www2s.biglobe.ne.jp/~t_aoyagi/railway/free/nagasaki93.htm,nagasaki93.htm,65,2026-08-10 01:30:50.424840+00:00,ヴィヴィくんの路面電車フリーパス,,,,https://www2s.biglobe.ne.jp/~t_aoyagi/railway/free/nagasaki93.htm
nagasaki91,夏休みわくわくパス,長崎電気軌道,['長崎電気軌道'],1,FALSE,kyusyu,九州,九州,['九州'],summer,夏限定タイプ,夏季限定,['実券'],TRUE,FALSE,period,2026/7/3  〜8/9,2026/7/3,2026/8/9,,2160,2160,"中学生：4,680円／小人：2,160円",利用期間中の毎日,,2026年7月3日〜2026年8月9日,2026年7月18日〜2026年8月31日,,['https://www2s.biglobe.ne.jp/~t_aoyagi/railway/free/map/nagasaki.gif'],,['小学生は健康保険証など公的証明書が必要' '中学生は在学を証明するもの（生徒手帳など）が必要' 'ｎｉｍｏｃａが必要'],3,"浦上車庫営業所，蛍茶屋営業所，西浜町臨時販売所,赤迫臨時販売所",長崎電気軌道電車事業部運転課 TEL:095-845-4113,,https://www.naga-den.com/pages/969,"[{'text': '長崎電気軌道', 'url': 'https://www.naga-den.com/pages/969'}]",,https://www2s.biglobe.ne.jp/~t_aoyagi/railway/free/nagasaki91.htm,nagasaki91.htm,66,2026-08-10 01:30:50.424840+00:00,夏休みわくわくパス,,,,https://www2s.biglobe.ne.jp/~t_aoyagi/railway/free/nagasaki91.htm
simabara07,SHIMATETSU FREE PASS,島原鉄道,['島原鉄道'],1,FALSE,kyusyu,九州,九州,['九州'],tunen,通年発売タイプ,全年发售,['実券'],TRUE,FALSE,on_sale,発売中,,,3700,,3700,"1日間 大人：3,700円",1日間,1,通年,通年,,['https://www2s.biglobe.ne.jp/~t_aoyagi/railway/free/map/shimabara.gif'],,"['島鉄高速バス,高速船を除く']",1,"諫早,本諫早,愛野,多比良,島原(総合案内所),島原船津 
 口之津営業所,小浜バスターミナル,口之津港ターミナル,鬼池港営業所 
 諫早ターミナルホテル,北有馬ショッピングセンターパロス 
 島原港観光案内所",島原鉄道・総合案内所 TEL:0957-62-4705,,https://www.shimatetsu.co.jp/railway/special-ticket/,"[{'text': '島原鉄道', 'url': 'https://www.shimatetsu.co.jp/railway/special-ticket/'}]",,https://www2s.biglobe.ne.jp/~t_aoyagi/railway/free/simabara07.htm,simabara07.htm,67,2026-08-10 01:30:50.424840+00:00,SHIMATETSU FREE PASS,,,,https://www2s.biglobe.ne.jp/~t_aoyagi/railway/free/simabara07.htm
simabara12,しまてつスきっぷ,島原鉄道,['島原鉄道'],1,FALSE,kyusyu,九州,九州,['九州'],holiday,週末限定タイプ,周末限定,['実券'],TRUE,FALSE,on_sale,発売中,,,,,1500,"小・中・高生：1,500円",1日間,1,通年,"土・日・祝日 
 春・夏・冬休み期間",,['https://www2s.biglobe.ne.jp/~t_aoyagi/railway/free/map/shimabara.gif'],,['島鉄高速バスを除く'],1,"諫早,本諫早,愛野,多比良,島原(総合案内所),島原船津 
 口之津営業所,小浜バスターミナル,口之津港ターミナル,鬼池港営業所 
 諫早ターミナルホテル,北有馬ショッピングセンターパロス",島原鉄道 TEL:0957-62-2232,,https://www.shimatetsu.co.jp/railway/special-ticket/,"[{'text': '島原鉄道', 'url': 'https://www.shimatetsu.co.jp/railway/special-ticket/'}]",,https://www2s.biglobe.ne.jp/~t_aoyagi/railway/free/simabara12.htm,simabara12.htm,68,2026-08-10 01:30:50.424840+00:00,しまてつスきっぷ,,,,https://www2s.biglobe.ne.jp/~t_aoyagi/railway/free/simabara12.htm
simabara91,島原鉄道乗り物コロカ1 日フリーきっぷ,島原鉄道,['島原鉄道'],1,FALSE,kyusyu,九州,九州,['九州'],kikan,期間限定タイプ,期间限定,['実券'],TRUE,FALSE,period,〜2027/3/31,,2027/3/31,3800,,3800,"大人：3,800円",１日間,1,2014年4月1日〜2027年3月31日,2014年4月1日〜2027年3月31日,,['https://www2s.biglobe.ne.jp/~t_aoyagi/railway/free/map/simabara94.gif'],,[],0,"本諫早,島原",島原鉄道営業部鉄道課 TEL:0957-62-2232,,https://colopl.co.jp/service/other/coloca/transport/area06/norimono_shimabara/,"[{'text': 'コロプラ', 'url': 'https://colopl.co.jp/service/other/coloca/transport/area06/norimono_shimabara/'}]",,https://www2s.biglobe.ne.jp/~t_aoyagi/railway/free/simabara91.htm,simabara91.htm,69,2026-08-10 01:30:50.424840+00:00,島原鉄道 乗り物コロカ1 日フリーきっぷ,,,,https://www2s.biglobe.ne.jp/~t_aoyagi/railway/free/simabara91.htm
kumamoto01,わくわく1dayパス,熊本市交通局 熊本電鉄 産交バス 熊本都市バス,['熊本市交通局 熊本電鉄 産交バス 熊本都市バス'],1,FALSE,kyusyu,九州,九州,['九州'],tunen,通年発売タイプ,全年发售,['実券'],TRUE,FALSE,on_sale,発売中,,,800,,800,"区間指定① 大人：800円／小人：---円 
 区間指定② 大人：1,000円／小人：---円 
 熊本県内版 大人：2,200円／小人：---円",１日間,1,通年,通年,,['https://www2s.biglobe.ne.jp/~t_aoyagi/railway/free/map/kumamoto.gif'],,[],0,"熊本市交通局 営業窓口 
 熊本電鉄 営業窓口,電鉄バス車内および電鉄電車内 
 産交バス 営業窓口 
 熊本都市バス 営業窓口 
 熊本駅総合観光案内所,桜町バスターミナル２Fバス案内所","熊本市交通局 TEL:096-361-5233 
 熊本電鉄 TEL:096-343-2552 
 電鉄バス：096-343-3023 
 産交バス TEL096-325-0100 
 熊本都市バス TEL:096-312-5077 
 熊本バス：096-378-3447",,http://www.kotsu-kumamoto.jp/kihon/pub/detail.aspx?c_id=66&id=1433&pg=1,"[{'text': '熊本市交通局', 'url': 'http://www.kotsu-kumamoto.jp/kihon/pub/detail.aspx?c_id=66&id=1433&pg=1'}
 {'text': '熊本電鉄', 'url': 'https://www.kumamotodentetsu.co.jp/ticket/wakuwakupass/index.html'}
 {'text': '産交バス', 'url': 'https://www.kyusanko.co.jp/sankobus/ticket/wakuwakupass/'}
 {'text': '熊本都市バス', 'url': 'http://www.kumamoto-toshibus.co.jp/ticket/index.php'}]",,https://www2s.biglobe.ne.jp/~t_aoyagi/railway/free/kumamoto01.htm,kumamoto01.htm,70,2026-08-10 01:30:50.424840+00:00,わくわく1dayパス,,,,https://www2s.biglobe.ne.jp/~t_aoyagi/railway/free/kumamoto01.htm
kumamoto03,わくわく1dayパス24時間乗車券,熊本市交通局 熊本電鉄 産交バス 熊本都市バス,['熊本市交通局 熊本電鉄 産交バス 熊本都市バス'],1,FALSE,kyusyu,九州,九州,['九州'],tunen,通年発売タイプ,全年发售,['デジタル'],FALSE,TRUE,on_sale,発売中,,,800,,800,"区間指定① 大人：800円／小人：---円 
 区間指定② 大人：1,000円／小人：---円 
 熊本県内版 大人：2,200円／小人：---円",利用開始後24時間,1,通年,通年,,['https://www2s.biglobe.ne.jp/~t_aoyagi/railway/free/map/kumamoto.gif'],,[],0,my route RYDE PASS,"熊本市交通局 TEL:096-361-5233 
 熊本電鉄 TEL:096-343-2552 
 産交バス TEL096-325-0100 
 熊本都市バス TEL:096-312-5077",,https://www.kotsu-kumamoto.jp/kihon/pub/detail.aspx?c_id=66&id=1434&pg=1,"[{'text': '熊本市交通局', 'url': 'https://www.kotsu-kumamoto.jp/kihon/pub/detail.aspx?c_id=66&id=1434&pg=1'}
 {'text': '産交バス', 'url': 'https://www.kyusanko.co.jp/sankobus/ticket/wakuwakupass/'}
 {'text': '熊本都市バス', 'url': 'http://www.kumamoto-toshibus.co.jp/ticket/index.php'}
 {'text': 'my route', 'url': 'https://top.myroute.fun/ticket/kumamoto#kumamotocity'}]",,https://www2s.biglobe.ne.jp/~t_aoyagi/railway/free/kumamoto03.htm,kumamoto03.htm,71,2026-08-10 01:30:50.424840+00:00,わくわく１dayパス24時間乗車券,,,,https://www2s.biglobe.ne.jp/~t_aoyagi/railway/free/kumamoto03.htm
kumamoto91,キッズパス,熊本市交通局 熊本電鉄 産交バス 熊本都市バス,['熊本市交通局 熊本電鉄 産交バス 熊本都市バス'],1,FALSE,kyusyu,九州,九州,['九州'],summer,夏限定タイプ,夏季限定,['実券'],TRUE,FALSE,period,2026/7/3  〜8/31,2026/7/3,2026/8/31,,1000,1000,"小人：1,000円",利用期間内全日,,2026年7月3日〜2026年8月31日,2026年7月17日〜2026年8月31日,,['https://www2s.biglobe.ne.jp/~t_aoyagi/railway/free/map/kumamoto91.gif'],,"['小学生及び未就学児のみ' '申込書必要' '顔写真、年齢を証明する公的証明書が必要'
 '高速バス,特急バス,快速バス,九州横断バス,空港リムジンバス,阿蘇山上線及びその他各社が指定したバス・電車は利用できない']",4,"熊本市交通局 交通局総務課営業推進室 
 熊本電鉄 熊本電鉄バス本社,辻久保総合営業所 
 北熊本駅,藤崎宮前駅,堀川駅 
 産交バス サクラマチバス案内所,本渡バスセンター,各営業所 
 熊本バス 熊本中央営業所,城南営業所,甲佐営業所 
 熊本都市バス 本山営業所,上熊本営業所,小峯営業所","熊本市交通局総務課営業推進班 TEL:096-361-5233 
 熊本電鉄 TEL:096-343-2552 
 産交バス TEL096-325-0100 
 熊本都市バス TEL:096-312-5077",,https://www.kotsu-kumamoto.jp/kihon/pub/detail.aspx?c_id=3&type=top&id=1622,"[{'text': '熊本市交通局', 'url': 'https://www.kotsu-kumamoto.jp/kihon/pub/detail.aspx?c_id=3&type=top&id=1622'}
 {'text': '熊本電鉄', 'url': 'https://www.kumamotodentetsu.co.jp/news/202606242449.html'}
 {'text': '産交バス', 'url': 'https://www.sankobus.jp/news/20260717-kidspass/'}]",,https://www2s.biglobe.ne.jp/~t_aoyagi/railway/free/kumamoto91.htm,kumamoto91.htm,72,2026-08-10 01:30:50.424840+00:00,キッズパス,,,,https://www2s.biglobe.ne.jp/~t_aoyagi/railway/free/kumamoto91.htm
kumamotoshi01,熊本市電1日乗車券,熊本市交通局,['熊本市交通局'],1,FALSE,kyusyu,九州,九州,['九州'],tunen,通年発売タイプ,全年发售,['実券'],TRUE,FALSE,on_sale,発売中,,,700,350,350,大人：700円／小人：350円,１日間,1,通年,通年,,['https://www2s.biglobe.ne.jp/~t_aoyagi/railway/free/map/kumamotoshi.gif'],,[],0,"市電車内 
 
営業推進室窓口,大江営業所 
 上熊本車庫 
 熊本駅総合観光案内所",熊本市交通局・営業推進室 TEL:096-361-5233,,http://www.kotsu-kumamoto.jp/kihon/pub/detail.aspx?c_id=66&id=1433&pg=1,"[{'text': '熊本市交通局', 'url': 'http://www.kotsu-kumamoto.jp/kihon/pub/detail.aspx?c_id=66&id=1433&pg=1'}]",,https://www2s.biglobe.ne.jp/~t_aoyagi/railway/free/kumamotoshi01.htm,kumamotoshi01.htm,73,2026-08-10 01:30:50.424840+00:00,熊本市電1日乗車券,,,,https://www2s.biglobe.ne.jp/~t_aoyagi/railway/free/kumamotoshi01.htm
kumamotoshi03,熊本市電1日乗車券,熊本市交通局,['熊本市交通局'],1,FALSE,kyusyu,九州,九州,['九州'],tunen,通年発売タイプ,全年发售,['デジタル'],FALSE,TRUE,on_sale,発売中,,,500,250,250,大人：500円／小人：250円,１日間,1,通年,通年,,['https://www2s.biglobe.ne.jp/~t_aoyagi/railway/free/map/kumamotoshi.gif'],,[],0,ジョルダンモバイルチケット my route QUICK TRIP,熊本市交通局・営業推進室 TEL:096-361-5233,,http://www.kotsu-kumamoto.jp/kihon/pub/detail.aspx?c_id=66&id=1433&pg=1,"[{'text': '熊本市交通局', 'url': 'http://www.kotsu-kumamoto.jp/kihon/pub/detail.aspx?c_id=66&id=1433&pg=1'}
 {'text': 'ジョルダンモバイルチケット', 'url': 'https://ticket.jorudan.co.jp/kumamoto/city/ja/'}
 {'text': 'my route', 'url': 'https://top.myroute.fun/ticket/kumamoto#kumamotocity'}
 {'text': 'QUICK TRIP', 'url': 'https://ticket-kumamoto.quicktrip.jp/buy/ticket?salesTicketId=1911'}]",,https://www2s.biglobe.ne.jp/~t_aoyagi/railway/free/kumamotoshi03.htm,kumamotoshi03.htm,74,2026-08-10 01:30:50.424840+00:00,熊本市電1日乗車券 【スマートフォン】,,,,https://www2s.biglobe.ne.jp/~t_aoyagi/railway/free/kumamotoshi03.htm
kumamotoshi02,熊本市電24時間乗車券,熊本市交通局,['熊本市交通局'],1,FALSE,kyusyu,九州,九州,['九州'],tunen,通年発売タイプ,全年发售,['デジタル'],FALSE,TRUE,on_sale,発売中,,,600,300,300,大人：600円／小人：300円,１日間,1,通年,通年,,['https://www2s.biglobe.ne.jp/~t_aoyagi/railway/free/map/kumamotoshi.gif'],,[],0,ジョルダンモバイルチケット my route QUICK TRIP,熊本市交通局・営業推進室 TEL:096-361-5233,,http://www.kotsu-kumamoto.jp/kihon/pub/detail.aspx?c_id=66&id=1434&pg=1,"[{'text': '熊本市交通局', 'url': 'http://www.kotsu-kumamoto.jp/kihon/pub/detail.aspx?c_id=66&id=1434&pg=1'}
 {'text': 'ジョルダンモバイルチケット', 'url': 'https://ticket.jorudan.co.jp/kumamoto/city/ja/'}
 {'text': 'my route', 'url': 'https://top.myroute.fun/ticket/kumamoto#kumamotocity'}
 {'text': 'QUICK TRIP', 'url': 'https://ticket-kumamoto.quicktrip.jp/buy/ticket?salesTicketId=1914'}]",,https://www2s.biglobe.ne.jp/~t_aoyagi/railway/free/kumamotoshi02.htm,kumamotoshi02.htm,75,2026-08-10 01:30:50.424840+00:00,熊本市電24時間乗車券,,,,https://www2s.biglobe.ne.jp/~t_aoyagi/railway/free/kumamotoshi02.htm
kumaden93,1CHANCE FESTIVAL 1日乗車券,熊本電鉄,['熊本電鉄'],1,FALSE,kyusyu,九州,九州,['九州'],tunen,通年発売タイプ,全年发售,['実券'],TRUE,FALSE,ended,終了,,,900,,900,大人：900円,1日間,1,2024年7月5日〜2024年8月24日,2024年8月24日〜2024年8月25日,,['https://www2s.biglobe.ne.jp/~t_aoyagi/railway/free/map/kumaden.gif'],,[],0,ローソンチケット,熊本電鉄北熊本駅 TEL:096-343-2552,,https://www.kumamotodentetsu.co.jp/1chancefes2024/,"[{'text': '熊本電気鉄道', 'url': 'https://www.kumamotodentetsu.co.jp/1chancefes2024/'}]",,https://www2s.biglobe.ne.jp/~t_aoyagi/railway/free/kumaden93.htm,kumaden93.htm,76,2026-08-10 01:30:50.424840+00:00,1CHANCE FESTIVAL 1日乗車券,,,,https://www2s.biglobe.ne.jp/~t_aoyagi/railway/free/kumaden93.htm
minamiaso01,１日フリーキップ,南阿蘇鉄道,['南阿蘇鉄道'],1,FALSE,kyusyu,九州,九州,['九州'],kikan,期間限定タイプ,期间限定,['実券'],TRUE,FALSE,on_sale,発売中,,,1200,,1200,"大人：1,200円",１日,1,通年,通年,,['https://www2s.biglobe.ne.jp/~t_aoyagi/railway/free/map/minamiaso.gif'],,['トロッコ列車乗車の場合、別途一乗車800円が必要'],1,"高森駅,車内",南阿蘇鉄道・高森駅 TEL:0967-62-0058,,https://www.mt-torokko.com/information/fare/,"[{'text': '南阿蘇鉄道', 'url': 'https://www.mt-torokko.com/information/fare/'}]",,https://www2s.biglobe.ne.jp/~t_aoyagi/railway/free/minamiaso01.htm,minamiaso01.htm,77,2026-08-10 01:30:50.424840+00:00,１日フリーキップ,,,,https://www2s.biglobe.ne.jp/~t_aoyagi/railway/free/minamiaso01.htm
minamiaso03,南阿蘇鉄道24時間フリー乗車券,南阿蘇鉄道,['南阿蘇鉄道'],1,FALSE,kyusyu,九州,九州,['九州'],kikan,期間限定タイプ,期间限定,['デジタル'],FALSE,TRUE,on_sale,発売中,,,1200,,1200,"大人：1,200円",利用開始後24時間,1,通年,通年,,['https://www2s.biglobe.ne.jp/~t_aoyagi/railway/free/map/minamiaso.gif'],,"['トロッコ列車,ワンピースサニー号は別途座席指定料金が必要']",1,my route,"南阿蘇鉄道 TEL:0967-62-0058 
 九州MaaS協議会事務局 TEL:092-791-4268",,https://www.mt-torokko.com/information/fare/,"[{'text': '南阿蘇鉄道', 'url': 'https://www.mt-torokko.com/information/fare/'}
 {'text': 'my route', 'url': 'https://top.myroute.fun/ticket/kumamoto#asoarea'}]",,https://www2s.biglobe.ne.jp/~t_aoyagi/railway/free/minamiaso03.htm,minamiaso03.htm,78,2026-08-10 01:30:50.424840+00:00,南阿蘇鉄道24時間フリー乗車券,,,,https://www2s.biglobe.ne.jp/~t_aoyagi/railway/free/minamiaso03.htm
kumagawa95,人吉球磨どこでもキップ,くまがわ鉄道,['くまがわ鉄道'],1,FALSE,kyusyu,九州,九州,['九州'],tunen,通年発売タイプ,全年发售,['実券'],TRUE,FALSE,on_sale,発売中,,,2000,1000,1000,"大人：2,000円／小人：1,000円",1日間,1,通年(利用日の10日前から発売),通年,,['https://www2s.biglobe.ne.jp/~t_aoyagi/railway/free/map/kumagawa95.gif'],,[],0,"くまがわ鉄道：人吉温泉,あさぎり 
 産交バス：人吉営業所,人吉ICバス車内(じゅぐりっと号)","くまがわ鉄道・ 企画営業課 TEL:0966-23-5011 
 産交バス人吉営業所 TEL:0966-22-5205",,https://kumagawa-rail.com/sankobus-kumatetsu/#toc_id_1,"[{'text': 'くまがわ鉄道', 'url': 'https://kumagawa-rail.com/sankobus-kumatetsu/#toc_id_1'}]",,https://www2s.biglobe.ne.jp/~t_aoyagi/railway/free/kumagawa95.htm,kumagawa95.htm,81,2026-08-10 01:30:50.424840+00:00,人吉球磨どこでもキップ,,,,https://www2s.biglobe.ne.jp/~t_aoyagi/railway/free/kumagawa95.htm
kumagawa11,くま川鉄道一日乗車券(代行バス込み),くまがわ鉄道,['くまがわ鉄道'],1,FALSE,kyusyu,九州,九州,['九州'],kikan,期間限定タイプ,期间限定,['実券'],TRUE,FALSE,on_sale,発売中,,,1200,600,600,"大人：1,200円 小人：600円",発売当日限り,,平日・土曜日,平日・土曜日,,['https://www2s.biglobe.ne.jp/~t_aoyagi/railway/free/map/kumagawa11.gif'],,['日曜・祝日は代行バス運休'],1,各駅券売機,くまがわ鉄道 TEL:0966-23-5011,,https://kumagawa-rail.com/time-fare/#toc_id_9_1,"[{'text': 'くまがわ鉄道', 'url': 'https://kumagawa-rail.com/time-fare/#toc_id_9_1'}]",,https://www2s.biglobe.ne.jp/~t_aoyagi/railway/free/kumagawa11.htm,kumagawa11.htm,82,2026-08-10 01:30:50.424840+00:00,くま川鉄道一日乗車券(代行バス込み),,,,https://www2s.biglobe.ne.jp/~t_aoyagi/railway/free/kumagawa11.htm
kumagawa84,くま川鉄道一日乗車券(鉄道のみ),くまがわ鉄道,['くまがわ鉄道'],1,FALSE,kyusyu,九州,九州,['九州'],kikan,期間限定タイプ,期间限定,['実券'],TRUE,FALSE,on_sale,発売中,,,900,450,450,大人：900円 小人：450円,発売当日限り,,通年,通年,,['https://www2s.biglobe.ne.jp/~t_aoyagi/railway/free/map/kumagawa84.gif'],,[],0,"人吉温泉,あさぎり,湯前",くまがわ鉄道 TEL:0966-23-5011,,https://kumagawa-rail.com/time-fare/#toc_id_9_1,"[{'text': 'くまがわ鉄道', 'url': 'https://kumagawa-rail.com/time-fare/#toc_id_9_1'}]",,https://www2s.biglobe.ne.jp/~t_aoyagi/railway/free/kumagawa84.htm,kumagawa84.htm,83,2026-08-10 01:30:50.424840+00:00,くま川鉄道一日乗車券(鉄道のみ),,,,https://www2s.biglobe.ne.jp/~t_aoyagi/railway/free/kumagawa84.htm
kumagawa93,夏目友人帳祈念乗車券,くまがわ鉄道,['くまがわ鉄道'],1,FALSE,kyusyu,九州,九州,['九州'],kikan,期間限定タイプ,期间限定,['実券'],TRUE,FALSE,period,2025/8/8  〜2026/3/31,2025/8/8,2026/3/31,1200,,1200,"大人：1,200円",1日間,1,2025年8月8日〜2026年3月31日,2025年8月8日〜2026年3月31日,,['https://www2s.biglobe.ne.jp/~t_aoyagi/railway/free/map/kumagawa11.gif'],,['日曜・祝日は代行バス運休につき使用できない。'],1,"人吉温泉,あさぎり 
 くま鉄オンラインショップYahoo！店 
 郵送： 詳細はこちら",くまがわ鉄道 TEL:0966-23-5011,,https://kumagawa-rail.com/2025/08/01/4207/,"[{'text': 'くまがわ鉄道', 'url': 'https://kumagawa-rail.com/2025/08/01/4207/'}]",,https://www2s.biglobe.ne.jp/~t_aoyagi/railway/free/kumagawa93.htm,kumagawa93.htm,84,2026-08-10 01:30:50.424840+00:00,夏目友人帳祈念乗車券,,,,https://www2s.biglobe.ne.jp/~t_aoyagi/railway/free/kumagawa93.htm
kumagawa94,ワンコイン1day乗車券,くまがわ鉄道,['くまがわ鉄道'],1,FALSE,kyusyu,九州,九州,['九州'],kikan,期間限定タイプ,期间限定,['実券'],TRUE,FALSE,ended,終了,,,500,100,100,大人：500円／小人：100円,1日間,1,2024年5月1日〜2024年5月5日,2024年5月5日,,['https://www2s.biglobe.ne.jp/~t_aoyagi/railway/free/map/kumagawa11.gif'],,[],0,"人吉温泉,あさぎり",くまがわ鉄道・ 企画営業課 TEL:0966-23-5011,,https://kumagawa-rail.com/2024/04/12/3139/,"[{'text': 'くまがわ鉄道', 'url': 'https://kumagawa-rail.com/2024/04/12/3139/'}]",,https://www2s.biglobe.ne.jp/~t_aoyagi/railway/free/kumagawa94.htm,kumagawa94.htm,85,2026-08-10 01:30:50.424840+00:00,ワンコイン1day乗車券,,,,https://www2s.biglobe.ne.jp/~t_aoyagi/railway/free/kumagawa94.htm
orange02,おれんじ1日フリー切符,肥薩おれんじ鉄道,['肥薩おれんじ鉄道'],1,FALSE,kyusyu,九州,九州,['九州'],tunen,通年発売タイプ,全年发售,['実券' 'デジタル'],TRUE,TRUE,on_sale,発売中,,,3000,1500,1500,"大人：3,000円 小人：1,500円 
 65歳以上：1,500円",１日,1,通年,通年,,['https://www2s.biglobe.ne.jp/~t_aoyagi/railway/free/map/orange.gif'],,[],0,"八代,日奈久温泉,肥後田浦,佐敷,水俣,出水,西出水,野田郷,阿久根,川内の窓口の営業時間内,車内 
 八代,佐敷,水俣,出水,阿久根,川内の券売機 
 RYDE PASS(ライドパス) ジョルダンモバイルチケット",肥薩おれんじ鉄道 TEL:0996-63-6860,,https://www.hs-orange.com/page966.html,"[{'text': '肥薩おれんじ鉄道', 'url': 'https://www.hs-orange.com/page966.html'}
 {'text': 'RYDE PASS(ライドパス)', 'url': 'https://pass.ryde-go.com/products/KVM3LPZS7W8P'}
 {'text': 'ジョルダンモバイルチケット', 'url': 'https://ticket.jorudan.co.jp/hs-orange/ja/'}]",,https://www2s.biglobe.ne.jp/~t_aoyagi/railway/free/orange02.htm,orange02.htm,86,2026-08-10 01:30:50.424840+00:00,おれんじ1日フリー切符,,,,https://www2s.biglobe.ne.jp/~t_aoyagi/railway/free/orange02.htm
orange06,NORTH SATSUMA GREAT PASS,肥薩おれんじ鉄道,['肥薩おれんじ鉄道'],1,FALSE,kyusyu,九州,九州,['九州'],tunen,通年発売タイプ,全年发售,['デジタル'],FALSE,TRUE,on_sale,発売中,,,3000,,3000,"１日券 大人：3,000円／小人：---円 
 ３日券 大人：7,000円／小人：---円","１日券：１日間 
 ３日券：３日間",1,通年,通年,,['https://www2s.biglobe.ne.jp/~t_aoyagi/railway/free/map/orange06.gif'],,['観光列車「おれんじ食堂」や急行列車、特別急行列車への乗車不可。'],1,my route,肥薩おれんじ鉄道 TEL:0996-63-6860,,https://www.hs-orange.com/page952.html?type=new&pg=1&nw_id=1,"[{'text': '肥薩おれんじ鉄道', 'url': 'https://www.hs-orange.com/page952.html?type=new&pg=1&nw_id=1'}
 {'text': '南国交通', 'url': 'https://nangoku-kotsu.com/app_myroute/'}]",,https://www2s.biglobe.ne.jp/~t_aoyagi/railway/free/orange06.htm,orange06.htm,87,2026-08-10 01:30:50.424840+00:00,NORTH SATSUMA GREAT PASS,,,,https://www2s.biglobe.ne.jp/~t_aoyagi/railway/free/orange06.htm
orange03,おれんじ１８フリーきっぷ,肥薩おれんじ鉄道,['肥薩おれんじ鉄道'],1,FALSE,kyusyu,九州,九州,['九州'],kisetu,季節発売タイプ,季节发售,['実券'],TRUE,FALSE,period,2026/7/18  〜9/8,2026/7/18,2026/9/8,2200,,2200,"大人：2,200円",１日,1,"春： 2026年3月1日〜2026年4月10日 
 
夏：2026年7月18日〜2026年9月8日 
 
冬： 2025年12月12日〜2026年1月12日","春： 2026年3月1日〜2026年4月10日 
 
夏：2026年7月19日〜2026年9月8日 
 
冬： 2025年12月12日〜2026年1月12日",,['https://www2s.biglobe.ne.jp/~t_aoyagi/railway/free/map/orange.gif'],,"['当日有効の「青春１８きっぷ」提示の場合に発売' '観光列車「おれんじ食堂」,特別急行列車(特急36ぷらす3,ななつ星in九州等)は乗車不可']",2,"八代,出水,川内の窓口の営業時間内 
 列車内",肥薩おれんじ鉄道 TEL:0996-63-6860,,https://www.hs-orange.com/page401.html,"[{'text': '肥薩おれんじ鉄道', 'url': 'https://www.hs-orange.com/page401.html'}]",,https://www2s.biglobe.ne.jp/~t_aoyagi/railway/free/orange03.htm,orange03.htm,88,2026-08-10 01:30:50.424840+00:00,おれんじ１８フリーきっぷ,,,,https://www2s.biglobe.ne.jp/~t_aoyagi/railway/free/orange03.htm
kagosima01,市電・市バス・シティビュー一日乗車券,鹿児島市交通局,['鹿児島市交通局'],1,FALSE,kyusyu,九州,九州,['九州'],tunen,通年発売タイプ,全年发售,['実券'],TRUE,FALSE,on_sale,発売中,,,600,300,300,大人：600円／小人：300円,１日,1,通年,通年,,['https://www2s.biglobe.ne.jp/~t_aoyagi/railway/free/map/kagoshima.gif'],,['民営バスは利用不可'],1,"案内所、市電、市バス車内 
 ジョルダンモバイルチケット",鹿児島市交通局 TEL:099-257-2111,,http://www.kotsu-city-kagoshima.jp/ticket-summary/oneday/#ank2,"[{'text': '鹿児島市交通局', 'url': 'http://www.kotsu-city-kagoshima.jp/ticket-summary/oneday/#ank2'}]",,https://www2s.biglobe.ne.jp/~t_aoyagi/railway/free/kagosima01.htm,kagosima01.htm,89,2026-08-10 01:30:50.424840+00:00,市電・市バス・シティビュー一日乗車券,,,,https://www2s.biglobe.ne.jp/~t_aoyagi/railway/free/kagosima01.htm
kagosima04,市電・市バス・シティビュー24時間乗車券,鹿児島市交通局,['鹿児島市交通局'],1,FALSE,kyusyu,九州,九州,['九州'],tunen,通年発売タイプ,全年发售,['デジタル'],FALSE,TRUE,on_sale,発売中,,,800,400,400,大人：800円／小人：400円,利用開始時刻から24時間,1,通年,通年,,['https://www2s.biglobe.ne.jp/~t_aoyagi/railway/free/map/kagoshima.gif'],,['民営バスは利用不可'],1,ジョルダンモバイルチケット,鹿児島市交通局 TEL:099-257-2111,,http://www.kotsu-city-kagoshima.jp/ticket-summary/oneday/#ank2,"[{'text': '鹿児島市交通局', 'url': 'http://www.kotsu-city-kagoshima.jp/ticket-summary/oneday/#ank2'}]",,https://www2s.biglobe.ne.jp/~t_aoyagi/railway/free/kagosima04.htm,kagosima04.htm,90,2026-08-10 01:30:50.424840+00:00,市電・市バス・シティビュー24時間乗車券,,,,https://www2s.biglobe.ne.jp/~t_aoyagi/railway/free/kagosima04.htm
kagosima03,鹿児島市営バス・電車・フェリー共通利用券CUTE,鹿児島市交通局,['鹿児島市交通局'],1,FALSE,kyusyu,九州,九州,['九州'],tunen,通年発売タイプ,全年发售,['実券' 'デジタル'],TRUE,TRUE,on_sale,発売中,,,1300,650,650,"券種 大人 小人 
 １日券 1,300円 650円 
 ２日券 1,900円 950円","１日券：１日間 
 ２日券：２日間",1,通年,通年,,['https://www2s.biglobe.ne.jp/~t_aoyagi/railway/free/map/kagoshima02.gif'],,[],0,"鹿児島中央駅総合観光案内所 
 
観光交流センター 
 
鹿児島市維新ふるさと館 
 
天まちサロン 
 
鹿児島港乗船券発売所 
 
桜島港船舶局営業課窓口 
 
交通局内乗車券発売所 
 
市役所前乗車券発売所 
 
鹿児島まち歩き観光ステーション 
 
鹿児島市交通局桜島営業所 
 
谷山電停乗車券発売所 
 
イオン鹿児島鴨池乗車券発売所 
 
 鹿児島ファンアプリ「わくわく」 
 my route",鹿児島市 交通局総務課 営業係 TEL:099-257-2102,,https://www.kagoshima-yokanavi.jp/article/mobileCUTE-usage,"[{'text': '鹿児島市観光サイト', 'url': 'https://www.kagoshima-yokanavi.jp/article/mobileCUTE-usage'}]",,https://www2s.biglobe.ne.jp/~t_aoyagi/railway/free/kagosima03.htm,kagosima03.htm,91,2026-08-10 01:30:50.424840+00:00,鹿児島市営バス・電車・フェリー共通利用券CUTE,,,,https://www2s.biglobe.ne.jp/~t_aoyagi/railway/free/kagosima03.htm
kagosima05,市電・市バス・シティビューナイトパス,鹿児島市交通局,['鹿児島市交通局'],1,FALSE,kyusyu,九州,九州,['九州'],kisetu,季節発売タイプ,季节发售,['デジタル'],FALSE,TRUE,period,3/1〜4/30  7/1〜8/31  12/1〜1/31,,,300,,300,大人：300円,17時以降,,"3月1日〜4月30日 
 7月1日〜8月31日 
 12月1日〜1月31日",3月1日〜4月30日,,['https://www2s.biglobe.ne.jp/~t_aoyagi/railway/free/map/kagoshima.gif'],,['民営バスは利用不可'],1,ジョルダンモバイルチケット,鹿児島市交通局 TEL:099-257-2111,,http://www.kotsu-city-kagoshima.jp/ticket-summary/oneday/#ank2,"[{'text': '鹿児島市交通局', 'url': 'http://www.kotsu-city-kagoshima.jp/ticket-summary/oneday/#ank2'}]",,https://www2s.biglobe.ne.jp/~t_aoyagi/railway/free/kagosima05.htm,kagosima05.htm,92,2026-08-10 01:30:50.424840+00:00,市電・市バス・シティビューナイトパス,,,,https://www2s.biglobe.ne.jp/~t_aoyagi/railway/free/kagosima05.htm
kagosima81,鹿児島ユナイテッドFCホームゲーム限定市電１日乗車券,鹿児島市交通局,['鹿児島市交通局'],1,FALSE,kyusyu,九州,九州,['九州'],kikan,期間限定タイプ,期间限定,['デジタル'],FALSE,TRUE,period,2026/1/30  〜5/17,2026/1/30,2026/5/17,250,120,120,大人：250円／小人：120円,1日,1,2026年1月30日〜ホームゲーム最終開催日,"2026年2月8日〜ホームゲーム最終開催日の 
 鹿児島ユナイテッドFCホームゲーム開催日 
 詳細は、 鹿児島市交通局",,['https://www2s.biglobe.ne.jp/~t_aoyagi/railway/free/map/kagoshima81.gif'],,['バスは利用不可'],1,ジョルダンモバイルチケット,鹿児島市交通局 TEL:099-257-2111,,https://www.kotsu-city-kagoshima.jp/ticket-summary/%e9%b9%bf%e5%85%90%e5%b3%b6%e3%83%a6%e3%83%8a%e3%82%a4%e3%83%86%e3%83%83%e3%83%89fc%e3%83%9b%e3%83%bc%e3%83%a0%e3%82%b2%e3%83%bc%e3%83%a0%e9%99%90%e5%ae%9a%e5%b8%82%e9%9b%bb%e4%b8%80%e6%97%a5-2/,"[{'text': '鹿児島市交通局', 'url': 'https://www.kotsu-city-kagoshima.jp/ticket-summary/%e9%b9%bf%e5%85%90%e5%b3%b6%e3%83%a6%e3%83%8a%e3%82%a4%e3%83%86%e3%83%83%e3%83%89fc%e3%83%9b%e3%83%bc%e3%83%a0%e3%82%b2%e3%83%bc%e3%83%a0%e9%99%90%e5%ae%9a%e5%b8%82%e9%9b%bb%e4%b8%80%e6%97%a5-2/'}]",,https://www2s.biglobe.ne.jp/~t_aoyagi/railway/free/kagosima81.htm,kagosima81.htm,94,2026-08-10 01:30:50.424840+00:00,鹿児島ユナイテッドFCホームゲーム限定市電１日乗車券,,,,https://www2s.biglobe.ne.jp/~t_aoyagi/railway/free/kagosima81.htm
kagosima02,夏休みチャレンジパス,鹿児島市交通局,['鹿児島市交通局'],1,FALSE,kyusyu,九州,九州,['九州'],summer,夏限定タイプ,夏季限定,['実券'],TRUE,FALSE,period,2026/7/1  〜8/20,2026/7/1,2026/8/20,,,2100,"中学生：4,200円／小学生：2,100円",有効期間内全日,,2026年7月1日〜2026年8月20日,2026年7月18日〜2026年8月31日,,['https://www2s.biglobe.ne.jp/~t_aoyagi/railway/free/map/kagoshima.gif'],,"['購入時に身分証明書,顔写真が必要' '定期観光バスは乗車できません。']",2,"交通局、市役所前,桜島営業所,谷山電停発売所等",鹿児島市 交通局総務課 営業係 TEL:099-257-2102,,http://www.kotsu-city-kagoshima.jp/ticket-summary/challenge/,"[{'text': '鹿児島市交通局', 'url': 'http://www.kotsu-city-kagoshima.jp/ticket-summary/challenge/'}]",,https://www2s.biglobe.ne.jp/~t_aoyagi/railway/free/kagosima02.htm,kagosima02.htm,95,2026-08-10 01:30:50.424840+00:00,夏休みチャレンジパス,,,,https://www2s.biglobe.ne.jp/~t_aoyagi/railway/free/kagosima02.htm
yuirail01,一日乗車券/二日乗車券,沖縄都市モノレール,['沖縄都市モノレール'],1,FALSE,kyusyu,九州,九州,['九州'],tunen,通年発売タイプ,全年发售,['実券'],TRUE,FALSE,on_sale,発売中,,,1000,500,500,"一日乗車券 大人：1,000円/小人：500円 
 二日乗車券 大人：1,800円/小人：900円","一日乗車券：購入時刻より24時間 
 二日乗車券：購入時刻より48時間",1,通年,通年,,['https://www2s.biglobe.ne.jp/~t_aoyagi/railway/free/map/yuirail01.gif'],,[],0,各駅の自動販売機,沖縄都市モノレール TEL:098-859-2630,,https://www.yui-rail.co.jp/ticketinfo-ticket/ticketinfo/1day-pass/,"[{'text': '沖縄都市モノレール', 'url': 'https://www.yui-rail.co.jp/ticketinfo-ticket/ticketinfo/1day-pass/'}]",,https://www2s.biglobe.ne.jp/~t_aoyagi/railway/free/yuirail01.htm,yuirail01.htm,96,2026-08-10 01:30:50.424840+00:00,一日乗車券/二日乗車券,,,,https://www2s.biglobe.ne.jp/~t_aoyagi/railway/free/yuirail01.htm
yuirail02,バスモノパス/那覇バス＆ゆいレール１日共通パスポート,沖縄都市モノレール,['沖縄都市モノレール'],1,FALSE,kyusyu,九州,九州,['九州'],tunen,通年発売タイプ,全年发售,['実券'],TRUE,FALSE,on_sale,発売中,,,1500,750,750,"大人：1,500円/小人：750円",1日間,1,通年,通年,,['https://www2s.biglobe.ne.jp/~t_aoyagi/railway/free/map/yuirail02.gif'],,[],0,"ゆいレール：各駅窓口 
 那覇バス：那覇営業所（那覇バスターミナル内）,新川営業所,石嶺営業所,具志営業所,空港事務所 那覇市観光案内所,沖縄ツーリストOTSツーリストラウンジ 
 my route",沖縄都市モノレール TEL:098-859-2630,,https://www.yui-rail.co.jp/ticketinfo-ticket/ticketinfo/ticket/,"[{'text': '沖縄都市モノレール', 'url': 'https://www.yui-rail.co.jp/ticketinfo-ticket/ticketinfo/ticket/'}
 {'text': '那覇バス', 'url': 'https://daiichibus.co.jp/scheduled-bus/service/#discount'}]",,https://www2s.biglobe.ne.jp/~t_aoyagi/railway/free/yuirail02.htm,yuirail02.htm,97,2026-08-10 01:30:50.424840+00:00,バスモノパス 那覇バス＆ゆいレール１日共通パスポート,,,,https://www2s.biglobe.ne.jp/~t_aoyagi/railway/free/yuirail02.htm
yuirail51,24時間乗り放題乗車券,沖縄都市モノレール,['沖縄都市モノレール'],1,FALSE,kyusyu,九州,九州,['九州'],tunen,通年発売タイプ,全年发售,['デジタル'],FALSE,TRUE,on_sale,発売中,,,1000,,1000,"大人：1,000円",利用開始時刻より24時間,1,通年,通年,,['https://www2s.biglobe.ne.jp/~t_aoyagi/railway/free/map/yuirail01.gif'],,[],0,沖縄MaaS ジョルダンモバイルチケット,沖縄都市モノレール TEL:098-859-2630,,https://service.paycierge.com/okinawa-maas/,"[{'text': '沖縄MaaS', 'url': 'https://service.paycierge.com/okinawa-maas/'}
 {'text': 'ジョルダンモバイルチケット', 'url': 'https://ticket.jorudan.co.jp/yui-rail/ja/'}]",,https://www2s.biglobe.ne.jp/~t_aoyagi/railway/free/yuirail51.htm,yuirail51.htm,98,2026-08-10 01:30:50.424840+00:00,24時間乗り放題乗車券,,,,https://www2s.biglobe.ne.jp/~t_aoyagi/railway/free/yuirail51.htm
yuirail52,当日乗り放題乗車券,沖縄都市モノレール,['沖縄都市モノレール'],1,FALSE,kyusyu,九州,九州,['九州'],tunen,通年発売タイプ,全年发售,['デジタル'],FALSE,TRUE,on_sale,発売中,,,800,,800,大人 800円,利用開始後、当日,,通年,通年,,['https://www2s.biglobe.ne.jp/~t_aoyagi/railway/free/map/yuirail01.gif'],,[],0,沖縄MaaS ジョルダンモバイルチケット,沖縄都市モノレール TEL:098-859-2630,,https://okinawa.digitalticket.tis-maas.com/,"[{'text': '沖縄MaaS', 'url': 'https://okinawa.digitalticket.tis-maas.com/'}
 {'text': 'ジョルダンモバイルチケット', 'url': 'https://ticket.jorudan.co.jp/yui-rail/ja/'}]",,https://www2s.biglobe.ne.jp/~t_aoyagi/railway/free/yuirail52.htm,yuirail52.htm,99,2026-08-10 01:30:50.424840+00:00,当日乗り放題乗車券,,,,https://www2s.biglobe.ne.jp/~t_aoyagi/railway/free/yuirail52.htm
yuirail53,48時間乗り放題乗車券,沖縄都市モノレール,['沖縄都市モノレール'],1,FALSE,kyusyu,九州,九州,['九州'],tunen,通年発売タイプ,全年发售,['デジタル'],FALSE,TRUE,on_sale,発売中,,,1800,,1800,"大人：1,800円",利用開始後、24時間,1,通年,通年,,['https://www2s.biglobe.ne.jp/~t_aoyagi/railway/free/map/yuirail01.gif'],,[],0,沖縄MaaS ジョルダンモバイルチケット,沖縄都市モノレール TEL:098-859-2630,,https://service.paycierge.com/okinawa-maas/,"[{'text': '沖縄MaaS', 'url': 'https://service.paycierge.com/okinawa-maas/'}
 {'text': 'ジョルダンモバイルチケット', 'url': 'https://ticket.jorudan.co.jp/yui-rail/ja/'}]",,https://www2s.biglobe.ne.jp/~t_aoyagi/railway/free/yuirail53.htm,yuirail53.htm,100,2026-08-10 01:30:50.424840+00:00,48時間乗り放題乗車券,,,,https://www2s.biglobe.ne.jp/~t_aoyagi/railway/free/yuirail53.htm
yuirail54,平日オフピーク乗り放題乗車券,沖縄都市モノレール,['沖縄都市モノレール'],1,FALSE,kyusyu,九州,九州,['九州'],tunen,通年発売タイプ,全年发售,['デジタル'],FALSE,TRUE,on_sale,発売中,,,600,,600,大人：600円,平日 10:00〜16:00,,通年(平日),通年(平日),,['https://www2s.biglobe.ne.jp/~t_aoyagi/railway/free/map/yuirail01.gif'],,[],0,ジョルダンモバイルチケット,沖縄都市モノレール TEL:098-859-2630,,https://ticket.jorudan.co.jp/yui-rail/ja/,"[{'text': 'ジョルダンモバイルチケット', 'url': 'https://ticket.jorudan.co.jp/yui-rail/ja/'}]",,https://www2s.biglobe.ne.jp/~t_aoyagi/railway/free/yuirail54.htm,yuirail54.htm,101,2026-08-10 01:30:50.424840+00:00,平日オフピーク乗り放題乗車券,,,,https://www2s.biglobe.ne.jp/~t_aoyagi/railway/free/yuirail54.htm
yuirail55,ゆいレール当日乗り放題乗車券 東京バス(沖縄)1日フリーパスセット券,沖縄都市モノレール,['沖縄都市モノレール'],1,FALSE,kyusyu,九州,九州,['九州'],tunen,通年発売タイプ,全年发售,['デジタル'],FALSE,TRUE,on_sale,発売中,,,1000,,1000,"大人：1,000円",1日間,1,通年,通年,,['https://www2s.biglobe.ne.jp/~t_aoyagi/railway/free/map/yuirail55.gif'],,[],0,ジョルダンモバイルチケット,沖縄都市モノレール TEL:098-859-2630,,https://ticket.jorudan.co.jp/yui-rail/ja/,"[{'text': 'ジョルダンモバイルチケット', 'url': 'https://ticket.jorudan.co.jp/yui-rail/ja/'}]",,https://www2s.biglobe.ne.jp/~t_aoyagi/railway/free/yuirail55.htm,yuirail55.htm,102,2026-08-10 01:30:50.424840+00:00,ゆいレール当日乗り放題乗車券 東京バス(沖縄)1日フリーパスセット券,,,,https://www2s.biglobe.ne.jp/~t_aoyagi/railway/free/yuirail55.htm
