チケットID,チケット名,運営会社,全運営会社,会社数,联名フラグ,地域コード,地域,地域(中),跨地域,発売タイプコード,発売タイプ,発売タイプ(中),媒体,紙チケット,スマホチケット,発売状況コード,発売状況図例,発売開始,発売終了,大人料金,小人料金,最低料金,料金,有効期間,有効日数,発売期間,利用期間,フリー区間,区間地図,利用可能設備,鉄道会社分類,制限事項,制限数,発売箇所,問合せ,備考,公式URL,公式リンク,拡張項目,詳細URL,保存ファイル,表示順,取得日時,タイトル,発売数量,申込期間,申込場所,元索引
18kippu,青春１８きっぷ,JR各公司,"[""ＪＲ各社""]",ＪＲ各社,False,zenkoku,全国,全国,"[""全国""]",kisetu,季節発売タイプ,季节发售,"[""実券""]",True,False,period,2026/7/3  〜9/6,2026/7/3,2026/9/6,10000.0,,10000.0,"３日間用：大人/小人 10,000円 
 
５日間用：大人/小人 12,050円",3天/5天,3.0,"3天：2026年2月13日-2026年4月8日
 2026年7月3日 - 2026年9月6日
 2026年11月27日 - 2027年1月9日
 
 为期5天：2026年2月13日 - 2026年4月6日
 2026年7月3日 - 2026年9月4日
 2026年11月27日 - 2027年1月7日","2026年3月1日 - 2026年4月10日
 2026年7月18日 - 2026年9月8日
 2026年12月11日 - 2027年1月11日",JR全线（包括宫岛线）,"[""https://www2s.biglobe.ne.jp/~t_aoyagi/railway/free/map/japan.gif""]","{""columns"": [""绿色车厢 (头等座)"", ""普通车自由席车指定席席"", ""普通车自由席车自由席席"", ""专线列车 (Liner)"", ""特急"", ""急行"", ""快速"", ""普通车自由席"", ""指定席"", ""自由席"", ""其他的"", ""绿色车厢 (头等座)"", ""普通车自由席车指定席席"", ""普通车自由席车自由席席"", ""专线列车 (Liner)"", ""特急"", ""急行"", ""快速"", ""普通车自由席""], ""status_rows"": [{""label"": null, ""symbols"": [{""symbol"": ""×"", ""note"": null}, {""symbol"": ""×"", ""note"": null}, {""symbol"": ""×"", ""note"": null}, {""symbol"": ""×"", ""note"": null}, {""symbol"": ""×"", ""note"": null}, {""symbol"": ""×"", ""note"": null}, {""symbol"": ""×"", ""note"": null}, {""symbol"": ""×"", ""note"": null}, {""symbol"": ""×"", ""note"": null}, {""symbol"": ""×"", ""note"": null}, {""symbol"": ""×"", ""note"": null}, {""symbol"": ""△"", ""note"": null}, {""symbol"": ""×"", ""note"": null}, {""symbol"": ""▲"", ""note"": null}, {""symbol"": ""▲"", ""note"": null}, {""symbol"": ""▲"", ""note"": null}, {""symbol"": ""○"", ""note"": null}, {""symbol"": ""○"", ""note"": null}, {""symbol"": ""○"", ""note"": null}]}], ""legend"": {""○"": ""可乘车"", ""△"": ""部分列车可乘车"", ""▲"": ""仅乘车券有效"", ""×"": ""不可乘车""}, ""notes"": null}",JR,"[""没有 JR 巴士。"", ""博多和博多南之间以及越后汤泽和Gala汤泽之间无法乘坐。"", ""如果从宫岛口搭乘JR西日本宫岛渡轮，则需要在现场另外缴纳宫岛游览税（100日元）。"", ""特快自由席（所有指定席列车的开放席）仅在青森～新青森、新夕张～新得、东室兰～室兰、宫崎机场～宫崎、早木～佐世保出发或到达时有效。"", ""在青森和新青森之间旅行时，您可以使用快速列车上的任何可用座位，所有列车均设有指定座位。"", ""您可以购买绿色车票，乘坐普通列车的绿色车厢自由席。"", ""如果您途经新青森至木古内之间的北海道新干线，以及木古内至五棱郭之间的北海道伊佐里铁道线，您可以使用青春18票北海道新干线选项车票（4,500日元）单程使用。只能在木古内下车。"", ""青森铁道线青森～八户之间的普通电车（包括快速电车）在作为转乘路线时不收取票价。只能在野边地站下车。"", ""在富山和高冈之间的爱之风富山铁路线上，如果您使用火车作为交通路线，则乘坐普通火车（包括快速火车）无需支付票价。中途不能下车。"", ""如果您途经爱之风富山铁道/IR石川铁道线富山/高冈～津田之间的普通列车（包括快速列车），则无需购买票价。中途不能下车。"", ""如果您途经Happy Line福井线的敦贺和越前角之间的普通列车（包括快速列车），则无需票价。中途不能下车。"", ""如果有效期是最后一天，则可以使用到末班车。""]",12.0,JR主要车站、车站旅行中心、营业所、主要旅行社,,,https://www.jrhokkaido.co.jp/CM/Otoku/007255/,"[{""text"": ""ＪＲ北海道"", ""url"": ""https://www.jrhokkaido.co.jp/CM/Otoku/007255/""}, {""text"": ""ＪＲ東日本(3日間用)"", ""url"": ""http://www.jreast.co.jp/tickets/info.aspx?GoodsCd=3000""}, {""text"": ""ＪＲ東日本(5日間用)"", ""url"": ""http://www.jreast.co.jp/tickets/info.aspx?GoodsCd=3001""}, {""text"": ""ＪＲ東海"", ""url"": ""https://jr-central.co.jp/news/release/_pdf/000044897.pdf""}, {""text"": ""ＪＲ西日本"", ""url"": ""https://tickets.jr-odekake.net/shohindb/view/consumer/tokutoku/detail.html?shnId=126000037""}, {""text"": ""ＪＲ九州(3日間用)"", ""url"": ""https://www.jrkyushu-kippu.jp/fare/ticket/424""}, {""text"": ""ＪＲ九州(5日間用)"", ""url"": ""https://www.jrkyushu-kippu.jp/fare/ticket/423""}]",,https://www2s.biglobe.ne.jp/~t_aoyagi/railway/free/18kippu.htm,18kippu.htm,1,2026/8/10 1:30,青春１８きっぷ,,,,https://www2s.biglobe.ne.jp/~t_aoyagi/railway/free/18kippu.htm
autumn,秋の乗り放題パス,JR各公司,"[""ＪＲ各社""]",1,False,zenkoku,全国,全国,"[""全国""]",autumn,秋限定タイプ,秋季限定,"[""実券""]",True,False,ended,終了,,,7850.0,3920.0,3920.0,"おとな：7,850円 こども：3,920円",3天,3.0,2025年9月12日 - 2025年10月17日,2025年10月4日 - 2025年10月19日,JR全线、JR西日本宫岛渡轮,"[""https://www2s.biglobe.ne.jp/~t_aoyagi/railway/free/map/japan.gif""]","{""columns"": [""绿色车厢 (头等座)"", ""普通车自由席车指定席席"", ""普通车自由席车自由席席"", ""专线列车 (Liner)"", ""特急"", ""急行"", ""快速"", ""普通车自由席"", ""指定席"", ""自由席"", ""其他的"", ""绿色车厢 (头等座)""], ""status_rows"": [{""label"": null, ""symbols"": [{""symbol"": ""×"", ""note"": null}, {""symbol"": ""×"", ""note"": null}, {""symbol"": ""×"", ""note"": null}, {""symbol"": ""×"", ""note"": null}, {""symbol"": ""×"", ""note"": null}, {""symbol"": ""×"", ""note"": null}, {""symbol"": ""×"", ""note"": null}, {""symbol"": ""×"", ""note"": null}, {""symbol"": ""×"", ""note"": null}, {""symbol"": ""×"", ""note"": null}, {""symbol"": ""×"", ""note"": null}, {""symbol"": ""△"", ""note"": null}]}, {""label"": ""*1"", ""symbols"": [{""symbol"": ""×"", ""note"": null}, {""symbol"": ""▲"", ""note"": null}, {""symbol"": ""▲"", ""note"": null}, {""symbol"": ""▲"", ""note"": null}, {""symbol"": ""○"", ""note"": null}, {""symbol"": ""○"", ""note"": null}, {""symbol"": ""○"", ""note"": null}]}], ""legend"": {""○"": ""可乘车"", ""△"": ""部分列车可乘车"", ""▲"": ""仅乘车券有效"", ""×"": ""不可乘车""}, ""notes"": null}",JR,"[""您可以购买绿色车票，乘坐普通列车的绿色车厢自由席。"", ""特快自由席（所有指定席列车的开放席）仅在青森～新青森、新夕张～新得、东室兰～室兰、宫崎机场～宫崎、早木～佐世保出发或到达时有效。"", ""博多和博多南之间以及越后汤泽和Gala汤泽之间无法乘坐。"", ""在青森县和八户之间的青森铁道线上，如果您使用该路线作为转乘路线，则普通电车（包括快速电车）无需票价。只能在野边地站下车。"", ""如果购买青春18票北海道新干线选项车票（2,490日元），则可以在道南伊佐里铁道线津轻真别～木古内、木古内～五棱郭之间乘坐北海道新干线单程一次。只能在木古内下车。"", ""在富山和高冈之间的爱之风富山铁路线上，如果您使用火车作为交通路线，则乘坐普通火车（包括快速火车）无需支付票价。中途不能下车。"", ""在爱之风富山铁道/IR石川铁道线富山/高冈～津畿之间，如果途经的话，乘坐普通列车（包括快速列车）无需车费。中途不能下车。"", ""如果您途经哈比线福井线敦贺与越前花道之间的普通列车（包括快速列车），则无需票价。中途不能下车。"", ""如果您乘坐的列车运行时间超过0:00，则有效期至0:00之后停靠的第一个车站。有效期至东京/大阪列车区间的末班车。"", ""如果从宫岛口搭乘JR西日本宫岛渡轮，则需要在现场另外缴纳宫岛游览税（100日元）。""]",10.0,JR主要车站、车站旅行中心、营业所、主要旅行社,,,https://www.jrhokkaido.co.jp/CM/Otoku/007153/,"[{""text"": ""ＪＲ北海道"", ""url"": ""https://www.jrhokkaido.co.jp/CM/Otoku/007153/""}, {""text"": ""ＪＲ東日本"", ""url"": ""https://www.jreast.co.jp/tickets/info.aspx?GoodsCd=2979""}, {""text"": ""ＪＲ東海"", ""url"": ""https://jr-central.co.jp/news/release/_pdf/000044517.pdf""}, {""text"": ""ＪＲ西日本"", ""url"": ""https://tickets.jr-odekake.net/shohindb/view/consumer/tokutoku/detail.html?shnId=125000282""}, {""text"": ""ＪＲ四国"", ""url"": ""https://www.jr-eki.com/ticket/brand/2-EQ0""}, {""text"": ""ＪＲ九州"", ""url"": ""https://www.jrkyushu.co.jp/common/inc/news/newtopics/__icsFiles/afieldfile/2025/09/02/20250902_Release_of_the_Autumn_Unlimited_Ride_Pass_and_the_Autumn_Unlimited_Ride_Pass_Hokkaido_Shinkansen_Option_Ticket.pdf""}]",,https://www2s.biglobe.ne.jp/~t_aoyagi/railway/free/autumn.htm,autumn.htm,2,2026/8/10 1:30,秋の乗り放題パス,,,,https://www2s.biglobe.ne.jp/~t_aoyagi/railway/free/autumn.htm
jreast04,北海道＆東日本パス,ＪＲ北海道 ＪＲ東日本,"[""ＪＲ北海道 ＪＲ東日本""]",1,False,zenkoku,全国,全国,"[""全国""]",kisetu,季節発売タイプ,季节发售,"[""実券""]",True,False,period,2026/6/20  〜9/24,2026/6/20,2026/9/24,11780.0,5890.0,5890.0,"大人：11,780円／小人：5,890円",使用期限内连续7天,7.0,"春季：2026年2月13日 - 2026年4月16日
 
夏季：2026年6月20日 - 2026年9月24日
 
冬季：2026年11月27日-2027年1月5日","春季：2026年3月1日 - 2026年4月22日
 
夏季：2026年7月1日 - 2026年9月30日
 
冬季：2026年12月11日 - 2027年1月11日","JR东日本：所有线路
 
 JR北海道：全线
 
 北越急行：全线
 
 青森铁道：全线
 
 IGR岩手银河铁道：全线",[],"{""columns"": [""绿色车厢 (头等座)"", ""普通车自由席车指定席席"", ""普通车自由席车自由席席"", ""专线列车 (Liner)"", ""特急"", ""急行""], ""status_rows"": [{""label"": null, ""symbols"": [{""symbol"": ""×"", ""note"": null}, {""symbol"": ""△"", ""note"": ""*1""}, {""symbol"": ""×"", ""note"": null}, {""symbol"": ""×"", ""note"": null}, {""symbol"": ""×"", ""note"": null}, {""symbol"": ""△"", ""note"": ""*2""}]}, {""label"": ""*3"", ""symbols"": [{""symbol"": ""×"", ""note"": null}, {""symbol"": ""▲"", ""note"": null}, {""symbol"": ""▲"", ""note"": null}, {""symbol"": ""▲"", ""note"": null}, {""symbol"": ""○"", ""note"": null}, {""symbol"": ""○"", ""note"": null}]}], ""legend"": {""○"": ""可乘车"", ""△"": ""有限制条件"", ""▲"": ""仅乘车券有效"", ""×"": ""不可乘车""}, ""notes"": null}",JR,"[""如果您使用新青森-新函馆-北斗相互出发和到达，如果您购买了特急车票，则可以使用北海道新干线的空座。"", ""新青森与青森之间相互乘车时，特快列车的自由席和普通列车（包括快速列车）的空席均可以在所有车厢的指定席上使用。"", ""如果您在新夕张和新得之间、或东室兰和室兰之间相互搭乘，您可以在特快列车上找到空座位。""]",3.0,JR北海道、JR东日本主要车站、车站旅行中心及主要旅行社,,,http://www.jreast.co.jp/tickets/info.aspx?GoodsCd=2962,"[{""text"": ""ＪＲ東日本"", ""url"": ""http://www.jreast.co.jp/tickets/info.aspx?GoodsCd=2962""}, {""text"": ""ＪＲ北海道"", ""url"": ""https://www.jrhokkaido.co.jp/CM/Otoku/007213/""}]",,https://www2s.biglobe.ne.jp/~t_aoyagi/railway/free/jreast04.htm,jreast04.htm,3,2026/8/10 1:30,北海道＆東日本パス,,,,https://www2s.biglobe.ne.jp/~t_aoyagi/railway/free/jreast04.htm
jreast203,大人の休日倶楽部パス(東日本･北海道),ＪＲ北海道 ＪＲ東日本,"[""ＪＲ北海道 ＪＲ東日本""]",1,False,zenkoku,全国,全国,"[""全国""]",kaiin,会員限定タイプ,会员限定,"[""実券""]",True,False,period,2026/7/31  〜9/7,2026/7/31,2026/9/7,,,28000.0,"大人の休日倶楽部会員限定 
 
 
 
 購入場所 グリーン車用 普通車用 
 えきねっと 51,000円 28,000円 
 窓口 設定なし 29,000円",5天,5.0,"从开始日期前一个月到前一天
 
2026年5月23日 - 2026年6月29日
 
2026年7月31日 - 2026年9月7日
 
2026年12月18日 - 2027年1月25日","2026年6月22日 - 2026年7月4日
 
2026年8月31日 - 2026年9月12日
 
2026年1月18日 - 2027年1月30日","JR东日本：全线（包括新干线）
 
 JR北海道：全线（包括新干线）
 
 青森铁道：全线
 
 IGR岩手银河铁道：全线
 
 三陆铁道：全线
 
 北越急行：全线
 
 伊豆急行：全线
 
 富士急行：所有线路
 
 越后心跳铁道：直江津与新井之间
 
 BRT：所有线路",[],"{""columns"": [""绿色车厢 (头等座)"", ""普通车自由席车指定席席"", ""普通车自由席车自由席席"", ""专线列车 (Liner)"", ""特急"", ""急行"", ""快速"", ""普通车自由席"", ""指定席"", ""自由席"", ""其他的"", ""绿色车厢 (头等座)"", ""普通车自由席车指定席席"", ""普通车自由席车自由席席"", ""专线列车 (Liner)"", ""特急""], ""status_rows"": [{""label"": ""普通車用"", ""symbols"": [{""symbol"": ""×"", ""note"": null}, {""symbol"": ""▲"", ""note"": null}, {""symbol"": ""▲"", ""note"": null}, {""symbol"": ""△"", ""note"": null}, {""symbol"": ""○"", ""note"": null}, {""symbol"": ""▲"", ""note"": null}, {""symbol"": ""▲"", ""note"": null}, {""symbol"": ""▲"", ""note"": null}, {""symbol"": ""△"", ""note"": null}, {""symbol"": ""○"", ""note"": null}, {""symbol"": ""▲"", ""note"": null}, {""symbol"": ""▲"", ""note"": null}, {""symbol"": ""▲"", ""note"": null}, {""symbol"": ""△"", ""note"": null}, {""symbol"": ""○"", ""note"": null}, {""symbol"": ""○"", ""note"": null}]}, {""label"": ""グリーン車用"", ""symbols"": [{""symbol"": ""×"", ""note"": null}, {""symbol"": ""▲"", ""note"": null}, {""symbol"": ""△"", ""note"": null}, {""symbol"": ""△"", ""note"": null}, {""symbol"": ""○"", ""note"": null}, {""symbol"": ""▲"", ""note"": null}, {""symbol"": ""▲"", ""note"": null}, {""symbol"": ""△"", ""note"": null}, {""symbol"": ""△"", ""note"": null}, {""symbol"": ""○"", ""note"": null}, {""symbol"": ""△"", ""note"": null}, {""symbol"": ""○"", ""note"": null}, {""symbol"": ""△"", ""note"": null}, {""symbol"": ""△"", ""note"": null}, {""symbol"": ""○"", ""note"": null}, {""symbol"": ""○"", ""note"": null}]}], ""legend"": {""○"": ""可乘车"", ""△"": ""合计限使用6次指定席"", ""▲"": ""仅乘车券有效"", ""×"": ""不可乘车""}, ""notes"": null}",JR,"[""仅限成人假日俱乐部会员。"", ""使用当天不销售。 （使用开始日1个月前至前一天有效）"", ""特快列车（包括东北、上越、山形、秋田、北陆新干线）、特急列车、普通列车有自由席。"", ""如果提前预约座位，则普通车厢的预约座位最多可使用六次。"", ""如果您想乘坐富士急行的富士山特急展望车，则需要座位票。乘坐富士登山电车时还需要购买坐席票。"", ""不能乘坐东海道新干线。""]",6.0,"JR东日本主要车站的指定席售票机
 View Plaza/绿之窗口
 JR 北海道主要车站的绿之窗口",JR东日本,,https://jre-ot9.jp/ticket/clubpass.html#overview,"[{""text"": ""ＪＲ東日本・大人の休日倶楽部"", ""url"": ""https://jre-ot9.jp/ticket/clubpass.html#overview""}]",,https://www2s.biglobe.ne.jp/~t_aoyagi/railway/free/jreast203.htm,jreast203.htm,4,2026/8/10 1:30,大人の休日倶楽部パス (東日本・北海道),"大人の休日倶楽部パス (東日本,東日本・北海道,北海道)の合計で、
普通車用：30,000枚/日、グリーン車用：1,000枚/期間",,,https://www2s.biglobe.ne.jp/~t_aoyagi/railway/free/jreast203.htm
jreast205,大人の休日パス(東日本・北海道スペシャル),ＪＲ北海道 ＪＲ東日本,"[""ＪＲ北海道 ＪＲ東日本""]",1,False,zenkoku,全国,全国,"[""全国""]",kaiin,会員限定タイプ,会员限定,"[""実券""]",True,False,ended,終了,,,,,26740.0,"大人の休日倶楽部会員 
 普通車用：26,740円 グリーン車用：50,250円",使用期限内连续5天,5.0,2025年8月25日 - 2025年9月29日,2025年9月25日 - 2025年10月4日,"JR东日本：全线（包括新干线）
 
 JR北海道：全线（包括新干线）
 
 青森铁道：全线
 
 IGR岩手银河铁道：全线
 
 三陆铁道：全线
 
 北越急行：全线
 
 伊豆急行：全线
 
 富士急行：所有线路
 
 越后心跳铁道：直江津与新井之间
 
 BRT：所有线路",[],"{""columns"": [""绿色车厢 (头等座)"", ""普通车自由席车指定席席"", ""普通车自由席车自由席席"", ""专线列车 (Liner)"", ""特急"", ""急行"", ""快速"", ""普通车自由席"", ""指定席"", ""自由席"", ""其他的"", ""绿色车厢 (头等座)"", ""普通车自由席车指定席席"", ""普通车自由席车自由席席"", ""专线列车 (Liner)"", ""特急"", ""急行"", ""快速"", ""普通车自由席""], ""status_rows"": [{""label"": ""普通車用"", ""symbols"": [{""symbol"": ""×"", ""note"": null}, {""symbol"": ""▲"", ""note"": null}, {""symbol"": ""▲"", ""note"": null}, {""symbol"": ""△"", ""note"": null}, {""symbol"": ""▲"", ""note"": null}, {""symbol"": ""▲"", ""note"": null}, {""symbol"": ""△"", ""note"": null}, {""symbol"": ""○"", ""note"": null}, {""symbol"": ""▲"", ""note"": null}, {""symbol"": ""▲"", ""note"": null}, {""symbol"": ""▲"", ""note"": null}, {""symbol"": ""△"", ""note"": null}, {""symbol"": ""○"", ""note"": null}, {""symbol"": ""▲"", ""note"": null}, {""symbol"": ""▲"", ""note"": null}, {""symbol"": ""▲"", ""note"": null}, {""symbol"": ""△"", ""note"": null}, {""symbol"": ""○"", ""note"": null}, {""symbol"": ""○"", ""note"": null}]}, {""label"": ""グリーン車用"", ""symbols"": [{""symbol"": ""×"", ""note"": null}, {""symbol"": ""▲"", ""note"": null}, {""symbol"": ""△"", ""note"": null}, {""symbol"": ""△"", ""note"": null}, {""symbol"": ""▲"", ""note"": null}, {""symbol"": ""△"", ""note"": null}, {""symbol"": ""△"", ""note"": null}, {""symbol"": ""○"", ""note"": null}, {""symbol"": ""▲"", ""note"": null}, {""symbol"": ""▲"", ""note"": null}, {""symbol"": ""△"", ""note"": null}, {""symbol"": ""△"", ""note"": null}, {""symbol"": ""○"", ""note"": null}, {""symbol"": ""△"", ""note"": null}, {""symbol"": ""△"", ""note"": null}, {""symbol"": ""▲"", ""note"": null}, {""symbol"": ""△"", ""note"": null}, {""symbol"": ""○"", ""note"": null}, {""symbol"": ""○"", ""note"": null}]}], ""legend"": {""○"": ""可乘车"", ""△"": ""合计限使用6次指定席"", ""▲"": ""仅乘车券有效"", ""×"": ""不可乘车""}, ""notes"": null}",JR,"[""仅限成人假日俱乐部会员。"", ""使用当天不销售。 （使用开始日1个月前至前一天有效）"", ""特快列车（包括北海道、东北、上越、山形、秋田、北陆新干线）、特急列车、普通列车有自由席。"", ""如果提前预约座位，则普通车厢的预约座位最多可使用六次。"", ""如果您想乘坐富士急行的富士山特急展望车，则需要座位票。乘坐富士登山电车时还需要购买坐席票。"", ""不能乘坐东海道新干线。""]",6.0,埃基内特,JR东日本,,https://www.jrhokkaido.co.jp/CM/Otoku/007147/,"[{""text"": ""ＪＲ北海道"", ""url"": ""https://www.jrhokkaido.co.jp/CM/Otoku/007147/""}, {""text"": ""ＪＲ東日本(普通車用)"", ""url"": ""https://www.jreast.co.jp/tickets/info.aspx?GoodsCd=2975""}, {""text"": ""ＪＲ北海道"", ""url"": ""https://www.jrhokkaido.co.jp/CM/Otoku/007148/""}, {""text"": ""ＪＲ東日本(グリーン車用)"", ""url"": ""https://www.jreast.co.jp/tickets/info.aspx?GoodsCd=2976""}, {""text"": ""ＪＲ東日本・大人の休日倶楽部"", ""url"": ""https://jre-ot9.jp/ticket/?header_link#special2309""}]",,https://www2s.biglobe.ne.jp/~t_aoyagi/railway/free/jreast205.htm,jreast205.htm,5,2026/8/10 1:30,大人の休日パス (東日本・北海道スペシャル),,,,https://www2s.biglobe.ne.jp/~t_aoyagi/railway/free/jreast205.htm
jreast201,大人の休日倶楽部パス(東日本),JR东日本,"[""ＪＲ東日本""]",1,False,zenkoku,全国,全国,"[""全国""]",kaiin,会員限定タイプ,会员限定,"[""実券""]",True,False,period,2026/7/31  〜9/7,2026/7/31,2026/9/7,,,20000.0,"大人の休日倶楽部会員限定 
 
 購入場所 グリーン車用 普通車用 
 えきねっと 36,000円 20,000円 
 窓口 設定なし 21,000円",5天,5.0,"从开始日期前一个月到前一天
 
2026年5月23日 - 2026年6月29日
 
2026年7月31日 - 2026年9月7日
 
2026年12月18日 - 2027年1月25日","2026年6月22日 - 2026年7月4日
 
2026年8月31日 - 2026年9月12日
 
2026年1月18日 - 2027年1月30日",,"[""https://www2s.biglobe.ne.jp/~t_aoyagi/railway/free/map/jreast201.gif""]","{""columns"": [""绿色车厢 (头等座)"", ""普通车自由席车指定席席"", ""普通车自由席车自由席席"", ""专线列车 (Liner)"", ""特急"", ""急行"", ""快速"", ""普通车自由席"", ""指定席"", ""自由席"", ""其他的"", ""绿色车厢 (头等座)"", ""普通车自由席车指定席席"", ""普通车自由席车自由席席"", ""专线列车 (Liner)"", ""特急"", ""急行""], ""status_rows"": [{""label"": ""普通車用"", ""symbols"": [{""symbol"": ""×"", ""note"": null}, {""symbol"": ""×"", ""note"": null}, {""symbol"": ""▲"", ""note"": null}, {""symbol"": ""▲"", ""note"": null}, {""symbol"": ""△"", ""note"": null}, {""symbol"": ""○"", ""note"": null}, {""symbol"": ""▲"", ""note"": null}, {""symbol"": ""▲"", ""note"": null}, {""symbol"": ""▲"", ""note"": null}, {""symbol"": ""△"", ""note"": null}, {""symbol"": ""○"", ""note"": null}, {""symbol"": ""▲"", ""note"": null}, {""symbol"": ""▲"", ""note"": null}, {""symbol"": ""▲"", ""note"": null}, {""symbol"": ""△"", ""note"": null}, {""symbol"": ""○"", ""note"": null}, {""symbol"": ""○"", ""note"": null}]}, {""label"": ""グリーン車用"", ""symbols"": [{""symbol"": ""×"", ""note"": null}, {""symbol"": ""×"", ""note"": null}, {""symbol"": ""▲"", ""note"": null}, {""symbol"": ""△"", ""note"": null}, {""symbol"": ""△"", ""note"": null}, {""symbol"": ""○"", ""note"": null}, {""symbol"": ""▲"", ""note"": null}, {""symbol"": ""▲"", ""note"": null}, {""symbol"": ""△"", ""note"": null}, {""symbol"": ""△"", ""note"": null}, {""symbol"": ""○"", ""note"": null}, {""symbol"": ""△"", ""note"": null}, {""symbol"": ""○"", ""note"": null}, {""symbol"": ""△"", ""note"": null}, {""symbol"": ""△"", ""note"": null}, {""symbol"": ""○"", ""note"": null}, {""symbol"": ""○"", ""note"": null}]}], ""legend"": {""○"": ""可乘车"", ""△"": ""合计限使用6次指定席"", ""▲"": ""仅乘车券有效"", ""×"": ""不可乘车""}, ""notes"": null}",JR,"[""仅限成人假日俱乐部会员。"", ""使用当天不销售。 （使用开始日1个月前至前一天有效）"", ""特快列车（包括东北、上越、山形、秋田、北陆新干线）、特急列车、普通列车有自由席。"", ""如果提前预约座位，则普通车厢的预约座位最多可使用六次。"", ""如果您想乘坐富士急行的富士山特急展望车，则需要座位票。乘坐富士登山电车时还需要购买坐席票。"", ""不能乘坐东海道新干线。""]",6.0,"JR东日本主要车站的指定席售票机
 View Plaza/绿之窗口",JR东日本,,https://jre-ot9.jp/ticket/clubpass.html#overview,"[{""text"": ""ＪＲ東日本・大人の休日倶楽部"", ""url"": ""https://jre-ot9.jp/ticket/clubpass.html#overview""}]",,https://www2s.biglobe.ne.jp/~t_aoyagi/railway/free/jreast201.htm,jreast201.htm,6,2026/8/10 1:30,大人の休日倶楽部パス (東日本),"大人の休日倶楽部パス (東日本,東日本・北海道,北海道)の合計で、
普通車用：30,000枚/日、グリーン車用：1,000枚/期間",,,https://www2s.biglobe.ne.jp/~t_aoyagi/railway/free/jreast201.htm
jreast221,大人の休日パス(東日本スペシャル),JR东日本,"[""ＪＲ東日本""]",1,False,zenkoku,全国,全国,"[""全国""]",kaiin,会員限定タイプ,会员限定,"[""実券""]",True,False,ended,終了,,,,,18800.0,"大人の休日倶楽部会員 
 普通車用：18,800円 グリーン車用：35,000円",使用期限内连续5天,5.0,2025年8月25日 - 2025年9月29日,2025年9月25日 - 2025年10月4日,,"[""https://www2s.biglobe.ne.jp/~t_aoyagi/railway/free/map/jreast201.gif""]","{""columns"": [""绿色车厢 (头等座)"", ""普通车自由席车指定席席"", ""普通车自由席车自由席席"", ""专线列车 (Liner)"", ""特急"", ""急行"", ""快速"", ""普通车自由席"", ""指定席"", ""自由席"", ""其他的"", ""绿色车厢 (头等座)"", ""普通车自由席车指定席席"", ""普通车自由席车自由席席"", ""专线列车 (Liner)"", ""特急""], ""status_rows"": [{""label"": null, ""symbols"": [{""symbol"": ""×"", ""note"": null}, {""symbol"": ""▲"", ""note"": null}, {""symbol"": ""▲"", ""note"": null}, {""symbol"": ""△"", ""note"": null}, {""symbol"": ""○"", ""note"": null}, {""symbol"": ""▲"", ""note"": null}, {""symbol"": ""▲"", ""note"": null}, {""symbol"": ""▲"", ""note"": null}, {""symbol"": ""△"", ""note"": null}, {""symbol"": ""○"", ""note"": null}, {""symbol"": ""▲"", ""note"": null}, {""symbol"": ""▲"", ""note"": null}, {""symbol"": ""▲"", ""note"": null}, {""symbol"": ""△"", ""note"": null}, {""symbol"": ""○"", ""note"": null}, {""symbol"": ""○"", ""note"": null}]}], ""legend"": {""○"": ""可乘车"", ""△"": ""合计限使用6次指定席"", ""▲"": ""仅乘车券有效"", ""×"": ""不可乘车""}, ""notes"": null}",JR,"[""仅限成人假日俱乐部会员。"", ""使用当天不销售。 （使用开始日1个月前至前一天有效）"", ""特快列车（包括东北、上越、山形、秋田、北陆新干线）、特急列车、普通列车有自由席。"", ""如果提前预约座位，则普通车厢的预约座位最多可使用六次。"", ""如果您想乘坐富士急行的富士山特急展望车，则需要座位票。乘坐富士登山电车时还需要购买坐席票。"", ""不能乘坐东海道新干线。""]",6.0,埃基内特,JR东日本,,https://www.jreast.co.jp/tickets/info.aspx?GoodsCd=2973,"[{""text"": ""ＪＲ東日本(普通車用)"", ""url"": ""https://www.jreast.co.jp/tickets/info.aspx?GoodsCd=2973""}, {""text"": ""ＪＲ東日本(グリーン車用)"", ""url"": ""https://www.jreast.co.jp/tickets/info.aspx?GoodsCd=2974""}, {""text"": ""ＪＲ東日本・大人の休日倶楽部"", ""url"": ""https://jre-ot9.jp/ticket/special2411.html""}]",,https://www2s.biglobe.ne.jp/~t_aoyagi/railway/free/jreast221.htm,jreast221.htm,7,2026/8/10 1:30,大人の休日パス 東日本スペシャル,,,,https://www2s.biglobe.ne.jp/~t_aoyagi/railway/free/jreast221.htm
jreast24,「旅せよ平日！JR東日本たびキュン 早割パス」,JR东日本,"[""ＪＲ東日本""]",1,False,zenkoku,全国,全国,"[""全国""]",kikan,期間限定タイプ,期间限定,"[""実券""]",True,False,ended,終了,,,10000.0,,10000.0,"1日用：大人 10,000円
2日用：大人 18,000円",1天/2天,1.0,"1天：2026年1月12日-2026年2月26日
 
2天：2026年1月12日-2026年2月25日
 
使用开始日期前1个月至14天内释放",2026年2月12日至2026年3月12日工作日,,"[""https://www2s.biglobe.ne.jp/~t_aoyagi/railway/free/map/jreast24.gif""]","{""columns"": [""绿色车厢 (头等座)"", ""普通车自由席车指定席席"", ""普通车自由席车自由席席"", ""专线列车 (Liner)"", ""特急"", ""急行"", ""快速"", ""普通车自由席"", ""指定席"", ""自由席"", ""其他的"", ""绿色车厢 (头等座)"", ""普通车自由席车指定席席"", ""普通车自由席车自由席席"", ""专线列车 (Liner)"", ""特急""], ""status_rows"": [{""label"": null, ""symbols"": [{""symbol"": ""×"", ""note"": null}, {""symbol"": ""▲"", ""note"": null}, {""symbol"": ""▲"", ""note"": null}, {""symbol"": ""△"", ""note"": null}, {""symbol"": ""○"", ""note"": null}, {""symbol"": ""×"", ""note"": null}, {""symbol"": ""▲"", ""note"": null}, {""symbol"": ""▲"", ""note"": null}, {""symbol"": ""△"", ""note"": null}, {""symbol"": ""○"", ""note"": null}, {""symbol"": ""▲"", ""note"": null}, {""symbol"": ""▲"", ""note"": null}, {""symbol"": ""▲"", ""note"": null}, {""symbol"": ""△"", ""note"": null}, {""symbol"": ""○"", ""note"": null}, {""symbol"": ""○"", ""note"": null}]}], ""legend"": {""○"": ""可乘车"", ""△"": ""1日有效"", ""▲"": ""仅乘车券有效"", ""×"": ""不可乘车""}, ""notes"": null}",JR,"[""普通车厢指定席（或站席）最多可使用两次"", ""乘坐客车、卧铺车、绿色车厢时需另行购买车票。"", ""不能乘坐东海道新干线。""]",3.0,埃基内特,JR东日本,,https://www.jreast.co.jp/tickets/info.aspx?GoodsCd=2985,"[{""text"": ""ＪＲ東日本(1日用)"", ""url"": ""https://www.jreast.co.jp/tickets/info.aspx?GoodsCd=2985""}, {""text"": ""ＪＲ東日本(2日用)"", ""url"": ""https://www.jreast.co.jp/tickets/info.aspx?GoodsCd=2986""}]",,https://www2s.biglobe.ne.jp/~t_aoyagi/railway/free/jreast24.htm,jreast24.htm,8,2026/8/10 1:30,旅せよ平日！JR東日本たびキュン 早割パス,,,,https://www2s.biglobe.ne.jp/~t_aoyagi/railway/free/jreast24.htm
jreast38,東日本のんびり旅パス,JR东日本,"[""ＪＲ東日本""]",1,False,zenkoku,全国,全国,"[""全国""]",kikan,期間限定タイプ,期间限定,"[""実券""]",True,False,ended,終了,,,9000.0,,9000.0,"大人：9,000円",3天,3.0,2025年6月18日 - 2025年12月24日,"2025年7月1日 - 2025年12月26日
 *不包括8月10日至19日",,"[""https://www2s.biglobe.ne.jp/~t_aoyagi/railway/free/map/jreast38.gif""]","{""columns"": [""東海道新干线 (希望号 (Nozomi))"", ""東海道新干线 (光号/回声号)"", ""东北/上越新干线"", ""在来线特急/急行"", ""快速/普通车自由席列车 (绿色车厢)"", ""快速/普通车自由席列车 (专线列车 (Liner))"", ""快速/普通车自由席列车 (指定席)"", ""快速/普通车自由席列车 (自由席)"", ""东京单轨电车"", ""临海线""], ""status_rows"": [{""label"": null, ""symbols"": [{""symbol"": ""×"", ""note"": null}, {""symbol"": ""×"", ""note"": null}, {""symbol"": ""×"", ""note"": null}, {""symbol"": ""△"", ""note"": null}, {""symbol"": ""▲"", ""note"": null}, {""symbol"": ""▲"", ""note"": null}, {""symbol"": ""▲"", ""note"": null}, {""symbol"": ""○"", ""note"": null}, {""symbol"": ""□"", ""note"": null}, {""symbol"": ""○"", ""note"": null}]}], ""legend"": {""○"": ""可乘车"", ""▲"": ""仅乘车券有效"", ""×"": ""不可乘车"", ""□"": ""青森―野辺地、青森―八戸、野辺地―八戸間""}, ""notes"": null}",JR,"[""青森铁道线仅在当天换乘JR线时可使用。""]",1.0,埃基内特,JR东日本电话：,,https://www.jreast.co.jp/tickets/info.aspx?GoodsCd=2959,"[{""text"": ""ＪＲ東日本"", ""url"": ""https://www.jreast.co.jp/tickets/info.aspx?GoodsCd=2959""}]",,https://www2s.biglobe.ne.jp/~t_aoyagi/railway/free/jreast38.htm,jreast38.htm,9,2026/8/10 1:30,東日本のんびり旅パス,,,,https://www2s.biglobe.ne.jp/~t_aoyagi/railway/free/jreast38.htm
jrwest136,WESTERポイント全線フリーきっぷ(全ポイント),JR西日本,"[""ＪＲ西日本""]",1,False,zenkoku,全国,全国,"[""全国""]",kaiin,会員限定タイプ,会员限定,"[""実券""]",True,False,ended,終了,,,,,,"大人：10,000ポイント/小人：5,000ポイント",2天,2.0,"2026年5月11日 - 2026年7月16日
 2025年12月26日 - 2026年3月19日","2026年6月1日 - 2026年7月17日
 2026年1月13日 - 2026年3月20日
 2025年7月16日 - 2025年8月31日
 2025 年 8 月 8 日至 17 日期间不可用","山阳新干线：新大阪博多
 
 北陆新干线：敦贺～上越妙高
 
 常规线路：所有线路
 
 Chizu Express：所有线路",[],"{""columns"": [""绿色车厢 (头等座)"", ""普通车自由席车指定席席"", ""普通车自由席车自由席席"", ""专线列车 (Liner)"", ""特急"", ""急行"", ""快速"", ""普通车自由席"", ""指定席"", ""自由席"", ""其他的"", ""绿色车厢 (头等座)"", ""普通车自由席车指定席席"", ""普通车自由席车自由席席"", ""专线列车 (Liner)"", ""特急"", ""急行""], ""status_rows"": [{""label"": null, ""symbols"": [{""symbol"": ""×"", ""note"": null}, {""symbol"": ""▲"", ""note"": null}, {""symbol"": ""○"", ""note"": null}, {""symbol"": ""○"", ""note"": null}, {""symbol"": ""×"", ""note"": null}, {""symbol"": ""▲"", ""note"": null}, {""symbol"": ""○"", ""note"": null}, {""symbol"": ""○"", ""note"": null}, {""symbol"": ""×"", ""note"": null}, {""symbol"": ""▲"", ""note"": null}, {""symbol"": ""○"", ""note"": null}, {""symbol"": ""○"", ""note"": null}, {""symbol"": ""▲"", ""note"": null}, {""symbol"": ""▲"", ""note"": null}, {""symbol"": ""▲"", ""note"": null}, {""symbol"": ""○"", ""note"": null}, {""symbol"": ""○"", ""note"": null}]}], ""legend"": {""○"": ""可乘车"", ""▲"": ""仅乘车券有效"", ""×"": ""不可乘车""}, ""notes"": [""「サンライズ出雲・瀬戸」,「WEST EXPRESS 銀河」は乗車不可""]}",JR,"[""只能用 WESTER 积分购买"", ""Sunrise出云和Sunrise濑户的所有设施均不可使用。"", ""连续骑行有效期至午夜后第一站。有效期至特定列车区间内的最后一趟列车。"", ""IR 石川铁道线金泽至津田之间不收取任何票价或费用，仅在转乘 JR 西日本线时收取。"", ""如果您转乘 JR 西日本线，则福井线至越前花道之间的 Happy Line 福井线无需支付任何票价或费用。""]",5.0,e5489有限公司,西日本旅客铁道：,,http://tickets.jr-odekake.net/shohindb/view/consumer/tokutoku/detail.html?shnId=126000069,"[{""text"": ""ＪＲ西日本"", ""url"": ""http://tickets.jr-odekake.net/shohindb/view/consumer/tokutoku/detail.html?shnId=126000069""}]",,https://www2s.biglobe.ne.jp/~t_aoyagi/railway/free/jrwest136.htm,jrwest136.htm,10,2026/8/10 1:30,WESTERポイント全線フリーきっぷ（全ポイント）,,,,https://www2s.biglobe.ne.jp/~t_aoyagi/railway/free/jrwest136.htm
jrwest137,WESTERポイント全線フリーきっぷ(一部ポイント),JR西日本,"[""ＪＲ西日本""]",1,False,zenkoku,全国,全国,"[""全国""]",kaiin,会員限定タイプ,会员限定,"[""実券""]",True,False,ended,終了,,,16500.0,8500.0,8500.0,"大人：16,500円＋500ポイント 
 小人：8,500円＋500ポイント",2天,2.0,"2026年5月11日 - 2026年7月16日
 2025年12月26日 - 2026年3月19日","2026年6月1日 - 2026年7月17日
 2026年1月13日 - 2026年3月20日
 2025年7月16日 - 2025年8月31日
 2025 年 8 月 8 日至 17 日期间不可用","山阳新干线：新大阪博多
 
 北陆新干线：敦贺～上越妙高
 
 常规线路：所有线路
 
 Chizu Express：所有线路",[],"{""columns"": [""绿色车厢 (头等座)"", ""普通车自由席车指定席席"", ""普通车自由席车自由席席"", ""专线列车 (Liner)"", ""特急"", ""急行"", ""快速"", ""普通车自由席"", ""指定席"", ""自由席"", ""其他的"", ""绿色车厢 (头等座)"", ""普通车自由席车指定席席"", ""普通车自由席车自由席席"", ""专线列车 (Liner)"", ""特急"", ""急行""], ""status_rows"": [{""label"": null, ""symbols"": [{""symbol"": ""×"", ""note"": null}, {""symbol"": ""▲"", ""note"": null}, {""symbol"": ""○"", ""note"": null}, {""symbol"": ""○"", ""note"": null}, {""symbol"": ""×"", ""note"": null}, {""symbol"": ""▲"", ""note"": null}, {""symbol"": ""○"", ""note"": null}, {""symbol"": ""○"", ""note"": null}, {""symbol"": ""×"", ""note"": null}, {""symbol"": ""▲"", ""note"": null}, {""symbol"": ""○"", ""note"": null}, {""symbol"": ""○"", ""note"": null}, {""symbol"": ""▲"", ""note"": null}, {""symbol"": ""▲"", ""note"": null}, {""symbol"": ""▲"", ""note"": null}, {""symbol"": ""○"", ""note"": null}, {""symbol"": ""○"", ""note"": null}]}], ""legend"": {""○"": ""可乘车"", ""▲"": ""仅乘车券有效"", ""×"": ""不可乘车""}, ""notes"": [""「サンライズ出雲・瀬戸」,「WEST EXPRESS 銀河」は乗車不可"", ""普通車指定席は6回まで利用可""]}",JR,"[""只能用 WESTER 积分购买"", ""Sunrise出云和Sunrise濑户的所有设施均不可使用。"", ""连续骑行有效期至午夜后第一站。有效期至特定列车区间内的最后一趟列车。"", ""IR 石川铁道线金泽至津田之间不收取任何票价或费用，仅在转乘 JR 西日本线时收取。"", ""如果您转乘 JR 西日本线，则福井线至越前花道之间的 Happy Line 福井线无需支付任何票价或费用。""]",5.0,e5489有限公司,西日本旅客铁道：,,https://tickets.jr-odekake.net/shohindb/view/consumer/tokutoku/detail.html?shnId=126000068,"[{""text"": ""ＪＲ西日本"", ""url"": ""https://tickets.jr-odekake.net/shohindb/view/consumer/tokutoku/detail.html?shnId=126000068""}]",,https://www2s.biglobe.ne.jp/~t_aoyagi/railway/free/jrwest137.htm,jrwest137.htm,11,2026/8/10 1:30,WESTERポイント全線フリーきっぷ（一部ポイント）,,,,https://www2s.biglobe.ne.jp/~t_aoyagi/railway/free/jrwest137.htm
jrwest138,WESTERポイント山陽新幹線フリーパス,JR西日本,"[""ＪＲ西日本""]",1,False,zenkoku,全国,全国,"[""全国""]",kaiin,会員限定タイプ,会员限定,"[""実券""]",True,False,ended,終了,,,,,,"大人：5,000ポイント／小人：2,500ポイント",1天,1.0,"2024年11月1日 - 2024年12月26日
 提前1个月发售直至当天",2024年11月5日 - 2024年9月26日,,"[""https://www2s.biglobe.ne.jp/~t_aoyagi/railway/free/map/jrwest138.gif""]","{""columns"": [""绿色车厢 (头等座)"", ""普通车自由席车指定席席"", ""普通车自由席车自由席席"", ""专线列车 (Liner)"", ""特急"", ""急行"", ""快速"", ""普通车自由席"", ""指定席"", ""自由席"", ""其他的"", ""绿色车厢 (头等座)"", ""普通车自由席车指定席席"", ""普通车自由席车自由席席"", ""专线列车 (Liner)"", ""特急"", ""急行""], ""status_rows"": [{""label"": null, ""symbols"": [{""symbol"": ""×"", ""note"": null}, {""symbol"": ""△"", ""note"": ""*2""}, {""symbol"": ""△"", ""note"": ""*2""}, {""symbol"": ""○"", ""note"": ""*2""}, {""symbol"": ""×"", ""note"": null}, {""symbol"": ""×"", ""note"": null}, {""symbol"": ""×"", ""note"": null}, {""symbol"": ""×"", ""note"": null}, {""symbol"": ""×"", ""note"": null}, {""symbol"": ""×"", ""note"": null}, {""symbol"": ""×"", ""note"": null}, {""symbol"": ""×"", ""note"": null}, {""symbol"": ""×"", ""note"": null}, {""symbol"": ""×"", ""note"": null}, {""symbol"": ""×"", ""note"": null}, {""symbol"": ""×"", ""note"": null}, {""symbol"": ""○"", ""note"": null}]}], ""legend"": {""○"": ""可乘车"", ""△"": ""最多允许 6 次"", ""▲"": ""仅乘车券有效"", ""×"": ""不可乘车""}, ""notes"": null}",JR,"[""只能用 WESTER 积分购买"", ""“瑞穗”号和“樱花”号不能搭乘。"", ""连续乘车有效期至末班车为止。""]",3.0,e5489有限公司,西日本旅客铁道：,,http://tickets.jr-odekake.net/shohindb/view/consumer/tokutoku/detail.html?shnId=124000436,"[{""text"": ""ＪＲ西日本"", ""url"": ""http://tickets.jr-odekake.net/shohindb/view/consumer/tokutoku/detail.html?shnId=124000436""}]",,https://www2s.biglobe.ne.jp/~t_aoyagi/railway/free/jrwest138.htm,jrwest138.htm,12,2026/8/10 1:30,WESTERポイント山陽新幹線フリーパス,,,,https://www2s.biglobe.ne.jp/~t_aoyagi/railway/free/jrwest138.htm
jrhokkaido01,北海道フリーパス,JR北海道,"[""ＪＲ北海道""]",1,False,hokkaido,北海道,北海道,"[""北海道""]",tunen,通年発売タイプ,全年发售,"[""実券""]",True,False,on_sale,発売中,,,28000.0,,28000.0,"販売 大人 小人 
 窓口 29,000円 － 
 えきねっと 28,000円 －",第7天,7.0,全年,"全年
 但4月27日至5月6日、8月10日至19日、12月28日至1月6日期间无法使用。",,"[""https://www2s.biglobe.ne.jp/~t_aoyagi/railway/free/map/jrhokkaido01.gif""]","{""columns"": [""東海道新干线 (希望号 (Nozomi))"", ""東海道新干线 (光号/回声号)"", ""东北/上越新干线"", ""在来线特急/急行"", ""快速/普通车自由席列车 (绿色车厢)"", ""快速/普通车自由席列车 (专线列车 (Liner))"", ""快速/普通车自由席列车 (指定席)"", ""快速/普通车自由席列车 (自由席)"", ""东京单轨电车"", ""临海线""], ""status_rows"": [{""label"": null, ""symbols"": [{""symbol"": ""×"", ""note"": null}, {""symbol"": ""▲"", ""note"": null}, {""symbol"": ""▲"", ""note"": null}, {""symbol"": ""△"", ""note"": null}, {""symbol"": ""○"", ""note"": null}, {""symbol"": ""▲"", ""note"": null}, {""symbol"": ""△"", ""note"": null}, {""symbol"": ""▲"", ""note"": null}, {""symbol"": ""○"", ""note"": null}, {""symbol"": ""○"", ""note"": null}]}], ""legend"": {""○"": ""可乘车"", ""△"": ""最多可使用 6 次。仅一张车票可用于 7 次或以上行程。"", ""▲"": ""仅乘车券有效"", ""×"": ""不可乘车""}, ""notes"": null}",JR,"[""特急列车普通车厢指定席最多可使用 6 次。"", ""如果乘坐出售自由席票的特快列车，则只能凭实际车票使用“普通车厢的自由席指定席”。"", ""不适用于北海道新干线"", ""JR北海道巴士线路中，札幌～旭川、带广、纹别、喜乐乐、广尾之间、苫小牧～襟裳之间的城际巴士及临时巴士路线无法使用。"", ""札幌～小樽之间的高速巴士只能乘坐JR北海道巴士。""]",5.0,JR北海道主要车站,JR北海道：,,https://www.jrhokkaido.co.jp/CM/Otoku/007218/,"[{""text"": ""ＪＲ北海道"", ""url"": ""https://www.jrhokkaido.co.jp/CM/Otoku/007218/""}]",,https://www2s.biglobe.ne.jp/~t_aoyagi/railway/free/jrhokkaido01.htm,jrhokkaido01.htm,1,2026/8/10 1:30,北海道フリーパス,,,,https://www2s.biglobe.ne.jp/~t_aoyagi/railway/free/jrhokkaido01.htm
jrhokkaido11,北海道まんなか のんびり列車パス,JR北海道,"[""ＪＲ北海道""]",1,False,hokkaido,北海道,北海道,"[""北海道""]",kisetu,季節発売タイプ,季节发售,"[""デジタル""]",False,True,period,2026/4/18  〜11/8,2026/4/18,2026/11/8,3300.0,1650.0,1650.0,"券種 大人 小人 
 1日間用 3,300円 1,650円 
 2日間用 5,600円 2,800円 
 3日間用 6,900円 3,450円",第一/第二/第三,1.0,"1 天 2026年4月18日 - 2026年11月8日
 2 天 2026年4月18日 - 2026年11月7日
 3天 2026年4月18日 - 2026年11月6日",2026年4月18日 - 2026年11月8日,,"[""https://www2s.biglobe.ne.jp/~t_aoyagi/railway/free/map/jrhokkaido11.gif""]","{""columns"": [""绿色车厢 (头等座)"", ""普通车自由席车指定席席"", ""普通车自由席车自由席席"", ""专线列车 (Liner)"", ""特急"", ""急行"", ""快速"", ""普通车自由席"", ""指定席""], ""status_rows"": [{""label"": null, ""symbols"": [{""symbol"": ""×"", ""note"": null}, {""symbol"": ""×"", ""note"": null}, {""symbol"": ""×"", ""note"": null}, {""symbol"": ""×"", ""note"": null}, {""symbol"": ""×"", ""note"": null}, {""symbol"": ""▲"", ""note"": null}, {""symbol"": ""▲"", ""note"": null}, {""symbol"": ""▲"", ""note"": null}, {""symbol"": ""○"", ""note"": null}]}], ""legend"": {""○"": ""可乘车"", ""▲"": ""仅乘车券有效"", ""×"": ""不可乘车""}, ""notes"": null}",JR,"[""不能乘坐特快列车或特快列车。""]",1.0,JR 北海道 ePass,JR北海道：,,https://www.jrhokkaido.co.jp/CM/Otoku/007247/,"[{""text"": ""ＪＲ北海道"", ""url"": ""https://www.jrhokkaido.co.jp/CM/Otoku/007247/""}]",,https://www2s.biglobe.ne.jp/~t_aoyagi/railway/free/jrhokkaido11.htm,jrhokkaido11.htm,2,2026/8/10 1:30,北海道まんなか のんびり列車パス,,,,https://www2s.biglobe.ne.jp/~t_aoyagi/railway/free/jrhokkaido11.htm
jrhokkaido13,一日散歩きっぷ,JR北海道,"[""ＪＲ北海道""]",1,False,hokkaido,北海道,北海道,"[""北海道""]",kisetu,季節発売タイプ,季节发售,"[""実券""]",True,False,period,2026/4/18  〜11/8,2026/4/18,2026/11/8,2730.0,1360.0,1360.0,"大人：2,730円／小人：1,360円",1天,1.0,"2026年4月18日至2026年11月8日周六及节假日
 从乘车当天早上开始发售",2026年4月18日至2026年11月8日周六及节假日,,"[""https://www2s.biglobe.ne.jp/~t_aoyagi/railway/free/map/jrhokkaido13.gif""]","{""columns"": [""绿色车厢 (头等座)"", ""普通车自由席车指定席席"", ""普通车自由席车自由席席"", ""专线列车 (Liner)"", ""特急"", ""急行"", ""快速"", ""普通车自由席"", ""指定席""], ""status_rows"": [{""label"": null, ""symbols"": [{""symbol"": ""×"", ""note"": null}, {""symbol"": ""×"", ""note"": null}, {""symbol"": ""×"", ""note"": null}, {""symbol"": ""×"", ""note"": null}, {""symbol"": ""×"", ""note"": null}, {""symbol"": ""▲"", ""note"": null}, {""symbol"": ""▲"", ""note"": null}, {""symbol"": ""▲"", ""note"": null}, {""symbol"": ""○"", ""note"": null}]}], ""legend"": {""○"": ""可乘车"", ""▲"": ""仅乘车券有效"", ""×"": ""不可乘车""}, ""notes"": null}",JR,"[""不能乘坐特快列车或特快列车。"", ""如果只乘坐新夕张新得区间，则可以乘坐该区间的特急普通车自由席。""]",2.0,小樽、南小樽、小樽筑港、钱箱、星兴、手稻、稻住公园、波寒、波寒中央、琴似、宗园、札幌、苗保、白石、厚别、森林公园、大麻、野幌、高砂、江别、幌木、岩见泽、八轩、新川、新琴、筱路、拓北、相里教育大学、石狩当别、平和、新札幌、上野幌、北广岛、岛松、惠野、惠庭、千岁,JR北海道：,,https://www.jrhokkaido.co.jp/CM/Otoku/007248/,"[{""text"": ""ＪＲ北海道"", ""url"": ""https://www.jrhokkaido.co.jp/CM/Otoku/007248/""}]",,https://www2s.biglobe.ne.jp/~t_aoyagi/railway/free/jrhokkaido13.htm,jrhokkaido13.htm,3,2026/8/10 1:30,一日散歩きっぷ,,,,https://www2s.biglobe.ne.jp/~t_aoyagi/railway/free/jrhokkaido13.htm
jrhokkaido22,ラベンダーフリーパス,JR北海道,"[""ＪＲ北海道""]",1,False,hokkaido,北海道,北海道,"[""北海道""]",kisetu,季節発売タイプ,季节发售,"[""実券""]",True,False,ended,終了,,,3050.0,1520.0,1520.0,"大人：3,050円／小人：1,520円",1天,1.0,2025年3月26日 - 2025年10月13日,2025年4月26日 - 2025年10月13日,,"[""https://www2s.biglobe.ne.jp/~t_aoyagi/railway/free/map/jrhokkaido22.gif""]","{""columns"": [""绿色车厢 (头等座)"", ""普通车自由席车指定席席"", ""普通车自由席车自由席席"", ""专线列车 (Liner)"", ""特急"", ""急行"", ""快速"", ""普通车自由席"", ""指定席"", ""自由席"", ""其他的""], ""status_rows"": [{""label"": null, ""symbols"": [{""symbol"": ""▲"", ""note"": null}, {""symbol"": ""▲"", ""note"": null}, {""symbol"": ""▲"", ""note"": null}, {""symbol"": ""▲"", ""note"": null}, {""symbol"": ""－"", ""note"": null}, {""symbol"": ""－"", ""note"": null}, {""symbol"": ""－"", ""note"": null}, {""symbol"": ""－"", ""note"": null}, {""symbol"": ""▲"", ""note"": null}, {""symbol"": ""▲"", ""note"": null}, {""symbol"": ""○"", ""note"": null}]}], ""legend"": {""○"": ""可乘车"", ""▲"": ""仅乘车券有效"", ""×"": ""不可乘车"", ""－"": ""適用外""}, ""notes"": null}",JR,"[""特快列车需要单独的快速票价。 （仅适用于门票）"", ""如果您想使用普通列车的指定席，则需要单独的指定席票。""]",2.0,"JR北海道主要车站的指定席售票机和绿窗口口
 旅游中心及各大旅行社",JR北海道：,,https://www.jrhokkaido.co.jp/CM/Otoku/007145/,"[{""text"": ""ＪＲ北海道"", ""url"": ""https://www.jrhokkaido.co.jp/CM/Otoku/007145/""}]",,https://www2s.biglobe.ne.jp/~t_aoyagi/railway/free/jrhokkaido22.htm,jrhokkaido22.htm,4,2026/8/10 1:30,ラベンダーフリーパス,,,,https://www2s.biglobe.ne.jp/~t_aoyagi/railway/free/jrhokkaido22.htm
jrhokkaido54,大人の休日倶楽部パス（北海道）,JR北海道,"[""ＪＲ北海道""]",1,False,hokkaido,北海道,北海道,"[""北海道""]",kaiin,会員限定タイプ,会员限定,"[""実券""]",True,False,period,2026/7/31  〜9/7,2026/7/31,2026/9/7,,,18070.0,"大人の休日倶楽部会員限定 
 
 購入場所 グリーン車用 普通車用 
 えきねっと 36,050円 18,070円 
 窓口 設定なし 19,070円",5天,5.0,"从开始日期前一个月到前一天
 
2026年5月23日 - 2026年6月29日
 
2026年7月31日 - 2026年9月7日
 
2026年12月18日 - 2027年1月25日","2026年6月22日 - 2026年7月4日
 
2026年8月31日 - 2026年9月12日
 
2026年1月18日 - 2027年1月30日",,"[""https://www2s.biglobe.ne.jp/~t_aoyagi/railway/free/map/jrhokkaido01.gif""]","{""columns"": [""绿色车厢 (头等座)"", ""普通车自由席车指定席席"", ""普通车自由席车自由席席"", ""专线列车 (Liner)"", ""特急"", ""急行"", ""快速"", ""普通车自由席"", ""指定席"", ""自由席"", ""其他的"", ""绿色车厢 (头等座)"", ""普通车自由席车指定席席"", ""普通车自由席车自由席席""], ""status_rows"": [{""label"": ""普通車用"", ""symbols"": [{""symbol"": ""×"", ""note"": null}, {""symbol"": ""×"", ""note"": null}, {""symbol"": ""×"", ""note"": null}, {""symbol"": ""▲"", ""note"": null}, {""symbol"": ""▲"", ""note"": null}, {""symbol"": ""▲"", ""note"": null}, {""symbol"": ""△"", ""note"": null}, {""symbol"": ""○"", ""note"": null}, {""symbol"": ""▲"", ""note"": null}, {""symbol"": ""▲"", ""note"": null}, {""symbol"": ""▲"", ""note"": null}, {""symbol"": ""△"", ""note"": null}, {""symbol"": ""○"", ""note"": null}, {""symbol"": ""－"", ""note"": null}]}, {""label"": ""グリーン車用"", ""symbols"": [{""symbol"": ""×"", ""note"": null}, {""symbol"": ""×"", ""note"": null}, {""symbol"": ""×"", ""note"": null}, {""symbol"": ""▲"", ""note"": null}, {""symbol"": ""▲"", ""note"": null}, {""symbol"": ""△"", ""note"": null}, {""symbol"": ""△"", ""note"": null}, {""symbol"": ""○"", ""note"": null}, {""symbol"": ""△"", ""note"": null}, {""symbol"": ""○"", ""note"": null}, {""symbol"": ""△"", ""note"": null}, {""symbol"": ""△"", ""note"": null}, {""symbol"": ""○"", ""note"": null}, {""symbol"": ""－"", ""note"": null}]}], ""legend"": {""○"": ""可乘车"", ""△"": ""合计限使用6次指定席"", ""▲"": ""仅乘车券有效"", ""×"": ""不可乘车""}, ""notes"": null}",JR,"[""仅限成人假日俱乐部会员。购买或使用时必须出示成人假日俱乐部会员卡。"", ""指定座位最多可使用 6 次。"", ""预留座位只能在火车出发前更换一次。"", ""使用绿座或卧铺时，您需要支付果岭费和卧铺费以及快速费。""]",4.0,"埃基内特
 JR 北海道主要车站的绿之窗口",JR北海道：,,https://jre-ot9.jp/ticket/clubpass.html#overview,"[{""text"": ""ＪＲ東日本・大人の休日倶楽部"", ""url"": ""https://jre-ot9.jp/ticket/clubpass.html#overview""}]",,https://www2s.biglobe.ne.jp/~t_aoyagi/railway/free/jrhokkaido54.htm,jrhokkaido54.htm,5,2026/8/10 1:30,大人の休日倶楽部パス（北海道）,"大人の休日倶楽部パス (東日本,東日本・北海道,北海道)の合計で、
普通車用：30,000枚/日、グリーン車用：1,000枚/期間",,,https://www2s.biglobe.ne.jp/~t_aoyagi/railway/free/jrhokkaido54.htm
jrhokkaido55,大人の休日パス(北海道スペシャル),JR北海道,"[""ＪＲ北海道""]",1,False,hokkaido,北海道,北海道,"[""北海道""]",kaiin,会員限定タイプ,会员限定,"[""実券""]",True,False,ended,終了,,,,,18070.0,"大人の休日倶楽部会員 
 普通車用：18,070円 グリーン車用：36,050円",使用期限内连续5天,5.0,2025年8月25日 - 2025年9月29日,2025年9月25日 - 2025年10月4日,,"[""https://www2s.biglobe.ne.jp/~t_aoyagi/railway/free/map/jrhokkaido01.gif""]","{""columns"": [""绿色车厢 (头等座)"", ""普通车自由席车指定席席"", ""普通车自由席车自由席席"", ""专线列车 (Liner)"", ""特急"", ""急行"", ""快速"", ""普通车自由席"", ""指定席"", ""自由席"", ""其他的"", ""绿色车厢 (头等座)"", ""普通车自由席车指定席席"", ""普通车自由席车自由席席""], ""status_rows"": [{""label"": ""普通車用"", ""symbols"": [{""symbol"": ""×"", ""note"": null}, {""symbol"": ""×"", ""note"": null}, {""symbol"": ""×"", ""note"": null}, {""symbol"": ""▲"", ""note"": null}, {""symbol"": ""▲"", ""note"": null}, {""symbol"": ""▲"", ""note"": null}, {""symbol"": ""△"", ""note"": null}, {""symbol"": ""○"", ""note"": null}, {""symbol"": ""▲"", ""note"": null}, {""symbol"": ""▲"", ""note"": null}, {""symbol"": ""▲"", ""note"": null}, {""symbol"": ""△"", ""note"": null}, {""symbol"": ""○"", ""note"": null}, {""symbol"": ""○"", ""note"": null}]}, {""label"": ""グリーン車用"", ""symbols"": [{""symbol"": ""×"", ""note"": null}, {""symbol"": ""×"", ""note"": null}, {""symbol"": ""×"", ""note"": null}, {""symbol"": ""▲"", ""note"": null}, {""symbol"": ""▲"", ""note"": null}, {""symbol"": ""△"", ""note"": null}, {""symbol"": ""△"", ""note"": null}, {""symbol"": ""○"", ""note"": null}, {""symbol"": ""△"", ""note"": null}, {""symbol"": ""△"", ""note"": null}, {""symbol"": ""▲"", ""note"": null}, {""symbol"": ""△"", ""note"": null}, {""symbol"": ""○"", ""note"": null}, {""symbol"": ""○"", ""note"": null}]}], ""legend"": {""○"": ""可乘车"", ""△"": ""合计限使用6次指定席"", ""▲"": ""仅乘车券有效"", ""×"": ""不可乘车""}, ""notes"": null}",JR,"[""仅限成人假日俱乐部会员。"", ""指定座位最多可使用 6 次。"", ""预留座位只能在火车出发前更换一次。"", ""使用绿座或卧铺时，您需要支付果岭费和卧铺费以及快速费。""]",4.0,埃基内特,JR北海道：,,https://www.jrhokkaido.co.jp/CM/Otoku/007149/,"[{""text"": ""ＪＲ北海道"", ""url"": ""https://www.jrhokkaido.co.jp/CM/Otoku/007149/""}, {""text"": ""ＪＲ北海道"", ""url"": ""https://www.jrhokkaido.co.jp/CM/Otoku/007150/""}, {""text"": ""ＪＲ東日本・大人の休日倶楽部"", ""url"": ""https://jre-ot9.jp/ticket/?header_link#special2309""}]",,https://www2s.biglobe.ne.jp/~t_aoyagi/railway/free/jrhokkaido55.htm,jrhokkaido55.htm,6,2026/8/10 1:30,大人の休日パス 北海道スペシャル,,,,https://www2s.biglobe.ne.jp/~t_aoyagi/railway/free/jrhokkaido55.htm
jrhokkaido91,はこだて旅するパスポート,JR北海道,"[""ＪＲ北海道""]",1,False,hokkaido,北海道,北海道,"[""北海道""]",kikan,期間限定タイプ,期间限定,"[""実券"", ""デジタル""]",True,True,period,〜2027/3/31,,2027/3/31,3000.0,1500.0,1500.0,"券種 大人 小人 
 1日用 きっぷ版 3,000円 1,500円 
 電子チケット 3,000円 1,500円 
 2日用 きっぷ版 4,500円 2,250円 
 電子チケット 4,500円 2,250円",,,,,,"[""https://www2s.biglobe.ne.jp/~t_aoyagi/railway/free/map/jrhokkaido91.gif""]","{""columns"": [""绿色车厢 (头等座)"", ""普通车自由席车指定席席"", ""普通车自由席车自由席席"", ""专线列车 (Liner)"", ""特急"", ""急行"", ""快速"", ""普通车自由席"", ""指定席""], ""status_rows"": [{""label"": null, ""symbols"": [{""symbol"": ""×"", ""note"": null}, {""symbol"": ""▲"", ""note"": null}, {""symbol"": ""▲"", ""note"": null}, {""symbol"": ""▲"", ""note"": null}, {""symbol"": ""▲"", ""note"": null}, {""symbol"": ""▲"", ""note"": null}, {""symbol"": ""▲"", ""note"": null}, {""symbol"": ""▲"", ""note"": null}, {""symbol"": ""○"", ""note"": null}]}], ""legend"": {""○"": ""可乘车"", ""▲"": ""仅乘车券有效"", ""×"": ""不可乘车""}, ""notes"": null}",JR,[],0.0,"门票版本：函馆、五棱郭、七饭、大沼公园、森、八云、长万部、奥津轻马别、木古内、新函馆北斗
 电子票：“DohNa！！”",JR北海道：,,https://www.jrhokkaido.co.jp/CM/Otoku/007200/,"[{""text"": ""ＪＲ北海道"", ""url"": ""https://www.jrhokkaido.co.jp/CM/Otoku/007200/""}, {""text"": ""函館市企業局交通部"", ""url"": ""https://www.city.hakodate.hokkaido.jp/docs/2014012100977/#tabipass""}, {""text"": ""道南いさりび鉄道"", ""url"": ""https://www.cithttps://www.shr-isaribi.jp/ticket-guide/otoku/y.hakodate.hokkaido.jp/docs/2014012100977/#tabipass""}, {""text"": ""函館バス"", ""url"": ""https://hakobus.co.jp/visitors/tourist-passes/#section-h3-04""}]",,https://www2s.biglobe.ne.jp/~t_aoyagi/railway/free/jrhokkaido91.htm,jrhokkaido91.htm,7,2026/8/10 1:30,はこだて旅するパスポート,,,,https://www2s.biglobe.ne.jp/~t_aoyagi/railway/free/jrhokkaido91.htm
jrhokkaido93,Peachひがし北海道フリーパス,JR北海道,"[""ＪＲ北海道""]",1,False,hokkaido,北海道,北海道,"[""北海道""]",kikan,期間限定タイプ,期间限定,"[""実券""]",True,False,period,2026/4/1  〜2027/3/31,2026/4/1,2027/3/31,20810.0,,20810.0,"大人：20,810円／U25(25歳以下)：16,950円",4天,4.0,2026年4月1日 - 2027年3月31日,"2026年4月1日 - 2027年4月4日
 自购买当日或次日起有效",,"[""https://www2s.biglobe.ne.jp/~t_aoyagi/railway/free/map/jrhokkaido93.gif""]","{""columns"": [""绿色车厢 (头等座)"", ""普通车自由席车指定席席"", ""普通车自由席车自由席席"", ""专线列车 (Liner)"", ""特急"", ""急行"", ""快速"", ""普通车自由席"", ""指定席""], ""status_rows"": [{""label"": null, ""symbols"": [{""symbol"": ""×"", ""note"": null}, {""symbol"": ""▲"", ""note"": null}, {""symbol"": ""△"", ""note"": null}, {""symbol"": ""▲"", ""note"": null}, {""symbol"": ""○"", ""note"": null}, {""symbol"": ""▲"", ""note"": null}, {""symbol"": ""▲"", ""note"": null}, {""symbol"": ""△"", ""note"": null}, {""symbol"": ""○"", ""note"": null}]}], ""legend"": {""○"": ""可乘车"", ""▲"": ""仅乘车券有效"", ""×"": ""不可乘车"", ""△"": ""总共最多可使用5次"", ""－"": ""未设定""}, ""notes"": null}",JR,"[""2026年4月27日至2026年5月6日、2026年8月10日至2026年8月19日以及2026年12月28日至2027年1月6日期间不可用。"", ""对于 U25，购买时需要提供年龄证明。""]",2.0,新千岁机场站指定席售票机、语音售票机,JR北海道：,,https://www.jrhokkaido.co.jp/CM/Otoku/007245/,"[{""text"": ""ＪＲ北海道"", ""url"": ""https://www.jrhokkaido.co.jp/CM/Otoku/007245/""}, {""text"": ""ＪＲ北海道"", ""url"": ""https://www.jrhokkaido.co.jp/travel/freepass/""}]",,https://www2s.biglobe.ne.jp/~t_aoyagi/railway/free/jrhokkaido93.htm,jrhokkaido93.htm,8,2026/8/10 1:30,Peachひがし北海道フリーパス,,,,https://www2s.biglobe.ne.jp/~t_aoyagi/railway/free/jrhokkaido93.htm
jrhokkaido87,FDAひがし北海道フリーパス,JR北海道,"[""ＪＲ北海道""]",1,False,hokkaido,北海道,北海道,"[""北海道""]",kikan,期間限定タイプ,期间限定,"[""実券""]",True,False,period,2026/4/1  〜2027/3/31,2026/4/1,2027/3/31,20810.0,,20810.0,"大人：20,810円／U25(25歳以下)：16,950円",4天,4.0,2026年4月1日 - 2027年3月31日,"2026年4月1日 - 2027年4月4日
 自购买当日或次日起有效",,"[""https://www2s.biglobe.ne.jp/~t_aoyagi/railway/free/map/jrhokkaido93.gif""]","{""columns"": [""绿色车厢 (头等座)"", ""普通车自由席车指定席席"", ""普通车自由席车自由席席"", ""专线列车 (Liner)"", ""特急"", ""急行"", ""快速"", ""普通车自由席"", ""指定席""], ""status_rows"": [{""label"": null, ""symbols"": [{""symbol"": ""×"", ""note"": null}, {""symbol"": ""▲"", ""note"": null}, {""symbol"": ""△"", ""note"": null}, {""symbol"": ""▲"", ""note"": null}, {""symbol"": ""○"", ""note"": null}, {""symbol"": ""▲"", ""note"": null}, {""symbol"": ""▲"", ""note"": null}, {""symbol"": ""△"", ""note"": null}, {""symbol"": ""○"", ""note"": null}]}], ""legend"": {""○"": ""可乘车"", ""▲"": ""仅乘车券有效"", ""×"": ""不可乘车"", ""△"": ""总共最多可使用5次"", ""－"": ""未设定""}, ""notes"": null}",JR,"[""2026年4月27日至2026年5月6日、2026年8月10日至2026年8月19日以及2026年12月28日至2027年1月6日期间不可用。"", ""对于 U25，购买时需要提供年龄证明。""]",2.0,新千岁机场站指定席售票机、语音售票机,JR北海道：,,https://www.jrhokkaido.co.jp/CM/Otoku/007245/,"[{""text"": ""ＪＲ北海道"", ""url"": ""https://www.jrhokkaido.co.jp/CM/Otoku/007245/""}, {""text"": ""ＪＲ北海道"", ""url"": ""https://www.jrhokkaido.co.jp/travel/freepass_fda/""}, {""text"": ""FDA"", ""url"": ""https://www.fujidream.co.jp/campaign/hokkaido-freepass/""}]",,https://www2s.biglobe.ne.jp/~t_aoyagi/railway/free/jrhokkaido87.htm,jrhokkaido87.htm,9,2026/8/10 1:30,FDAひがし北海道フリーパス,,,,https://www2s.biglobe.ne.jp/~t_aoyagi/railway/free/jrhokkaido87.htm
jrhokkaido95,Peachきた北海道フリーパス,JR北海道,"[""ＪＲ北海道""]",1,False,hokkaido,北海道,北海道,"[""北海道""]",kikan,期間限定タイプ,期间限定,"[""実券""]",True,False,period,2026/4/1  〜2027/3/31,2026/4/1,2027/3/31,16670.0,,16670.0,"大人：16,670円／U25(25歳以下)：13,990円",3天,3.0,2026年4月1日 - 2027年3月31日,"2026年4月1日 - 2027年4月3日
 自购买当日或次日起有效",,"[""https://www2s.biglobe.ne.jp/~t_aoyagi/railway/free/map/jrhokkaido95.gif""]","{""columns"": [""绿色车厢 (头等座)"", ""普通车自由席车指定席席"", ""普通车自由席车自由席席"", ""专线列车 (Liner)"", ""特急"", ""急行"", ""快速"", ""普通车自由席"", ""指定席""], ""status_rows"": [{""label"": null, ""symbols"": [{""symbol"": ""×"", ""note"": null}, {""symbol"": ""▲"", ""note"": null}, {""symbol"": ""△"", ""note"": null}, {""symbol"": ""▲"", ""note"": null}, {""symbol"": ""○"", ""note"": null}, {""symbol"": ""▲"", ""note"": null}, {""symbol"": ""▲"", ""note"": null}, {""symbol"": ""△"", ""note"": null}, {""symbol"": ""○"", ""note"": null}]}], ""legend"": {""○"": ""可乘车"", ""▲"": ""仅乘车券有效"", ""×"": ""不可乘车"", ""△"": ""总共最多可使用5次"", ""－"": ""未设定""}, ""notes"": null}",JR,"[""2026年4月27日至2026年5月6日、2026年8月10日至2026年8月19日以及2026年12月28日至2027年1月6日期间不可用。"", ""对于 U25，购买时需要提供年龄证明。""]",2.0,新千岁机场站指定席售票机、语音售票机,JR北海道：,,https://www.jrhokkaido.co.jp/CM/Otoku/007015/,"[{""text"": ""ＪＲ北海道"", ""url"": ""https://www.jrhokkaido.co.jp/CM/Otoku/007015/""}, {""text"": ""ＪＲ北海道"", ""url"": ""https://www.jrhokkaido.co.jp/travel/freepass/""}]",,https://www2s.biglobe.ne.jp/~t_aoyagi/railway/free/jrhokkaido95.htm,jrhokkaido95.htm,10,2026/8/10 1:30,Peachきた北海道フリーパス,,,,https://www2s.biglobe.ne.jp/~t_aoyagi/railway/free/jrhokkaido95.htm
jrhokkaido86,FDAきた北海道フリーパス,JR北海道,"[""ＪＲ北海道""]",1,False,hokkaido,北海道,北海道,"[""北海道""]",kikan,期間限定タイプ,期间限定,"[""実券""]",True,False,period,2026/4/1  〜2027/3/31,2026/4/1,2027/3/31,16670.0,,16670.0,"大人：16,670円／U25(25歳以下)：13,990円",3天,3.0,2026年4月1日 - 2027年3月31日,"2026年4月1日 - 2027年4月3日
 自购买当日或次日起有效",,"[""https://www2s.biglobe.ne.jp/~t_aoyagi/railway/free/map/jrhokkaido95.gif""]","{""columns"": [""绿色车厢 (头等座)"", ""普通车自由席车指定席席"", ""普通车自由席车自由席席"", ""专线列车 (Liner)"", ""特急"", ""急行"", ""快速"", ""普通车自由席"", ""指定席""], ""status_rows"": [{""label"": null, ""symbols"": [{""symbol"": ""×"", ""note"": null}, {""symbol"": ""▲"", ""note"": null}, {""symbol"": ""△"", ""note"": null}, {""symbol"": ""▲"", ""note"": null}, {""symbol"": ""○"", ""note"": null}, {""symbol"": ""▲"", ""note"": null}, {""symbol"": ""▲"", ""note"": null}, {""symbol"": ""△"", ""note"": null}, {""symbol"": ""○"", ""note"": null}]}], ""legend"": {""○"": ""可乘车"", ""▲"": ""仅乘车券有效"", ""×"": ""不可乘车"", ""△"": ""总共最多可使用5次"", ""－"": ""未设定""}, ""notes"": null}",JR,"[""2026年4月27日至2026年5月6日、2026年8月10日至2026年8月19日以及2026年12月28日至2027年1月6日期间不可用。"", ""对于 U25，购买时需要提供年龄证明。""]",2.0,新千岁机场站指定席售票机、语音售票机,JR北海道：,,https://www.jrhokkaido.co.jp/CM/Otoku/007015/,"[{""text"": ""ＪＲ北海道"", ""url"": ""https://www.jrhokkaido.co.jp/CM/Otoku/007015/""}, {""text"": ""ＪＲ北海道"", ""url"": ""https://www.jrhokkaido.co.jp/travel/freepass_fda/""}, {""text"": ""FDA"", ""url"": ""https://www.fujidream.co.jp/campaign/hokkaido-freepass/""}]",,https://www2s.biglobe.ne.jp/~t_aoyagi/railway/free/jrhokkaido86.htm,jrhokkaido86.htm,11,2026/8/10 1:30,FDAきた北海道フリーパス,,,,https://www2s.biglobe.ne.jp/~t_aoyagi/railway/free/jrhokkaido86.htm
jrhokkaido88,ANAきた北海道フリーパス,JR北海道,"[""ＪＲ北海道""]",1,False,hokkaido,北海道,北海道,"[""北海道""]",kikan,期間限定タイプ,期间限定,"[""実券""]",True,False,period,2026/4/1  〜2027/3/31,2026/4/1,2027/3/31,16670.0,,16670.0,"大人：16,670円／U25(25歳以下)：13,990円",3天,3.0,2026年4月1日 - 2027年3月31日,"2026年4月1日 - 2027年4月3日
 自购买当日或次日起有效",,"[""https://www2s.biglobe.ne.jp/~t_aoyagi/railway/free/map/jrhokkaido95.gif""]","{""columns"": [""绿色车厢 (头等座)"", ""普通车自由席车指定席席"", ""普通车自由席车自由席席"", ""专线列车 (Liner)"", ""特急"", ""急行"", ""快速"", ""普通车自由席"", ""指定席""], ""status_rows"": [{""label"": null, ""symbols"": [{""symbol"": ""×"", ""note"": null}, {""symbol"": ""▲"", ""note"": null}, {""symbol"": ""△"", ""note"": null}, {""symbol"": ""▲"", ""note"": null}, {""symbol"": ""○"", ""note"": null}, {""symbol"": ""▲"", ""note"": null}, {""symbol"": ""▲"", ""note"": null}, {""symbol"": ""△"", ""note"": null}, {""symbol"": ""○"", ""note"": null}]}], ""legend"": {""○"": ""可乘车"", ""▲"": ""仅乘车券有效"", ""×"": ""不可乘车"", ""△"": ""总共最多可使用5次"", ""－"": ""未设定""}, ""notes"": null}",JR,"[""2026年4月27日至2026年5月6日、2026年8月10日至2026年8月19日以及2026年12月28日至2027年1月6日期间不可用。"", ""对于 U25，购买时需要提供年龄证明。""]",2.0,新千岁机场站指定席售票机、语音售票机,JR北海道：,,https://www.jrhokkaido.co.jp/CM/Otoku/007015/,"[{""text"": ""ＪＲ北海道"", ""url"": ""https://www.jrhokkaido.co.jp/CM/Otoku/007015/""}, {""text"": ""ＪＲ北海道"", ""url"": ""https://www.jrhokkaido.co.jp/travel/freepass_ana/""}]",,https://www2s.biglobe.ne.jp/~t_aoyagi/railway/free/jrhokkaido88.htm,jrhokkaido88.htm,12,2026/8/10 1:30,ANAきた北海道フリーパス,,,,https://www2s.biglobe.ne.jp/~t_aoyagi/railway/free/jrhokkaido88.htm
jrhokkaido107,網走＆小清水＆知床ぐる旅パスポート,JR北海道,"[""ＪＲ北海道""]",1,False,hokkaido,北海道,北海道,"[""北海道""]",kikan,期間限定タイプ,期间限定,"[""デジタル""]",False,True,ended,終了,,,4500.0,,4500.0,"券種 大人 小人 有効期間 
 網走・小清水フリーパス 4,500円 － 36時間 
 網走・小清水・女満別空港フリーパス 
 女満別空港連絡バス付き 5,000円 － 36時間 
 網走・小清水・女満別空港フリーパス 
 どこバス+plusエアポート付き 6,000円 － 36時間 
 知床・網走・小清水・女満別空港フリーパス 
 知床エアポートライナー付き 9,800円 － 48時間",,,2025年7月15日 - 2025年9月30日,2025年7月19日 - 2025年9月30日,"车票种类 JR钍网线 道光巴士+plus 道光巴士+plus 机场 网走巴士 斜里巴士
 滨小清水～网走知床斜里～滨小清水 网走线设施巡游 小清水线 女满别机场接驳巴士 网走线 知床线 知床机场班轮
 网走/小清水周游券 〇 - 〇 - 〇 〇 〇 - - - - -
 网走/小清水/女满别机场周游券
 包含女满别机场接送巴士 〇 - 〇 - 〇 〇 〇 〇 - - -
 网走/小清水/女满别机场周游券
 Doko巴士 + plus 机场 〇 ー 〇 〇 〇 〇 〇 〇 ー ー ー
 知床、网走、小清水、女满别机场周游券
 有知床机场班机 〇 〇 〇 - 〇 〇 〇 〇 〇 〇 〇","[""https://www2s.biglobe.ne.jp/~t_aoyagi/railway/free/map/jrhokkaido107.gif""]","{""columns"": [""绿色车厢 (头等座)"", ""普通车自由席车指定席席"", ""普通车自由席车自由席席"", ""专线列车 (Liner)"", ""特急"", ""急行"", ""快速"", ""普通车自由席"", ""指定席""], ""status_rows"": [{""label"": null, ""symbols"": [{""symbol"": ""×"", ""note"": null}, {""symbol"": ""×"", ""note"": null}, {""symbol"": ""×"", ""note"": null}, {""symbol"": ""×"", ""note"": null}, {""symbol"": ""×"", ""note"": null}, {""symbol"": ""×"", ""note"": null}, {""symbol"": ""▲"", ""note"": null}, {""symbol"": ""○"", ""note"": null}, {""symbol"": ""×"", ""note"": null}]}], ""legend"": {""○"": ""可乘车"", ""△"": ""限使用6次指定席"", ""▲"": ""仅乘车券有效"", ""×"": ""不可乘车""}, ""notes"": null}",JR,[],0.0,奥科导航,JR北海道：,,https://www.jrhokkaido.co.jp/CM/Otoku/007146/,"[{""text"": ""ＪＲ北海道"", ""url"": ""https://www.jrhokkaido.co.jp/CM/Otoku/007146/""}, {""text"": ""バス＆JR ぐる旅パスポート"", ""url"": ""https://gurutabi.dokobus-abashiri.jp/product/""}]",,https://www2s.biglobe.ne.jp/~t_aoyagi/railway/free/jrhokkaido107.htm,jrhokkaido107.htm,13,2026/8/10 1:30,網走＆小清水＆知床ぐる旅パスポート,,,,https://www2s.biglobe.ne.jp/~t_aoyagi/railway/free/jrhokkaido107.htm
jrhokkaido113,釧網線フリーパス,JR北海道,"[""ＪＲ北海道""]",1,False,hokkaido,北海道,北海道,"[""北海道""]",kikan,期間限定タイプ,期间限定,"[""デジタル""]",False,True,ended,終了,,,5400.0,2700.0,2700.0,"大人：5,400円／小人：2,700円",3天,3.0,2026年6月26日 - 2027年2月28日,2026年7月1日 - 2027年2月26日,,"[""https://www2s.biglobe.ne.jp/~t_aoyagi/railway/free/map/jrhokkaido113.gif""]","{""columns"": [""東海道新干线 (希望号 (Nozomi))"", ""東海道新干线 (光号/回声号)"", ""东北/上越新干线"", ""在来线特急/急行"", ""快速/普通车自由席列车 (绿色车厢)"", ""快速/普通车自由席列车 (专线列车 (Liner))"", ""快速/普通车自由席列车 (指定席)"", ""快速/普通车自由席列车 (自由席)"", ""东京单轨电车"", ""临海线""], ""status_rows"": [{""label"": null, ""symbols"": [{""symbol"": ""×"", ""note"": null}, {""symbol"": ""×"", ""note"": null}, {""symbol"": ""×"", ""note"": null}, {""symbol"": ""×"", ""note"": null}, {""symbol"": ""×"", ""note"": null}, {""symbol"": ""×"", ""note"": null}, {""symbol"": ""×"", ""note"": null}, {""symbol"": ""▲"", ""note"": null}, {""symbol"": ""▲"", ""note"": null}, {""symbol"": ""○"", ""note"": null}]}], ""legend"": {""○"": ""可乘车"", ""▲"": ""仅乘车券有效"", ""×"": ""不可乘车""}, ""notes"": null}",JR,[],0.0,JR 北海道 ePass 北海道周边 JAL MaaS,JR北海道：,,https://www.jrhokkaido.co.jp/CM/Otoku/007252/,"[{""text"": ""ＪＲ北海道"", ""url"": ""https://www.jrhokkaido.co.jp/CM/Otoku/007252/""}]",,https://www2s.biglobe.ne.jp/~t_aoyagi/railway/free/jrhokkaido113.htm,jrhokkaido113.htm,14,2026/8/10 1:30,釧網線フリーパス,"不明 
 発売枚数の上限に達し次第、発売終了。",,,https://www2s.biglobe.ne.jp/~t_aoyagi/railway/free/jrhokkaido113.htm
jrhokkaido114,地球探索鉄道花咲線フリーパス,JR北海道,"[""ＪＲ北海道""]",1,False,hokkaido,北海道,北海道,"[""北海道""]",kikan,期間限定タイプ,期间限定,"[""デジタル""]",False,True,ended,終了,,,40200.0,2000.0,2000.0,"大人：4,0200円／小人：2,000円",3天,3.0,2026年6月26日 - 2027年2月28日,2026年7月1日 - 2027年2月26日,,"[""https://www2s.biglobe.ne.jp/~t_aoyagi/railway/free/map/jrhokkaido114.gif""]","{""columns"": [""東海道新干线 (希望号 (Nozomi))"", ""東海道新干线 (光号/回声号)"", ""东北/上越新干线"", ""在来线特急/急行"", ""快速/普通车自由席列车 (绿色车厢)"", ""快速/普通车自由席列车 (专线列车 (Liner))"", ""快速/普通车自由席列车 (指定席)"", ""快速/普通车自由席列车 (自由席)"", ""东京单轨电车"", ""临海线""], ""status_rows"": [{""label"": null, ""symbols"": [{""symbol"": ""×"", ""note"": null}, {""symbol"": ""×"", ""note"": null}, {""symbol"": ""×"", ""note"": null}, {""symbol"": ""×"", ""note"": null}, {""symbol"": ""×"", ""note"": null}, {""symbol"": ""×"", ""note"": null}, {""symbol"": ""×"", ""note"": null}, {""symbol"": ""▲"", ""note"": null}, {""symbol"": ""▲"", ""note"": null}, {""symbol"": ""○"", ""note"": null}]}], ""legend"": {""○"": ""可乘车"", ""▲"": ""仅乘车券有效"", ""×"": ""不可乘车""}, ""notes"": null}",JR,[],0.0,JR 北海道 ePass 北海道周边 JAL MaaS,JR北海道：,,https://www.jrhokkaido.co.jp/CM/Otoku/007152/,"[{""text"": ""ＪＲ北海道"", ""url"": ""https://www.jrhokkaido.co.jp/CM/Otoku/007152/""}]",,https://www2s.biglobe.ne.jp/~t_aoyagi/railway/free/jrhokkaido114.htm,jrhokkaido114.htm,15,2026/8/10 1:30,地球探索鉄道花咲線フリーパス,"不明 
 発売枚数の上限に達し次第、発売終了。",,,https://www2s.biglobe.ne.jp/~t_aoyagi/railway/free/jrhokkaido114.htm
jrhokkaido80,かみくるパス,JR北海道,"[""ＪＲ北海道""]",1,False,hokkaido,北海道,北海道,"[""北海道""]",kikan,期間限定タイプ,期间限定,"[""デジタル""]",False,True,ended,終了,,,3500.0,1750.0,1750.0,"大人 小人 
 １日乗車券 3,500円 1,750円 
 ２日乗車券 6,000円 3,000円 
 ３日乗車券 9,000円 4,500円","1日票：1天
 2日票：2天
 3日票：3天",1.0,"一日票：2026年1月29日-2026年2月28日
 2日票：2026年1月29日-2026年2月27日
 3日票：2026年1月29日-2026年2月26日",2026年1月29日 - 2026年2月28日,,"[""https://www2s.biglobe.ne.jp/~t_aoyagi/railway/free/map/jrhokkaido80.gif""]","{""columns"": [""绿色车厢 (头等座)"", ""普通车自由席车指定席席"", ""普通车自由席车自由席席"", ""专线列车 (Liner)"", ""特急"", ""急行"", ""快速"", ""普通车自由席"", ""指定席""], ""status_rows"": [{""label"": null, ""symbols"": [{""symbol"": ""×"", ""note"": null}, {""symbol"": ""×"", ""note"": null}, {""symbol"": ""×"", ""note"": null}, {""symbol"": ""×"", ""note"": null}, {""symbol"": ""×"", ""note"": null}, {""symbol"": ""×"", ""note"": null}, {""symbol"": ""▲"", ""note"": null}, {""symbol"": ""○"", ""note"": null}, {""symbol"": ""×"", ""note"": null}]}], ""legend"": {""○"": ""可乘车"", ""▲"": ""仅乘车券有效"", ""×"": ""不可乘车""}, ""notes"": null}",JR,[],0.0,JR北海道主要车站,JR北海道：,,https://ticket.jorudan.co.jp/kamikuru/ja/,"[{""text"": ""ジョルダン"", ""url"": ""https://ticket.jorudan.co.jp/kamikuru/ja/""}, {""text"": ""北海道上川総合振興局"", ""url"": ""https://www.kamikawa.pref.hokkaido.lg.jp/ts/tss/209858.html""}]",,https://www2s.biglobe.ne.jp/~t_aoyagi/railway/free/jrhokkaido80.htm,jrhokkaido80.htm,16,2026/8/10 1:30,かみくるパス,,,,https://www2s.biglobe.ne.jp/~t_aoyagi/railway/free/jrhokkaido80.htm
jrhokkaido115,北見・網走周遊フリーパス,JR北海道,"[""ＪＲ北海道""]",1,False,hokkaido,北海道,北海道,"[""北海道""]",kikan,期間限定タイプ,期间限定,"[""デジタル""]",False,True,period,2026/8/3  〜9/29,2026/8/3,2026/9/29,3000.0,1500.0,1500.0,"２日間用 大人：3,000円／小人：1,500円 
 ３日間用 大人：4,000円／小人：2,000円",2/3 天,3.0,"2026年8月3日 - 2026年9月29日
 2026年1月16日 - 2026年2月22日","2026年8月3日 - 2026年9月30日
 2026年1月16日 - 2026年2月23日",,"[""https://www2s.biglobe.ne.jp/~t_aoyagi/railway/free/map/jrhokkaido115.gif""]","{""columns"": [""東海道新干线 (希望号 (Nozomi))"", ""東海道新干线 (光号/回声号)"", ""东北/上越新干线"", ""在来线特急/急行"", ""快速/普通车自由席列车 (绿色车厢)"", ""快速/普通车自由席列车 (专线列车 (Liner))"", ""快速/普通车自由席列车 (指定席)"", ""快速/普通车自由席列车 (自由席)"", ""东京单轨电车"", ""临海线""], ""status_rows"": [{""label"": null, ""symbols"": [{""symbol"": ""×"", ""note"": null}, {""symbol"": ""▲"", ""note"": null}, {""symbol"": ""▲"", ""note"": null}, {""symbol"": ""▲"", ""note"": null}, {""symbol"": ""▲"", ""note"": null}, {""symbol"": ""×"", ""note"": null}, {""symbol"": ""×"", ""note"": null}, {""symbol"": ""▲"", ""note"": null}, {""symbol"": ""▲"", ""note"": null}, {""symbol"": ""○"", ""note"": null}]}], ""legend"": {""○"": ""可乘车"", ""▲"": ""仅乘车券有效"", ""×"": ""不可乘车""}, ""notes"": null}",JR,[],0.0,OkhoNavi,JR北海道：,,https://www.jrhokkaido.co.jp/CM/Otoku/007256/,"[{""text"": ""ＪＲ北海道"", ""url"": ""https://www.jrhokkaido.co.jp/CM/Otoku/007256/""}]",,https://www2s.biglobe.ne.jp/~t_aoyagi/railway/free/jrhokkaido115.htm,jrhokkaido115.htm,17,2026/8/10 1:30,北見・網走周遊フリーパス,"不明 
 発売枚数の上限に達し次第、発売終了。",,,https://www2s.biglobe.ne.jp/~t_aoyagi/railway/free/jrhokkaido115.htm
jrhokkaido116,遠軽・北見・網走周遊フリーパス,JR北海道,"[""ＪＲ北海道""]",1,False,hokkaido,北海道,北海道,"[""北海道""]",kikan,期間限定タイプ,期间限定,"[""デジタル""]",False,True,period,2026/8/3  〜9/29,2026/8/3,2026/9/29,5000.0,2500.0,2500.0,"２日間用 大人：5,000円／小人：2,500円 
 ３日間用 大人：6,000円／小人：3,000円",2/3 天,3.0,"2026年8月3日 - 2026年9月29日
 2026年1月16日 - 2026年2月22日","2026年8月3日 - 2026年9月30日
 2026年1月16日 - 2026年2月23日",,"[""https://www2s.biglobe.ne.jp/~t_aoyagi/railway/free/map/jrhokkaido116.gif""]","{""columns"": [""東海道新干线 (希望号 (Nozomi))"", ""東海道新干线 (光号/回声号)"", ""东北/上越新干线"", ""在来线特急/急行"", ""快速/普通车自由席列车 (绿色车厢)"", ""快速/普通车自由席列车 (专线列车 (Liner))"", ""快速/普通车自由席列车 (指定席)"", ""快速/普通车自由席列车 (自由席)"", ""东京单轨电车"", ""临海线""], ""status_rows"": [{""label"": null, ""symbols"": [{""symbol"": ""×"", ""note"": null}, {""symbol"": ""▲"", ""note"": null}, {""symbol"": ""▲"", ""note"": null}, {""symbol"": ""▲"", ""note"": null}, {""symbol"": ""▲"", ""note"": null}, {""symbol"": ""×"", ""note"": null}, {""symbol"": ""×"", ""note"": null}, {""symbol"": ""▲"", ""note"": null}, {""symbol"": ""▲"", ""note"": null}, {""symbol"": ""○"", ""note"": null}]}], ""legend"": {""○"": ""可乘车"", ""▲"": ""仅乘车券有效"", ""×"": ""不可乘车""}, ""notes"": null}",JR,[],0.0,OkhoNavi 北海道周边,JR北海道：,,https://www.jrhokkaido.co.jp/CM/Otoku/007256/,"[{""text"": ""ＪＲ北海道"", ""url"": ""https://www.jrhokkaido.co.jp/CM/Otoku/007256/""}]",,https://www2s.biglobe.ne.jp/~t_aoyagi/railway/free/jrhokkaido116.htm,jrhokkaido116.htm,18,2026/8/10 1:30,遠軽・北見・網走周遊フリーパス,"不明 
 発売枚数の上限に達し次第、発売終了。",,,https://www2s.biglobe.ne.jp/~t_aoyagi/railway/free/jrhokkaido116.htm
sapporo02,地下鉄専用1日乗車券,札幌市交通局,"[""札幌市交通局""]",1,False,hokkaido,北海道,北海道,"[""北海道""]",tunen,通年発売タイプ,全年发售,"[""実券""]",True,False,on_sale,発売中,,,830.0,420.0,420.0,大人830円／小人420円,1天,1.0,全年,全年,,"[""https://www2s.biglobe.ne.jp/~t_aoyagi/railway/free/map/sapporo02.gif""]",,地方私鉄,[],0.0,各地铁站设有自动售票机,札幌市交通局 TEL:011-896-2724,,https://www.city.sapporo.jp/st/josyaken/card.html#ichinichi,"[{""text"": ""札幌市交通局"", ""url"": ""https://www.city.sapporo.jp/st/josyaken/card.html#ichinichi""}]",,https://www2s.biglobe.ne.jp/~t_aoyagi/railway/free/sapporo02.htm,sapporo02.htm,19,2026/8/10 1:30,地下鉄専用1日乗車券,,,,https://www2s.biglobe.ne.jp/~t_aoyagi/railway/free/sapporo02.htm
sapporo21,ドニチカキップ,札幌市交通局,"[""札幌市交通局""]",1,False,hokkaido,北海道,北海道,"[""北海道""]",holiday,週末限定タイプ,周末限定,"[""実券""]",True,False,on_sale,発売中,,,520.0,260.0,260.0,大人520円／小人260円,1天,1.0,全年,周六、周日、节假日,,"[""https://www2s.biglobe.ne.jp/~t_aoyagi/railway/free/map/sapporo02.gif""]",,地方私鉄,[],0.0,各地铁站办事处、各月票销售处、交通信息中心,札幌市交通局 TEL:011-896-2724,,http://www.city.sapporo.jp/st/josyaken/doni-chika/donichika.html,"[{""text"": ""札幌市交通局"", ""url"": ""http://www.city.sapporo.jp/st/josyaken/doni-chika/donichika.html""}]",,https://www2s.biglobe.ne.jp/~t_aoyagi/railway/free/sapporo21.htm,sapporo21.htm,20,2026/8/10 1:30,ドニチカキップ,,,,https://www2s.biglobe.ne.jp/~t_aoyagi/railway/free/sapporo21.htm
sapporo24,路面電車1日乗車券,札幌市交通事業振興公社,"[""札幌市交通事業振興公社""]",1,False,hokkaido,北海道,北海道,"[""北海道""]",tunen,通年発売タイプ,全年发售,"[""実券"", ""デジタル""]",True,True,on_sale,発売中,,,570.0,290.0,290.0,大人：570円 小人：290円,1天,1.0,全年,工作日,,"[""https://www2s.biglobe.ne.jp/~t_aoyagi/railway/free/map/sapporo23.gif""]",,地方私鉄,[],0.0,"有轨电车内（有轨电车）
 
地铁站办事处：大通、薄野、中岛公园、幌平桥、西18丁目、西11丁目、丰水薄野
 
大通月票销售处
 
 约旦手机票",札幌市交通事业振兴公司/列车事业所 TEL:011-551-3944,,https://www.stsp.or.jp/business/streetcar/price/,"[{""text"": ""札幌市交通事業振興公社"", ""url"": ""https://www.stsp.or.jp/business/streetcar/price/""}, {""text"": ""ジョルダンモバイルチケット"", ""url"": ""https://ticket.jorudan.co.jp/sapporo/stsp/ja/""}]",,https://www2s.biglobe.ne.jp/~t_aoyagi/railway/free/sapporo24.htm,sapporo24.htm,21,2026/8/10 1:30,札幌市電１日乗車券,,,,https://www2s.biglobe.ne.jp/~t_aoyagi/railway/free/sapporo24.htm
sapporo22,札幌市電24時間乗車券,札幌市交通事業振興公社,"[""札幌市交通事業振興公社""]",1,False,hokkaido,北海道,北海道,"[""北海道""]",tunen,通年発売タイプ,全年发售,"[""デジタル""]",False,True,on_sale,発売中,,,840.0,420.0,420.0,大人：840円 小人：420円,1天,1.0,全年,开始使用后24小时,,"[""https://www2s.biglobe.ne.jp/~t_aoyagi/railway/free/map/sapporo23.gif""]",,地方私鉄,[],0.0,约旦手机票,札幌市交通事业振兴公司/列车事业所 TEL:011-551-3944,,https://www.stsp.or.jp/business/streetcar/price/,"[{""text"": ""札幌市交通事業振興公社"", ""url"": ""https://www.stsp.or.jp/business/streetcar/price/""}, {""text"": ""ジョルダンモバイルチケット"", ""url"": ""https://ticket.jorudan.co.jp/sapporo/stsp/ja/""}]",,https://www2s.biglobe.ne.jp/~t_aoyagi/railway/free/sapporo22.htm,sapporo22.htm,22,2026/8/10 1:30,札幌市電24時間乗車券,,,,https://www2s.biglobe.ne.jp/~t_aoyagi/railway/free/sapporo22.htm
sapporo23,どサン子パス,札幌市交通事業振興公社,"[""札幌市交通事業振興公社""]",1,False,hokkaido,北海道,北海道,"[""北海道""]",holiday,週末限定タイプ,周末限定,"[""実券"", ""デジタル""]",True,True,on_sale,発売中,,,460.0,,460.0,大人460円,1天,1.0,全年,"周六、周日、节假日
 年末年初（12月29日～1月3日）",,"[""https://www2s.biglobe.ne.jp/~t_aoyagi/railway/free/map/sapporo23.gif""]",,地方私鉄,[],0.0,"有轨电车内（有轨电车）
 
地铁站办事处：大通、薄野、中岛公园、幌平桥、西18丁目、西11丁目、丰水薄野
 
大通月票销售处
 约旦手机票",札幌市交通事业振兴公司/列车事业所 TEL:011-551-3944,,https://www.stsp.or.jp/business/streetcar/price/,"[{""text"": ""札幌市交通事業振興公社"", ""url"": ""https://www.stsp.or.jp/business/streetcar/price/""}, {""text"": ""ジョルダンモバイルチケット"", ""url"": ""https://ticket.jorudan.co.jp/sapporo/stsp/ja/""}]",,https://www2s.biglobe.ne.jp/~t_aoyagi/railway/free/sapporo23.htm,sapporo23.htm,23,2026/8/10 1:30,どサン子パス,,,,https://www2s.biglobe.ne.jp/~t_aoyagi/railway/free/sapporo23.htm
hakodate01,市電１日乗車券,函館市企業局交通部,"[""函館市企業局交通部""]",1,False,hokkaido,北海道,北海道,"[""北海道""]",tunen,通年発売タイプ,全年发售,"[""実券""]",True,False,on_sale,発売中,,,800.0,400.0,400.0,大人800円／小人400円,1天,1.0,全年,全年,,"[""https://www2s.biglobe.ne.jp/~t_aoyagi/railway/free/map/hakodate.gif""]",,地方私鉄,[],0.0,驹场事务所、市内电车内、市内售票处,函馆市企业局交通部 TEL 0138-52-1273,,https://www.city.hakodate.hokkaido.jp/docs/2014012100977/#S1day,"[{""text"": ""函館市企業局交通部"", ""url"": ""https://www.city.hakodate.hokkaido.jp/docs/2014012100977/#S1day""}]",,https://www2s.biglobe.ne.jp/~t_aoyagi/railway/free/hakodate01.htm,hakodate01.htm,24,2026/8/10 1:30,市電１日乗車券,,,,https://www2s.biglobe.ne.jp/~t_aoyagi/railway/free/hakodate01.htm
hakodate51,スマホ市電１日乗車券,函館市企業局交通部,"[""函館市企業局交通部""]",1,False,hokkaido,北海道,北海道,"[""北海道""]",tunen,通年発売タイプ,全年发售,"[""デジタル""]",False,True,on_sale,発売中,,,800.0,400.0,400.0,大人800円／小人400円,1天,1.0,,全年,,"[""https://www2s.biglobe.ne.jp/~t_aoyagi/railway/free/map/hakodate.gif""]",,地方私鉄,[],0.0,DohNa!!,函馆市企业局交通部 TEL 0138-52-1273,,https://www.city.hakodate.hokkaido.jp/docs/2014012100977/#S1day,"[{""text"": ""函館市企業局交通部"", ""url"": ""https://www.city.hakodate.hokkaido.jp/docs/2014012100977/#S1day""}]",,https://www2s.biglobe.ne.jp/~t_aoyagi/railway/free/hakodate51.htm,hakodate51.htm,25,2026/8/10 1:30,スマホ市電１日乗車券,,,,https://www2s.biglobe.ne.jp/~t_aoyagi/railway/free/hakodate51.htm
hakodate52,スマホ市電２４時間乗車券,函館市企業局交通部,"[""函館市企業局交通部""]",1,False,hokkaido,北海道,北海道,"[""北海道""]",tunen,通年発売タイプ,全年发售,"[""デジタル""]",False,True,on_sale,発売中,,,1130.0,570.0,570.0,"大人1,130円／小人570円",1天,1.0,全年,自使用开始24小时内,,"[""https://www2s.biglobe.ne.jp/~t_aoyagi/railway/free/map/hakodate.gif""]",,地方私鉄,[],0.0,DohNa!!,函馆市企业局交通部 TEL 0138-52-1273,,https://www.city.hakodate.hokkaido.jp/docs/2014012100977/#S24hour,"[{""text"": ""函館市企業局交通部"", ""url"": ""https://www.city.hakodate.hokkaido.jp/docs/2014012100977/#S24hour""}]",,https://www2s.biglobe.ne.jp/~t_aoyagi/railway/free/hakodate52.htm,hakodate52.htm,26,2026/8/10 1:30,スマホ市電２４時間乗車券,,,,https://www2s.biglobe.ne.jp/~t_aoyagi/railway/free/hakodate52.htm
hakodate53,スマホ市電・函館バス共通１日乗車券,函館市企業局交通部,"[""函館市企業局交通部""]",1,False,hokkaido,北海道,北海道,"[""北海道""]",tunen,通年発売タイプ,全年发售,"[""デジタル""]",False,True,on_sale,発売中,,,1600.0,800.0,800.0,"大人：1,600円／小人：800円",1天,1.0,,全年,,"[""https://www2s.biglobe.ne.jp/~t_aoyagi/railway/free/map/hakodate02.gif""]",,地方私鉄,[],0.0,DohNa!!,"函馆市企业局交通部 TEL 0138-52-1273
 函馆巴士 TEL 0138-51-3960",,https://www.city.hakodate.hokkaido.jp/docs/2014012100977/#trambus1_s,"[{""text"": ""函館市企業局交通部"", ""url"": ""https://www.city.hakodate.hokkaido.jp/docs/2014012100977/#trambus1_s""}, {""text"": ""函館バス"", ""url"": ""http://www.hakobus.co.jp/e-ticket/""}]",,https://www2s.biglobe.ne.jp/~t_aoyagi/railway/free/hakodate53.htm,hakodate53.htm,27,2026/8/10 1:30,スマホ市電・函館バス共通１日乗車券,,,,https://www2s.biglobe.ne.jp/~t_aoyagi/railway/free/hakodate53.htm
hakodate54,スマホ市電・函館バス共通２日乗車券,函館市企業局交通部,"[""函館市企業局交通部""]",1,False,hokkaido,北海道,北海道,"[""北海道""]",tunen,通年発売タイプ,全年发售,"[""デジタル""]",False,True,on_sale,発売中,,,2600.0,1300.0,1300.0,"大人：2,600円／小人：1,300円",2天,2.0,,全年,,"[""https://www2s.biglobe.ne.jp/~t_aoyagi/railway/free/map/hakodate02.gif""]",,地方私鉄,[],0.0,DohNa!!,"函馆市企业局交通部 TEL 0138-52-1273
 函馆巴士 TEL 0138-51-3960",,https://www.city.hakodate.hokkaido.jp/docs/2014012100977/#trambus2_s,"[{""text"": ""函館市企業局交通部"", ""url"": ""https://www.city.hakodate.hokkaido.jp/docs/2014012100977/#trambus2_s""}, {""text"": ""函館バス"", ""url"": ""http://www.hakobus.co.jp/e-ticket/""}]",,https://www2s.biglobe.ne.jp/~t_aoyagi/railway/free/hakodate54.htm,hakodate54.htm,28,2026/8/10 1:30,スマホ市電・函館バス共通２日乗車券,,,,https://www2s.biglobe.ne.jp/~t_aoyagi/railway/free/hakodate54.htm
hakodate92,NighTram TICKET,函館市企業局交通部,"[""函館市企業局交通部""]",1,False,hokkaido,北海道,北海道,"[""北海道""]",kisetu,季節発売タイプ,季节发售,"[""デジタル""]",False,True,ended,終了,,,480.0,240.0,240.0,大人：480円／小人：240円,乘船当日17:00以后,,2026年1月5日 - 2026年3月31日,2026年1月5日 - 2026年3月31日,,"[""https://www2s.biglobe.ne.jp/~t_aoyagi/railway/free/map/hakodate.gif""]",,地方私鉄,"[""仅适用于智能手机""]",1.0,网络应用程序“DohNa!!”,函馆市企业局交通部 TEL 0138-52-1273,,https://www.city.hakodate.hokkaido.jp/docs/2021010500081/,"[{""text"": ""函館市企業局交通部"", ""url"": ""https://www.city.hakodate.hokkaido.jp/docs/2021010500081/""}]",,https://www2s.biglobe.ne.jp/~t_aoyagi/railway/free/hakodate92.htm,hakodate92.htm,29,2026/8/10 1:30,NighTram TICKET,,,,https://www2s.biglobe.ne.jp/~t_aoyagi/railway/free/hakodate92.htm
isaribi91,いさりび１日きっぷ,道南いさりび鉄道,"[""道南いさりび鉄道""]",1,False,hokkaido,北海道,北海道,"[""北海道""]",tunen,通年発売タイプ,全年发售,"[""実券"", ""デジタル""]",True,True,on_sale,発売中,,,1100.0,550.0,550.0,"大人：1,100円／小人：550円",1天,1.0,全年,全年,,"[""https://www2s.biglobe.ne.jp/~t_aoyagi/railway/free/map/isaribi.gif""]",,地方私鉄,[],0.0,"“多娜！！”
 道南铁道总公司柜台（函馆市若松町12-5）
 
道南铁道五棱郭站店
 道路休息站 Misogi no Sato Kikinai (木古内站附近)
 北斗市商工会议所（上矶站附近）
 清水花店（上矶站附近）
 
函馆市观光咨询处（JR函馆站内）
 泽田米店（清川口站）",北海道南部伊萨里比铁道 TEL 0138-83-1977,,https://www.shr-isaribi.jp/ticket-guide/otoku/isaribi1dayho/,"[{""text"": ""道南いさりび鉄道"", ""url"": ""https://www.shr-isaribi.jp/ticket-guide/otoku/isaribi1dayho/""}]",,https://www2s.biglobe.ne.jp/~t_aoyagi/railway/free/isaribi91.htm,isaribi91.htm,30,2026/8/10 1:30,いさりび１日きっぷ,,,,https://www2s.biglobe.ne.jp/~t_aoyagi/railway/free/isaribi91.htm
isaribi92,いさりび1日カンパス,道南いさりび鉄道,"[""道南いさりび鉄道""]",1,False,hokkaido,北海道,北海道,"[""北海道""]",tunen,通年発売タイプ,全年发售,"[""デジタル""]",False,True,on_sale,発売中,,,2100.0,1050.0,1050.0,"4月14日〜11月9日 大人：2,500円／小人：1,250円 
 11月10日〜4月13日 大人：2,100円／小人：1,050円",1天,1.0,使用日期前7天至使用当天,全年,,"[""https://www2s.biglobe.ne.jp/~t_aoyagi/railway/free/map/isaribi92.gif""]",,地方私鉄,[],0.0,“多娜！！”,北海道南部伊萨里比铁道 TEL 0138-83-1977,,https://www.shr-isaribi.jp/ticket-guide/otoku/isaribi1daykanpass/,"[{""text"": ""道南いさりび鉄道"", ""url"": ""https://www.shr-isaribi.jp/ticket-guide/otoku/isaribi1daykanpass/""}, {""text"": ""函館バス"", ""url"": ""http://www.hakobus.co.jp/e-ticket/""}]",,https://www2s.biglobe.ne.jp/~t_aoyagi/railway/free/isaribi92.htm,isaribi92.htm,31,2026/8/10 1:30,いさりび1日カンパス,,,,https://www2s.biglobe.ne.jp/~t_aoyagi/railway/free/isaribi92.htm
jreast51,五能線フリーパス,ＪＲ東日本 全国 欄も参照して下さい,"[""ＪＲ東日本 全国 欄も参照して下さい""]",1,False,tohoku,东北,东北,"[""東北""]",tunen,通年発売タイプ,全年发售,"[""実券""]",True,False,on_sale,発売中,,,4040.0,2020.0,2020.0,"大人：4,040円／小人：2,020円",2天,2.0,全年,全年,,"[""https://www2s.biglobe.ne.jp/~t_aoyagi/railway/free/map/jreast51.gif""]","{""columns"": [""绿色车厢 (头等座)"", ""普通车自由席车指定席席"", ""普通车自由席车自由席席"", ""专线列车 (Liner)"", ""特急"", ""急行""], ""status_rows"": [{""label"": null, ""symbols"": [{""symbol"": ""－"", ""note"": null}, {""symbol"": ""▲"", ""note"": null}, {""symbol"": ""▲"", ""note"": null}, {""symbol"": ""▲"", ""note"": null}, {""symbol"": ""▲"", ""note"": null}, {""symbol"": ""○"", ""note"": null}]}], ""legend"": {""○"": ""可乘车"", ""▲"": ""仅乘车券有效"", ""×"": ""不可乘车"", ""－"": ""不适用""}, ""notes"": null}",JR,[],0.0,免费区间内及周边的主要JR车站,,,http://www.jreast.co.jp/tickets/info.aspx?GoodsCd=3006,"[{""text"": ""ＪＲ東日本"", ""url"": ""http://www.jreast.co.jp/tickets/info.aspx?GoodsCd=3006""}]",,https://www2s.biglobe.ne.jp/~t_aoyagi/railway/free/jreast51.htm,jreast51.htm,1,2026/8/10 1:30,五能線フリーパス,,,,https://www2s.biglobe.ne.jp/~t_aoyagi/railway/free/jreast51.htm
sendaimarugoto,仙台まるごとパス,ＪＲ東日本 全国 欄も参照して下さい,"[""ＪＲ東日本 全国 欄も参照して下さい"", ""仙台空港鉄道""]",2,True,tohoku,东北,东北,"[""東北""]",tunen,通年発売タイプ,全年发售,"[""実券"", ""デジタル""]",True,True,on_sale,発売中,,,2930.0,1470.0,1470.0,"大人：2,930円／小人：1,470円",2天,2.0,全年,全年,,"[""https://www2s.biglobe.ne.jp/~t_aoyagi/railway/free/map/sendaimarugoto.gif""]","{""columns"": [""绿色车厢 (头等座)"", ""普通车自由席车指定席席"", ""普通车自由席车自由席席"", ""专线列车 (Liner)"", ""特急"", ""急行"", ""快速""], ""status_rows"": [{""label"": null, ""symbols"": [{""symbol"": ""－"", ""note"": null}, {""symbol"": ""▲"", ""note"": null}, {""symbol"": ""▲"", ""note"": null}, {""symbol"": ""▲"", ""note"": null}, {""symbol"": ""▲"", ""note"": null}, {""symbol"": ""▲"", ""note"": null}, {""symbol"": ""○"", ""note"": null}]}], ""legend"": {""○"": ""可乘车"", ""▲"": ""仅乘车券有效"", ""×"": ""不可乘车""}, ""notes"": null}",JR,[],0.0,"绿窗口、View Plaza、附属销售中心、JR东日本主要车站销售中心、JTB等主要旅行社、仙台机场站
 东北 MaaS（智能手机）",仙台 Marugoto 通行证管理协议会 TEL:022-268-9603,,http://sendaitravelpass.jp/,"[{""text"": ""仙台まるごとパス運営協議会"", ""url"": ""http://sendaitravelpass.jp/""}, {""text"": ""ＪＲ東日本"", ""url"": ""http://www.jreast.co.jp/tickets/info.aspx?GoodsCd=2991""}, {""text"": ""ＪＲ東日本"", ""url"": ""https://www.jreast.co.jp/sendai/tohoku_tickets/#ticket06""}]",,https://www2s.biglobe.ne.jp/~t_aoyagi/railway/free/sendaimarugoto.htm,sendaimarugoto.htm,2,2026/8/10 1:30,仙台まるごとパス,,,,https://www2s.biglobe.ne.jp/~t_aoyagi/railway/free/sendaimarugoto.htm
aizugurutto,会津ぐるっとカード,ＪＲ東日本 全国 欄も参照して下さい,"[""ＪＲ東日本 全国 欄も参照して下さい"", ""会津鉄道""]",2,True,tohoku,东北,东北,"[""東北""]",tunen,通年発売タイプ,全年发售,"[""実券"", ""デジタル""]",True,True,on_sale,発売中,,,3040.0,1520.0,1520.0,"大人：3,040円 小人：1,520円",2天,2.0,全年,全年,,"[""https://www2s.biglobe.ne.jp/~t_aoyagi/railway/free/map/aizugurutto.gif""]","{""columns"": [""绿色车厢 (头等座)"", ""普通车自由席车指定席席"", ""普通车自由席车自由席席"", ""专线列车 (Liner)"", ""特急"", ""急行"", ""快速""], ""status_rows"": [{""label"": null, ""symbols"": [{""symbol"": ""－"", ""note"": null}, {""symbol"": ""▲"", ""note"": null}, {""symbol"": ""▲"", ""note"": null}, {""symbol"": ""▲"", ""note"": null}, {""symbol"": ""▲"", ""note"": null}, {""symbol"": ""▲"", ""note"": null}, {""symbol"": ""○"", ""note"": null}]}], ""legend"": {""○"": ""可乘车"", ""▲"": ""仅乘车券有效"", ""×"": ""不可乘车""}, ""notes"": null}",JR,[],0.0,"销售地点
 
 JR东日本 会津若松、喜多方、会津坂下
 会津巴士若松站巴士总站
 喜多方营业所
 坂下营业所
 万代东都巴士猪苗代万代营业所
 咨询处、设施 东山温泉观光协会
 七日町站“车站咖啡厅”
 里磐梯观光协会
 
会津三里町观光协会
 住宿 Active Resorts 里磐梯
 里磐梯湖度假村
 里磐梯高原酒店
 万代桧原湖畔酒店
 
 会津阿斯托里亚酒店
 休暇村里磐梯
 智能手机东北MaaS（智能手机）
 
 兑换券销售地点
 
在销售点购买“会津Gurutto卡兑换券”，在区域内的兑换点兑换“会津Gurutto卡”。 
 
 
 JR 东日本主要车站的绿之窗口
 
 罗森Ministop商店终端“Loppi”
 
 全家便利店终端
 
 7-11便利店终端
 
 近畿日本旅游
 
 东武热门旅游
 
 日本之旅
 
 东都观光巴士总公司
 
 会津旅行社
 
 三木旅游","会津卡管理协议会
 
会津若松观光局 TEL:0242-23-8000
 
会津若松市观光课 TEL：0242-39-1251（周六、周日、节假日除外）",,https://www.aizukanko.com/kk/aizucard/index.htm,"[{""text"": ""会津カード運営協議会"", ""url"": ""https://www.aizukanko.com/kk/aizucard/index.htm""}, {""text"": ""ＪＲ東日本"", ""url"": ""https://www.jreast.co.jp/sendai/tohoku_tickets/#ticket08""}, {""text"": ""会津鉄道"", ""url"": ""http://www.aizutetsudo.jp/ticket/gurutto-card/""}, {""text"": ""会津バス"", ""url"": ""https://www.aizubus.com/rosen/machinaka-shuyu#H302""}]",,https://www2s.biglobe.ne.jp/~t_aoyagi/railway/free/aizugurutto.htm,aizugurutto.htm,3,2026/8/10 1:30,会津ぐるっとカード,,,,https://www2s.biglobe.ne.jp/~t_aoyagi/railway/free/aizugurutto.htm
jreast64-1,津軽フリーパス,ＪＲ東日本 全国 欄も参照して下さい,"[""ＪＲ東日本 全国 欄も参照して下さい""]",1,False,tohoku,东北,东北,"[""東北""]",tunen,通年発売タイプ,全年发售,"[""デジタル""]",False,True,on_sale,発売中,,,2620.0,1310.0,1310.0,"大人：2,620円 小人：1,310円",2天,2.0,全年,全年,,"[""https://www2s.biglobe.ne.jp/~t_aoyagi/railway/free/map/jreast64.gif""]","{""columns"": [""绿色车厢 (头等座)"", ""普通车自由席车指定席席"", ""普通车自由席车自由席席"", ""专线列车 (Liner)"", ""特急"", ""急行"", ""快速"", ""普通车自由席""], ""status_rows"": [{""label"": null, ""symbols"": [{""symbol"": ""－"", ""note"": null}, {""symbol"": ""×"", ""note"": null}, {""symbol"": ""×"", ""note"": null}, {""symbol"": ""▲"", ""note"": null}, {""symbol"": ""▲"", ""note"": null}, {""symbol"": ""○"", ""note"": null}, {""symbol"": ""×"", ""note"": null}, {""symbol"": ""○"", ""note"": null}]}], ""legend"": {""○"": ""可乘车"", ""▲"": ""仅乘车券有效"", ""×"": ""不可乘车""}, ""notes"": null}",JR,[],0.0,东北 MaaS（智能手机）,JR东日本电话：,,https://maas-portal.com/tohoku/tickets/10230,"[{""text"": ""TOHOKU MaaS"", ""url"": ""https://maas-portal.com/tohoku/tickets/10230""}, {""text"": ""ＪＲ東日本"", ""url"": ""http://www.jreast.co.jp/tickets/info.aspx?GoodsCd=2863""}]",,https://www2s.biglobe.ne.jp/~t_aoyagi/railway/free/jreast64-1.htm,jreast64-1.htm,4,2026/8/10 1:30,津軽フリーパス(デジタルフリーパス),,,,https://www2s.biglobe.ne.jp/~t_aoyagi/railway/free/jreast64-1.htm
jreast34,小さな旅ホリデーパス,ＪＲ東日本 全国 欄も参照して下さい,"[""ＪＲ東日本 全国 欄も参照して下さい""]",1,False,tohoku,东北,东北,"[""東北""]",holiday,週末限定タイプ,周末限定,"[""実券""]",True,False,on_sale,発売中,,,2850.0,1420.0,1420.0,"大人：2,850円／小人：1,420円",1天,1.0,全年,"周六/节假日
 4月29日至5月5日、7月20日至8月31日、12月23日至1月7日每天",,"[""https://www2s.biglobe.ne.jp/~t_aoyagi/railway/free/map/jreast34.gif""]","{""columns"": [""绿色车厢 (头等座)"", ""普通车自由席车指定席席"", ""普通车自由席车自由席席"", ""专线列车 (Liner)"", ""特急"", ""急行"", ""快速"", ""普通车自由席""], ""status_rows"": [{""label"": null, ""symbols"": [{""symbol"": ""×"", ""note"": null}, {""symbol"": ""▲"", ""note"": ""(1)""}, {""symbol"": ""▲"", ""note"": null}, {""symbol"": ""▲"", ""note"": null}, {""symbol"": ""▲"", ""note"": null}, {""symbol"": ""▲"", ""note"": null}, {""symbol"": ""○"", ""note"": null}, {""symbol"": ""○"", ""note"": null}]}], ""legend"": {""○"": ""可乘车"", ""▲"": ""仅乘车券有效"", ""×"": ""不可乘车""}, ""notes"": [""(1)「つばさ」号は福島〜新庄間のみ特急券別購入で乗車可能""]}",JR,[],0.0,免费区间内的主要JR车站,JR东日本电话：,,http://www.jreast.co.jp/tickets/info.aspx?GoodsCd=2992,"[{""text"": ""ＪＲ東日本"", ""url"": ""http://www.jreast.co.jp/tickets/info.aspx?GoodsCd=2992""}]",,https://www2s.biglobe.ne.jp/~t_aoyagi/railway/free/jreast34.htm,jreast34.htm,5,2026/8/10 1:30,小さな旅ホリデーパス,,,,https://www2s.biglobe.ne.jp/~t_aoyagi/railway/free/jreast34.htm
jreast36,あおもりホリデーパス,ＪＲ東日本 全国 欄も参照して下さい,"[""ＪＲ東日本 全国 欄も参照して下さい""]",1,False,tohoku,东北,东北,"[""東北""]",holiday,週末限定タイプ,周末限定,"[""実券"", ""デジタル""]",True,True,on_sale,発売中,,,2720.0,1360.0,1360.0,"大人：2,720円／小人：1,360円",1天,1.0,全年,"周六/节假日
 4月29日至5月5日、7月20日至7月31日、8月8日至8月31日、12月23日至1月7日每天",,"[""https://www2s.biglobe.ne.jp/~t_aoyagi/railway/free/map/jreast36.gif""]","{""columns"": [""绿色车厢 (头等座)"", ""普通车自由席车指定席席"", ""普通车自由席车自由席席"", ""专线列车 (Liner)"", ""特急"", ""急行"", ""快速"", ""普通车自由席""], ""status_rows"": [{""label"": null, ""symbols"": [{""symbol"": ""×"", ""note"": null}, {""symbol"": ""▲"", ""note"": null}, {""symbol"": ""▲"", ""note"": null}, {""symbol"": ""▲"", ""note"": null}, {""symbol"": ""▲"", ""note"": null}, {""symbol"": ""▲"", ""note"": null}, {""symbol"": ""○"", ""note"": null}, {""symbol"": ""○"", ""note"": null}]}], ""legend"": {""○"": ""可乘车"", ""▲"": ""仅乘车券有效"", ""×"": ""不可乘车""}, ""notes"": null}",JR,[],0.0,"免费区间内的主要JR车站
 东北 MaaS（智能手机）",JR东日本电话：,,http://www.jreast.co.jp/tickets/info.aspx?GoodsCd=3004,"[{""text"": ""ＪＲ東日本"", ""url"": ""http://www.jreast.co.jp/tickets/info.aspx?GoodsCd=3004""}, {""text"": ""ＪＲ東日本(デジタル版)"", ""url"": ""http://www.jreast.co.jp/tickets/info.aspx?GoodsCd=2806""}]",,https://www2s.biglobe.ne.jp/~t_aoyagi/railway/free/jreast36.htm,jreast36.htm,6,2026/8/10 1:30,あおもりホリデーパス,,,,https://www2s.biglobe.ne.jp/~t_aoyagi/railway/free/jreast36.htm
jreast48,あきたホリデーパス,ＪＲ東日本 全国 欄も参照して下さい,"[""ＪＲ東日本 全国 欄も参照して下さい""]",1,False,tohoku,东北,东北,"[""東北""]",kikan,期間限定タイプ,期间限定,"[""実券""]",True,False,ended,終了,,,1880.0,1220.0,1220.0,"大人：2,440円／小人：1,220円 
 大人休日倶楽部会員：1,880円",1天,1.0,2025年10月1日 - 2026年2月23日,"2025年11月1日至2026年2月23日周六、周日和节假日
 2025年12月22日 - 2026年1月7日",,"[""https://www2s.biglobe.ne.jp/~t_aoyagi/railway/free/map/jreast48.gif""]","{""columns"": [""绿色车厢 (头等座)"", ""普通车自由席车指定席席"", ""普通车自由席车自由席席"", ""专线列车 (Liner)"", ""特急"", ""急行""], ""status_rows"": [{""label"": null, ""symbols"": [{""symbol"": ""×"", ""note"": ""(1)""}, {""symbol"": ""▲"", ""note"": null}, {""symbol"": ""▲"", ""note"": null}, {""symbol"": ""▲"", ""note"": null}, {""symbol"": ""▲"", ""note"": null}, {""symbol"": ""○"", ""note"": null}]}], ""legend"": {""○"": ""可乘车"", ""▲"": ""仅乘车券有效"", ""×"": ""不可乘车"", ""－"": ""不适用""}, ""notes"": [""(1)秋田〜田沢湖間の「こまち」に乗車の場合、▲""]}",JR,"[""乘坐秋田～田泽湖之间的“小町号”时，仅车票有效。"", ""乘坐秋田内陆纵贯铁道的“森吉号”列车时，仅车票有效。""]",2.0,免费区间内及周边的主要JR车站,,,https://www.jreast.co.jp/tickets/info.aspx?GoodsCd=2951,"[{""text"": ""ＪＲ東日本"", ""url"": ""https://www.jreast.co.jp/tickets/info.aspx?GoodsCd=2951""}]",,https://www2s.biglobe.ne.jp/~t_aoyagi/railway/free/jreast48.htm,jreast48.htm,7,2026/8/10 1:30,あきたホリデーパス,,,,https://www2s.biglobe.ne.jp/~t_aoyagi/railway/free/jreast48.htm
sendaimarugotowide,仙台まるごとパスワイド,ＪＲ東日本 全国 欄も参照して下さい,"[""ＪＲ東日本 全国 欄も参照して下さい""]",1,False,tohoku,东北,东北,"[""東北""]",kikan,期間限定タイプ,期间限定,"[""デジタル""]",False,True,period,〜2027/3/30,,2027/3/30,3380.0,1690.0,1690.0,"大人：3,380円／小人：1,690円",2天,2.0,2026年3月13日 - 2027年3月30日,2026年3月13日 - 2027年3月31日,,"[""https://www2s.biglobe.ne.jp/~t_aoyagi/railway/free/map/sendaimarugotowide.gif""]","{""columns"": [""绿色车厢 (头等座)"", ""普通车自由席车指定席席"", ""普通车自由席车自由席席"", ""专线列车 (Liner)"", ""特急"", ""急行"", ""快速""], ""status_rows"": [{""label"": null, ""symbols"": [{""symbol"": ""－"", ""note"": null}, {""symbol"": ""▲"", ""note"": null}, {""symbol"": ""▲"", ""note"": null}, {""symbol"": ""▲"", ""note"": null}, {""symbol"": ""▲"", ""note"": null}, {""symbol"": ""▲"", ""note"": null}, {""symbol"": ""○"", ""note"": null}]}], ""legend"": {""○"": ""可乘车"", ""▲"": ""仅乘车券有效"", ""×"": ""不可乘车""}, ""notes"": null}",JR,[],0.0,东北 MaaS（智能手机）,,,https://www.jreast.co.jp/multi/maas/tohoku-maas/sendai-miyagi/,"[{""text"": ""TOHOKU MaaS"", ""url"": ""https://www.jreast.co.jp/multi/maas/tohoku-maas/sendai-miyagi/""}, {""text"": ""ＪＲ東日本"", ""url"": ""https://www.jreast.co.jp/tickets/info.aspx?GoodsCd=2823""}]",,https://www2s.biglobe.ne.jp/~t_aoyagi/railway/free/sendaimarugotowide.htm,sendaimarugotowide.htm,8,2026/8/10 1:30,仙台まるごとパスワイド,,,,https://www2s.biglobe.ne.jp/~t_aoyagi/railway/free/sendaimarugotowide.htm
tugaru99,コロプラ☆乗り放題1日フリーきっぷ,津軽鉄道,"[""津軽鉄道""]",1,False,tohoku,东北,东北,"[""東北""]",kikan,期間限定タイプ,期间限定,"[""実券""]",True,False,period,〜2027/3/31,,2027/3/31,2450.0,,2450.0,"大人：2,450円",1天,1.0,2014年4月1日 - 2027年3月31日,2014年4月1日 - 2027年3月31日,,"[""https://www2s.biglobe.ne.jp/~t_aoyagi/railway/free/map/tugaru.gif""]",,地方私鉄,"[""炉灶组需要单独支付炉灶组费用。""]",1.0,津轻五所川原、金木、津轻中里,"津轻铁道/总务课 TEL:0173-34-2148
 (平日8:30-17:00/周六8:30-12:30/周日及节假日休息)",,https://colopl.co.jp/service/other/coloca/transport/area01/norimono_tsugaru/,"[{""text"": ""コロプラ"", ""url"": ""https://colopl.co.jp/service/other/coloca/transport/area01/norimono_tsugaru/""}]",,https://www2s.biglobe.ne.jp/~t_aoyagi/railway/free/tugaru99.htm,tugaru99.htm,9,2026/8/10 1:30,コロプラ☆乗り放題1日フリーきっぷ,,,,https://www2s.biglobe.ne.jp/~t_aoyagi/railway/free/tugaru99.htm
tugaru91,１日フリーパス,津軽鉄道,"[""津軽鉄道""]",1,False,tohoku,东北,东北,"[""東北""]",kikan,期間限定タイプ,期间限定,"[""実券""]",True,False,ended,終了,,,1500.0,700.0,700.0,"大人：1,500円／小人：700円",1天,1.0,"2026 年 2 月 7 日
 2025 年 12 月 6 日
 2025 年 11 月 1 日
 2025 年 9 月 6 日
 2025 年 3 月 1 日","2026 年 2 月 7 日
 2025 年 12 月 6 日
 2025 年 11 月 1 日
 2025 年 9 月 6 日
 2025 年 3 月 1 日",,"[""https://www2s.biglobe.ne.jp/~t_aoyagi/railway/free/map/tugaru.gif""]",,地方私鉄,"[""旧的火炉列车客车不能使用。""]",1.0,"五所川原、金木、津轻中里
 工程师/指挥","津轻铁道/总务课 TEL:0173-34-2148
 (平日8:30-17:00/周六8:30-12:30/周日及节假日休息)",,https://t-ate.com/archives/25255.html,"[{""text"": ""津軽半島観光アテンダント"", ""url"": ""https://t-ate.com/archives/25255.html""}]",,https://www2s.biglobe.ne.jp/~t_aoyagi/railway/free/tugaru91.htm,tugaru91.htm,10,2026/8/10 1:30,１日フリーパス,,,,https://www2s.biglobe.ne.jp/~t_aoyagi/railway/free/tugaru91.htm
tugaru94,９５周年記念イベント参加権付２日間フリーパス,津軽鉄道,"[""津軽鉄道""]",1,False,tohoku,东北,东北,"[""東北""]",kikan,期間限定タイプ,期间限定,"[""実券""]",True,False,ended,終了,,,5000.0,,5000.0,"大人：5,000円／小人：---円",2天,2.0,2025年11月15日 - 2025年11月16日,2025年11月15日 - 2025年11月16日,,"[""https://www2s.biglobe.ne.jp/~t_aoyagi/railway/free/map/tugaru.gif""]",,地方私鉄,[],0.0,五所河原,"津轻铁道/总务课 TEL:0173-34-2148
 (平日8:30-17:00/周六8:30-12:30/周日及节假日休息)",,https://tsutetsu.com/archives/5349,"[{""text"": ""津軽鉄道"", ""url"": ""https://tsutetsu.com/archives/5349""}, {""text"": ""津軽半島観光アテンダント"", ""url"": ""https://t-ate.com/archives/24906.html""}]",,https://www2s.biglobe.ne.jp/~t_aoyagi/railway/free/tugaru94.htm,tugaru94.htm,11,2026/8/10 1:30,９５周年記念イベント参加権付２日間フリーパス,,,,https://www2s.biglobe.ne.jp/~t_aoyagi/railway/free/tugaru94.htm
tugaru95,開業９５周年記念 津鉄１日フリー切符,津軽鉄道,"[""津軽鉄道""]",1,False,tohoku,东北,东北,"[""東北""]",kikan,期間限定タイプ,期间限定,"[""実券""]",True,False,ended,終了,,,950.0,,950.0,大人：950円／小人：---円,1天,1.0,2025年11月15日 - 2025年11月16日,2025年11月15日 - 2025年11月16日,,"[""https://www2s.biglobe.ne.jp/~t_aoyagi/railway/free/map/tugaru.gif""]",,地方私鉄,[],0.0,五所河原,"津轻铁道/总务课 TEL:0173-34-2148
 (平日8:30-17:00/周六8:30-12:30/周日及节假日休息)",,https://tsutetsu.com/archives/5349,"[{""text"": ""津軽鉄道"", ""url"": ""https://tsutetsu.com/archives/5349""}, {""text"": ""津軽半島観光アテンダント"", ""url"": ""https://t-ate.com/archives/24906.html""}]",,https://www2s.biglobe.ne.jp/~t_aoyagi/railway/free/tugaru95.htm,tugaru95.htm,12,2026/8/10 1:30,開業９５周年記念 津鉄１日フリー切符,,,,https://www2s.biglobe.ne.jp/~t_aoyagi/railway/free/tugaru95.htm
konan01,大黒様きっぷ,弘南鉄道,"[""弘南鉄道""]",1,False,tohoku,东北,东北,"[""東北""]",tunen,通年発売タイプ,全年发售,"[""実券"", ""デジタル""]",True,True,on_sale,発売中,,,1000.0,500.0,500.0,"大人：1,000円 小人：500円",1天,1.0,全年,全年,,"[""https://www2s.biglobe.ne.jp/~t_aoyagi/railway/free/map/konan.gif""]",,地方私鉄,[],0.0,"港南线、大鳄线有人值守的车站
 
 Jordan Mobile Ticket TOHOKU MaaS（智能手机）",甲南铁道事业部营业课电话：,,http://konantetsudo.jp/2016/10/01/ticket007/,"[{""text"": ""弘南鉄道"", ""url"": ""http://konantetsudo.jp/2016/10/01/ticket007/""}, {""text"": ""ジョルダンモバイルチケット"", ""url"": ""https://ticket.jorudan.co.jp/konantetsudo/dkk-1d/ja/""}]",,https://www2s.biglobe.ne.jp/~t_aoyagi/railway/free/konan01.htm,konan01.htm,13,2026/8/10 1:30,大黒様きっぷ,,,,https://www2s.biglobe.ne.jp/~t_aoyagi/railway/free/konan01.htm
aoimori03,青い森ツーリストパス,青い森鉄道,"[""青い森鉄道""]",1,False,tohoku,东北,东北,"[""東北""]",tunen,通年発売タイプ,全年发售,"[""デジタル""]",False,True,on_sale,発売中,,,2270.0,1140.0,1140.0,"1日券 大人：2,270円 小人：1,140円 
 2日券 大人：4,180円 小人：2,090円",1天/2天,1.0,全年,"全年
 8月1日至8月7日除外",,"[""https://www2s.biglobe.ne.jp/~t_aoyagi/railway/free/map/aoimori.gif""]",,地方私鉄,"[""仅限抵达三泽机场的旅客（抵达后7天内开始使用）"", ""兑换机票时必须出示登机牌。 （青森县三泽市、八户市、野边地市、浅虫温泉）"", ""所有 JR 列车均不能乘坐指定快速列车（Resort Asunaro）。""]",3.0,JAL MaaS,青森铁道总务部总务企划课 TEL：017-752-0330,,https://aoimorirailway.com/archives/otoku-ticket/%e9%9d%92%e3%81%84%e6%a3%ae%e3%83%84%e3%83%bc%e3%83%aa%e3%82%b9%e3%83%88%e3%83%91%e3%82%b9%e3%80%80%e4%b8%89%e6%b2%a2%e7%a9%ba%e6%b8%af%e5%88%a9%e7%94%a8%e8%80%85%e5%90%91%e3%81%91,"[{""text"": ""青い森鉄道"", ""url"": ""https://aoimorirailway.com/archives/otoku-ticket/%e9%9d%92%e3%81%84%e6%a3%ae%e3%83%84%e3%83%bc%e3%83%aa%e3%82%b9%e3%83%88%e3%83%91%e3%82%b9%e3%80%80%e4%b8%89%e6%b2%a2%e7%a9%ba%e6%b8%af%e5%88%a9%e7%94%a8%e8%80%85%e5%90%91%e3%81%91""}]",,https://www2s.biglobe.ne.jp/~t_aoyagi/railway/free/aoimori03.htm,aoimori03.htm,14,2026/8/10 1:30,青い森ツーリストパス,,,,https://www2s.biglobe.ne.jp/~t_aoyagi/railway/free/aoimori03.htm
aoimori100,Aomori city おでかけフリーパス,青い森鉄道,"[""青い森鉄道""]",1,False,tohoku,东北,东北,"[""東北""]",tunen,通年発売タイプ,全年发售,"[""実券"", ""デジタル""]",True,True,on_sale,発売中,,,700.0,,700.0,大人：700円／小人：---円,1天,1.0,全年,全年,,"[""https://www2s.biglobe.ne.jp/~t_aoyagi/railway/free/map/aoimori100.gif""]",,地方私鉄,"[""可供1名成人和最多2名小学生以下儿童使用"", ""8 月 1 日至 7 日以及浅虫温泉烟火大会期间不开放。""]",2.0,"青森站浅虫温泉柜台
 莱德通行证",青森铁道总务部总务企划课 TEL：017-752-0330,,https://aoimorirailway.com/archives/otoku-ticket/aomori-city-odekake,"[{""text"": ""青い森鉄道"", ""url"": ""https://aoimorirailway.com/archives/otoku-ticket/aomori-city-odekake""}, {""text"": ""RYDE PASS"", ""url"": ""https://pass.ryde-go.com/products/X987XQSWQ98Q""}]",,https://www2s.biglobe.ne.jp/~t_aoyagi/railway/free/aoimori100.htm,aoimori100.htm,15,2026/8/10 1:30,Aomori city おでかけフリーパス,,,,https://www2s.biglobe.ne.jp/~t_aoyagi/railway/free/aoimori100.htm
aoimori02,青い森ワンデーパス,青い森鉄道,"[""青い森鉄道""]",1,False,tohoku,东北,东北,"[""東北""]",holiday,週末限定タイプ,周末限定,"[""実券""]",True,False,on_sale,発売中,,,2270.0,1140.0,1140.0,"大人：2,270円／中高生：1,650円／小人：1,140円",1天,1.0,全年,"周六、周日、节假日
 4月29日-5月5日
 7月20日-7月31日、8月8日-8月31日
 12月23日至1月7日每天",,"[""https://www2s.biglobe.ne.jp/~t_aoyagi/railway/free/map/aoimori.gif""]",,地方私鉄,"[""所有 JR 列车（Resort Asunaro）均需预订车票。""]",1.0,"八户市、三泽市、野边地市、浅虫温泉、青森县
 自动售票机
 全国设有多媒体终端的罗森、Ministop、全家、7-11便利店",青森铁道总务部总务企划课 TEL：017-752-0330,,http://aoimorirailway.com/archives/otoku-ticket/1dp,"[{""text"": ""青い森鉄道"", ""url"": ""http://aoimorirailway.com/archives/otoku-ticket/1dp""}]",,https://www2s.biglobe.ne.jp/~t_aoyagi/railway/free/aoimori02.htm,aoimori02.htm,16,2026/8/10 1:30,青い森ワンデーパス,,,,https://www2s.biglobe.ne.jp/~t_aoyagi/railway/free/aoimori02.htm
igraoimori81,もりもりフリーパス,青い森鉄道,"[""青い森鉄道"", ""IGRいわて銀河鉄道""]",2,True,tohoku,东北,东北,"[""東北""]",kikan,期間限定タイプ,期间限定,"[""実券"", ""デジタル""]",True,True,ended,終了,,,5500.0,2750.0,2750.0,"大人：5,500円 小人：2,750円",2天,2.0,2025年6月1日 - 2026年2月27日,2025年6月1日 - 2026年2月28日,,"[""https://www2s.biglobe.ne.jp/~t_aoyagi/railway/free/map/igr_aoimori.gif""]",,地方私鉄,"[""不提供快速预留座位""]",1.0,"青森铁道各车站有人值班柜台
 
岩手银河铁道线盛冈站柜台
 乘车通行证","青森铁道总务部总务企划课 TEL:017-752-0330
 IGR 岩手银河铁道：电话：019-626-9151",,https://aoimorirailway.com/archives/otoku-ticket/morimori,"[{""text"": ""青い森鉄道"", ""url"": ""https://aoimorirailway.com/archives/otoku-ticket/morimori""}, {""text"": ""ＩＧＲいわて銀河鉄道"", ""url"": ""https://igr.jp/ticket/morimori2025""}, {""text"": ""RIDE PASS"", ""url"": ""https://pass.ryde-go.com/products/ED182L4S553V""}]",,https://www2s.biglobe.ne.jp/~t_aoyagi/railway/free/igraoimori81.htm,igraoimori81.htm,17,2026/8/10 1:30,もりもりフリーパス,,,,https://www2s.biglobe.ne.jp/~t_aoyagi/railway/free/igraoimori81.htm
aoimori92,メハチパス,青い森鉄道,"[""青い森鉄道""]",1,False,tohoku,东北,东北,"[""東北""]",kikan,期間限定タイプ,期间限定,"[""実券""]",True,False,ended,終了,,,920.0,460.0,460.0,大人：920円／小人：460円,1天,1.0,"2023年5月10日 - 2023年5月28日
 2022年12月1日 - 2023年2月28日","2023年5月10日 - 2023年5月28日
 2022年12月1日 - 2023年2月28日",,"[""https://www2s.biglobe.ne.jp/~t_aoyagi/railway/free/map/aoimori92.gif""]",,地方私鉄,[],0.0,八户,青森铁道 TEL:017-752-0330,,https://aoimorirailway.com/archives/36443,"[{""text"": ""青い森鉄道"", ""url"": ""https://aoimorirailway.com/archives/36443""}]",,https://www2s.biglobe.ne.jp/~t_aoyagi/railway/free/aoimori92.htm,aoimori92.htm,18,2026/8/10 1:30,メハチパス,,,,https://www2s.biglobe.ne.jp/~t_aoyagi/railway/free/aoimori92.htm
aoimori94,ツーデーパス,青い森鉄道,"[""青い森鉄道""]",1,False,tohoku,东北,东北,"[""東北""]",kikan,期間限定タイプ,期间限定,"[""実券""]",True,False,ended,終了,,,3570.0,1790.0,1790.0,"大人：3,570円／小人：1,790円",2天,2.0,2026年1月31日 - 2026年2月27日,2026年1月31日 - 2026年2月28日,,"[""https://www2s.biglobe.ne.jp/~t_aoyagi/railway/free/map/aoimori.gif""]",,地方私鉄,"[""所有 JR 列车均不能乘坐指定快速列车（Resort Asunaro）。""]",1.0,"自动售票机（仅限当天）：青森县、筒井县、东青森县、小柳县、山田前县、野内县、浅虫温泉县、小凑县、野边地县、大津县、上北町县、三泽县、下田县、陆奥市川县、八户县、县吉县、三户县
 人工车站柜台",青森铁道总务部总务企划课 TEL：017-752-0330,,https://aoimorirailway.com/wp/wp-content/uploads/2026/01/0cabb64989486f55af72c24eec30f67b.pdf,"[{""text"": ""青い森鉄道"", ""url"": ""https://aoimorirailway.com/wp/wp-content/uploads/2026/01/0cabb64989486f55af72c24eec30f67b.pdf""}]",,https://www2s.biglobe.ne.jp/~t_aoyagi/railway/free/aoimori94.htm,aoimori94.htm,19,2026/8/10 1:30,ツーデーパス,,,,https://www2s.biglobe.ne.jp/~t_aoyagi/railway/free/aoimori94.htm
aoimori101,Aomori city おでかけフリーパス（コラボデザイン版）,青い森鉄道,"[""青い森鉄道""]",1,False,tohoku,东北,东北,"[""東北""]",kikan,期間限定タイプ,期间限定,"[""実券""]",True,False,ended,終了,,,700.0,,700.0,大人：700円／小人：---円,1天,1.0,2026年4月18日 - 2026年6月21日,2026年4月18日 - 2026年6月21日,,"[""https://www2s.biglobe.ne.jp/~t_aoyagi/railway/free/map/aoimori100.gif""]",,地方私鉄,"[""可供1名成人和最多2名小学生以下儿童使用""]",1.0,青森站浅虫温泉柜台,青森铁道总务部总务企划课 TEL：017-752-0330,,https://aoimorirailway.com/wp/wp-content/uploads/2026/04/e8e3445a739f55056b4e1cb4891d5fad.pdf,"[{""text"": ""青い森鉄道"", ""url"": ""https://aoimorirailway.com/wp/wp-content/uploads/2026/04/e8e3445a739f55056b4e1cb4891d5fad.pdf""}]",,https://www2s.biglobe.ne.jp/~t_aoyagi/railway/free/aoimori101.htm,aoimori101.htm,20,2026/8/10 1:30,Aomori city おでかけフリーパス(コラボデザイン版),,,,https://www2s.biglobe.ne.jp/~t_aoyagi/railway/free/aoimori101.htm
aoimori102,青い森ワンデーパス（コラボデザイン版）,青い森鉄道,"[""青い森鉄道""]",1,False,tohoku,东北,东北,"[""東北""]",kikan,期間限定タイプ,期间限定,"[""実券""]",True,False,ended,終了,,,2270.0,,2270.0,"大人：2,270円",1天,1.0,2026年4月18日 - 2026年6月21日,"2026年4月18日至2026年6月21日周六及节假日
 4月29日-5月5日",,"[""https://www2s.biglobe.ne.jp/~t_aoyagi/railway/free/map/aoimori.gif""]",,地方私鉄,"[""所有 JR 列车（Resort Asunaro）均需预订车票。""]",1.0,八户市、三泽市、野边地市、小凑市、浅虫温泉市、青森县,青森铁道总务部总务企划课 TEL：017-752-0330,,https://aoimorirailway.com/wp/wp-content/uploads/2026/04/e8e3445a739f55056b4e1cb4891d5fad.pdf,"[{""text"": ""青い森鉄道"", ""url"": ""https://aoimorirailway.com/wp/wp-content/uploads/2026/04/e8e3445a739f55056b4e1cb4891d5fad.pdf""}]",,https://www2s.biglobe.ne.jp/~t_aoyagi/railway/free/aoimori102.htm,aoimori102.htm,21,2026/8/10 1:30,青い森ワンデーパス(コラボデザイン版),,,,https://www2s.biglobe.ne.jp/~t_aoyagi/railway/free/aoimori102.htm
akitajukan01,秋田内陸ワンデーパス,秋田内陸縦貫鉄道,"[""秋田内陸縦貫鉄道""]",1,False,tohoku,东北,东北,"[""東北""]",tunen,通年発売タイプ,全年发售,"[""実券"", ""デジタル""]",True,True,on_sale,発売中,,,1500.0,750.0,750.0,"全線タイプ 大人：2,500円／小人：1,250円 
 
Ａタイプ 大人：1,500円／小人： 750円 
 
Ｂタイプ 大人：1,500円／小人： 750円 
 
モバイル版 大人：2,400円／小人：1,200円",1天,1.0,全年,全年,,"[""https://www2s.biglobe.ne.jp/~t_aoyagi/railway/free/map/akitajukan.gif""]","{""columns"": [""绿色车厢 (头等座)"", ""普通车自由席车指定席席""], ""status_rows"": [{""label"": ""全線タイプ"", ""symbols"": [{""symbol"": ""○"", ""note"": null}, {""symbol"": ""○"", ""note"": null}]}, {""label"": ""Ａタイプ"", ""symbols"": [{""symbol"": ""○"", ""note"": null}, {""symbol"": ""○"", ""note"": null}]}, {""label"": ""Ｂタイプ"", ""symbols"": [{""symbol"": ""○"", ""note"": null}, {""symbol"": ""○"", ""note"": null}]}, {""label"": ""モバイル版"", ""symbols"": [{""symbol"": ""○"", ""note"": null}, {""symbol"": ""○"", ""note"": null}]}], ""legend"": {""○"": ""可乘车"", ""▲"": ""仅乘车券有效"", ""×"": ""不可乘车""}, ""notes"": null}",地方私鉄,"[""您可以乘坐特快列车。""]",1.0,"高须、相川、米内泽、阿尼前田温泉、阿仁合、角馆
 
道路休息站阿仁“最近车站常陆内”
 本庄商店（旧上桧上桧内小学）“最近车站上桧上桧内”
 中央商会株式会社（加油站JOMO Hinokinai SS）“最近车站 松叶 松叶”
 锦温泉接触广场 Kurion“最近车站：西明寺 西明寺”
 
 Jordan Mobile Ticket TOHOKU MaaS（智能手机）",秋田内陆纵贯铁道株式会社 TEL: 0186-82-3231,,https://www.akita-nairiku.com/ticket/,"[{""text"": ""秋田内陸縦貫鉄道"", ""url"": ""https://www.akita-nairiku.com/ticket/""}, {""text"": ""ジョルダンモバイルチケット"", ""url"": ""https://ticket.jorudan.co.jp/akita-nairiku/ja/""}]",,https://www2s.biglobe.ne.jp/~t_aoyagi/railway/free/akitajukan01.htm,akitajukan01.htm,22,2026/8/10 1:30,秋田内陸ワンデーパス,,,,https://www2s.biglobe.ne.jp/~t_aoyagi/railway/free/akitajukan01.htm
akitajukan02,秋田内陸ツーデーパス,秋田内陸縦貫鉄道,"[""秋田内陸縦貫鉄道""]",1,False,tohoku,东北,东北,"[""東北""]",tunen,通年発売タイプ,全年发售,"[""実券""]",True,False,on_sale,発売中,,,3500.0,1750.0,1750.0,"大人：3,500円／小人：1,750円",1天,1.0,全年,全年,,"[""https://www2s.biglobe.ne.jp/~t_aoyagi/railway/free/map/akitajukan03.gif""]","{""columns"": [""绿色车厢 (头等座)"", ""普通车自由席车指定席席""], ""status_rows"": [{""label"": null, ""symbols"": [{""symbol"": ""○"", ""note"": null}, {""symbol"": ""○"", ""note"": null}]}], ""legend"": {""○"": ""可乘车"", ""▲"": ""仅乘车券有效"", ""×"": ""不可乘车""}, ""notes"": null}",地方私鉄,"[""您可以乘坐特快列车。""]",1.0,高之须、相川、米内泽、阿前田、阿仁合、角馆,秋田内陆纵贯铁道株式会社 TEL: 0186-82-3231,,http://www.akita-nairiku.com/ticket/,"[{""text"": ""秋田内陸縦貫鉄道"", ""url"": ""http://www.akita-nairiku.com/ticket/""}]",,https://www2s.biglobe.ne.jp/~t_aoyagi/railway/free/akitajukan02.htm,akitajukan02.htm,23,2026/8/10 1:30,秋田内陸ツーデーパス,,,,https://www2s.biglobe.ne.jp/~t_aoyagi/railway/free/akitajukan02.htm
akitajukan03,バースデー1日乗り放題きっぷ,秋田内陸縦貫鉄道,"[""秋田内陸縦貫鉄道""]",1,False,tohoku,东北,东北,"[""東北""]",tunen,通年発売タイプ,全年发售,"[""実券""]",True,False,on_sale,発売中,,,1500.0,750.0,750.0,"大人：1,500円／小人：750円",1天,1.0,全年,申请人生日前后3天中的1天（实际为7天）,,"[""https://www2s.biglobe.ne.jp/~t_aoyagi/railway/free/map/akitajukan03.gif""]","{""columns"": [""绿色车厢 (头等座)"", ""普通车自由席车指定席席""], ""status_rows"": [{""label"": null, ""symbols"": [{""symbol"": ""▲"", ""note"": null}, {""symbol"": ""○"", ""note"": null}]}], ""legend"": {""○"": ""可乘车"", ""▲"": ""仅乘车券有效"", ""×"": ""不可乘车""}, ""notes"": null}",地方私鉄,"[""最多可由 3 名同伴（包括本人）使用"", ""需要提供生日证明。""]",2.0,高之须、相川、米内泽、阿前田、阿仁合、角馆,秋田内陆纵贯铁道株式会社 TEL: 0186-82-3231,,http://www.akita-nairiku.com/ticket/,"[{""text"": ""秋田内陸縦貫鉄道"", ""url"": ""http://www.akita-nairiku.com/ticket/""}]",,https://www2s.biglobe.ne.jp/~t_aoyagi/railway/free/akitajukan03.htm,akitajukan03.htm,24,2026/8/10 1:30,バースデー1日乗り放題きっぷ,,,,https://www2s.biglobe.ne.jp/~t_aoyagi/railway/free/akitajukan03.htm
akitajukan94,丙午一日満喫きっぷ,秋田内陸縦貫鉄道,"[""秋田内陸縦貫鉄道""]",1,False,tohoku,东北,东北,"[""東北""]",kikan,期間限定タイプ,期间限定,"[""実券""]",True,False,period,2026/1/1  〜12/31,2026/1/1,2026/12/31,2000.0,,2000.0,"大人：2,000円",1天,1.0,2026年1月1日 - 2026年12月31日,2026年1月1日 - 2026年12月31日,,"[""https://www2s.biglobe.ne.jp/~t_aoyagi/railway/free/map/akitajukan03.gif""]",,地方私鉄,"[""特快列车需要单独付费。"", ""仅限1966年出生者""]",2.0,角馆、阿仁合、高须、相川、米内泽、阿尼前田温泉,秋田内陆纵贯铁道 TEL:0186-82-3231,,https://www.akita-nairiku.com/topics/?p=4502,"[{""text"": ""秋田内陸縦貫鉄道"", ""url"": ""https://www.akita-nairiku.com/topics/?p=4502""}]",,https://www2s.biglobe.ne.jp/~t_aoyagi/railway/free/akitajukan94.htm,akitajukan94.htm,25,2026/8/10 1:30,丙午一日満喫きっぷ,,,,https://www2s.biglobe.ne.jp/~t_aoyagi/railway/free/akitajukan94.htm
akitajukan92,コロプラフリーきっぷ,秋田内陸縦貫鉄道,"[""秋田内陸縦貫鉄道""]",1,False,tohoku,东北,东北,"[""東北""]",kikan,期間限定タイプ,期间限定,"[""実券""]",True,False,period,〜2027/3/31,,2027/3/31,3400.0,,3400.0,"大人：3,400円",1天,1.0,2012年11月1日 - 2027年3月31日,2012年11月1日 - 2027年3月31日,,"[""https://www2s.biglobe.ne.jp/~t_aoyagi/railway/free/map/akitajukan03.gif""]",,地方私鉄,"[""有特快列车""]",1.0,高须站、阿仁合站、角馆站柜台,秋田内陆纵贯铁道 TEL:0186-82-3231,,https://colopl.co.jp/service/other/coloca/transport/area01/norimono_akitanairiku/,"[{""text"": ""コラプロ"", ""url"": ""https://colopl.co.jp/service/other/coloca/transport/area01/norimono_akitanairiku/""}]",,https://www2s.biglobe.ne.jp/~t_aoyagi/railway/free/akitajukan92.htm,akitajukan92.htm,26,2026/8/10 1:30,コロプラフリーきっぷ,,,,https://www2s.biglobe.ne.jp/~t_aoyagi/railway/free/akitajukan92.htm
yurikogen02,沿線満喫(おもちゃ)切符,由利高原鉄道,"[""由利高原鉄道""]",1,False,tohoku,东北,东北,"[""東北""]",tunen,通年発売タイプ,全年发售,"[""実券""]",True,False,on_sale,発売中,,,1480.0,900.0,900.0,"大人：1,700円 小人：1,000円 
 2021年4月1日〜2022年2月28日 
 大人：1,480円 小人：900円",1天,1.0,现已发售,发布日期,,"[""https://www2s.biglobe.ne.jp/~t_aoyagi/railway/free/map/yurikogen.gif""]",,地方私鉄,"[""包含玩具博物馆入场费""]",1.0,矢岛宇后本庄,由利高原铁道 TEL:0184-56-2736,,http://www.obako5.com/沿線満喫おもちゃ切符/,"[{""text"": ""由利高原鉄道"", ""url"": ""http://www.obako5.com/沿線満喫おもちゃ切符/""}]",,https://www2s.biglobe.ne.jp/~t_aoyagi/railway/free/yurikogen02.htm,yurikogen02.htm,27,2026/8/10 1:30,沿線満喫(おもちゃ)切符,,,,https://www2s.biglobe.ne.jp/~t_aoyagi/railway/free/yurikogen02.htm
yurikogen01,楽楽遊遊乗車券,由利高原鉄道,"[""由利高原鉄道""]",1,False,tohoku,东北,东北,"[""東北""]",holiday,週末限定タイプ,周末限定,"[""実券""]",True,False,on_sale,発売中,,,1100.0,500.0,500.0,"大人：1,100円 小人：500円",1天,1.0,"周六、周日、节假日
 4月28日-5月6日、8月12日-8月18日、12月29日-1月3日",发售日,,"[""https://www2s.biglobe.ne.jp/~t_aoyagi/railway/free/map/yurikogen.gif""]",,地方私鉄,[],0.0,宇后本庄、矢岛、前子、孙子列车,由利高原铁道 TEL:0184-56-2736,,http://www.obako5.com/楽楽遊遊乗車券%EF%BC%91日フリー券/,"[{""text"": ""由利高原鉄道"", ""url"": ""http://www.obako5.com/楽楽遊遊乗車券%EF%BC%91日フリー券/""}]",,https://www2s.biglobe.ne.jp/~t_aoyagi/railway/free/yurikogen01.htm,yurikogen01.htm,28,2026/8/10 1:30,楽楽遊遊乗車券,,,,https://www2s.biglobe.ne.jp/~t_aoyagi/railway/free/yurikogen01.htm
igr93,IGRホリデーフリーきっぷ,IGRいわて銀河鉄道,"[""IGRいわて銀河鉄道""]",1,False,tohoku,东北,东北,"[""東北""]",holiday,週末限定タイプ,周末限定,"[""実券"", ""デジタル""]",True,True,on_sale,発売中,,,3000.0,1500.0,1500.0,"大人：3,000円／小人・中学生：1,500円",1天,1.0,全年,"周六及节假日
 8月1日至4日、12月30日至1月3日",,"[""https://www2s.biglobe.ne.jp/~t_aoyagi/railway/free/map/igr.gif""]",,地方私鉄,[],0.0,"IGR岩手银河铁路站（不包括小衙站和东名站）
 乘车通行证",IGR信息电话：019-626-9151,,https://igr.jp/ticket/holiday,"[{""text"": ""IGRいわて銀河鉄道"", ""url"": ""https://igr.jp/ticket/holiday""}, {""text"": ""RIDE PASS"", ""url"": ""https://pass.ryde-go.com/products/KVD3E94SK030""}]",,https://www2s.biglobe.ne.jp/~t_aoyagi/railway/free/igr93.htm,igr93.htm,29,2026/8/10 1:30,IGRホリデーフリーきっぷ,,,,https://www2s.biglobe.ne.jp/~t_aoyagi/railway/free/igr93.htm
igr97,ＩＧＲでＧＯ！でたとこきっぷ,IGRいわて銀河鉄道,"[""IGRいわて銀河鉄道""]",1,False,tohoku,东北,东北,"[""東北""]",kikan,期間限定タイプ,期间限定,"[""実券""]",True,False,ended,終了,,,1000.0,,1000.0,"大人：1,000円／小人：---円",1天,1.0,2025年9月1日 - 2025年11月30日,2025年9月1日 - 2025年11月30日,,"[""https://www2s.biglobe.ne.jp/~t_aoyagi/railway/free/map/igr97.gif""]",,地方私鉄,"[""到刮擦显示的车站（涩民、岩手沼宫地、奥中山高原、目喜）""]",1.0,盛冈站,IGR信息电话：019-626-9151,,https://igr.jp/2025/08/22/detatoko_kippu/,"[{""text"": ""IGRいわて銀河鉄道"", ""url"": ""https://igr.jp/2025/08/22/detatoko_kippu/""}]",,https://www2s.biglobe.ne.jp/~t_aoyagi/railway/free/igr97.htm,igr97.htm,31,2026/8/10 1:30,ＩＧＲでＧＯ！でたとこきっぷ,,,,https://www2s.biglobe.ne.jp/~t_aoyagi/railway/free/igr97.htm
igr98,金田一温泉湯めぐりきっぷ,IGRいわて銀河鉄道,"[""IGRいわて銀河鉄道""]",1,False,tohoku,东北,东北,"[""東北""]",kikan,期間限定タイプ,期间限定,"[""デジタル""]",False,True,ended,終了,,,5000.0,,5000.0,"大人：5,000円／小人：---円",2天,2.0,2025年10月17日 - 2026年3月30日,2025年10月17日 - 2026年3月31日,,"[""https://www2s.biglobe.ne.jp/~t_aoyagi/railway/free/map/igr98.gif""]",,地方私鉄,[],0.0,RIDE PASS,IGR信息电话：019-626-9151,,https://igr.jp/2025/10/09/yumeguri_kippu/,"[{""text"": ""IGRいわて銀河鉄道"", ""url"": ""https://igr.jp/2025/10/09/yumeguri_kippu/""}, {""text"": ""RIDE PASS"", ""url"": ""https://pass.ryde-go.com/products/9G3M61S4M08W""}]",,https://www2s.biglobe.ne.jp/~t_aoyagi/railway/free/igr98.htm,igr98.htm,32,2026/8/10 1:30,金田一温泉湯めぐりきっぷ,,,,https://www2s.biglobe.ne.jp/~t_aoyagi/railway/free/igr98.htm
sanriku11,リアス線全線フリー乗車券,三陸鉄道,"[""三陸鉄道""]",1,False,tohoku,东北,东北,"[""東北""]",tunen,通年発売タイプ,全年发售,"[""実券""]",True,False,on_sale,発売中,,,6500.0,3250.0,3250.0,"大人：6,500円／小人：3,250円",2天,2.0,全年,全年,,"[""https://www2s.biglobe.ne.jp/~t_aoyagi/railway/free/map/sanrikuall.gif""]",,地方私鉄,[],0.0,森、釜石、大槌、山田陆中、宫子、小本岩泉、岛越、田野畑、布代、野田陆中、久慈,三陆铁道客运营业部 TEL:0193-62-7000,,https://www.sanrikutetsudou.com/%E3%81%8A%E5%BE%97%E3%81%8D%E3%81%A3%E3%81%B7%E6%83%85%E5%A0%B1/%E4%BC%81%E7%94%BB%E4%B9%97%E8%BB%8A%E5%88%B8/#a,"[{""text"": ""三陸鉄道"", ""url"": ""https://www.sanrikutetsudou.com/%E3%81%8A%E5%BE%97%E3%81%8D%E3%81%A3%E3%81%B7%E6%83%85%E5%A0%B1/%E4%BC%81%E7%94%BB%E4%B9%97%E8%BB%8A%E5%88%B8/#a""}, {""text"": ""セブンイレブンチケット"", ""url"": ""https://7ticket.jp/g/002384""}]",,https://www2s.biglobe.ne.jp/~t_aoyagi/railway/free/sanriku11.htm,sanriku11.htm,33,2026/8/10 1:30,三陸鉄道全線フリー乗車券,,,,https://www2s.biglobe.ne.jp/~t_aoyagi/railway/free/sanriku11.htm
sanriku25,岩泉龍泉洞１日フリーきっぷ,三陸鉄道,"[""三陸鉄道""]",1,False,tohoku,东北,东北,"[""東北""]",tunen,通年発売タイプ,全年发售,"[""実券""]",True,False,on_sale,発売中,,,4000.0,2000.0,2000.0,"大人：4,000円／小人：2,000円",1天,1.0,全年,全年,,"[""https://www2s.biglobe.ne.jp/~t_aoyagi/railway/free/map/sanriku25.gif""]",,地方私鉄,"[""岩泉市民巴士是往返的。"", ""包含龙泉洞入场费""]",2.0,久慈宫子,三陆铁道客运营业部 TEL:0193-62-7000,,https://www.sanrikutetsudou.com/2026/04/01/%e5%b2%a9%e6%b3%89%e9%be%8d%e6%b3%89%e6%b4%9e%ef%bc%91%e6%97%a5%e3%83%95%e3%83%aa%e3%83%bc%e3%81%8d%e3%81%a3%e3%81%b7%e7%99%ba%e5%a3%b2%e3%81%ae%e3%81%8a%e7%9f%a5%e3%82%89%e3%81%9b/,"[{""text"": ""三陸鉄道"", ""url"": ""https://www.sanrikutetsudou.com/2026/04/01/%e5%b2%a9%e6%b3%89%e9%be%8d%e6%b3%89%e6%b4%9e%ef%bc%91%e6%97%a5%e3%83%95%e3%83%aa%e3%83%bc%e3%81%8d%e3%81%a3%e3%81%b7%e7%99%ba%e5%a3%b2%e3%81%ae%e3%81%8a%e7%9f%a5%e3%82%89%e3%81%9b/""}]",,https://www2s.biglobe.ne.jp/~t_aoyagi/railway/free/sanriku25.htm,sanriku25.htm,34,2026/8/10 1:30,岩泉龍泉洞１日フリーきっぷ,,,,https://www2s.biglobe.ne.jp/~t_aoyagi/railway/free/sanriku25.htm
sanriku12,１日フリー乗車券(盛〜釜石間用),三陸鉄道,"[""三陸鉄道""]",1,False,tohoku,东北,东北,"[""東北""]",holiday,週末限定タイプ,周末限定,"[""実券""]",True,False,on_sale,発売中,,,1700.0,850.0,850.0,"大人：1,700円／小人：850円",1天,1.0,周六及节假日,周六及节假日,,"[""https://www2s.biglobe.ne.jp/~t_aoyagi/railway/free/map/sanrikus.gif""]",,地方私鉄,[],0.0,釜石森,三陆铁道客运营业部 TEL:0193-62-7000,,https://www.sanrikutetsudou.com/%E3%81%8A%E5%BE%97%E3%81%8D%E3%81%A3%E3%81%B7%E6%83%85%E5%A0%B1/%E4%BC%81%E7%94%BB%E4%B9%97%E8%BB%8A%E5%88%B8/#b,"[{""text"": ""三陸鉄道"", ""url"": ""https://www.sanrikutetsudou.com/%E3%81%8A%E5%BE%97%E3%81%8D%E3%81%A3%E3%81%B7%E6%83%85%E5%A0%B1/%E4%BC%81%E7%94%BB%E4%B9%97%E8%BB%8A%E5%88%B8/#b""}, {""text"": ""セブンイレブンチケット"", ""url"": ""https://7ticket.jp/g/002384""}]",,https://www2s.biglobe.ne.jp/~t_aoyagi/railway/free/sanriku12.htm,sanriku12.htm,35,2026/8/10 1:30,１日フリー乗車券(盛〜釜石間用),,,,https://www2s.biglobe.ne.jp/~t_aoyagi/railway/free/sanriku12.htm
sanriku13,１日フリー乗車券(釜石〜宮古間用),三陸鉄道,"[""三陸鉄道""]",1,False,tohoku,东北,东北,"[""東北""]",holiday,週末限定タイプ,周末限定,"[""実券""]",True,False,on_sale,発売中,,,2700.0,1350.0,1350.0,"大人：2,700円／小人：1,350円",1天,1.0,周六及节假日,周六及节假日,,"[""https://www2s.biglobe.ne.jp/~t_aoyagi/railway/free/map/sanrikum.gif""]",,地方私鉄,[],0.0,森、釜石、大槌、山田陆中、宫子,三陆铁道客运营业部 TEL:0193-62-7000,,https://www.sanrikutetsudou.com/%E3%81%8A%E5%BE%97%E3%81%8D%E3%81%A3%E3%81%B7%E6%83%85%E5%A0%B1/%E4%BC%81%E7%94%BB%E4%B9%97%E8%BB%8A%E5%88%B8/#b,"[{""text"": ""三陸鉄道"", ""url"": ""https://www.sanrikutetsudou.com/%E3%81%8A%E5%BE%97%E3%81%8D%E3%81%A3%E3%81%B7%E6%83%85%E5%A0%B1/%E4%BC%81%E7%94%BB%E4%B9%97%E8%BB%8A%E5%88%B8/#b""}, {""text"": ""セブンイレブンチケット"", ""url"": ""https://7ticket.jp/g/002384""}]",,https://www2s.biglobe.ne.jp/~t_aoyagi/railway/free/sanriku13.htm,sanriku13.htm,36,2026/8/10 1:30,１日フリー乗車券(釜石〜宮古間用),,,,https://www2s.biglobe.ne.jp/~t_aoyagi/railway/free/sanriku13.htm
sanriku14,１日フリー乗車券(宮古〜久慈間用),三陸鉄道,"[""三陸鉄道""]",1,False,tohoku,东北,东北,"[""東北""]",holiday,週末限定タイプ,周末限定,"[""実券"", ""デジタル""]",True,True,on_sale,発売中,,,2900.0,1450.0,1450.0,"大人：2,900円／小人：1,450円",1天,1.0,周六及节假日,周六及节假日,,"[""https://www2s.biglobe.ne.jp/~t_aoyagi/railway/free/map/sanrikun.gif""]",,地方私鉄,[],0.0,"宫子、小本岩泉、岛越、田野畑、布代、野田陆中、久慈
 
 RIDE PASS 7-11 车票",三陆铁道客运营业部 TEL:0193-62-7000,,https://www.sanrikutetsudou.com/%E3%81%8A%E5%BE%97%E3%81%8D%E3%81%A3%E3%81%B7%E6%83%85%E5%A0%B1/%E4%BC%81%E7%94%BB%E4%B9%97%E8%BB%8A%E5%88%B8/#b,"[{""text"": ""三陸鉄道"", ""url"": ""https://www.sanrikutetsudou.com/%E3%81%8A%E5%BE%97%E3%81%8D%E3%81%A3%E3%81%B7%E6%83%85%E5%A0%B1/%E4%BC%81%E7%94%BB%E4%B9%97%E8%BB%8A%E5%88%B8/#b""}, {""text"": ""RIDE PASS"", ""url"": ""https://pass.ryde-go.com/products/VG8J2QSKLZ8W""}, {""text"": ""セブンイレブンチケット"", ""url"": ""https://7ticket.jp/g/002384""}]",,https://www2s.biglobe.ne.jp/~t_aoyagi/railway/free/sanriku14.htm,sanriku14.htm,37,2026/8/10 1:30,１日フリー乗車券(宮古〜久慈間用),,,,https://www2s.biglobe.ne.jp/~t_aoyagi/railway/free/sanriku14.htm
sanriku22,中高生1日フリー乗車券(盛〜釜石間用),三陸鉄道,"[""三陸鉄道""]",1,False,tohoku,东北,东北,"[""東北""]",holiday,週末限定タイプ,周末限定,"[""実券""]",True,False,on_sale,発売中,,,,,1200.0,"中高生：1,200円",1天,1.0,全年,周六及节假日,,"[""https://www2s.biglobe.ne.jp/~t_aoyagi/railway/free/map/sanrikus.gif""]",,地方私鉄,"[""仅限初高中生（购买时需出示学生证等证明）""]",1.0,釜石森,三陆铁道客运营业部 TEL:0193-62-7000,,https://www.sanrikutetsudou.com/%E3%81%8A%E5%BE%97%E3%81%8D%E3%81%A3%E3%81%B7%E6%83%85%E5%A0%B1/%E4%BC%81%E7%94%BB%E4%B9%97%E8%BB%8A%E5%88%B8/#b,"[{""text"": ""三陸鉄道"", ""url"": ""https://www.sanrikutetsudou.com/%E3%81%8A%E5%BE%97%E3%81%8D%E3%81%A3%E3%81%B7%E6%83%85%E5%A0%B1/%E4%BC%81%E7%94%BB%E4%B9%97%E8%BB%8A%E5%88%B8/#b""}]",,https://www2s.biglobe.ne.jp/~t_aoyagi/railway/free/sanriku22.htm,sanriku22.htm,38,2026/8/10 1:30,中高生1日フリー乗車券（盛〜釜石間用）,,,,https://www2s.biglobe.ne.jp/~t_aoyagi/railway/free/sanriku22.htm
sanriku23,中高生1日フリー乗車券(釜石〜宮古間用),三陸鉄道,"[""三陸鉄道""]",1,False,tohoku,东北,东北,"[""東北""]",holiday,週末限定タイプ,周末限定,"[""実券""]",True,False,on_sale,発売中,,,,,1700.0,"中高生：1,700円",1天,1.0,全年,周六及节假日,,"[""https://www2s.biglobe.ne.jp/~t_aoyagi/railway/free/map/sanrikum.gif""]",,地方私鉄,"[""仅限初高中生（购买时需出示学生证等证明）""]",1.0,釜石、大槌、山田陆中、宫子,三陆铁道客运营业部 TEL:0193-62-7000,,https://www.sanrikutetsudou.com/%E3%81%8A%E5%BE%97%E3%81%8D%E3%81%A3%E3%81%B7%E6%83%85%E5%A0%B1/%E4%BC%81%E7%94%BB%E4%B9%97%E8%BB%8A%E5%88%B8/#b,"[{""text"": ""三陸鉄道"", ""url"": ""https://www.sanrikutetsudou.com/%E3%81%8A%E5%BE%97%E3%81%8D%E3%81%A3%E3%81%B7%E6%83%85%E5%A0%B1/%E4%BC%81%E7%94%BB%E4%B9%97%E8%BB%8A%E5%88%B8/#b""}]",,https://www2s.biglobe.ne.jp/~t_aoyagi/railway/free/sanriku23.htm,sanriku23.htm,39,2026/8/10 1:30,中高生1日フリー乗車券（釜石〜宮古間）,,,,https://www2s.biglobe.ne.jp/~t_aoyagi/railway/free/sanriku23.htm
sanriku86,三鉄ワンコインフリーパス,三陸鉄道,"[""三陸鉄道""]",1,False,tohoku,东北,东北,"[""東北""]",kikan,期間限定タイプ,期间限定,"[""実券""]",True,False,period,2026/8/21  〜11/7,2026/8/21,2026/11/7,500.0,500.0,500.0,大人：500円／小人：500円,1天,1.0,2026年8月21日 - 2026年11月7日,"2026 年 9 月 12 日
 2026 年 10 月 17 日
 2026 年 11 月 7 日",,"[""https://www2s.biglobe.ne.jp/~t_aoyagi/railway/free/map/sanrikuall.gif""]",,地方私鉄,[],0.0,森、釜石、大槌、山田陆中、宫子、小本岩泉、岛越、田野畑、布代、野田陆中、久慈,三陆铁道客运营业部 TEL:0193-62-7000,,https://www.sanrikutetsudou.com/2026/08/05/%e4%b8%89%e9%89%84%e3%83%af%e3%83%b3%e3%82%b3%e3%82%a4%e3%83%b3%e3%83%95%e3%83%aa%e3%83%bc%e3%83%91%e3%82%b9%e7%99%ba%e5%a3%b2%e3%81%ab%e3%81%a4%e3%81%84%e3%81%a6/,"[{""text"": ""三陸鉄道"", ""url"": ""https://www.sanrikutetsudou.com/2026/08/05/%e4%b8%89%e9%89%84%e3%83%af%e3%83%b3%e3%82%b3%e3%82%a4%e3%83%b3%e3%83%95%e3%83%aa%e3%83%bc%e3%83%91%e3%82%b9%e7%99%ba%e5%a3%b2%e3%81%ab%e3%81%a4%e3%81%84%e3%81%a6/""}]",,https://www2s.biglobe.ne.jp/~t_aoyagi/railway/free/sanriku86.htm,sanriku86.htm,40,2026/8/10 1:30,三鉄ワンコインフリーパス,,,,https://www2s.biglobe.ne.jp/~t_aoyagi/railway/free/sanriku86.htm
sanriku84,やませジョイフルよ市きっぷ,三陸鉄道,"[""三陸鉄道""]",1,False,tohoku,东北,东北,"[""東北""]",kikan,期間限定タイプ,期间限定,"[""実券""]",True,False,ended,終了,,,1500.0,500.0,500.0,"大人：1,500円／小人：500円",1天,1.0,2023年10月14日、15日、28日,仅限发售当天,,"[""https://www2s.biglobe.ne.jp/~t_aoyagi/railway/free/map/sanriku84.gif""]",,地方私鉄,"[""没有儿童礼券。""]",1.0,久慈、野田陆中、芙蓉,三陆铁道电话：0193-62-7000,,https://www.sanrikutetsudou.com/?p=20168,"[{""text"": ""三陸鉄道"", ""url"": ""https://www.sanrikutetsudou.com/?p=20168""}]",,https://www2s.biglobe.ne.jp/~t_aoyagi/railway/free/sanriku84.htm,sanriku84.htm,41,2026/8/10 1:30,やませジョイフルよ市きっぷ,,,,https://www2s.biglobe.ne.jp/~t_aoyagi/railway/free/sanriku84.htm
sanriku85,400円きっぷ,三陸鉄道,"[""三陸鉄道""]",1,False,tohoku,东北,东北,"[""東北""]",kikan,期間限定タイプ,期间限定,"[""実券""]",True,False,ended,終了,,,400.0,400.0,400.0,大人：400円／小人：400円,1天,1.0,"2024年9月1日 - 2024年9月14日
 2024年9月29日 - 2024年10月12日
 2024年10月22日 - 2024年11月4日","2024 年 9 月 14 日
 2024 年 10 月 12 日
 2024 年 11 月 4 日",,"[""https://www2s.biglobe.ne.jp/~t_aoyagi/railway/free/map/sanrikuall.gif""]",,地方私鉄,[],0.0,森、釜石、大槌、山田陆中、宫子、小本岩泉、岛越、田野畑、布代、野田陆中、久慈,三陆铁道客运营业部 TEL:0193-62-7000,,https://www.sanrikutetsudou.com/2024/08/30/400%e5%86%86%e3%81%a7%e3%83%aa%e3%82%a2%e3%82%b9%e7%b7%9a%e5%85%a8%e7%b7%9a%e4%b9%97%e3%82%8a%e6%94%be%e9%a1%8c%ef%bc%81400%e5%86%86%e3%81%8d%e3%81%a3%e3%81%b7%e7%99%ba%e5%a3%b2%e6%b1%ba%e5%ae%9a/,"[{""text"": ""三陸鉄道"", ""url"": ""https://www.sanrikutetsudou.com/2024/08/30/400%e5%86%86%e3%81%a7%e3%83%aa%e3%82%a2%e3%82%b9%e7%b7%9a%e5%85%a8%e7%b7%9a%e4%b9%97%e3%82%8a%e6%94%be%e9%a1%8c%ef%bc%81400%e5%86%86%e3%81%8d%e3%81%a3%e3%81%b7%e7%99%ba%e5%a3%b2%e6%b1%ba%e5%ae%9a/""}]",,https://www2s.biglobe.ne.jp/~t_aoyagi/railway/free/sanriku85.htm,sanriku85.htm,42,2026/8/10 1:30,400円きっぷ,,,,https://www2s.biglobe.ne.jp/~t_aoyagi/railway/free/sanriku85.htm
flower02,もっちぃ親子・孫乗り放題きっぷ,山形鉄道,"[""山形鉄道""]",1,False,tohoku,东北,东北,"[""東北""]",tunen,通年発売タイプ,全年发售,"[""実券"", ""デジタル""]",True,True,on_sale,発売中,,,,,1000.0,"1,000円",1天,1.0,全年,仅限工作日,,"[""https://www2s.biglobe.ne.jp/~t_aoyagi/railway/free/map/yamagata.gif""]",,地方私鉄,"[""最多1名成人和2名小学生以下（仅限成人使用）""]",1.0,"赤汤、宫内、永井、荒户，车内
 莱德通行证",山形铁道电话：0238-88-2002,,https://flower-liner.jp/ticket/,"[{""text"": ""山形鉄道"", ""url"": ""https://flower-liner.jp/ticket/""}, {""text"": ""RYDE PASS"", ""url"": ""https://pass.ryde-go.com/products/6PV8ZDMSD3G5""}]",,https://www2s.biglobe.ne.jp/~t_aoyagi/railway/free/flower02.htm,flower02.htm,43,2026/8/10 1:30,もっちぃ親子・孫乗り放題きっぷ,,,,https://www2s.biglobe.ne.jp/~t_aoyagi/railway/free/flower02.htm
flower01,土休日フリーきっぷ,山形鉄道,"[""山形鉄道""]",1,False,tohoku,东北,东北,"[""東北""]",holiday,週末限定タイプ,周末限定,"[""実券"", ""デジタル""]",True,True,on_sale,発売中,,,1000.0,,1000.0,"大人：1,000円(小学生二人まで利用可)",1天,1.0,全年,周六及节假日,,"[""https://www2s.biglobe.ne.jp/~t_aoyagi/railway/free/map/yamagata.gif""]",,地方私鉄,[],0.0,"赤汤、宫内、永井、荒户，车内
 莱德通行证",山形铁道电话：0238-88-2002,,http://flower-liner.jp/ticket/,"[{""text"": ""山形鉄道"", ""url"": ""http://flower-liner.jp/ticket/""}, {""text"": ""RYDE PASS"", ""url"": ""https://pass.ryde-go.com/products/KVD3E94SQ30J""}]",,https://www2s.biglobe.ne.jp/~t_aoyagi/railway/free/flower01.htm,flower01.htm,44,2026/8/10 1:30,土休日フリーきっぷ,,,,https://www2s.biglobe.ne.jp/~t_aoyagi/railway/free/flower01.htm
sendai01,地下鉄一日乗車券,仙台市交通局,"[""仙台市交通局""]",1,False,tohoku,东北,东北,"[""東北""]",tunen,通年発売タイプ,全年发售,"[""実券""]",True,False,on_sale,発売中,,,620.0,310.0,310.0,"平日 大人：840円／小人：420円 
 土休日 大人：620円／小人：310円",1天,1.0,全年,全年,,"[""https://www2s.biglobe.ne.jp/~t_aoyagi/railway/free/map/sendai01.gif""]",,地方私鉄,[],0.0,地铁站,仙台市交通局 TEL:022-222-2256,,https://www.kotsu.city.sendai.jp/fare/waribiki.html,"[{""text"": ""仙台市交通局"", ""url"": ""https://www.kotsu.city.sendai.jp/fare/waribiki.html""}]",,https://www2s.biglobe.ne.jp/~t_aoyagi/railway/free/sendai01.htm,sendai01.htm,45,2026/8/10 1:30,地下鉄一日乗車券,,,,https://www2s.biglobe.ne.jp/~t_aoyagi/railway/free/sendai01.htm
sendai03,るーぷる仙台・地下鉄共通一日乗車券,仙台市交通局,"[""仙台市交通局""]",1,False,tohoku,东北,东北,"[""東北""]",tunen,通年発売タイプ,全年发售,"[""実券""]",True,False,on_sale,発売中,,,920.0,460.0,460.0,大人：920円／小人：460円,1天,1.0,全年,周六、周日、节假日,,"[""https://www2s.biglobe.ne.jp/~t_aoyagi/railway/free/map/sendai03.gif""]",,地方私鉄,"[""仅限周六及节假日""]",1.0,"仙台站西口巴士共用服务中心
 
 仙台市交通局营业所/分所、售票处
 
 地铁南北线、东西线车站柜台
 
 Loople仙台内
 
 宫城 MaaS（智能手机） TOHOKU MaaS（智能手机）",仙台市交通局 TEL:022-222-2256,,https://www.kotsu.city.sendai.jp/fare/waribiki.html,"[{""text"": ""仙台市交通局"", ""url"": ""https://www.kotsu.city.sendai.jp/fare/waribiki.html""}, {""text"": ""宮城 MaaS(スマートフォン)"", ""url"": ""https://cs.sendai-maas.jp/tabs/home/merchandises/select-ticket?agency-id=8000020041009&item=looplesubway1dayfree_QR""}]",,https://www2s.biglobe.ne.jp/~t_aoyagi/railway/free/sendai03.htm,sendai03.htm,46,2026/8/10 1:30,るーぷる仙台・地下鉄共通一日乗車券,,,,https://www2s.biglobe.ne.jp/~t_aoyagi/railway/free/sendai03.htm
sendai92,Pokemon GO Fest 2024:仙台 地下鉄24時間券・地下鉄36時間券,仙台市交通局,"[""仙台市交通局""]",1,False,tohoku,东北,东北,"[""東北""]",kikan,期間限定タイプ,期间限定,"[""デジタル""]",False,True,ended,終了,,,500.0,250.0,250.0,"【24時間券】 大人：500円 小人：250円 
 【36時間券】 大人：700円 小人：350円",1天,1.0,2024年5月22日 - 2024年6月2日,2024年5月30日 - 2024年6月2日,,"[""https://www2s.biglobe.ne.jp/~t_aoyagi/railway/free/map/sendai01.gif""]",,地方私鉄,[],0.0,仙台MaaS,仙台市交通局 TEL:022-222-2256,,http://www.kotsu.city.sendai.jp/subway/news/event/1anni_event2.html#nenmatsu,"[{""text"": ""仙台市交通局"", ""url"": ""http://www.kotsu.city.sendai.jp/subway/news/event/1anni_event2.html#nenmatsu""}]",,https://www2s.biglobe.ne.jp/~t_aoyagi/railway/free/sendai92.htm,sendai92.htm,47,2026/8/10 1:30,Pokemon GO Fest 2024:仙台 地下鉄24時間券・地下鉄36時間券,,,,https://www2s.biglobe.ne.jp/~t_aoyagi/railway/free/sendai92.htm
sendai93,東北絆まつり2024仙台 地下鉄24時間券・地下鉄36時間券,仙台市交通局,"[""仙台市交通局""]",1,False,tohoku,东北,东北,"[""東北""]",kikan,期間限定タイプ,期间限定,"[""デジタル""]",False,True,ended,終了,,,500.0,250.0,250.0,"【24時間券】 大人：500円 小人：250円 
 【36時間券】 大人：700円 小人：350円",1天,1.0,2024年5月30日 - 2024年6月9日,2024年6月7日 - 2024年6月9日,,"[""https://www2s.biglobe.ne.jp/~t_aoyagi/railway/free/map/sendai01.gif""]",,地方私鉄,[],0.0,仙台MaaS,仙台市交通局 TEL:022-222-2256,,http://www.kotsu.city.sendai.jp/subway/news/event/1anni_event2.html#nenmatsu,"[{""text"": ""仙台市交通局"", ""url"": ""http://www.kotsu.city.sendai.jp/subway/news/event/1anni_event2.html#nenmatsu""}]",,https://www2s.biglobe.ne.jp/~t_aoyagi/railway/free/sendai93.htm,sendai93.htm,48,2026/8/10 1:30,東北絆まつり2024仙台 地下鉄24時間券・地下鉄36時間券,,,,https://www2s.biglobe.ne.jp/~t_aoyagi/railway/free/sendai93.htm
abukyu12,飯坂温泉日帰りきっぷ,阿武隈急行,"[""阿武隈急行""]",1,False,tohoku,东北,东北,"[""東北""]",tunen,通年発売タイプ,全年发售,"[""実券""]",True,False,on_sale,発売中,,,1500.0,750.0,750.0,"大人：1,500円／小人：750円",1天,1.0,全年,全年,,"[""https://www2s.biglobe.ne.jp/~t_aoyagi/railway/free/map/iisakahigaeri.gif""]",,地方私鉄,[],0.0,福岛、穗原、柳川、丸森、角田,阿武隈特快 TEL：024-577-7132 / 饭坂温泉观光协会 TEL：024-542-4241,,http://www.abukyu.co.jp/?page_id=7,"[{""text"": ""阿武隈急行"", ""url"": ""http://www.abukyu.co.jp/?page_id=7""}, {""text"": ""阿武隈急行・伊達なTRAIN NAVI"", ""url"": ""http://www.abukyu.co.jp/datenatrain/special/144/""}]",,https://www2s.biglobe.ne.jp/~t_aoyagi/railway/free/abukyu12.htm,abukyu12.htm,50,2026/8/10 1:30,飯坂温泉日帰りきっぷ,,,,https://www2s.biglobe.ne.jp/~t_aoyagi/railway/free/abukyu12.htm
abukyu01,「阿武急の日」フリー乗車券,阿武隈急行,"[""阿武隈急行""]",1,False,tohoku,东北,东北,"[""東北""]",tunen,通年発売タイプ,全年发售,"[""実券""]",True,False,on_sale,発売中,,,600.0,300.0,300.0,大人：600円 小人：300円,1天,1.0,使用当天,每月第一个周日、10月14日、1月1日,,"[""https://www2s.biglobe.ne.jp/~t_aoyagi/railway/free/map/abukyu.gif""]",,地方私鉄,[],0.0,福岛、穗原、柳川、丸森、角田、当天车内,阿武隈快递电话：024-577-7132,,http://www.abukyu.co.jp/?page_id=7,"[{""text"": ""阿武隈急行"", ""url"": ""http://www.abukyu.co.jp/?page_id=7""}]",,https://www2s.biglobe.ne.jp/~t_aoyagi/railway/free/abukyu01.htm,abukyu01.htm,51,2026/8/10 1:30,「阿武急の日」フリー乗車券,,,,https://www2s.biglobe.ne.jp/~t_aoyagi/railway/free/abukyu01.htm
abukyu05,あぶ急トクだねきっぷ,阿武隈急行,"[""阿武隈急行""]",1,False,tohoku,东北,东北,"[""東北""]",tunen,通年発売タイプ,全年发售,"[""実券""]",True,False,period,"毎月9,19,29日",,,900.0,450.0,450.0,大人：900円／小人：450円,1天,1.0,现已发售,每月 9 日,,"[""https://www2s.biglobe.ne.jp/~t_aoyagi/railway/free/map/abukyu.gif""]",,地方私鉄,[],0.0,福岛、穗原、柳川、丸森、角田,阿武隈快车/福岛站 TEL:024-52-1322,,http://www.abukyu.co.jp/?page_id=7,"[{""text"": ""阿武隈急行"", ""url"": ""http://www.abukyu.co.jp/?page_id=7""}]",,https://www2s.biglobe.ne.jp/~t_aoyagi/railway/free/abukyu05.htm,abukyu05.htm,52,2026/8/10 1:30,あぶ急トクだねきっぷ,,,,https://www2s.biglobe.ne.jp/~t_aoyagi/railway/free/abukyu05.htm
abukyu102,学割乗車券,阿武隈急行,"[""阿武隈急行""]",1,False,tohoku,东北,东北,"[""東北""]",holiday,週末限定タイプ,周末限定,"[""実券""]",True,False,on_sale,発売中,,,,,700.0,700円,1天,1.0,"周六及节假日
 2026年7月17日 - 2026年8月21日
 2026年12月18日 - 2027年1月15日","周六及节假日
 2026年7月17日 - 2026年8月21日
 2026年12月18日 - 2027年1月15日",,"[""https://www2s.biglobe.ne.jp/~t_aoyagi/railway/free/map/abukyu.gif""]",,地方私鉄,"[""仅限初高中生（购买时需出示学生证）""]",1.0,福岛、穗原、柳川、丸森、角田、车内,阿武隈快递营业企划部电话：024-577-7132,,https://www.abukyu.co.jp/?p=4313,"[{""text"": ""阿武隈急行"", ""url"": ""https://www.abukyu.co.jp/?p=4313""}]",,https://www2s.biglobe.ne.jp/~t_aoyagi/railway/free/abukyu102.htm,abukyu102.htm,53,2026/8/10 1:30,学割乗車券,,,,https://www2s.biglobe.ne.jp/~t_aoyagi/railway/free/abukyu102.htm
abukyu85,初恋＊れ〜るとりっぷ フリー乗車券,阿武隈急行,"[""阿武隈急行""]",1,False,tohoku,东北,东北,"[""東北""]",kikan,期間限定タイプ,期间限定,"[""実券""]",True,False,period,2024/12/1〜,2024/12/1,,1000.0,500.0,500.0,"大人：1,000円／小人：500円",1天,1.0,"从 2024 年 4 月 9 日起
 从 2024 年 9 月 1 日起
 从 2024 年 12 月 1 日起","从 2024 年 4 月 9 日起
 从 2024 年 9 月 1 日起
 从 2024 年 12 月 1 日起",,"[""https://www2s.biglobe.ne.jp/~t_aoyagi/railway/free/map/abukyu.gif""]",,地方私鉄,[],0.0,福岛、穗原、柳川、丸森、角田,阿武隈快递营业企划部电话：024-577-7132,,http://www.abukyu.co.jp/?p=2850,"[{""text"": ""阿武隈急行"", ""url"": ""http://www.abukyu.co.jp/?p=2850""}]",,https://www2s.biglobe.ne.jp/~t_aoyagi/railway/free/abukyu85.htm,abukyu85.htm,54,2026/8/10 1:30,初恋＊れ〜るとりっぷ フリー乗車券,,,,https://www2s.biglobe.ne.jp/~t_aoyagi/railway/free/abukyu85.htm
abukyu84,イベントフリー切符,阿武隈急行,"[""阿武隈急行""]",1,False,tohoku,东北,东北,"[""東北""]",kikan,期間限定タイプ,期间限定,"[""実券""]",True,False,ended,終了,,,900.0,450.0,450.0,大人：900円／小人：450円,1天,1.0,2026年7月13日 - 2026年7月18日,2026 年 7 月 18 日,,"[""https://www2s.biglobe.ne.jp/~t_aoyagi/railway/free/map/abukyu.gif""]",,地方私鉄,[],0.0,福岛、穗原、柳川、丸森、角田,阿武隈快递营业企划部电话：024-577-7132,,https://www.abukyu.co.jp/?p=4309,"[{""text"": ""阿武隈急行"", ""url"": ""https://www.abukyu.co.jp/?p=4309""}]",,https://www2s.biglobe.ne.jp/~t_aoyagi/railway/free/abukyu84.htm,abukyu84.htm,55,2026/8/10 1:30,イベントフリー切符,,,,https://www2s.biglobe.ne.jp/~t_aoyagi/railway/free/abukyu84.htm
abukyu101,ポケモン天文台 1DAY PASS,阿武隈急行,"[""阿武隈急行""]",1,False,tohoku,东北,东北,"[""東北""]",kikan,期間限定タイプ,期间限定,"[""実券""]",True,False,period,2026/7/5  〜9/15,2026/7/5,2026/9/15,1800.0,900.0,900.0,"大人：1,800円／小人：900円",1天,1.0,2026年7月5日 - 2026年9月15日,2026年7月5日 - 2026年9月15日,,"[""https://www2s.biglobe.ne.jp/~t_aoyagi/railway/free/map/abukyu.gif""]",,地方私鉄,[],0.0,福岛、穗原、柳川、丸森、角田,阿武隈快递营业企划部电话：024-577-7132,,https://www.abukyu.co.jp/?p=4290,"[{""text"": ""阿武隈急行"", ""url"": ""https://www.abukyu.co.jp/?p=4290""}]",,https://www2s.biglobe.ne.jp/~t_aoyagi/railway/free/abukyu101.htm,abukyu101.htm,56,2026/8/10 1:30,ポケモン天文台 １DAY PASS,,,,https://www2s.biglobe.ne.jp/~t_aoyagi/railway/free/abukyu101.htm
abukyu92,櫻めぐり切符,阿武隈急行,"[""阿武隈急行""]",1,False,tohoku,东北,东北,"[""東北""]",spring,春期間限定タイプ,春季限定,"[""実券""]",True,False,ended,終了,,,1000.0,500.0,500.0,"大人：1,000円／小人：500円",1天,1.0,2025年3月29日 - 2025年5月6日,2025年3月29日 - 2025年5月6日,,"[""https://www2s.biglobe.ne.jp/~t_aoyagi/railway/free/map/abukyu.gif""]",,地方私鉄,[],0.0,福岛、穗原、柳川、丸森、角田、车内,阿武隈快递营业企划部营业企划课 TEL：024-577-7132,,https://www.abukyu.co.jp/?p=3418,"[{""text"": ""阿武隈急行"", ""url"": ""https://www.abukyu.co.jp/?p=3418""}]",,https://www2s.biglobe.ne.jp/~t_aoyagi/railway/free/abukyu92.htm,abukyu92.htm,57,2026/8/10 1:30,櫻めぐり切符,,,,https://www2s.biglobe.ne.jp/~t_aoyagi/railway/free/abukyu92.htm
abukyu87,伊達のふる里夏まつりおトクきっぷ,阿武隈急行,"[""阿武隈急行""]",1,False,tohoku,东北,东北,"[""東北""]",summer,夏限定タイプ,夏季限定,"[""実券""]",True,False,ended,終了,,,700.0,,700.0,大人：700円,1天,1.0,2026 年 8 月 8 日,2026 年 8 月 8 日,,"[""https://www2s.biglobe.ne.jp/~t_aoyagi/railway/free/map/abukyu.gif""]",,地方私鉄,[],0.0,福岛、穗原、柳川、丸森、角田,阿武隈快递营业企划部电话：024-577-7132,,https://www.abukyu.co.jp/?p=4327,"[{""text"": ""阿武隈急行"", ""url"": ""https://www.abukyu.co.jp/?p=4327""}]",,https://www2s.biglobe.ne.jp/~t_aoyagi/railway/free/abukyu87.htm,abukyu87.htm,58,2026/8/10 1:30,伊達のふる里夏まつりおトクきっぷ,500枚,,,https://www2s.biglobe.ne.jp/~t_aoyagi/railway/free/abukyu87.htm
abukyu97,シニア割ワンコインきっぷ,阿武隈急行,"[""阿武隈急行""]",1,False,tohoku,东北,东北,"[""東北""]",winter,年末年始限定タイプ,年末年初限定,"[""実券""]",True,False,period,2026/2/1  〜3/31,2026/2/1,2026/3/31,,,500.0,500円,1天,1.0,2026年2月1日 - 2026年3月31日,2026年2月1日 - 2026年3月31日,,"[""https://www2s.biglobe.ne.jp/~t_aoyagi/railway/free/map/abukyu.gif""]",,地方私鉄,"[""仅限65岁以上人士（需出示证明）""]",1.0,福岛、穗原、柳川、丸森、角田、车内,阿武隈快递营业企划部电话：024-577-7132,,http://www.abukyu.co.jp/?p=2723,"[{""text"": ""阿武隈急行"", ""url"": ""http://www.abukyu.co.jp/?p=2723""}]",,https://www2s.biglobe.ne.jp/~t_aoyagi/railway/free/abukyu97.htm,abukyu97.htm,59,2026/8/10 1:30,シニア割ワンコインきっぷ,,,,https://www2s.biglobe.ne.jp/~t_aoyagi/railway/free/abukyu97.htm
fukusima03,いい電1日フリーきっぷ,福島交通,"[""福島交通""]",1,False,tohoku,东北,东北,"[""東北""]",tunen,通年発売タイプ,全年发售,"[""実券""]",True,False,on_sale,発売中,,,1000.0,,1000.0,"大人：1,000円",1天,1.0,全年,全年,,"[""https://www2s.biglobe.ne.jp/~t_aoyagi/railway/free/map/fukushima.gif""]",,地方私鉄,"[""最多可供1名成人和1名小学生使用""]",1.0,福岛、樱水、饭坂温泉站,福岛交通铁道部电话：024-557-9552,,https://ii-den.jp/how/ticket.php#day,"[{""text"": ""福島交通"", ""url"": ""https://ii-den.jp/how/ticket.php#day""}]",,https://www2s.biglobe.ne.jp/~t_aoyagi/railway/free/fukusima03.htm,fukusima03.htm,60,2026/8/10 1:30,いい電1日フリーきっぷ,,,,https://www2s.biglobe.ne.jp/~t_aoyagi/railway/free/fukusima03.htm
fukusima01,飯坂温泉湯ったり切符,福島交通,"[""福島交通""]",1,False,tohoku,东北,东北,"[""東北""]",tunen,通年発売タイプ,全年发售,"[""実券""]",True,False,on_sale,発売中,,,1300.0,650.0,650.0,"大人：1,300円／小人：650円",1天,1.0,全年,全年,,"[""https://www2s.biglobe.ne.jp/~t_aoyagi/railway/free/map/fukushima.gif""]",,地方私鉄,[],0.0,福岛、樱水、饭坂温泉站,福岛交通铁道部 TEL：024-557-9552 饭坂温泉观光协会 TEL：024-542-4241,,https://ii-den.jp/how/ticket.php#spa,"[{""text"": ""福島交通"", ""url"": ""https://ii-den.jp/how/ticket.php#spa""}]",,https://www2s.biglobe.ne.jp/~t_aoyagi/railway/free/fukusima01.htm,fukusima01.htm,61,2026/8/10 1:30,飯坂温泉湯ったり切符,,,,https://www2s.biglobe.ne.jp/~t_aoyagi/railway/free/fukusima01.htm
fukusima02,花ももフリーきっぷ,福島交通,"[""福島交通""]",1,False,tohoku,东北,东北,"[""東北""]",tunen,通年発売タイプ,全年发售,"[""実券""]",True,False,on_sale,発売中,,,1800.0,,1800.0,"大人：1,800円 (花もも湯入館券付) 
 大人：4,000円 (花もも湯入館券付&ランチバイキング) 
 大人：6,200円 (花もも湯入館券付&ディナーバイキング)",1天,1.0,全年,全年,,"[""https://www2s.biglobe.ne.jp/~t_aoyagi/railway/free/map/fukushima.gif""]",,地方私鉄,"[""饭坂电车最多可供 1 名成人和 1 名小学生乘坐。""]",1.0,福岛、樱水、饭坂温泉站,福岛交通铁道部电话：024-557-9552,,https://ii-den.jp/how/ticket.php#hanamomo,"[{""text"": ""福島交通"", ""url"": ""https://ii-den.jp/how/ticket.php#hanamomo""}]",,https://www2s.biglobe.ne.jp/~t_aoyagi/railway/free/fukusima02.htm,fukusima02.htm,62,2026/8/10 1:30,花ももフリーきっぷ,,,,https://www2s.biglobe.ne.jp/~t_aoyagi/railway/free/fukusima02.htm
fukusima93,いい電コロプラ1日フリー切符,福島交通,"[""福島交通""]",1,False,tohoku,东北,东北,"[""東北""]",kikan,期間限定タイプ,期间限定,"[""実券""]",True,False,period,〜2027/3/31,,2027/3/31,1000.0,,1000.0,"大人：1,000円",1天,1.0,2013年1月10日 - 2027年3月31日,2013年1月10日 - 2027年3月31日,,"[""https://www2s.biglobe.ne.jp/~t_aoyagi/railway/free/map/fukushima.gif""]",,地方私鉄,[],0.0,福岛、樱水、饭坂温泉站,福岛交通铁道部电话：024-558-4611,,https://colopl.co.jp/service/other/coloca/transport/area01/norimono_fukushima/,"[{""text"": ""コロプラ"", ""url"": ""https://colopl.co.jp/service/other/coloca/transport/area01/norimono_fukushima/""}]",,https://www2s.biglobe.ne.jp/~t_aoyagi/railway/free/fukusima93.htm,fukusima93.htm,63,2026/8/10 1:30,いい電コロプラ1日フリー切符,,,,https://www2s.biglobe.ne.jp/~t_aoyagi/railway/free/fukusima93.htm
aizu01,会津・日光フリーきっぷ(若松エリア),会津鉄道,"[""会津鉄道""]",1,False,tohoku,东北,东北,"[""東北""]",tunen,通年発売タイプ,全年发售,"[""実券""]",True,False,on_sale,発売中,,,5150.0,2610.0,2610.0,"大人：5,150円／小人：2,610円",2天,2.0,全年,全年,,"[""https://www2s.biglobe.ne.jp/~t_aoyagi/railway/free/map/aizu01.gif""]",,地方私鉄,[],0.0,会津田岛、西若松、芦卷温泉、汤野神温泉、会津下乡、指挥,会津铁道营业部客运组电话：0242-28-5886,,http://www.aizutetsudo.jp/ticket/aizu-nikko-free/,"[{""text"": ""会津鉄道"", ""url"": ""http://www.aizutetsudo.jp/ticket/aizu-nikko-free/""}, {""text"": ""野岩鉄道"", ""url"": ""http://www.yagan.co.jp/pdf/ticket.pdf?201903""}]",,https://www2s.biglobe.ne.jp/~t_aoyagi/railway/free/aizu01.htm,aizu01.htm,65,2026/8/10 1:30,会津・日光フリーきっぷ (若松エリア),,,,https://www2s.biglobe.ne.jp/~t_aoyagi/railway/free/aizu01.htm
aizu02,会津・日光フリーきっぷ(南会津エリア),会津鉄道,"[""会津鉄道""]",1,False,tohoku,东北,东北,"[""東北""]",tunen,通年発売タイプ,全年发售,"[""実券""]",True,False,on_sale,発売中,,,4190.0,2130.0,2130.0,"大人：4,190円／小人：2,130円",2天,2.0,全年,全年,,"[""https://www2s.biglobe.ne.jp/~t_aoyagi/railway/free/map/aizu02.gif""]",,地方私鉄,[],0.0,会津田岛、西若松、芦卷温泉、汤野神温泉、会津下乡、指挥,会津铁道营业部客运组电话：0242-28-5886,,http://www.aizutetsudo.jp/ticket/aizu-nikko-free/,"[{""text"": ""会津鉄道"", ""url"": ""http://www.aizutetsudo.jp/ticket/aizu-nikko-free/""}, {""text"": ""野岩鉄道"", ""url"": ""http://www.yagan.co.jp/pdf/ticket.pdf?201903""}]",,https://www2s.biglobe.ne.jp/~t_aoyagi/railway/free/aizu02.htm,aizu02.htm,66,2026/8/10 1:30,会津・日光フリーきっぷ (南会津エリア),,,,https://www2s.biglobe.ne.jp/~t_aoyagi/railway/free/aizu02.htm
aizu96,いい夫婦の日フリーきっぷ,会津鉄道,"[""会津鉄道""]",1,False,tohoku,东北,东北,"[""東北""]",kikan,期間限定タイプ,期间限定,"[""実券""]",True,False,ended,終了,,,1100.0,,1100.0,"大人：1,100円×2人",2天,2.0,2025年11月22日 - 2025年11月24日,2025年11月22日 - 2025年11月25日,,"[""https://www2s.biglobe.ne.jp/~t_aoyagi/railway/free/map/aizu.gif""]",,地方私鉄,"[""面向居住在福岛县的夫妇"", ""不能单独使用"", ""乘坐大座瀞展望列车或特快列车时，需要单独的座位预约票和特快票。""]",3.0,西若松、芦卷温泉、汤野神温泉、会津下乡、会津田岛、会津高原小濑口、指挥,会津铁道株式会社客运集团营业部电话：0242-28-5886,,https://aizutetsudo.jp/news/%e3%80%8c%e3%81%84%e3%81%84%e5%a4%ab%e5%a9%a6%e3%81%ae%e6%97%a5%e3%83%95%e3%83%aa%e3%83%bc%e3%81%8d%e3%81%a3%e3%81%b7%e3%80%8d%e3%81%ab%e3%81%a4%e3%81%84%e3%81%a6/,"[{""text"": ""会津鉄道"", ""url"": ""https://aizutetsudo.jp/news/%e3%80%8c%e3%81%84%e3%81%84%e5%a4%ab%e5%a9%a6%e3%81%ae%e6%97%a5%e3%83%95%e3%83%aa%e3%83%bc%e3%81%8d%e3%81%a3%e3%81%b7%e3%80%8d%e3%81%ab%e3%81%a4%e3%81%84%e3%81%a6/""}]",,https://www2s.biglobe.ne.jp/~t_aoyagi/railway/free/aizu96.htm,aizu96.htm,67,2026/8/10 1:30,いい夫婦の日フリーきっぷ,,,,https://www2s.biglobe.ne.jp/~t_aoyagi/railway/free/aizu96.htm
aizu91,コロプラ☆乗り放題キップ,会津鉄道,"[""会津鉄道""]",1,False,tohoku,东北,东北,"[""東北""]",kikan,期間限定タイプ,期间限定,"[""実券""]",True,False,period,〜2027/3/30,,2027/3/30,3100.0,1550.0,1550.0,"大人：3,100円／小人：1,550円",2天,2.0,2014年4月1日 - 2027年3月30日,2014年4月1日 - 2027年3月31日,,"[""https://www2s.biglobe.ne.jp/~t_aoyagi/railway/free/map/aizu.gif""]",,地方私鉄,"[""乘坐“大座灯塔展望列车”需要另外购买“电车编号车票”"", ""不适合儿童单独使用""]",2.0,会津田岛、西若松、芦卷温泉、汤野上温泉、会津下乡、会津高原尾濑口,会津铁道株式会社客运集团营业部电话：0242-28-5886,,http://www.aizutetsudo.jp/ticket/koropura/,"[{""text"": ""会津鉄道"", ""url"": ""http://www.aizutetsudo.jp/ticket/koropura/""}, {""text"": ""コロプラ"", ""url"": ""https://colopl.co.jp/service/other/coloca/transport/area01/norimono_aidu/""}]",,https://www2s.biglobe.ne.jp/~t_aoyagi/railway/free/aizu91.htm,aizu91.htm,68,2026/8/10 1:30,コロプラ☆乗り放題キップ,,,,https://www2s.biglobe.ne.jp/~t_aoyagi/railway/free/aizu91.htm
jreast17,都区内パス,ＪＲ東日本 全国 欄も 参照して下さい,"[""ＪＲ東日本 全国 欄も 参照して下さい""]",1,False,kanto,关东,关东,"[""関東""]",tunen,通年発売タイプ,全年发售,"[""実券"", ""デジタル""]",True,True,on_sale,発売中,,,870.0,430.0,430.0,大人：870円／小人：430円,1天,1.0,全年,全年,,"[""https://www2s.biglobe.ne.jp/~t_aoyagi/railway/free/map/jreast17.gif""]","{""columns"": [""東海道新干线 (希望号 (Nozomi))"", ""東海道新干线 (光号/回声号)"", ""东北/上越新干线"", ""在来线特急/急行"", ""快速/普通车自由席列车 (绿色车厢)"", ""快速/普通车自由席列车 (专线列车 (Liner))"", ""快速/普通车自由席列车 (指定席)"", ""快速/普通车自由席列车 (自由席)"", ""东京单轨电车"", ""临海线""], ""status_rows"": [{""label"": null, ""symbols"": [{""symbol"": ""×"", ""note"": null}, {""symbol"": ""×"", ""note"": null}, {""symbol"": ""×"", ""note"": null}, {""symbol"": ""▲"", ""note"": null}, {""symbol"": ""▲"", ""note"": null}, {""symbol"": ""▲"", ""note"": null}, {""symbol"": ""▲"", ""note"": null}, {""symbol"": ""○"", ""note"": null}, {""symbol"": ""×"", ""note"": null}, {""symbol"": ""×"", ""note"": null}]}], ""legend"": {""○"": ""可乘车"", ""▲"": ""仅乘车券有效"", ""×"": ""不可乘车""}, ""notes"": null}",JR,[],0.0,"自由区间车站指定席自动售票机、自动售票机
 移动 Suica 应用程序",JR东日本电话：,,http://www.jreast.co.jp/tickets/info.aspx?GoodsCd=2485,"[{""text"": ""ＪＲ東日本"", ""url"": ""http://www.jreast.co.jp/tickets/info.aspx?GoodsCd=2485""}]",,https://www2s.biglobe.ne.jp/~t_aoyagi/railway/free/jreast17.htm,jreast17.htm,1,2026/8/10 1:30,都区内パス,,,,https://www2s.biglobe.ne.jp/~t_aoyagi/railway/free/jreast17.htm
tokyo01,東京フリーきっぷ,ＪＲ東日本 全国 欄も 参照して下さい,"[""ＪＲ東日本 全国 欄も 参照して下さい"", ""東京地下鉄"", ""東京都交通局""]",3,True,kanto,关东,关东,"[""関東""]",tunen,通年発売タイプ,全年发售,"[""実券"", ""デジタル""]",True,True,on_sale,発売中,,,1720.0,860.0,860.0,"大人：1,720円／小人：860円",1天,1.0,全年,全年,,"[""https://www2s.biglobe.ne.jp/~t_aoyagi/railway/free/map/tokyofree.gif""]","{""columns"": [""東海道新干线 (希望号 (Nozomi))"", ""東海道新干线 (光号/回声号)"", ""东北/上越新干线"", ""在来线特急/急行"", ""快速/普通车自由席列车 (绿色车厢)"", ""快速/普通车自由席列车 (专线列车 (Liner))"", ""快速/普通车自由席列车 (指定席)"", ""快速/普通车自由席列车 (自由席)"", ""东京单轨电车"", ""临海线""], ""status_rows"": [{""label"": null, ""symbols"": [{""symbol"": ""×"", ""note"": null}, {""symbol"": ""▲"", ""note"": null}, {""symbol"": ""▲"", ""note"": null}, {""symbol"": ""▲"", ""note"": null}, {""symbol"": ""▲"", ""note"": null}, {""symbol"": ""▲"", ""note"": null}, {""symbol"": ""▲"", ""note"": null}, {""symbol"": ""○"", ""note"": null}, {""symbol"": ""×"", ""note"": null}, {""symbol"": ""×"", ""note"": null}]}], ""legend"": {""○"": ""可乘车"", ""▲"": ""仅乘车券有效"", ""×"": ""不可乘车""}, ""notes"": null}",JR,"[""你不能乘坐Nozomi。""]",1.0,东京JR车站、都营地铁站、东京地铁月票柜台等,"东京都交通局 TEL:03-5320-6075
 东京地铁客户中心电话：03-3941-2004",,http://www.jreast.co.jp/tickets/info.aspx?GoodsCd=2487,"[{""text"": ""ＪＲ東日本"", ""url"": ""http://www.jreast.co.jp/tickets/info.aspx?GoodsCd=2487""}, {""text"": ""東京都交通局"", ""url"": ""http://www.kotsu.metro.tokyo.jp/subway/fare/otoku_free.html""}, {""text"": ""東京地下鉄"", ""url"": ""https://www.tokyometro.jp/ticket/value/1day/index.html#anc03""}]",,https://www2s.biglobe.ne.jp/~t_aoyagi/railway/free/tokyo01.htm,tokyo01.htm,2,2026/8/10 1:30,東京フリーきっぷ,,,,https://www2s.biglobe.ne.jp/~t_aoyagi/railway/free/tokyo01.htm
jreast18,ヨコハマ・みなとみらいパス,ＪＲ東日本 全国 欄も 参照して下さい,"[""ＪＲ東日本 全国 欄も 参照して下さい""]",1,False,kanto,关东,关东,"[""関東""]",tunen,通年発売タイプ,全年发售,"[""実券"", ""デジタル""]",True,True,on_sale,発売中,,,560.0,280.0,280.0,大人：560円／小人：280円,1天,1.0,全年,全年,,"[""https://www2s.biglobe.ne.jp/~t_aoyagi/railway/free/map/jreast18.gif""]","{""columns"": [""绿色车厢 (头等座)"", ""普通车自由席车指定席席"", ""普通车自由席车自由席席"", ""专线列车 (Liner)"", ""特急"", ""急行"", ""快速"", ""普通车自由席"", ""指定席""], ""status_rows"": [{""label"": null, ""symbols"": [{""symbol"": ""－"", ""note"": null}, {""symbol"": ""－"", ""note"": null}, {""symbol"": ""－"", ""note"": null}, {""symbol"": ""▲"", ""note"": null}, {""symbol"": ""▲"", ""note"": null}, {""symbol"": ""▲"", ""note"": null}, {""symbol"": ""▲"", ""note"": null}, {""symbol"": ""○"", ""note"": null}, {""symbol"": ""○"", ""note"": null}]}], ""legend"": {""○"": ""可乘车"", ""▲"": ""仅乘车券有效"", ""×"": ""不可乘车""}, ""notes"": null}",JR,[],0.0,"自由区间车站的指定席自动售票机及部分车站的自动售票机
 移动 Suica 应用程序",,,http://www.jreast.co.jp/tickets/info.aspx?GoodsCd=2483,"[{""text"": ""ＪＲ東日本"", ""url"": ""http://www.jreast.co.jp/tickets/info.aspx?GoodsCd=2483""}]",,https://www2s.biglobe.ne.jp/~t_aoyagi/railway/free/jreast18.htm,jreast18.htm,3,2026/8/10 1:30,ヨコハマ・みなとみらいパス,,,,https://www2s.biglobe.ne.jp/~t_aoyagi/railway/free/jreast18.htm
jreast071,ぐんまワンデーローカルパス,ＪＲ東日本 全国 欄も 参照して下さい,"[""ＪＲ東日本 全国 欄も 参照して下さい""]",1,False,kanto,关东,关东,"[""関東""]",tunen,通年発売タイプ,全年发售,"[""デジタル""]",False,True,on_sale,発売中,,,2600.0,1300.0,1300.0,"大人：2,600円 小人：1,300円",1天,1.0,全年,全年,,"[""https://www2s.biglobe.ne.jp/~t_aoyagi/railway/free/map/jreast071.gif""]","{""columns"": [""绿色车厢 (头等座)"", ""普通车自由席车指定席席"", ""普通车自由席车自由席席"", ""专线列车 (Liner)"", ""特急"", ""急行"", ""快速"", ""普通车自由席""], ""status_rows"": [{""label"": null, ""symbols"": [{""symbol"": ""－"", ""note"": null}, {""symbol"": ""－"", ""note"": null}, {""symbol"": ""×"", ""note"": null}, {""symbol"": ""▲"", ""note"": null}, {""symbol"": ""▲"", ""note"": null}, {""symbol"": ""▲"", ""note"": null}, {""symbol"": ""▲"", ""note"": null}, {""symbol"": ""○"", ""note"": null}]}], ""legend"": {""○"": ""可乘车"", ""▲"": ""仅乘车券有效"", ""×"": ""不可乘车""}, ""notes"": null}",JR,"[""不能使用渡良濑溪国铁道无轨电车。""]",1.0,GunMaaS,JR东日本电话：,,http://www.jreast.co.jp/tickets/info.aspx?GoodsCd=2989,"[{""text"": ""ＪＲ東日本"", ""url"": ""http://www.jreast.co.jp/tickets/info.aspx?GoodsCd=2989""}, {""text"": ""GunMaaS"", ""url"": ""https://lp.g3m.jp/#ticket""}]",,https://www2s.biglobe.ne.jp/~t_aoyagi/railway/free/jreast071.htm,jreast071.htm,4,2026/8/10 1:30,ぐんまワンデーローカルパス,,,,https://www2s.biglobe.ne.jp/~t_aoyagi/railway/free/jreast071.htm
jreast10,休日おでかけパス,ＪＲ東日本 全国 欄も 参照して下さい,"[""ＪＲ東日本 全国 欄も 参照して下さい""]",1,False,kanto,关东,关东,"[""関東""]",holiday,週末限定タイプ,周末限定,"[""実券""]",True,False,on_sale,発売中,,,2950.0,1470.0,1470.0,"大人：2,950円／小人：1,470円",1天,1.0,全年,"周六/节假日
 
4月29日-5月5日、7月20日-8月31日、12月29日-1月3日",,"[""https://www2s.biglobe.ne.jp/~t_aoyagi/railway/free/map/jreast10.gif""]","{""columns"": [""绿色车厢 (头等座)"", ""普通车自由席车指定席席"", ""普通车自由席车自由席席"", ""专线列车 (Liner)"", ""特急"", ""急行"", ""快速"", ""普通车自由席"", ""指定席""], ""status_rows"": [{""label"": null, ""symbols"": [{""symbol"": ""×"", ""note"": null}, {""symbol"": ""▲"", ""note"": null}, {""symbol"": ""▲"", ""note"": null}, {""symbol"": ""▲"", ""note"": null}, {""symbol"": ""▲"", ""note"": null}, {""symbol"": ""▲"", ""note"": null}, {""symbol"": ""○"", ""note"": null}, {""symbol"": ""○"", ""note"": null}, {""symbol"": ""○"", ""note"": null}]}], ""legend"": {""○"": ""可乘车"", ""▲"": ""仅乘车券有效"", ""×"": ""不可乘车""}, ""notes"": null}",JR,"[""不能乘坐东海道新干线。""]",1.0,免费区间车站内的指定座席自动售票机,JR东日本：,,http://www.jreast.co.jp/tickets/info.aspx?GoodsCd=2490,"[{""text"": ""ＪＲ東日本"", ""url"": ""http://www.jreast.co.jp/tickets/info.aspx?GoodsCd=2490""}]",,https://www2s.biglobe.ne.jp/~t_aoyagi/railway/free/jreast10.htm,jreast10.htm,5,2026/8/10 1:30,休日おでかけパス,,,,https://www2s.biglobe.ne.jp/~t_aoyagi/railway/free/jreast10.htm
jreast12,のんびりホリデーSuicaパス,ＪＲ東日本 全国 欄も 参照して下さい,"[""ＪＲ東日本 全国 欄も 参照して下さい""]",1,False,kanto,关东,关东,"[""関東""]",holiday,週末限定タイプ,周末限定,[],False,False,on_sale,発売中,,,2850.0,1420.0,1420.0,"大人：2,850円／小人：1,420円 
 新規購入の場合は別途保証金500円が必要",1天,1.0,全年,"周六及节假日以及
 4月29日-5月5日
 7月20日-8月31日
 12月29日至1月3日每天",,"[""https://www2s.biglobe.ne.jp/~t_aoyagi/railway/free/map/jreast09.gif""]","{""columns"": [""绿色车厢 (头等座)"", ""普通车自由席车指定席席"", ""普通车自由席车自由席席"", ""专线列车 (Liner)"", ""特急"", ""急行"", ""快速"", ""普通车自由席"", ""指定席""], ""status_rows"": [{""label"": null, ""symbols"": [{""symbol"": ""×"", ""note"": null}, {""symbol"": ""×"", ""note"": null}, {""symbol"": ""▲"", ""note"": null}, {""symbol"": ""▲"", ""note"": null}, {""symbol"": ""▲"", ""note"": null}, {""symbol"": ""▲"", ""note"": null}, {""symbol"": ""○"", ""note"": null}, {""symbol"": ""○"", ""note"": null}, {""symbol"": ""○"", ""note"": null}]}], ""legend"": {""○"": ""可乘车"", ""▲"": ""仅乘车券有效"", ""×"": ""不可乘车""}, ""notes"": null}",JR,"[""仅限 Suica（但不适用于通勤卡或移动 Suica）。"", ""不能乘坐新干线。""]",2.0,免费区间内的主要车站,JR东日本：,,http://www.jreast.co.jp/tickets/info.aspx?GoodsCd=2682,"[{""text"": ""ＪＲ東日本"", ""url"": ""http://www.jreast.co.jp/tickets/info.aspx?GoodsCd=2682""}]",,https://www2s.biglobe.ne.jp/~t_aoyagi/railway/free/jreast12.htm,jreast12.htm,6,2026/8/10 1:30,のんびりホリデーSuicaパス,,,,https://www2s.biglobe.ne.jp/~t_aoyagi/railway/free/jreast12.htm
jreast37,モノレール＆都区内パス,ＪＲ東日本 全国 欄も 参照して下さい,"[""ＪＲ東日本 全国 欄も 参照して下さい""]",1,False,kanto,关东,关东,"[""関東""]",holiday,週末限定タイプ,周末限定,"[""デジタル""]",False,True,on_sale,発売中,,,1450.0,,1450.0,"大人：1,450円",1天,1.0,"周六及节假日以及
 4月29日-5月5日
 7月20日-8月31日
 12月29日至1月3日每天","周六及节假日以及
 4月29日-5月5日
 7月20日-8月31日
 12月29日至1月3日每天",,"[""https://www2s.biglobe.ne.jp/~t_aoyagi/railway/free/map/jreast37.gif""]","{""columns"": [""東海道新干线 (希望号 (Nozomi))"", ""東海道新干线 (光号/回声号)"", ""东北/上越新干线"", ""在来线特急/急行"", ""快速/普通车自由席列车 (绿色车厢)"", ""快速/普通车自由席列车 (专线列车 (Liner))"", ""快速/普通车自由席列车 (指定席)"", ""快速/普通车自由席列车 (自由席)"", ""东京单轨电车"", ""临海线""], ""status_rows"": [{""label"": null, ""symbols"": [{""symbol"": ""×"", ""note"": null}, {""symbol"": ""×"", ""note"": null}, {""symbol"": ""×"", ""note"": null}, {""symbol"": ""▲"", ""note"": null}, {""symbol"": ""▲"", ""note"": null}, {""symbol"": ""▲"", ""note"": null}, {""symbol"": ""▲"", ""note"": null}, {""symbol"": ""○"", ""note"": null}, {""symbol"": ""○"", ""note"": null}, {""symbol"": ""×"", ""note"": null}]}], ""legend"": {""○"": ""可乘车"", ""▲"": ""仅乘车券有效"", ""×"": ""不可乘车""}, ""notes"": null}",JR,"[""仅限移动 Suica""]",1.0,移动西卡,JR东日本电话：,,https://www.jreast.co.jp/tickets/info.aspx?GoodsCd=2846,"[{""text"": ""ＪＲ東日本"", ""url"": ""https://www.jreast.co.jp/tickets/info.aspx?GoodsCd=2846""}]",,https://www2s.biglobe.ne.jp/~t_aoyagi/railway/free/jreast37.htm,jreast37.htm,7,2026/8/10 1:30,モノレール＆都区内パス,,,,https://www2s.biglobe.ne.jp/~t_aoyagi/railway/free/jreast37.htm
jreast45,ときわ路パス,ＪＲ東日本 全国 欄も 参照して下さい,"[""ＪＲ東日本 全国 欄も 参照して下さい""]",1,False,kanto,关东,关东,"[""関東""]",kisetu,季節発売タイプ,季节发售,"[""実券""]",True,False,period,2026/6/18  〜8/30,2026/6/18,2026/8/30,2430.0,650.0,650.0,"大人：2,430円／小人：650円",1天,1.0,"[夏季] 2026年6月18日 - 2026年8月30日
 
【秋季】2026年9月3日—2026年12月20日
 
[冬季] 2027年1月6日 - 2027年3月28日","[夏季] 2026年7月18日至2026年8月30日周六及节假日
 
[秋季] 2026年10月3日至2026年12月20日、2026年11月13日周六及节假日
 
[冬季] 2027年2月6日至2027年3月28日周六及节假日",,"[""https://www2s.biglobe.ne.jp/~t_aoyagi/railway/free/map/jreast45.gif""]","{""columns"": [""绿色车厢 (头等座)"", ""普通车自由席车指定席席"", ""普通车自由席车自由席席"", ""专线列车 (Liner)"", ""特急"", ""急行"", ""快速""], ""status_rows"": [{""label"": null, ""symbols"": [{""symbol"": ""－"", ""note"": null}, {""symbol"": ""－"", ""note"": null}, {""symbol"": ""▲"", ""note"": null}, {""symbol"": ""▲"", ""note"": null}, {""symbol"": ""▲"", ""note"": null}, {""symbol"": ""▲"", ""note"": null}, {""symbol"": ""○"", ""note"": null}]}], ""legend"": {""○"": ""可乘车"", ""▲"": ""仅乘车券有效"", ""×"": ""不可乘车""}, ""notes"": null}",JR,"[""特快/特快列车需要特急/特急车票。"", ""绿色车厢需要绿色车票，班轮需要班轮票。""]",2.0,免费区间内的主要JR车站,JR东日本,,http://www.jreast.co.jp/tickets/info.aspx?GoodsCd=3008,"[{""text"": ""ＪＲ東日本"", ""url"": ""http://www.jreast.co.jp/tickets/info.aspx?GoodsCd=3008""}]",,https://www2s.biglobe.ne.jp/~t_aoyagi/railway/free/jreast45.htm,jreast45.htm,8,2026/8/10 1:30,ときわ路パス,,,,https://www2s.biglobe.ne.jp/~t_aoyagi/railway/free/jreast45.htm
jreast46,サンキュー ちばフリーパス,ＪＲ東日本 全国 欄も 参照して下さい,"[""ＪＲ東日本 全国 欄も 参照して下さい""]",1,False,kanto,关东,关东,"[""関東""]",kikan,期間限定タイプ,期间限定,"[""実券""]",True,False,period,2026/8/1  〜10/30,2026/8/1,2026/10/30,4170.0,2080.0,2080.0,"大人：4,170円／小人：2,080円",2天,2.0,"2026年8月1日 - 2026年10月30日
 2026年12月4日 - 2027年2月27日","2026年9月1日 - 2026年10月31日
 2027年1月4日 - 2027年2月28日","九十九里铁道巴士东金站～本须贺、白里等（片贝线、丰见线）
 千叶交通巴士 JR成田站西口～龙角寺乳品车库
 JR巴士关东立山站→汐留大桥→阿波神户→阿波自然村→花卉公园→长尾桥→野岛崎灯塔口→阿波白滨
 立山站→城山公园前→西岬→须崎→伊东→南波天堂
 四日市场站 ~ Takodai BT ~ 成田机场 ~ 航空科学博物馆 ~ JR 成田站
 Takodai BT ~ 佐原站
 立山日东巴士立山站 - 阿波白滨（东洋房线）
 立山站～龟田医院（与鸭川日东巴士共同运营）
 立山站 - 立山航空队
 鸭川日东巴士龟田医院～平冢本乡
 龟田医院 - 东京湾轮渡
 仁右卫门岛入口→鸭川站→鸭川海洋世界→天松站→小凑站→炭上寺入口
 京成出租车成田安路站～龙角寺车库
 限时周游巴士“房总里山GO”
 JR久留里站 - 养老溪谷站 - 上总中野站","[""https://www2s.biglobe.ne.jp/~t_aoyagi/railway/free/map/jreast46.gif""]","{""columns"": [""東海道新干线"", ""东北/上越新干线"", ""在来线特急/急行"", ""快速/普通车自由席列车 (绿色车厢)"", ""快速/普通车自由席列车 (专线列车 (Liner))"", ""快速/普通车自由席列车 (指定席)"", ""快速/普通车自由席列车 (自由席)""], ""status_rows"": [{""label"": null, ""symbols"": [{""symbol"": ""－"", ""note"": null}, {""symbol"": ""－"", ""note"": null}, {""symbol"": ""▲"", ""note"": null}, {""symbol"": ""▲"", ""note"": null}, {""symbol"": ""▲"", ""note"": null}, {""symbol"": ""▲"", ""note"": null}, {""symbol"": ""○"", ""note"": null}]}], ""legend"": {""○"": ""可乘车"", ""▲"": ""仅乘车券有效"", ""×"": ""不可乘车""}, ""notes"": null}",JR,"[""特快/特快列车需要特急/特急车票。"", ""绿色车厢需要绿色车票，班轮需要班轮票。""]",2.0,千叶县主要车站久里滨站设置指定席售票机,JR东日本,,http://www.jreast.co.jp/tickets/info.aspx?GoodsCd=2833,"[{""text"": ""ＪＲ東日本"", ""url"": ""http://www.jreast.co.jp/tickets/info.aspx?GoodsCd=2833""}]",,https://www2s.biglobe.ne.jp/~t_aoyagi/railway/free/jreast46.htm,jreast46.htm,9,2026/8/10 1:30,サンキュー ちばフリーパス,,,,https://www2s.biglobe.ne.jp/~t_aoyagi/railway/free/jreast46.htm
jreast13,ひみつの平日パス,ＪＲ東日本 全国 欄も 参照して下さい,"[""ＪＲ東日本 全国 欄も 参照して下さい""]",1,False,kanto,关东,关东,"[""関東""]",kikan,期間限定タイプ,期间限定,"[""実券""]",True,False,ended,終了,,,2720.0,1360.0,1360.0,"大人：2,720円／小人：1,360円",1天,1.0,2022年2月1日 - 2022年3月4日,2022年2月1日至2022年3月4日期间的工作日,,"[""https://www2s.biglobe.ne.jp/~t_aoyagi/railway/free/map/jreast10.gif""]","{""columns"": [""绿色车厢 (头等座)"", ""普通车自由席车指定席席"", ""普通车自由席车自由席席"", ""专线列车 (Liner)"", ""特急"", ""急行"", ""快速"", ""普通车自由席"", ""指定席""], ""status_rows"": [{""label"": null, ""symbols"": [{""symbol"": ""×"", ""note"": null}, {""symbol"": ""▲"", ""note"": null}, {""symbol"": ""▲"", ""note"": null}, {""symbol"": ""▲"", ""note"": null}, {""symbol"": ""▲"", ""note"": null}, {""symbol"": ""▲"", ""note"": null}, {""symbol"": ""○"", ""note"": null}, {""symbol"": ""○"", ""note"": null}, {""symbol"": ""○"", ""note"": null}]}], ""legend"": {""○"": ""可乘车"", ""▲"": ""仅乘车券有效"", ""×"": ""不可乘车""}, ""notes"": null}",JR,"[""不能乘坐东海道新干线。""]",1.0,免费区间内的主要车站,JR东日本：,,http://www.jreast.co.jp/tickets/info.aspx?GoodsCd=2737,"[{""text"": ""ＪＲ東日本"", ""url"": ""http://www.jreast.co.jp/tickets/info.aspx?GoodsCd=2737""}]",,https://www2s.biglobe.ne.jp/~t_aoyagi/railway/free/jreast13.htm,jreast13.htm,10,2026/8/10 1:30,ひみつの平日パス,,,,https://www2s.biglobe.ne.jp/~t_aoyagi/railway/free/jreast13.htm
yagan01,会津鬼怒川線史跡めぐり往復割引きっぷ,野岩鉄道,"[""野岩鉄道""]",1,False,kanto,关东,关东,"[""関東""]",tunen,通年発売タイプ,全年发售,"[""実券""]",True,False,on_sale,発売中,,,,,370.0,"発駅 着駅 中三依 
 温泉 上三依 
 塩原温泉口 男鹿高原 会津高原 
 尾瀬口 
 龍王峡 大人 1,040円 1,180円 1,290円 1,530円 
 小人 520円 590円 650円 770円 
 川治温泉 大人 730円 1,040円 1,180円 1,400円 
 小人 370円 520円 590円 700円 
 川治湯元 大人 730円 900円 1,180円 1,400円 
 小人 370円 450円 590円 700円",1天,1.0,全年,仅限发售当天,,"[""https://www2s.biglobe.ne.jp/~t_aoyagi/railway/free/map/yagan01.gif""]",,地方私鉄,[],0.0,"龙京、川路温泉、川路汤本
 营业时间8:50-17:50",大岩铁道电话：0288-77-2355,,http://www.yagan.co.jp/information/0000000597/detail.html,"[{""text"": ""野岩鉄道"", ""url"": ""http://www.yagan.co.jp/information/0000000597/detail.html""}]",,https://www2s.biglobe.ne.jp/~t_aoyagi/railway/free/yagan01.htm,yagan01.htm,11,2026/8/10 1:30,会津鬼怒川線史跡めぐり往復割引きっぷ,,,,https://www2s.biglobe.ne.jp/~t_aoyagi/railway/free/yagan01.htm
yagan11,野岩鉄道会津鬼怒川線全線フリーきっぷ,野岩鉄道,"[""野岩鉄道""]",1,False,kanto,关东,关东,"[""関東""]",tunen,通年発売タイプ,全年发售,"[""実券""]",True,False,on_sale,発売中,,,2100.0,1060.0,1060.0,"大人：2,100円 小人：1,060円",1天,1.0,全年,全年,,"[""https://www2s.biglobe.ne.jp/~t_aoyagi/railway/free/map/yagan11.gif""]",,地方私鉄,[],0.0,"新藤原、龙王、川治温泉、川治汤本、汤西川温泉、上三吉原温泉口、会津高原尾濑口
 大岩铁道列车长",大岩铁道电话：0288-77-2355,,http://www.yagan.co.jp/information/0000000601/detail.html,"[{""text"": ""野岩鉄道"", ""url"": ""http://www.yagan.co.jp/information/0000000601/detail.html""}]",,https://www2s.biglobe.ne.jp/~t_aoyagi/railway/free/yagan11.htm,yagan11.htm,12,2026/8/10 1:30,野岩鉄道 会津鬼怒川線全線フリーきっぷ,,,,https://www2s.biglobe.ne.jp/~t_aoyagi/railway/free/yagan11.htm
yagan12,野岩・会津全線フリーきっぷ,野岩鉄道,"[""野岩鉄道""]",1,False,kanto,关东,关东,"[""関東""]",tunen,通年発売タイプ,全年发售,"[""実券""]",True,False,on_sale,発売中,,,4820.0,2420.0,2420.0,"大人：4,820円 小人：2,420円",2天,2.0,全年,全年,,"[""https://www2s.biglobe.ne.jp/~t_aoyagi/railway/free/map/yagan12.gif""]",,地方私鉄,[],0.0,"新藤原～会津高原尾濑口之间各站（中三赖温泉、男鹿高原除外）
 东武 Top Tours 商店",大岩铁道电话：0288-77-2355,,http://www.yagan.co.jp/information/0000000629/detail.html,"[{""text"": ""野岩鉄道"", ""url"": ""http://www.yagan.co.jp/information/0000000629/detail.html""}, {""text"": ""会津鉄道"", ""url"": ""http://www.aizutetsudo.jp/ticket/yagan-free/""}]",,https://www2s.biglobe.ne.jp/~t_aoyagi/railway/free/yagan12.htm,yagan12.htm,13,2026/8/10 1:30,野岩・会津全線フリーきっぷ,,,,https://www2s.biglobe.ne.jp/~t_aoyagi/railway/free/yagan12.htm
yagan13,塩原温泉・野岩鉄道満喫切符,野岩鉄道,"[""野岩鉄道""]",1,False,kanto,关东,关东,"[""関東""]",tunen,通年発売タイプ,全年发售,"[""実券""]",True,False,on_sale,発売中,,,2200.0,1100.0,1100.0,"大人：2,200円 小人：1,100円",1天,1.0,全年,全年,,"[""https://www2s.biglobe.ne.jp/~t_aoyagi/railway/free/map/yagan13.gif""]",,地方私鉄,[],0.0,"新藤原、龙王、川治温泉、川治汤本、汤西川温泉、上三吉原温泉口、会津高原尾濑口
 大岩铁道列车长
 东武日光站游客中心、鬼怒川温泉站游客中心、盐原物语馆、那须地区旅游信息中心（那须盐原站）",大岩铁道电话：0288-77-2355,,https://www.yagan.co.jp/information/0000000940/detail.html,"[{""text"": ""野岩鉄道"", ""url"": ""https://www.yagan.co.jp/information/0000000940/detail.html""}]",,https://www2s.biglobe.ne.jp/~t_aoyagi/railway/free/yagan13.htm,yagan13.htm,14,2026/8/10 1:30,塩原温泉・野岩鉄道満喫切符,,,,https://www2s.biglobe.ne.jp/~t_aoyagi/railway/free/yagan13.htm
kantetu02,常総線・真岡鉄道共通一日自由きっぷ,真岡鐵道,"[""真岡鐵道"", ""関東鉄道""]",2,True,kanto,关东,关东,"[""関東""]",holiday,週末限定タイプ,周末限定,"[""実券""]",True,False,on_sale,発売中,,,2300.0,1150.0,1150.0,"大人：2,300円／小人：1,150円",1天,1.0,"全年
 生效日期前 7 天开始销售",周六、节假日、4/1～5/31、7/1～8/31、11/1～1/31每天,,"[""https://www2s.biglobe.ne.jp/~t_aoyagi/railway/free/map/kantetu-mooka.gif""]",,地方私鉄,"[""使用 SL Moka 时需要单独的编号票。""]",1.0,"关东铁道：取手、富头、守谷、新守谷、光海道、下妻、下馆
 真冈铁道：真冈、益子、茂木",关东铁道电话：0298-22-3718,,https://www.kantetsu.co.jp/train/special-ticket#tix06,"[{""text"": ""関東鉄道"", ""url"": ""https://www.kantetsu.co.jp/train/special-ticket#tix06""}, {""text"": ""真岡鐵道"", ""url"": ""https://www.moka-railway.co.jp/fare/""}]",,https://www2s.biglobe.ne.jp/~t_aoyagi/railway/free/kantetu02.htm,kantetu02.htm,15,2026/8/10 1:30,常総線・真岡鐵道線共通一日自由きっぷ,,,,https://www2s.biglobe.ne.jp/~t_aoyagi/railway/free/kantetu02.htm
mooka92,益子陶器市フリー切符,真岡鐵道,"[""真岡鐵道""]",1,False,kanto,关东,关东,"[""関東""]",kikan,期間限定タイプ,期间限定,"[""実券""]",True,False,ended,終了,,,1500.0,750.0,750.0,"大人：1,500円／小人：750円",1天,1.0,2026年4月29日 - 2026年5月6日,发售日,,"[""https://www2s.biglobe.ne.jp/~t_aoyagi/railway/free/map/mooka92.gif""]",,地方私鉄,"[""使用 SL Moka 时需要单独的编号票。""]",1.0,下馆站（真冈铁路站台）、真冈站、益子站,真冈铁道旅行中心电话：0285-84-7913,,https://www.moka-railway.co.jp/wp-content/uploads/2026/04/daa080f6a08dfee4dc5e6b2a1c7ee607.pdf,"[{""text"": ""真岡鐵道"", ""url"": ""https://www.moka-railway.co.jp/wp-content/uploads/2026/04/daa080f6a08dfee4dc5e6b2a1c7ee607.pdf""}]",,https://www2s.biglobe.ne.jp/~t_aoyagi/railway/free/mooka92.htm,mooka92.htm,16,2026/8/10 1:30,益子陶器市フリー切符,,,,https://www2s.biglobe.ne.jp/~t_aoyagi/railway/free/mooka92.htm
utsunomiya01,ライトライン一日乗車券,宇都宮ライトレール,"[""宇都宮ライトレール""]",1,False,kanto,关东,关东,"[""関東""]",tunen,通年発売タイプ,全年发售,"[""実券""]",True,False,on_sale,発売中,,,1000.0,500.0,500.0,"大人：1,000円 小人：500円 
 餃子券付 大人：1,300円",1天,1.0,"全年
 使用日期前3天（含使用当日）可购买",全年,,"[""https://www2s.biglobe.ne.jp/~t_aoyagi/railway/free/map/utsunomiya01.gif""]",,地方私鉄,[],0.0,"宇都宫站东口月票办事处
 轻轨宇都宫站（平石）定期票事务所
 道之站哈贺综合咨询中心
 宇都宫东酒店 1F 正面
 宇都宫喜来登四点酒店 1 楼正面
 产地直销及日常用品
 交通 未来城市宇都宫露天广场（宇都宫站西口Tonarie宇都宫3楼）",宇都宫轻轨交通企划部 TEL:028-666-6074,,https://www.miyarail.co.jp/userguide-ticket-info#oneday-ticket,"[{""text"": ""宇都宮ライトレール"", ""url"": ""https://www.miyarail.co.jp/userguide-ticket-info#oneday-ticket""}]",,https://www2s.biglobe.ne.jp/~t_aoyagi/railway/free/utsunomiya01.htm,utsunomiya01.htm,17,2026/8/10 1:30,ライトライン一日乗車券,,,,https://www2s.biglobe.ne.jp/~t_aoyagi/railway/free/utsunomiya01.htm
watarase01,一日フリーきっぷ,わたらせ渓谷鉄道,"[""わたらせ渓谷鉄道""]",1,False,kanto,关东,关东,"[""関東""]",tunen,通年発売タイプ,全年发售,"[""実券"", ""デジタル""]",True,True,on_sale,発売中,,,1500.0,700.0,700.0,"大人：1,880円／小人：940円 
 
2025年12月1日〜2026年2月28日 
 
 GunMaaS 大人：1,500円／小人：700円",1天,1.0,全年,全年,,"[""https://www2s.biglobe.ne.jp/~t_aoyagi/railway/free/map/watarase.gif""]",,地方私鉄,[],0.0,"桐生站、爱吕站、大间站、津户站、足尾站
 枪械管理系统",渡良濑京国铁道 TEL:0277-73-2110,,http://www.watetsu.com/otoku.html,"[{""text"": ""わたらせ渓谷鉄道"", ""url"": ""http://www.watetsu.com/otoku.html""}, {""text"": ""わたらせ渓谷鉄道"", ""url"": ""https://www.watetsu.com/news/news_det.php?E=1917""}]",,https://www2s.biglobe.ne.jp/~t_aoyagi/railway/free/watarase01.htm,watarase01.htm,18,2026/8/10 1:30,一日フリーきっぷ,,,,https://www2s.biglobe.ne.jp/~t_aoyagi/railway/free/watarase01.htm
watarase91,コロプラ一日フリーきっぷ,わたらせ渓谷鉄道,"[""わたらせ渓谷鉄道""]",1,False,kanto,关东,关东,"[""関東""]",kikan,期間限定タイプ,期间限定,"[""実券""]",True,False,period,〜2027/3/31,,2027/3/31,2510.0,,2510.0,"大人：2,510円／小人：---円",1天,1.0,2014年4月1日 - 2027年3月31日,2014年4月1日 - 2027年3月31日,,"[""https://www2s.biglobe.ne.jp/~t_aoyagi/railway/free/map/watarase.gif""]",,地方私鉄,[],0.0,索罗、大妈妈、津藤,渡良濑京国铁道 TEL：0277-73-2110（平日 8:30-17:15）,,https://colopl.co.jp/service/other/coloca/transport/area02/norimono_watarase/,"[{""text"": ""コロプラ"", ""url"": ""https://colopl.co.jp/service/other/coloca/transport/area02/norimono_watarase/""}]",,https://www2s.biglobe.ne.jp/~t_aoyagi/railway/free/watarase91.htm,watarase91.htm,19,2026/8/10 1:30,コロプラ一日フリーきっぷ,,,,https://www2s.biglobe.ne.jp/~t_aoyagi/railway/free/watarase91.htm
jomou02,赤城南麓１日フリー切符,上毛電気鉄道,"[""上毛電気鉄道""]",1,False,kanto,关东,关东,"[""関東""]",tunen,通年発売タイプ,全年发售,"[""実券"", ""デジタル""]",True,True,on_sale,発売中,,,1300.0,650.0,650.0,"大人：1,300円／小人：650円",1天,1.0,全年,全年,,"[""https://www2s.biglobe.ne.jp/~t_aoyagi/railway/free/map/jomo.gif""]",,地方私鉄,[],0.0,"前桥中部、小乡、赤城、锦龙
 枪械管理系统",上毛电铁电话：027-231-3597,,http://www.jomorailway.com/akagifree_ticket.html,"[{""text"": ""上毛電気鉄道"", ""url"": ""http://www.jomorailway.com/akagifree_ticket.html""}]",,https://www2s.biglobe.ne.jp/~t_aoyagi/railway/free/jomou02.htm,jomou02.htm,20,2026/8/10 1:30,赤城南麓１日フリー切符,,,,https://www2s.biglobe.ne.jp/~t_aoyagi/railway/free/jomou02.htm
jomou03,運転免許返納者割引ワンデーフリーパス,上毛電気鉄道,"[""上毛電気鉄道""]",1,False,kanto,关东,关东,"[""関東""]",tunen,通年発売タイプ,全年发售,"[""実券""]",True,False,on_sale,発売中,,,500.0,,500.0,大人：500円,1天,1.0,全年,全年,,"[""https://www2s.biglobe.ne.jp/~t_aoyagi/railway/free/map/jomo.gif""]",,地方私鉄,[],0.0,前桥中部、小乡、赤城、锦龙,上毛电铁电话：027-231-3597,,https://jomorailway.com/hennopas_ticket.html,"[{""text"": ""上毛電気鉄道"", ""url"": ""https://jomorailway.com/hennopas_ticket.html""}]",,https://www2s.biglobe.ne.jp/~t_aoyagi/railway/free/jomou03.htm,jomou03.htm,21,2026/8/10 1:30,運転免許返納者割引ワンデーフリーパス,,,,https://www2s.biglobe.ne.jp/~t_aoyagi/railway/free/jomou03.htm
jomou98,上毛電気鉄道×前橋ウィッチーズ 赤城南麓1日フリー切符,上毛電気鉄道,"[""上毛電気鉄道""]",1,False,kanto,关东,关东,"[""関東""]",kikan,期間限定タイプ,期间限定,"[""実券""]",True,False,ended,終了,,,1300.0,,1300.0,"大人：1,300円",1天,1.0,2026年1月17日 - 2026年4月30日,2026年1月17日 - 2026年4月30日,,"[""https://www2s.biglobe.ne.jp/~t_aoyagi/railway/free/map/jomo.gif""]",,地方私鉄,[],0.0,前桥中部、小乡、赤城、锦龙,上毛电铁总公司营业部电话：027-231-3597,,http://www.jomorailway.com/images/info/20260114info.pdf,"[{""text"": ""上毛電気鉄道"", ""url"": ""http://www.jomorailway.com/images/info/20260114info.pdf""}]",,https://www2s.biglobe.ne.jp/~t_aoyagi/railway/free/jomou98.htm,jomou98.htm,22,2026/8/10 1:30,上毛電気鉄道×前橋ウィッチーズ 赤城南麓1日フリー切符,不明,,,https://www2s.biglobe.ne.jp/~t_aoyagi/railway/free/jomou98.htm
jomou91,早春桜花切符,上毛電気鉄道,"[""上毛電気鉄道""]",1,False,kanto,关东,关东,"[""関東""]",spring,春期間限定タイプ,春季限定,"[""実券""]",True,False,ended,終了,,,1000.0,500.0,500.0,"大人：1,000円 小人：500円",1天,1.0,2023年3月18日 - 2023年4月16日,2023年3月18日至2023年4月16日周六及节假日,,"[""https://www2s.biglobe.ne.jp/~t_aoyagi/railway/free/map/jomo.gif""]",,地方私鉄,[],0.0,中央前桥、尾乡、赤城、锦龙、总公司营业部,上毛电铁总公司营业部电话：027-231-3597,,https://www.jomorailway.com/limittime_ticket.html,"[{""text"": ""上毛電気鉄道"", ""url"": ""https://www.jomorailway.com/limittime_ticket.html""}]",,https://www2s.biglobe.ne.jp/~t_aoyagi/railway/free/jomou91.htm,jomou91.htm,23,2026/8/10 1:30,早春桜花切符,,,,https://www2s.biglobe.ne.jp/~t_aoyagi/railway/free/jomou91.htm
jomou01,鉄道の日＆群馬県民の日記念ワンデーフリー切符,上毛電気鉄道,"[""上毛電気鉄道""]",1,False,kanto,关东,关东,"[""関東""]",autumn,秋限定タイプ,秋季限定,"[""実券""]",True,False,ended,終了,,,1000.0,500.0,500.0,"大人：1,000円／小人：500円",1天,1.0,2024年9月20日 - 2024年11月30日,2024年10月1日至2024年11月30日、10月14日、10月28日周六及节假日,,"[""https://www2s.biglobe.ne.jp/~t_aoyagi/railway/free/map/jomo.gif""]",,地方私鉄,[],0.0,前桥中部、小乡、赤城、锦龙,上毛电铁总店销售电话：027-231-3597,,https://www.jomorailway.com/oneday_ticket.html,"[{""text"": ""上毛電気鉄道"", ""url"": ""https://www.jomorailway.com/oneday_ticket.html""}]",,https://www2s.biglobe.ne.jp/~t_aoyagi/railway/free/jomou01.htm,jomou01.htm,24,2026/8/10 1:30,鉄道の日＆群馬県民の日記念 ワンデーフリーパス,"大人1,900枚、小人200枚。売切れ次第終了",,,https://www2s.biglobe.ne.jp/~t_aoyagi/railway/free/jomou01.htm
joshin11,1日全線フリー乗車券,上信電鉄,"[""上信電鉄""]",1,False,kanto,关东,关东,"[""関東""]",tunen,通年発売タイプ,全年发售,"[""実券"", ""デジタル""]",True,True,on_sale,発売中,,,2260.0,1130.0,1130.0,"大人：2,260円 小人：1,130円",1天,1.0,全年,全年,,"[""https://www2s.biglobe.ne.jp/~t_aoyagi/railway/free/map/joshin.gif""]",,地方私鉄,[],0.0,"高崎、吉井、福岛上州、富冈上州、下田
 枪械管理系统",上信电铁交通部铁道运输课电话：027-323-8073,,https://www.joshin-dentetsu.co.jp/ticket/1289/,"[{""text"": ""上信電鉄"", ""url"": ""https://www.joshin-dentetsu.co.jp/ticket/1289/""}]",,https://www2s.biglobe.ne.jp/~t_aoyagi/railway/free/joshin11.htm,joshin11.htm,25,2026/8/10 1:30,1日全線フリー乗車券,,,,https://www2s.biglobe.ne.jp/~t_aoyagi/railway/free/joshin11.htm
joshin12,上野三碑巡り記念乗車券,上信電鉄,"[""上信電鉄""]",1,False,kanto,关东,关东,"[""関東""]",tunen,通年発売タイプ,全年发售,"[""実券""]",True,False,on_sale,発売中,,,1140.0,570.0,570.0,"大人：1,140円 小人：570円",1天,1.0,全年,全年,,"[""https://www2s.biglobe.ne.jp/~t_aoyagi/railway/free/map/joshin12.gif""]",,地方私鉄,[],0.0,高崎、根古屋、山名、吉井,上信电铁电话：027-323-8066,,https://www.joshin-dentetsu.co.jp/ticket/1154/,"[{""text"": ""上信電鉄"", ""url"": ""https://www.joshin-dentetsu.co.jp/ticket/1154/""}]",,https://www2s.biglobe.ne.jp/~t_aoyagi/railway/free/joshin12.htm,joshin12.htm,26,2026/8/10 1:30,上野三碑巡り記念乗車券,,,,https://www2s.biglobe.ne.jp/~t_aoyagi/railway/free/joshin12.htm
joshin94,群馬県民の日・鉄道記念日1日全線フリー乗車券,上信電鉄,"[""上信電鉄""]",1,False,kanto,关东,关东,"[""関東""]",autumn,秋限定タイプ,秋季限定,"[""実券""]",True,False,ended,終了,,,1500.0,750.0,750.0,"大人：1,500円 小人：750円",1天,1.0,2025年10月1日 - 2025年10月28日,"2025年10月1日至2025年10月28日周六及节假日
 10月14日、10月28日",,"[""https://www2s.biglobe.ne.jp/~t_aoyagi/railway/free/map/joshin.gif""]",,地方私鉄,[],0.0,高崎、富冈上州、下田,上信电铁交通部铁道运输课电话：027-323-8073,,https://www.joshin-dentetsu.co.jp/wp/wp-content/uploads/2025/09/445f59a198092929445462460c7de587.pdf,"[{""text"": ""上信電鉄"", ""url"": ""https://www.joshin-dentetsu.co.jp/wp/wp-content/uploads/2025/09/445f59a198092929445462460c7de587.pdf""}]",,https://www2s.biglobe.ne.jp/~t_aoyagi/railway/free/joshin94.htm,joshin94.htm,27,2026/8/10 1:30,群馬県民の日/鉄道記念日 一日フリー乗車券,,,,https://www2s.biglobe.ne.jp/~t_aoyagi/railway/free/joshin94.htm
joshin93,寿・ワンコイン1日フリー乗車券,上信電鉄,"[""上信電鉄""]",1,False,kanto,关东,关东,"[""関東""]",winter,年末年始限定タイプ,年末年初限定,"[""実券""]",True,False,ended,終了,,,500.0,250.0,250.0,大人:500円／小人：250円,1天,1.0,2025年12月29日 - 2026年1月2日,2026年1月1日 - 2026年1月2日,,"[""https://www2s.biglobe.ne.jp/~t_aoyagi/railway/free/map/joshin.gif""]",,地方私鉄,[],0.0,上信电铁车站（无人车站除外）,上信电铁/交通部铁道 TEL:027-323-8073,,https://www.joshin-dentetsu.co.jp/wp/wp-content/uploads/2025/11/a0f7f8d8869b0aec32e215758de7173f.pdf,"[{""text"": ""上信電鉄"", ""url"": ""https://www.joshin-dentetsu.co.jp/wp/wp-content/uploads/2025/11/a0f7f8d8869b0aec32e215758de7173f.pdf""}]",,https://www2s.biglobe.ne.jp/~t_aoyagi/railway/free/joshin93.htm,joshin93.htm,28,2026/8/10 1:30,寿・ワンコイン1日フリー乗車券,,,,https://www2s.biglobe.ne.jp/~t_aoyagi/railway/free/joshin93.htm
joshin98,上信電鉄 高校生世代限定お得きっぷ,上信電鉄,"[""上信電鉄""]",1,False,kanto,关东,关东,"[""関東""]",kikan,期間限定タイプ,期间限定,"[""デジタル""]",False,True,ended,終了,,,,,500.0,高校生：500円,1天,1.0,2025年11月1日 - 20251年12月31日,2025年11月1日 - 20251年12月31日,,"[""https://www2s.biglobe.ne.jp/~t_aoyagi/railway/free/map/joshin.gif""]",,地方私鉄,[],0.0,GunMaaS,上信电铁交通部铁道运输课电话：027-323-8073,,https://www.joshin-dentetsu.co.jp/info/2789/,"[{""text"": ""上信電鉄"", ""url"": ""https://www.joshin-dentetsu.co.jp/info/2789/""}, {""text"": ""群馬県"", ""url"": ""https://www.pref.gunma.jp/page/722770.html""}]",,https://www2s.biglobe.ne.jp/~t_aoyagi/railway/free/joshin98.htm,joshin98.htm,29,2026/8/10 1:30,上信電鉄 高校生世代限定お得きっぷ,,,,https://www2s.biglobe.ne.jp/~t_aoyagi/railway/free/joshin98.htm
joshin99,上信電鉄 複数人お得きっぷ,上信電鉄,"[""上信電鉄""]",1,False,kanto,关东,关东,"[""関東""]",kikan,期間限定タイプ,期间限定,"[""デジタル""]",False,True,ended,終了,,,,,2600.0,"区間 人数 販売額 
 高崎〜上州富岡 ２人 2,600円 
 ３人 3,900円 
 高崎〜下仁田 ２人 3,000円 
 ３人 4,500円",1天,1.0,2025年11月1日 - 20251年12月31日,2025年11月1日 - 20251年12月31日,,"[""https://www2s.biglobe.ne.jp/~t_aoyagi/railway/free/map/joshin99.gif""]",,地方私鉄,[],0.0,GunMaaS,上信电铁交通部铁道运输课电话：027-323-8073,,https://www.joshin-dentetsu.co.jp/info/2789/,"[{""text"": ""上信電鉄"", ""url"": ""https://www.joshin-dentetsu.co.jp/info/2789/""}, {""text"": ""群馬県"", ""url"": ""https://www.pref.gunma.jp/page/722761.html""}]",,https://www2s.biglobe.ne.jp/~t_aoyagi/railway/free/joshin99.htm,joshin99.htm,30,2026/8/10 1:30,上信電鉄 複数人お得きっぷ,,,,https://www2s.biglobe.ne.jp/~t_aoyagi/railway/free/joshin99.htm
minatosen11,湊線１日フリーきっぷ,ひたちなか海浜鉄道,"[""ひたちなか海浜鉄道""]",1,False,kanto,关东,关东,"[""関東""]",tunen,通年発売タイプ,全年发售,"[""実券""]",True,False,on_sale,発売中,,,1000.0,500.0,500.0,"〜2026年3月31日 大人：1,000円 小人：500円 
 
2026年4月1日〜 大人：1,100円 小人：550円",1天,1.0,现已发售,发售日,,"[""https://www2s.biglobe.ne.jp/~t_aoyagi/railway/free/map/minato.gif""]",,地方私鉄,[],0.0,"中凑胜田
 各车站设有自动售货机（金神站、中港站、殿山站、平矶站、矶崎站、味浦站）",常陆那珂海滨铁道港站 TEL:029-262-2361,,http://www.hitachinaka-rail.co.jp/gain,"[{""text"": ""ひたちなか海浜鉄道"", ""url"": ""http://www.hitachinaka-rail.co.jp/gain""}]",,https://www2s.biglobe.ne.jp/~t_aoyagi/railway/free/minatosen11.htm,minatosen11.htm,31,2026/8/10 1:30,湊線１日フリーきっぷ,,,,https://www2s.biglobe.ne.jp/~t_aoyagi/railway/free/minatosen11.htm
minatosen13,1日フリー乗車券,ひたちなか海浜鉄道,"[""ひたちなか海浜鉄道""]",1,False,kanto,关东,关东,"[""関東""]",kikan,期間限定タイプ,期间限定,"[""実券""]",True,False,on_sale,発売中,,,950.0,,950.0,大人：950円,1天,1.0,现已发售,全年,,"[""https://www2s.biglobe.ne.jp/~t_aoyagi/railway/free/map/minato.gif""]",,地方私鉄,[],0.0,常陆那珂海滨铁道 Online,常陆那珂海滨铁道港站 TEL:029-262-2361,,https://hitachinaka-rail-net.tourbooking-japan.com/A/ja-JP/product-detail/298,"[{""text"": ""ひたちなか海浜鉄道"", ""url"": ""https://hitachinaka-rail-net.tourbooking-japan.com/A/ja-JP/product-detail/298""}]",,https://www2s.biglobe.ne.jp/~t_aoyagi/railway/free/minatosen13.htm,minatosen13.htm,32,2026/8/10 1:30,1日フリー乗車券,,,,https://www2s.biglobe.ne.jp/~t_aoyagi/railway/free/minatosen13.htm
minatosen02,ひたち海浜公園入園券付き湊線１日フリー切符,ひたちなか海浜鉄道,"[""ひたちなか海浜鉄道""]",1,False,kanto,关东,关东,"[""関東""]",tunen,通年発売タイプ,全年发售,"[""実券""]",True,False,on_sale,発売中,,,1200.0,,1200.0,"大人：1,200円 シルバー(65歳以上)：1,100円 
 
【季節料金設定期間中】 
 
大人：1,600円 シルバー(65歳以上)：1,500円",1天,1.0,全年,仅发布当日有效,,"[""https://www2s.biglobe.ne.jp/~t_aoyagi/railway/free/map/minato.gif""]",,地方私鉄,[],0.0,"中凑胜田
 常陆那珂海滨铁道 Online",常陆那珂海滨铁道港站 TEL:029-262-2361,,http://www.hitachinaka-rail.co.jp/gain,"[{""text"": ""ひたちなか海浜鉄道"", ""url"": ""http://www.hitachinaka-rail.co.jp/gain""}]",,https://www2s.biglobe.ne.jp/~t_aoyagi/railway/free/minatosen02.htm,minatosen02.htm,33,2026/8/10 1:30,ひたち海浜公園入園券付き湊線１日フリー切符,,,,https://www2s.biglobe.ne.jp/~t_aoyagi/railway/free/minatosen02.htm
minatosen03,湊線応援券付き湊線１日フリー切符,ひたちなか海浜鉄道,"[""ひたちなか海浜鉄道""]",1,False,kanto,关东,关东,"[""関東""]",kikan,期間限定タイプ,期间限定,"[""実券""]",True,False,on_sale,発売中,,,1000.0,,1000.0,"〜2026年3月31日 大人：1,000円 
 2026年4月1日〜 大人：1,100円",1天,1.0,现已发售,自购买之日起1年内,,"[""https://www2s.biglobe.ne.jp/~t_aoyagi/railway/free/map/minato.gif""]",,地方私鉄,[],0.0,中凑胜田,常陆那珂海滨铁道港站 TEL:029-262-2361,,http://www.hitachinaka-rail.co.jp/gain,"[{""text"": ""ひたちなか海浜鉄道"", ""url"": ""http://www.hitachinaka-rail.co.jp/gain""}]",,https://www2s.biglobe.ne.jp/~t_aoyagi/railway/free/minatosen03.htm,minatosen03.htm,34,2026/8/10 1:30,湊線応援券付き湊線１日フリー切符,,,,https://www2s.biglobe.ne.jp/~t_aoyagi/railway/free/minatosen03.htm
minatosen92,殿山ゆいかデビュー４周年記念乗車券,ひたちなか海浜鉄道,"[""ひたちなか海浜鉄道""]",1,False,kanto,关东,关东,"[""関東""]",kikan,期間限定タイプ,期间限定,"[""実券""]",True,False,ended,終了,,,600.0,,600.0,"大人：600円 ※ひたちなか市の補助事業適用時 
 
大人：1,000円",1天,1.0,2025年4月28日 - 2025年8月31日,2025年4月28日 - 2025年8月31日,,"[""https://www2s.biglobe.ne.jp/~t_aoyagi/railway/free/map/minato.gif""]",,地方私鉄,[],0.0,"中凑、阿吉浦 (4/28-5/6)
 在线商品网站“BASE”",常陆那珂海滨铁道中凑站 TEL:029-262-2361,,http://www.hitachinaka-rail.co.jp/blog/2023/04/27/8389.html,"[{""text"": ""ひたちなか海浜鉄道"", ""url"": ""http://www.hitachinaka-rail.co.jp/blog/2023/04/27/8389.html""}]",,https://www2s.biglobe.ne.jp/~t_aoyagi/railway/free/minatosen92.htm,minatosen92.htm,35,2026/8/10 1:30,殿山ゆいか デビュー４周年記念乗車券,,,,https://www2s.biglobe.ne.jp/~t_aoyagi/railway/free/minatosen92.htm
minatosen91,コロプラ1日フリー乗車券,ひたちなか海浜鉄道,"[""ひたちなか海浜鉄道""]",1,False,kanto,关东,关东,"[""関東""]",kikan,期間限定タイプ,期间限定,"[""実券""]",True,False,period,〜2027/3/31,,2027/3/31,1500.0,,1500.0,"大人：1,500円",1天,1.0,2012年11月1日 - 2027年3月31日,2012年11月1日 - 2027年3月31日,,"[""https://www2s.biglobe.ne.jp/~t_aoyagi/railway/free/map/minato.gif""]",,地方私鉄,[],0.0,中凑胜田,常陆那珂海滨铁道港站 TEL:029-262-2361,,http://www.hitachinaka-rail.co.jp/gain,"[{""text"": ""ひたちなか海浜鉄道"", ""url"": ""http://www.hitachinaka-rail.co.jp/gain""}, {""text"": ""コラプロ"", ""url"": ""https://colopl.co.jp/service/other/coloca/transport/area02/norimono_hitatinaka/""}]",,https://www2s.biglobe.ne.jp/~t_aoyagi/railway/free/minatosen91.htm,minatosen91.htm,36,2026/8/10 1:30,コロプラ1日フリー乗車券,,,,https://www2s.biglobe.ne.jp/~t_aoyagi/railway/free/minatosen91.htm
kantetu94,竜鉄コロッケ★フリーきっぷ,関東鉄道,"[""関東鉄道""]",1,False,kanto,关东,关东,"[""関東""]",tunen,通年発売タイプ,全年发售,"[""実券""]",True,False,on_sale,発売中,,,600.0,,600.0,大人：600円,1天,1.0,全年,全年,,"[""https://www2s.biglobe.ne.jp/~t_aoyagi/railway/free/map/ryugasaki.gif""]",,地方私鉄,[],0.0,龙崎,关东铁道铁道部铁道事业部 TEL:029-822-3718,,https://www.kantetsu.co.jp/train/special-ticket#tix03,"[{""text"": ""関東鉄道"", ""url"": ""https://www.kantetsu.co.jp/train/special-ticket#tix03""}]",,https://www2s.biglobe.ne.jp/~t_aoyagi/railway/free/kantetu94.htm,kantetu94.htm,37,2026/8/10 1:30,竜鉄コロッケ★フリーきっぷ,,,,https://www2s.biglobe.ne.jp/~t_aoyagi/railway/free/kantetu94.htm
kantetu01,常総線１日フリーきっぷ,関東鉄道,"[""関東鉄道""]",1,False,kanto,关东,关东,"[""関東""]",holiday,週末限定タイプ,周末限定,"[""実券""]",True,False,on_sale,発売中,,,2000.0,1000.0,1000.0,"大人：2,000円／小人：1,000円 
 大人１人に対して小人２人まで無料",1天,1.0,"全年
 生效日期前 7 天开始销售",周六、节假日、11/13（茨城县民日）、12/29～1/3,,"[""https://www2s.biglobe.ne.jp/~t_aoyagi/railway/free/map/kantetu.gif""]",,地方私鉄,[],0.0,常总线员工安置站和列车内部,关东铁道电话：0298-22-3718,,https://www.kantetsu.co.jp/train/special-ticket#tix01,"[{""text"": ""関東鉄道"", ""url"": ""https://www.kantetsu.co.jp/train/special-ticket#tix01""}]",,https://www2s.biglobe.ne.jp/~t_aoyagi/railway/free/kantetu01.htm,kantetu01.htm,38,2026/8/10 1:30,常総線１日フリーきっぷ,,,,https://www2s.biglobe.ne.jp/~t_aoyagi/railway/free/kantetu01.htm
tukuba91,ＴＸ！１日乗り放題きっぷ,首都圏新都市鉄道,"[""首都圏新都市鉄道""]",1,False,kanto,关东,关东,"[""関東""]",kisetu,季節発売タイプ,季节发售,"[""実券""]",True,False,period,2026/7/18  〜8/31,2026/7/18,2026/8/31,2560.0,690.0,690.0,"大人：2,560円 小人：690円",1天,1.0,"2026年3月20日 - 2026年5月10日
 
2026年7月18日 - 2026年8月31日
 
 2025年11月26日 - 2026年1月12日
 
 2025年9月1日 - 2025年9月30日",使用当天,,"[""https://www2s.biglobe.ne.jp/~t_aoyagi/railway/free/map/tsukuba.gif""]",,地方私鉄,[],0.0,各站自动售票机（首班车 - 18:00）、各站问讯处,都市区新城轨：,,https://www.mir.co.jp/assets_rti/pdf/f95dfba02a6990f02f83bbaf236ac0d5.pdf,"[{""text"": ""首都圏新都市鉄道"", ""url"": ""https://www.mir.co.jp/assets_rti/pdf/f95dfba02a6990f02f83bbaf236ac0d5.pdf""}]",,https://www2s.biglobe.ne.jp/~t_aoyagi/railway/free/tukuba91.htm,tukuba91.htm,40,2026/8/10 1:30,ＴＸ！１日乗り放題きっぷ,,,,https://www2s.biglobe.ne.jp/~t_aoyagi/railway/free/tukuba91.htm
tukuba92,埼玉県民の日フリー乗車券,首都圏新都市鉄道,"[""首都圏新都市鉄道""]",1,False,kanto,关东,关东,"[""関東""]",autumn,秋限定タイプ,秋季限定,"[""実券""]",True,False,ended,終了,,,2420.0,690.0,690.0,"大人：2,420円 小人：690円",1天,1.0,2025 年 11 月 14 日,2025 年 11 月 14 日,,"[""https://www2s.biglobe.ne.jp/~t_aoyagi/railway/free/map/tsukuba.gif""]",,地方私鉄,[],0.0,八潮、中央美里,都市区新城轨：,,https://www.pref.saitama.lg.jp/a0301/kenminnohi/kenminnohifreezyousyaken.html,"[{""text"": ""埼玉県"", ""url"": ""https://www.pref.saitama.lg.jp/a0301/kenminnohi/kenminnohifreezyousyaken.html""}, {""text"": ""首都圏新都市鉄道"", ""url"": ""https://www.mir.co.jp/topics/2025/1114tx_1.html""}]",,https://www2s.biglobe.ne.jp/~t_aoyagi/railway/free/tukuba92.htm,tukuba92.htm,41,2026/8/10 1:30,埼玉県民の日フリー乗車券 (首都圏新都市鉄道),,,,https://www2s.biglobe.ne.jp/~t_aoyagi/railway/free/tukuba92.htm
ryutetsu,流鉄流山線一日フリー乗車券,流鉄,"[""流鉄""]",1,False,kanto,关东,关东,"[""関東""]",tunen,通年発売タイプ,全年发售,"[""実券""]",True,False,on_sale,発売中,,,500.0,250.0,250.0,大人：500円 小人：250円,1天,1.0,使用当天,全年,,"[""https://www2s.biglobe.ne.jp/~t_aoyagi/railway/free/map/ryutetsu.gif""]",,地方私鉄,[],0.0,各站,龙铁：,,http://www.ryutetsu.jp/oneday.html,"[{""text"": ""流鉄"", ""url"": ""http://www.ryutetsu.jp/oneday.html""}]",,https://www2s.biglobe.ne.jp/~t_aoyagi/railway/free/ryutetsu.htm,ryutetsu.htm,42,2026/8/10 1:30,流鉄流山線一日フリー乗車券,,,,https://www2s.biglobe.ne.jp/~t_aoyagi/railway/free/ryutetsu.htm
maihama01,１日フリーきっぷ,舞浜リゾートライン,"[""舞浜リゾートライン""]",1,False,kanto,关东,关东,"[""関東""]",tunen,通年発売タイプ,全年发售,"[""実券""]",True,False,on_sale,発売中,,,700.0,350.0,350.0,"券種 大人 小人 
 1日フリーきっぷ 700円 350円 
 2日フリーきっぷ 900円 450円 
 3日フリーきっぷ 1,200円 600円 
 4日フリーきっぷ 1,500円 750円",每项有效天数,,全年,全年,,"[""https://www2s.biglobe.ne.jp/~t_aoyagi/railway/free/map/disny.gif""]",,地方私鉄,[],0.0,各车站设有自动售货机,"东京迪士尼度假区信息中心：
 电话 0570-00-8632(045-330-5211)",,https://www.tokyodisneyresort.jp/tdr/resortline/fare.html,"[{""text"": ""東京ディズニーリゾート"", ""url"": ""https://www.tokyodisneyresort.jp/tdr/resortline/fare.html""}, {""text"": ""東京ディズニーリゾート"", ""url"": ""https://www.tokyodisneyresort.jp/tdr/resortline/ticket.html""}]",,https://www2s.biglobe.ne.jp/~t_aoyagi/railway/free/maihama01.htm,maihama01.htm,43,2026/8/10 1:30,１日フリーきっぷ ２日フリーきっぷ ３日フリーきっぷ ４日フリーきっぷ,,,,https://www2s.biglobe.ne.jp/~t_aoyagi/railway/free/maihama01.htm
hokusou91,北総線1日乗車券,北総鉄道,"[""北総鉄道""]",1,False,kanto,关东,关东,"[""関東""]",kikan,期間限定タイプ,期间限定,"[""実券"", ""デジタル""]",True,True,period,2026/7/25  〜8/23,2026/7/25,2026/8/23,1000.0,500.0,500.0,"大人：1,000円 小人：500円",1天,1.0,"2026年3月28日至2026年5月10日周六及节假日
 2026年7月25日至2026年8月23日周六及节假日
 2026年10月3日至2026年11月23日周六及节假日
 2026年12月19日至2027年1月17日、12月30日至1月3日周六及节假日",发售日,,"[""https://www2s.biglobe.ne.jp/~t_aoyagi/railway/free/map/hokusou.gif""]",,地方私鉄,[],0.0,"北总线各站及京成高砂站的月票销售处
 莱德通行证应用程序",北总铁道运输部营业课电话：047-445-1901,,https://www.hokuso-railway.co.jp/topics/detail/66691,"[{""text"": ""北総鉄道"", ""url"": ""https://www.hokuso-railway.co.jp/topics/detail/66691""}, {""text"": ""RYDE PASS"", ""url"": ""https://pass.ryde-go.com/products/DMW849MS737E""}]",,https://www2s.biglobe.ne.jp/~t_aoyagi/railway/free/hokusou91.htm,hokusou91.htm,47,2026/8/10 1:30,北総線１日乗車券,,,,https://www2s.biglobe.ne.jp/~t_aoyagi/railway/free/hokusou91.htm
hokusou95,北総・下町めぐりきっぷ,北総鉄道,"[""北総鉄道""]",1,False,kanto,关东,关东,"[""関東""]",kikan,期間限定タイプ,期间限定,"[""実券""]",True,False,period,2026/7/25  〜8/23,2026/7/25,2026/8/23,1420.0,710.0,710.0,"大人：1,420円 小人：710円",1天,1.0,"2026年3月28日至2026年5月10日周六及节假日
 2026年7月25日至2026年8月23日周六及节假日
 2026年10月3日至2026年11月23日周六及节假日
 2026年12月19日至2027年1月17日、12月30日至1月3日周六及节假日",发售日,,"[""https://www2s.biglobe.ne.jp/~t_aoyagi/railway/free/map/hokusou95.gif""]",,地方私鉄,[],0.0,北总线车站（京成高砂站除外）,"北总铁道运输部营业课电话：047-445-1901
 京成电铁客户电话 0570-081-160",,https://www.hokuso-railway.co.jp/topics/detail/66732?doing_wp_cron=1783780289.5002450942993164062500,"[{""text"": ""北総鉄道"", ""url"": ""https://www.hokuso-railway.co.jp/topics/detail/66732?doing_wp_cron=1783780289.5002450942993164062500""}, {""text"": ""京成電鉄"", ""url"": ""https://www.keisei.co.jp/cms/files/keisei/MASTER/0110/Ymkrzm3H.pdf""}]",,https://www2s.biglobe.ne.jp/~t_aoyagi/railway/free/hokusou95.htm,hokusou95.htm,48,2026/8/10 1:30,北総・下町めぐりきっぷ,,,,https://www2s.biglobe.ne.jp/~t_aoyagi/railway/free/hokusou95.htm
toyo81,春の土休日1日乗車券,東葉高速鉄道,"[""東葉高速鉄道""]",1,False,kanto,关东,关东,"[""関東""]",spring,春期間限定タイプ,春季限定,"[""実券""]",True,False,ended,終了,,,900.0,100.0,100.0,大人：900円／小人：100円,1天,1.0,2025年4月26日至2025年5月11日周六及节假日,仅限购买当天,,"[""https://www2s.biglobe.ne.jp/~t_aoyagi/railway/free/map/toyokosoku.gif""]",,地方私鉄,[],0.0,各站柜台（西船桥站、北习志野站换乘口除外）,东洋高速铁道总务部企划课 TEL:047-458-0018,,https://www.toyokosoku.co.jp/information/otoku/15055.html,"[{""text"": ""東葉高速鉄道"", ""url"": ""https://www.toyokosoku.co.jp/information/otoku/15055.html""}]",,https://www2s.biglobe.ne.jp/~t_aoyagi/railway/free/toyo81.htm,toyo81.htm,49,2026/8/10 1:30,春の土休日1日乗車券,"大人：2,500枚 小人：1,500枚 
 売り切れ次第終了",,,https://www2s.biglobe.ne.jp/~t_aoyagi/railway/free/toyo81.htm
toyo95,夏の土休日1日乗車券,東葉高速鉄道,"[""東葉高速鉄道""]",1,False,kanto,关东,关东,"[""関東""]",summer,夏限定タイプ,夏季限定,"[""実券""]",True,False,period,2026/7/18  〜8/16,2026/7/18,2026/8/16,900.0,100.0,100.0,大人：900円／小人：100円,1天,1.0,2026年7月18日 - 2026年8月16日,2026年7月18日至2026年8月16日周六及节假日,,"[""https://www2s.biglobe.ne.jp/~t_aoyagi/railway/free/map/toyokosoku.gif""]",,地方私鉄,"[""仅发布当日有效""]",1.0,各站柜台（西船桥除外）,东洋高速铁道总务部企划课 TEL:047-458-0018,,https://www.toyokosoku.co.jp/information/otoku/16428.html,"[{""text"": ""東葉高速鉄道"", ""url"": ""https://www.toyokosoku.co.jp/information/otoku/16428.html""}]",,https://www2s.biglobe.ne.jp/~t_aoyagi/railway/free/toyo95.htm,toyo95.htm,50,2026/8/10 1:30,夏の土休日1日乗車券,,,,https://www2s.biglobe.ne.jp/~t_aoyagi/railway/free/toyo95.htm
toyo92,年末年始の土休日1日乗車券,東葉高速鉄道,"[""東葉高速鉄道""]",1,False,kanto,关东,关东,"[""関東""]",winter,年末年始限定タイプ,年末年初限定,"[""実券""]",True,False,ended,終了,,,900.0,100.0,100.0,大人：900円／小人：100円,1天,1.0,"2025年12月20日至2026年1月12日周六及节假日
 2025年12月30日至2026年1月3日每天",发售日,,"[""https://www2s.biglobe.ne.jp/~t_aoyagi/railway/free/map/toyokosoku.gif""]",,地方私鉄,[],0.0,各站柜台（西船桥站、北习志野站换乘口除外）,东洋高速铁道总务部企划课 TEL:047-458-0018,,https://www.toyokosoku.co.jp/information/otoku/15660.html,"[{""text"": ""東葉高速鉄道"", ""url"": ""https://www.toyokosoku.co.jp/information/otoku/15660.html""}]",,https://www2s.biglobe.ne.jp/~t_aoyagi/railway/free/toyo92.htm,toyo92.htm,51,2026/8/10 1:30,年末年始の土休日1日乗車券,"大人券：3,500枚 小人券：1,500枚",,,https://www2s.biglobe.ne.jp/~t_aoyagi/railway/free/toyo92.htm
toyo96,東葉車両基地まつり1日乗車券,東葉高速鉄道,"[""東葉高速鉄道""]",1,False,kanto,关东,关东,"[""関東""]",kikan,期間限定タイプ,期间限定,"[""実券""]",True,False,ended,終了,,,900.0,100.0,100.0,大人：900円／小人：100円,1天,1.0,2025 年 10 月 25 日,2025 年 10 月 25 日,,"[""https://www2s.biglobe.ne.jp/~t_aoyagi/railway/free/map/toyokosoku.gif""]",,地方私鉄,[],0.0,"东洋快速线车站柜台
 （西船桥站、北习志野站换乘出口除外）",东洋高速铁道总务部企划课 TEL:047-458-0018,,https://www.toyokosoku.co.jp/information/otoku/15425.html,"[{""text"": ""東葉高速鉄道"", ""url"": ""https://www.toyokosoku.co.jp/information/otoku/15425.html""}]",,https://www2s.biglobe.ne.jp/~t_aoyagi/railway/free/toyo96.htm,toyo96.htm,52,2026/8/10 1:30,東葉車両基地まつり1日乗車券,大人券：900枚／小人券：400枚,,,https://www2s.biglobe.ne.jp/~t_aoyagi/railway/free/toyo96.htm
toyo83,東葉高速線 開業30周年記念1日乗車券,東葉高速鉄道,"[""東葉高速鉄道""]",1,False,kanto,关东,关东,"[""関東""]",kikan,期間限定タイプ,期间限定,"[""実券""]",True,False,ended,終了,,,800.0,100.0,100.0,大人：800円／小人：100円,1天,1.0,"2026年4月19日至2026年5月10日周六及节假日
 2026 年 4 月 27 日",仅限购买当天,,"[""https://www2s.biglobe.ne.jp/~t_aoyagi/railway/free/map/toyokosoku.gif""]",,地方私鉄,[],0.0,各站柜台（西船桥站、北习志野站换乘口除外）,东洋高速铁道总务部企划课 TEL:047-458-0018,,https://www.toyokosoku.co.jp/information/otoku/16143.html,"[{""text"": ""東葉高速鉄道"", ""url"": ""https://www.toyokosoku.co.jp/information/otoku/16143.html""}]",,https://www2s.biglobe.ne.jp/~t_aoyagi/railway/free/toyo83.htm,toyo83.htm,53,2026/8/10 1:30,東葉高速線 開業30周年記念1日乗車券,"大人：3,500枚 小人：1,500枚 
 2026年4月27日 大人：1,000枚 小人：500枚 
 売り切れ次第終了",,,https://www2s.biglobe.ne.jp/~t_aoyagi/railway/free/toyo83.htm
yamaman01,１日乗車券,山万,"[""山万""]",1,False,kanto,关东,关东,"[""関東""]",tunen,通年発売タイプ,全年发售,"[""実券""]",True,False,on_sale,発売中,,,500.0,250.0,250.0,大人：500円 小人：250円,1天,1.0,全年,全年,,"[""https://www2s.biglobe.ne.jp/~t_aoyagi/railway/free/map/yamaman.gif""]",,地方私鉄,[],0.0,汤加丘站,山满铁道事业部电话：043-487-5036,,http://town.yukarigaoka.jp/yukariline/fare/,"[{""text"": ""山万"", ""url"": ""http://town.yukarigaoka.jp/yukariline/fare/""}]",,https://www2s.biglobe.ne.jp/~t_aoyagi/railway/free/yamaman01.htm,yamaman01.htm,54,2026/8/10 1:30,１日乗車券,,,,https://www2s.biglobe.ne.jp/~t_aoyagi/railway/free/yamaman01.htm
tyoshi01,弧廻手形,銚子電鉄,"[""銚子電鉄""]",1,False,kanto,关东,关东,"[""関東""]",tunen,通年発売タイプ,全年发售,"[""実券""]",True,False,on_sale,発売中,,,700.0,350.0,350.0,大人：700円／小人：350円,1天,1.0,全年,全年,,"[""https://www2s.biglobe.ne.jp/~t_aoyagi/railway/free/map/cyoshi.gif""]",,地方私鉄,"[""12月31日晚上9点30分至1月1日上午10点暂停销售。""]",1.0,中野町、观音、笠上黑、犬吠、十川或车内,铫子电铁电话：0479-22-0316,,https://www.choshi-dentetsu.jp/pass/,"[{""text"": ""銚子電気鉄道"", ""url"": ""https://www.choshi-dentetsu.jp/pass/""}]",,https://www2s.biglobe.ne.jp/~t_aoyagi/railway/free/tyoshi01.htm,tyoshi01.htm,55,2026/8/10 1:30,弧廻手形,,,,https://www2s.biglobe.ne.jp/~t_aoyagi/railway/free/tyoshi01.htm
tyoshi93,銚子1日旅人パス,銚子電鉄,"[""銚子電鉄""]",1,False,kanto,关东,关东,"[""関東""]",tunen,通年発売タイプ,全年发售,"[""実券"", ""デジタル""]",True,True,on_sale,発売中,,,1000.0,500.0,500.0,"大人：1,000円 小人：500円",1天,1.0,全年,全年,,"[""https://www2s.biglobe.ne.jp/~t_aoyagi/railway/free/map/tyoshi93.gif""]",,地方私鉄,"[""12月31日晚上9点30分至1月1日上午10点暂停销售。""]",1.0,"中野町、观音、笠上黑、犬吠、十川以及车内
 铫子站内/铫子市观光协会柜台
 EeeE铫子","铫子电铁电话：0479-22-0316
 千叶交通铫子事务所 TEL:0479-22-8486
 千叶出租车铫子营业所 TEL:0479-22-4877",,https://www.choshi-dentetsu.jp/pass/,"[{""text"": ""銚子電鉄"", ""url"": ""https://www.choshi-dentetsu.jp/pass/""}]",,https://www2s.biglobe.ne.jp/~t_aoyagi/railway/free/tyoshi93.htm,tyoshi93.htm,56,2026/8/10 1:30,銚子1日旅人パス,,,,https://www2s.biglobe.ne.jp/~t_aoyagi/railway/free/tyoshi93.htm
tyoshi04,ちょうしいいライド！パス,銚子電鉄,"[""銚子電鉄""]",1,False,kanto,关东,关东,"[""関東""]",tunen,通年発売タイプ,全年发售,"[""デジタル""]",False,True,on_sale,発売中,,,600.0,300.0,300.0,大人：600円／小人：300円,1天,1.0,全年,全年,,"[""https://www2s.biglobe.ne.jp/~t_aoyagi/railway/free/map/cyoshi.gif""]",,地方私鉄,[],0.0,RYDE PASS,铫子电铁电话：0479-22-0316,,https://www.choshi-dentetsu.jp/pass/,"[{""text"": ""銚子電鉄"", ""url"": ""https://www.choshi-dentetsu.jp/pass/""}, {""text"": ""RYDE PASS"", ""url"": ""https://pass.ryde-go.com/products/VM8LPZS6M9RP""}]",,https://www2s.biglobe.ne.jp/~t_aoyagi/railway/free/tyoshi04.htm,tyoshi04.htm,57,2026/8/10 1:30,ちょうしいいライド！パス,,,,https://www2s.biglobe.ne.jp/~t_aoyagi/railway/free/tyoshi04.htm
tyoshi05,犬吠崖っぷちライン1日乗車券,銚子電鉄,"[""銚子電鉄""]",1,False,kanto,关东,关东,"[""関東""]",tunen,通年発売タイプ,全年发售,"[""デジタル""]",False,True,on_sale,発売中,,,600.0,300.0,300.0,大人：600円／小人：300円,1天,1.0,全年,全年,,"[""https://www2s.biglobe.ne.jp/~t_aoyagi/railway/free/map/cyoshi.gif""]",,地方私鉄,[],0.0,约旦手机票,铫子电铁电话：0479-22-0316,,https://www.choshi-dentetsu.jp/news/7439/,"[{""text"": ""銚子電鉄"", ""url"": ""https://www.choshi-dentetsu.jp/news/7439/""}, {""text"": ""ジョルダンモバイルチケット"", ""url"": ""https://ticket.jorudan.co.jp/choshi-dentetsu/ja/""}]",,https://www2s.biglobe.ne.jp/~t_aoyagi/railway/free/tyoshi05.htm,tyoshi05.htm,58,2026/8/10 1:30,犬吠崖っぷちライン1日乗車券,,,,https://www2s.biglobe.ne.jp/~t_aoyagi/railway/free/tyoshi05.htm
tyoshi11,デジタル1日乗車券 Beica,銚子電鉄,"[""銚子電鉄""]",1,False,kanto,关东,关东,"[""関東""]",tunen,通年発売タイプ,全年发售,"[""デジタル""]",False,True,on_sale,発売中,,,600.0,300.0,300.0,大人：600円／小人：300円,1天,1.0,现已发售,全年,,"[""https://www2s.biglobe.ne.jp/~t_aoyagi/railway/free/map/cyoshi.gif""]",,地方私鉄,[],0.0,EeeE铫子,铫子电铁电话：0479-22-0316,,https://www.choshi-dentetsu.jp/pass/,"[{""text"": ""銚子電鉄"", ""url"": ""https://www.choshi-dentetsu.jp/pass/""}, {""text"": ""EeeE銚子"", ""url"": ""https://www.jreast.co.jp/multi/maas/eeeechoshi/""}]",,https://www2s.biglobe.ne.jp/~t_aoyagi/railway/free/tyoshi11.htm,tyoshi11.htm,59,2026/8/10 1:30,デジタル1日乗車券 Beica,,,,https://www2s.biglobe.ne.jp/~t_aoyagi/railway/free/tyoshi11.htm
tyoshi91,元旦限定弧廻手形,銚子電鉄,"[""銚子電鉄""]",1,False,kanto,关东,关东,"[""関東""]",winter,年末年始限定タイプ,年末年初限定,"[""実券""]",True,False,ended,終了,,,600.0,300.0,300.0,大人：600円 小人：300円,2019年12月31日21:30至2020年1月1日末班车,31.0,2019年12月31日 21:30 - 2020年1月1日,2019年12月31日 21:30 - 2020年1月1日,,"[""https://www2s.biglobe.ne.jp/~t_aoyagi/railway/free/map/cyoshi.gif""]",,地方私鉄,[],0.0,"中之町、观音、笠上黑神、犬吠、十川站
 船上出售",铫子电铁电话：,,http://www.choshi-dentetsu.jp/detail/news/34,"[{""text"": ""銚子電鉄"", ""url"": ""http://www.choshi-dentetsu.jp/detail/news/34""}]",,https://www2s.biglobe.ne.jp/~t_aoyagi/railway/free/tyoshi91.htm,tyoshi91.htm,60,2026/8/10 1:30,元旦限定弧廻手形,,,,https://www2s.biglobe.ne.jp/~t_aoyagi/railway/free/tyoshi91.htm
isumi01,いすみ鉄道一日フリー乗車券(平日用),いすみ鉄道,"[""いすみ鉄道""]",1,False,kanto,关东,关东,"[""関東""]",tunen,通年発売タイプ,全年发售,"[""実券"", ""デジタル""]",True,True,on_sale,発売中,,,1200.0,600.0,600.0,"大人：1,200円／小人：600円",1天,1.0,全年,全年,,"[""https://www2s.biglobe.ne.jp/~t_aoyagi/railway/free/map/isumi.gif""]","{""columns"": [""绿色车厢 (头等座)"", ""普通车自由席车指定席席"", ""普通车自由席车自由席席""], ""status_rows"": [{""label"": ""平日用"", ""symbols"": [{""symbol"": ""－"", ""note"": null}, {""symbol"": ""－"", ""note"": null}, {""symbol"": ""○"", ""note"": null}]}], ""legend"": {""○"": ""可乘车"", ""▲"": ""需另购指定席券/急行券"", ""×"": ""不可乘车"", ""－"": ""不适用""}, ""notes"": null}",地方私鉄,"[""乘坐特快列车需要单独购买特快车票。""]",1.0,"大泷、大原，列车乘务员
 约旦手机票",夷隅铁道 TEL:0470-82-2161,,https://isumirail.co.jp/tickets,"[{""text"": ""いすみ鉄道"", ""url"": ""https://isumirail.co.jp/tickets""}, {""text"": ""ジョルダンモバイルチケット"", ""url"": ""https://ticket.jorudan.co.jp/isumirail/ja/""}]",,https://www2s.biglobe.ne.jp/~t_aoyagi/railway/free/isumi01.htm,isumi01.htm,61,2026/8/10 1:30,いすみ鉄道一日フリー乗車券(平日用),,,,https://www2s.biglobe.ne.jp/~t_aoyagi/railway/free/isumi01.htm
isumi02,いすみ鉄道一日フリー乗車券(土休日用),いすみ鉄道,"[""いすみ鉄道""]",1,False,kanto,关东,关东,"[""関東""]",holiday,週末限定タイプ,周末限定,"[""実券"", ""デジタル""]",True,True,on_sale,発売中,,,1500.0,750.0,750.0,"大人：1,500円／小人：750円",1天,1.0,周六及节假日,周六及节假日,,"[""https://www2s.biglobe.ne.jp/~t_aoyagi/railway/free/map/isumi.gif""]","{""columns"": [""绿色车厢 (头等座)"", ""普通车自由席车指定席席"", ""普通车自由席车自由席席""], ""status_rows"": [{""label"": ""土休日用"", ""symbols"": [{""symbol"": ""▲"", ""note"": null}, {""symbol"": ""○"", ""note"": null}, {""symbol"": ""○"", ""note"": null}]}], ""legend"": {""○"": ""可乘车"", ""▲"": ""需另购指定席券"", ""×"": ""不可乘车"", ""－"": ""不适用""}, ""notes"": null}",地方私鉄,"[""特快列车指定席需另行购买指定席票。""]",1.0,"大泷、大原，列车乘务员
 约旦手机票",夷隅铁道 TEL:0470-82-2161,,https://isumirail.co.jp/tickets,"[{""text"": ""いすみ鉄道"", ""url"": ""https://isumirail.co.jp/tickets""}, {""text"": ""ジョルダンモバイルチケット"", ""url"": ""https://ticket.jorudan.co.jp/isumirail/ja/""}]",,https://www2s.biglobe.ne.jp/~t_aoyagi/railway/free/isumi02.htm,isumi02.htm,62,2026/8/10 1:30,いすみ鉄道一日フリー乗車券(土休日用),,,,https://www2s.biglobe.ne.jp/~t_aoyagi/railway/free/isumi02.htm
isumi06,ないすみーとゅー iSumica,いすみ鉄道,"[""いすみ鉄道""]",1,False,kanto,关东,关东,"[""関東""]",tunen,通年発売タイプ,全年发售,"[""デジタル""]",False,True,on_sale,発売中,,,1100.0,560.0,560.0,"大人：1,100円／小人：560円",1天,1.0,全年,全年,,"[""https://www2s.biglobe.ne.jp/~t_aoyagi/railway/free/map/isumi06.gif""]","{""columns"": [""绿色车厢 (头等座)"", ""普通车自由席车指定席席"", ""普通车自由席车自由席席""], ""status_rows"": [{""label"": null, ""symbols"": [{""symbol"": ""▲"", ""note"": null}, {""symbol"": ""○"", ""note"": null}, {""symbol"": ""○"", ""note"": null}]}], ""legend"": {""○"": ""可乘车"", ""▲"": ""需另购指定席券/急行券"", ""×"": ""不可乘车"", ""－"": ""不适用""}, ""notes"": null}",地方私鉄,"[""乘坐特快列车需要单独购买特快车票。""]",1.0,整个若潮 MaaS,夷隅铁道 TEL:0470-82-2161,,https://isumirail.co.jp/blog/archives/8861,"[{""text"": ""いすみ鉄道"", ""url"": ""https://isumirail.co.jp/blog/archives/8861""}, {""text"": ""まるごとわかしおMaaS"", ""url"": ""https://maas-portal.com/marugotowakashio-maas/tickets/7395""}]",,https://www2s.biglobe.ne.jp/~t_aoyagi/railway/free/isumi06.htm,isumi06.htm,63,2026/8/10 1:30,ないすみーとゅー iSumica,,,,https://www2s.biglobe.ne.jp/~t_aoyagi/railway/free/isumi06.htm
kominato01,1日フリーきっぷ,小湊鉄道,"[""小湊鉄道""]",1,False,kanto,关东,关东,"[""関東""]",tunen,通年発売タイプ,全年发售,"[""実券"", ""デジタル""]",True,True,on_sale,発売中,,,2000.0,1000.0,1000.0,"大人：2,000円／小人：1,000円",1天,1.0,全年,全年,,"[""https://www2s.biglobe.ne.jp/~t_aoyagi/railway/free/map/kominato01.gif""]",,地方私鉄,[],0.0,"五井站站台办公室、各站自动售票机、售票员
 约旦手机票",小凑铁道 TEL:0436-21-6771,,https://www.kominato.co.jp/ticket/deal/#one-day-free-pass,"[{""text"": ""小湊鉄道"", ""url"": ""https://www.kominato.co.jp/ticket/deal/#one-day-free-pass""}, {""text"": ""ジョルダンモバイルチケット"", ""url"": ""https://ticket.jorudan.co.jp/kominato/1d/ja/""}]",,https://www2s.biglobe.ne.jp/~t_aoyagi/railway/free/kominato01.htm,kominato01.htm,64,2026/8/10 1:30,１日フリー乗車券,,,,https://www2s.biglobe.ne.jp/~t_aoyagi/railway/free/kominato01.htm
kominato02,上総鶴舞・高滝周遊乗車券,小湊鉄道,"[""小湊鉄道""]",1,False,kanto,关东,关东,"[""関東""]",tunen,通年発売タイプ,全年发售,"[""実券"", ""デジタル""]",True,True,on_sale,発売中,,,1420.0,710.0,710.0,"大人：1,420円／小人：710円",1天,1.0,全年,全年,,"[""https://www2s.biglobe.ne.jp/~t_aoyagi/railway/free/map/kominato02.gif""]",,地方私鉄,[],0.0,"五井站站台办公室、主要车站
 约旦手机票",小凑铁道 TEL:0436-21-6771,,https://www.kominato.co.jp/ticket/deal/#tour-ticket,"[{""text"": ""小湊鉄道"", ""url"": ""https://www.kominato.co.jp/ticket/deal/#tour-ticket""}, {""text"": ""ジョルダンモバイルチケット"", ""url"": ""https://ticket.jorudan.co.jp/kominato/kat-1d/ja/""}]",,https://www2s.biglobe.ne.jp/~t_aoyagi/railway/free/kominato02.htm,kominato02.htm,65,2026/8/10 1:30,上総鶴舞・高滝周遊乗車券,,,,https://www2s.biglobe.ne.jp/~t_aoyagi/railway/free/kominato02.htm
kominato03,里山フリーきっぷ,小湊鉄道,"[""小湊鉄道""]",1,False,kanto,关东,关东,"[""関東""]",tunen,通年発売タイプ,全年发售,"[""実券""]",True,False,on_sale,発売中,,,1400.0,1000.0,1000.0,"大人：1,400円／小人：1,000円",1天,1.0,全年,全年,,"[""https://www2s.biglobe.ne.jp/~t_aoyagi/railway/free/map/kominato03.gif""]",,地方私鉄,"[""房总里山无轨电车单程指定席""]",1.0,养老谷、里美、指挥,小凑铁道 TEL:0436-21-6771,,https://www.kominato.co.jp/ticket/deal/#round-trip-ticket,"[{""text"": ""小湊鉄道"", ""url"": ""https://www.kominato.co.jp/ticket/deal/#round-trip-ticket""}]",,https://www2s.biglobe.ne.jp/~t_aoyagi/railway/free/kominato03.htm,kominato03.htm,66,2026/8/10 1:30,里山フリーきっぷ,,,,https://www2s.biglobe.ne.jp/~t_aoyagi/railway/free/kominato03.htm
kominato82,なつやすみファミリーきっぷ,小湊鉄道,"[""小湊鉄道""]",1,False,kanto,关东,关东,"[""関東""]",kikan,期間限定タイプ,期间限定,"[""デジタル""]",False,True,ended,終了,,,,,2000.0,"大人1名＋小人1名：2,000円 
 大人1名＋小人2名：：2,000円",1天,1.0,2025 年 7 月 18 日,2025年7月26日 - 2025年8月31日,,"[""https://www2s.biglobe.ne.jp/~t_aoyagi/railway/free/map/kominato01.gif""]",,地方私鉄,[],0.0,小凑铁道网站,小凑铁道 TEL:0436-21-6771,,https://www.kominato.co.jp/wp-content/uploads/2025/07/8b0dea9c33aca2f5e51caf0610cb09e9.png,"[{""text"": ""小湊鉄道"", ""url"": ""https://www.kominato.co.jp/wp-content/uploads/2025/07/8b0dea9c33aca2f5e51caf0610cb09e9.png""}]",,https://www2s.biglobe.ne.jp/~t_aoyagi/railway/free/kominato82.htm,kominato82.htm,67,2026/8/10 1:30,なつやすみファミリーきっぷ,,,,https://www2s.biglobe.ne.jp/~t_aoyagi/railway/free/kominato82.htm
chiba01,ホリデーフリーきっぷ,千葉都市モノレール,"[""千葉都市モノレール""]",1,False,kanto,关东,关东,"[""関東""]",holiday,週末限定タイプ,周末限定,"[""実券""]",True,False,on_sale,発売中,,,630.0,320.0,320.0,大人：630円／小人：320円,1天,1.0,使用当天,周六、周日、节假日,,"[""https://www2s.biglobe.ne.jp/~t_aoyagi/railway/free/map/chibamono.gif""]",,地方私鉄,[],0.0,千叶、千叶港、津贺、千上台站柜台、各站自动售货机,千叶市单轨电车/事业部电话：043-287-8215,,http://chiba-monorail.co.jp/index.php/ryoukin/free/,"[{""text"": ""千葉都市モノレール"", ""url"": ""http://chiba-monorail.co.jp/index.php/ryoukin/free/""}]",,https://www2s.biglobe.ne.jp/~t_aoyagi/railway/free/chiba01.htm,chiba01.htm,68,2026/8/10 1:30,ホリデーフリーきっぷ,,,,https://www2s.biglobe.ne.jp/~t_aoyagi/railway/free/chiba01.htm
chiba04,2-Dayフリーきっぷ,千葉都市モノレール,"[""千葉都市モノレール""]",1,False,kanto,关东,关东,"[""関東""]",holiday,週末限定タイプ,周末限定,"[""実券""]",True,False,on_sale,発売中,,,1050.0,530.0,530.0,"大人：1,050円／小人：530円",2天,2.0,使用当天,周六、周日、节假日,,"[""https://www2s.biglobe.ne.jp/~t_aoyagi/railway/free/map/chibamono.gif""]",,地方私鉄,[],0.0,千叶、千叶港、津贺、千上台站柜台、各站自动售货机,千叶市单轨电车/事业部电话：043-287-8215,,http://chiba-monorail.co.jp/index.php/ryoukin/free/,"[{""text"": ""千葉都市モノレール"", ""url"": ""http://chiba-monorail.co.jp/index.php/ryoukin/free/""}]",,https://www2s.biglobe.ne.jp/~t_aoyagi/railway/free/chiba04.htm,chiba04.htm,69,2026/8/10 1:30,2-Dayフリーきっぷ,,,,https://www2s.biglobe.ne.jp/~t_aoyagi/railway/free/chiba04.htm
chiba02,お昼のお出かけフリーきっぷ,千葉都市モノレール,"[""千葉都市モノレール""]",1,False,kanto,关东,关东,"[""関東""]",tunen,通年発売タイプ,全年发售,"[""実券""]",True,False,on_sale,発売中,,,630.0,320.0,320.0,大人：630円／小人：320円,1天,1.0,使用当天,工作日 10:00 至 18:00、周一至周五，节假日除外,,"[""https://www2s.biglobe.ne.jp/~t_aoyagi/railway/free/map/chibamono.gif""]",,地方私鉄,[],0.0,千叶、千叶港、津贺、千上台站柜台、各站自动售货机,千叶市单轨电车/事业部电话：043-287-8215,,http://chiba-monorail.co.jp/index.php/ryoukin/free/,"[{""text"": ""千葉都市モノレール"", ""url"": ""http://chiba-monorail.co.jp/index.php/ryoukin/free/""}]",,https://www2s.biglobe.ne.jp/~t_aoyagi/railway/free/chiba02.htm,chiba02.htm,70,2026/8/10 1:30,お昼のお出かけフリーきっぷ,,,,https://www2s.biglobe.ne.jp/~t_aoyagi/railway/free/chiba02.htm
tobu96,東武鉄道×秩父鉄道SAITAMAプラチナルート乗車券,秩父鉄道,"[""秩父鉄道"", ""東武鉄道""]",2,True,kanto,关东,关东,"[""関東""]",tunen,通年発売タイプ,全年发售,"[""実券""]",True,False,on_sale,発売中,,,2000.0,1000.0,1000.0,"大人：2,000円／小人：1,000円",1天,1.0,全年,全年,,"[""https://www2s.biglobe.ne.jp/~t_aoyagi/railway/free/map/tobu96.gif""]",,地方私鉄,[],0.0,"东武铁道：东上线、越生线车站（南寄居站除外）
 秩父铁道：深谷花园、寄居、长瀞、秩父、大花畠、影森、三峰口车站柜台","东武铁道客户中心电话：03-5962-0102
 秩父铁道运输部 TEL: 048-580-6363",,https://www.tobu.co.jp/odekake/ticket/tokyo-shitamachi/saitama_platinum.html,"[{""text"": ""東武鉄道"", ""url"": ""https://www.tobu.co.jp/odekake/ticket/tokyo-shitamachi/saitama_platinum.html""}, {""text"": ""秩父鉄道"", ""url"": ""https://www.chichibu-railway.co.jp/information/couponpass.html#platinum""}]",,https://www2s.biglobe.ne.jp/~t_aoyagi/railway/free/tobu96.htm,tobu96.htm,71,2026/8/10 1:30,東武鉄道×秩父鉄道 SAITAMAプラチナルート乗車券,,,,https://www2s.biglobe.ne.jp/~t_aoyagi/railway/free/tobu96.htm
titibu03,秩父路遊々フリーきっぷ,秩父鉄道,"[""秩父鉄道""]",1,False,kanto,关东,关东,"[""関東""]",tunen,通年発売タイプ,全年发售,"[""デジタル""]",False,True,on_sale,発売中,,,1700.0,500.0,500.0,"大人：1,700円／小人：500円",1天,1.0,全年,全年,,"[""https://www2s.biglobe.ne.jp/~t_aoyagi/railway/free/map/titibu01.gif""]",,地方私鉄,"[""SL Paleo Express 需要登机票。"", ""乘坐特快列车需要特快车票。""]",2.0,MaaS 应用程序“EMot”,秩父铁道运输部 TEL: 048-580-6363,,https://www.chichibu-railway.co.jp/information/couponpass.html#yuuyuuemot,"[{""text"": ""秩父鉄道"", ""url"": ""https://www.chichibu-railway.co.jp/information/couponpass.html#yuuyuuemot""}]",,https://www2s.biglobe.ne.jp/~t_aoyagi/railway/free/titibu03.htm,titibu03.htm,72,2026/8/10 1:30,秩父路遊々フリーきっぷ (デジタル版),,,,https://www2s.biglobe.ne.jp/~t_aoyagi/railway/free/titibu03.htm
titibu98,長瀞・秩父GO！GO！フリーきっぷ,秩父鉄道,"[""秩父鉄道""]",1,False,kanto,关东,关东,"[""関東""]",kikan,期間限定タイプ,期间限定,"[""実券""]",True,False,ended,終了,,,1700.0,500.0,500.0,"大人：1,700円／小人：500円",1天,1.0,2025年2月8日 - 2025年3月14日,2025年2月8日 - 2025年3月14日,,"[""https://www2s.biglobe.ne.jp/~t_aoyagi/railway/free/map/titibu01.gif""]",,地方私鉄,"[""SL Paleo Express 需要登机票。"", ""您可以乘坐特快列车。""]",2.0,羽生、熊谷,秩父铁道运输部电话：048-523-3822,,https://www.chichibu-railway.co.jp/blog/news/ticket_gogofree/,"[{""text"": ""秩父鉄道"", ""url"": ""https://www.chichibu-railway.co.jp/blog/news/ticket_gogofree/""}]",,https://www2s.biglobe.ne.jp/~t_aoyagi/railway/free/titibu98.htm,titibu98.htm,73,2026/8/10 1:30,長瀞・秩父GO！GO！フリーきっぷ,,,,https://www2s.biglobe.ne.jp/~t_aoyagi/railway/free/titibu98.htm
saitama_titibu,埼玉県民の日フリー乗車券,秩父鉄道,"[""秩父鉄道""]",1,False,kanto,关东,关东,"[""関東""]",autumn,秋限定タイプ,秋季限定,"[""実券""]",True,False,ended,終了,,,1200.0,500.0,500.0,"大人：1,200円／小人：500円",1天,1.0,2025年11月9日 - 2025年11月14日,2025 年 11 月 14 日,,"[""https://www2s.biglobe.ne.jp/~t_aoyagi/railway/free/map/titibu01.gif""]",,地方私鉄,"[""如果您想乘坐蒸汽机车，则需要单独的乘车票，如果您乘坐特快列车，则需要单独的特急车票。""]",1.0,EMot,秩父铁道电话：,,https://www.pref.saitama.lg.jp/a0301/kenminnohi/kenminnohifreezyousyaken.html,"[{""text"": ""埼玉県"", ""url"": ""https://www.pref.saitama.lg.jp/a0301/kenminnohi/kenminnohifreezyousyaken.html""}]",,https://www2s.biglobe.ne.jp/~t_aoyagi/railway/free/saitama_titibu.htm,saitama_titibu.htm,74,2026/8/10 1:30,埼玉県民の日フリー乗車券 (秩父鉄道),,,,https://www2s.biglobe.ne.jp/~t_aoyagi/railway/free/saitama_titibu.htm
srail92,ＳＲ一日乗車券,埼玉高速鉄道,"[""埼玉高速鉄道""]",1,False,kanto,关东,关东,"[""関東""]",holiday,週末限定タイプ,周末限定,"[""実券""]",True,False,on_sale,発売中,,,580.0,290.0,290.0,大人：580円 小人：290円,1天,1.0,"周六及节假日
 12/30~1/3",发售日,,"[""https://www2s.biglobe.ne.jp/~t_aoyagi/railway/free/map/saitamakousoku.gif""]",,地方私鉄,[],0.0,各站柜台（赤羽岩渊站除外）,"埼玉县高速铁道运输部旅客课
 电话：048-878-6855（平日 9:00-17:00）",,http://www.s-rail.co.jp/ticket/otoku.html#oneDay,"[{""text"": ""埼玉高速鉄道"", ""url"": ""http://www.s-rail.co.jp/ticket/otoku.html#oneDay""}]",,https://www2s.biglobe.ne.jp/~t_aoyagi/railway/free/srail92.htm,srail92.htm,75,2026/8/10 1:30,ＳＲ一日乗車券,,,,https://www2s.biglobe.ne.jp/~t_aoyagi/railway/free/srail92.htm
srail83,こども50円きっぷ,埼玉高速鉄道,"[""埼玉高速鉄道""]",1,False,kanto,关东,关东,"[""関東""]",kikan,期間限定タイプ,期间限定,"[""実券""]",True,False,ended,終了,,,,50.0,50.0,小人：50円,1天,1.0,2025年5月1日 - 2025年5月5日,2025 年 5 月 5 日,,"[""https://www2s.biglobe.ne.jp/~t_aoyagi/railway/free/map/saitamakousoku.gif""]",,地方私鉄,[],0.0,各站柜台（赤羽岩渊站除外）,"埼玉县高速铁道运输部旅客课
 电话：048-878-6855（平日 9:00-17:45）",,https://www.s-rail.co.jp/news/2025/pr20250422-gw.php,"[{""text"": ""埼玉高速鉄道"", ""url"": ""https://www.s-rail.co.jp/news/2025/pr20250422-gw.php""}]",,https://www2s.biglobe.ne.jp/~t_aoyagi/railway/free/srail83.htm,srail83.htm,76,2026/8/10 1:30,こども50円きっぷ,,,,https://www2s.biglobe.ne.jp/~t_aoyagi/railway/free/srail83.htm
srail85,ゴールデンウィーク スーパーバリューパス,埼玉高速鉄道,"[""埼玉高速鉄道""]",1,False,kanto,关东,关东,"[""関東""]",kikan,期間限定タイプ,期间限定,"[""実券""]",True,False,ended,終了,,,580.0,290.0,290.0,"券種 大人 小人 
 １日券 580円 290円 
 ２日券 800円 350円 
 ３日券 1,000円 450円","1日票：1天
 2日票：2天
 3日票：3天
 可用于多个不连续的日子",1.0,2025年4月26日 - 2025年5月6日,2025年4月26日 - 2025年5月6日,,"[""https://www2s.biglobe.ne.jp/~t_aoyagi/railway/free/map/saitamakousoku.gif""]",,地方私鉄,[],0.0,各站柜台（赤羽岩渊站除外）,"埼玉县高速铁道运输部旅客课
 电话：048-878-6855（平日 9:00-17:45）",,https://www.s-rail.co.jp/news/2025/pr20250422-gw.php,"[{""text"": ""埼玉高速鉄道"", ""url"": ""https://www.s-rail.co.jp/news/2025/pr20250422-gw.php""}]",,https://www2s.biglobe.ne.jp/~t_aoyagi/railway/free/srail85.htm,srail85.htm,77,2026/8/10 1:30,ゴールデンウィーク スーパーバリューパス,,,,https://www2s.biglobe.ne.jp/~t_aoyagi/railway/free/srail85.htm
srail94,たたら祭りハッピーきっぷ,埼玉高速鉄道,"[""埼玉高速鉄道""]",1,False,kanto,关东,关东,"[""関東""]",kikan,期間限定タイプ,期间限定,"[""実券""]",True,False,ended,終了,,,300.0,150.0,150.0,大人：300円／小人：150円,1天,1.0,2025年8月23日 - 2025年8月24日,2025年8月23日 - 2025年8月24日,,"[""https://www2s.biglobe.ne.jp/~t_aoyagi/railway/free/map/saitamakousoku.gif""]",,地方私鉄,[],0.0,埼玉快速铁道各站（赤羽岩渊站除外）,"埼玉县高速铁道运输部旅客课
 电话：048-878-6855（平日 9:00-17:00）",,https://www.s-rail.co.jp/news/2025/pr20250812-tatara25.php,"[{""text"": ""埼玉高速鉄道"", ""url"": ""https://www.s-rail.co.jp/news/2025/pr20250812-tatara25.php""}]",,https://www2s.biglobe.ne.jp/~t_aoyagi/railway/free/srail94.htm,srail94.htm,78,2026/8/10 1:30,たたら祭りハッピーきっぷ,,,,https://www2s.biglobe.ne.jp/~t_aoyagi/railway/free/srail94.htm
srail93,2025鉄道の日記念乗車券,埼玉高速鉄道,"[""埼玉高速鉄道""]",1,False,kanto,关东,关东,"[""関東""]",kikan,期間限定タイプ,期间限定,"[""実券""]",True,False,ended,終了,,,580.0,,580.0,大人：580円,1天,1.0,2025年10月14日 - 2025年10月20日,2025年10月14日 - 2025年10月20日,,"[""https://www2s.biglobe.ne.jp/~t_aoyagi/railway/free/map/saitamakousoku.gif""]",,地方私鉄,[],0.0,各站柜台（赤羽岩渊站除外）,"埼玉县高速铁道运输部旅客课
 电话：048-878-6855（平日 9:00-17:00）",,https://www.s-rail.co.jp/news/2025/pr20251006-tetsudounohi.php,"[{""text"": ""埼玉高速鉄道"", ""url"": ""https://www.s-rail.co.jp/news/2025/pr20251006-tetsudounohi.php""}]",,https://www2s.biglobe.ne.jp/~t_aoyagi/railway/free/srail93.htm,srail93.htm,79,2026/8/10 1:30,2025年鉄道の日記念乗車券,"大人券：1,000枚",,,https://www2s.biglobe.ne.jp/~t_aoyagi/railway/free/srail93.htm
srail87,サンクス25グランプリきっぷ,埼玉高速鉄道,"[""埼玉高速鉄道""]",1,False,kanto,关东,关东,"[""関東""]",kikan,期間限定タイプ,期间限定,"[""実券""]",True,False,ended,終了,,,250.0,100.0,100.0,大人：250円／小人：100円,1天,1.0,2026年2月20日 - 2026年3月28日,2026年2月20日 - 2026年3月28日,,"[""https://www2s.biglobe.ne.jp/~t_aoyagi/railway/free/map/saitamakousoku87.gif""]",,地方私鉄,[],0.0,各站柜台（赤羽岩渊站除外）,"埼玉县高速铁道运输部旅客课
 电话：048-878-6855（平日 9:00-17:45）",,https://www.s-rail.co.jp/news/2026/pr20260206-thanks25-ticket.php,"[{""text"": ""埼玉高速鉄道"", ""url"": ""https://www.s-rail.co.jp/news/2026/pr20260206-thanks25-ticket.php""}]",,https://www2s.biglobe.ne.jp/~t_aoyagi/railway/free/srail87.htm,srail87.htm,80,2026/8/10 1:30,サンクス25グランプリきっぷ,,,,https://www2s.biglobe.ne.jp/~t_aoyagi/railway/free/srail87.htm
saitama_kosoku,埼玉県民の日フリー乗車券,埼玉高速鉄道,"[""埼玉高速鉄道""]",1,False,kanto,关东,关东,"[""関東""]",autumn,秋限定タイプ,秋季限定,"[""実券""]",True,False,ended,終了,,,580.0,290.0,290.0,大人：580円 小人：290円,1天,1.0,2025 年 11 月 14 日,2025 年 11 月 14 日,,"[""https://www2s.biglobe.ne.jp/~t_aoyagi/railway/free/map/saitamakousoku.gif""]",,地方私鉄,[],0.0,各站（赤羽岩渊站除外）,埼玉高铁TEL：,,https://www.pref.saitama.lg.jp/a0301/kenminnohi/kenminnohifreezyousyaken.html,"[{""text"": ""埼玉県"", ""url"": ""https://www.pref.saitama.lg.jp/a0301/kenminnohi/kenminnohifreezyousyaken.html""}]",,https://www2s.biglobe.ne.jp/~t_aoyagi/railway/free/saitama_kosoku.htm,saitama_kosoku.htm,81,2026/8/10 1:30,埼玉県民の日フリー乗車券 (埼玉高速鉄道),,,,https://www2s.biglobe.ne.jp/~t_aoyagi/railway/free/saitama_kosoku.htm
srail91,ゆく年くる年 冬休みスーパーバリューパス,埼玉高速鉄道,"[""埼玉高速鉄道""]",1,False,kanto,关东,关东,"[""関東""]",winter,年末年始限定タイプ,年末年初限定,"[""実券""]",True,False,ended,終了,,,800.0,350.0,350.0,大人：800円／小人：350円,任意2天,2.0,2025年12月27日 - 2026年1月3日,2025年12月27日 - 2026年1月3日,,"[""https://www2s.biglobe.ne.jp/~t_aoyagi/railway/free/map/saitamakousoku.gif""]",,地方私鉄,[],0.0,各站柜台（赤羽岩渊站除外）,"埼玉县高速铁道运输部旅客课
 电话：048-878-6855（平日 9:00-17:45）",,https://www.s-rail.co.jp/news/2025/pr20251219-supervalue2025.php,"[{""text"": ""埼玉高速鉄道"", ""url"": ""https://www.s-rail.co.jp/news/2025/pr20251219-supervalue2025.php""}]",,https://www2s.biglobe.ne.jp/~t_aoyagi/railway/free/srail91.htm,srail91.htm,82,2026/8/10 1:30,ゆく年くる年 冬休みスーパーバリューパス,,,,https://www2s.biglobe.ne.jp/~t_aoyagi/railway/free/srail91.htm
saitama50,ニューシャトル １日フリー乗車券,埼玉新都市交通,"[""埼玉新都市交通""]",1,False,kanto,关东,关东,"[""関東""]",tunen,通年発売タイプ,全年发售,"[""実券""]",True,False,on_sale,発売中,,,720.0,360.0,360.0,大人：720円 小人：360円,1天,1.0,全年,全年,,"[""https://www2s.biglobe.ne.jp/~t_aoyagi/railway/free/map/saitama_shuttle.gif""]",,地方私鉄,[],0.0,各车站售票柜台,埼玉新都市交通,,http://www.new-shuttle.jp/ticket/post_1.html,"[{""text"": ""埼玉新都市交通"", ""url"": ""http://www.new-shuttle.jp/ticket/post_1.html""}]",,https://www2s.biglobe.ne.jp/~t_aoyagi/railway/free/saitama50.htm,saitama50.htm,83,2026/8/10 1:30,ニューシャトル １日フリー乗車券,,,,https://www2s.biglobe.ne.jp/~t_aoyagi/railway/free/saitama50.htm
saitama51,伊奈バラまつりフリーきっぷ,埼玉新都市交通,"[""埼玉新都市交通""]",1,False,kanto,关东,关东,"[""関東""]",kikan,期間限定タイプ,期间限定,"[""実券""]",True,False,ended,終了,,,1100.0,,1100.0,"大人：1,100円(バラ園入場券込み)",促销期间仅限1天,1.0,2026年5月1日 - 2026年5月31日,2026年5月1日 - 2026年5月31日,,"[""https://www2s.biglobe.ne.jp/~t_aoyagi/railway/free/map/saitama_shuttle.gif""]",,地方私鉄,[],0.0,大宫、铁道博物馆、鸭宫、东宫原,埼玉新都市交通,,https://www.new-shuttle.jp/topics/2026/04/post_349.html,"[{""text"": ""埼玉新都市交通"", ""url"": ""https://www.new-shuttle.jp/topics/2026/04/post_349.html""}]",,https://www2s.biglobe.ne.jp/~t_aoyagi/railway/free/saitama51.htm,saitama51.htm,84,2026/8/10 1:30,伊奈バラまつりフリーきっぷ,,,,https://www2s.biglobe.ne.jp/~t_aoyagi/railway/free/saitama51.htm
saitama91,けんかつブルワリーフェスタフリーきっぷ,埼玉新都市交通,"[""埼玉新都市交通""]",1,False,kanto,关东,关东,"[""関東""]",kikan,期間限定タイプ,期间限定,"[""実券""]",True,False,ended,終了,,,1000.0,,1000.0,"大人：1,000円",1天,1.0,2019年7月6日 - 2019年8月24日,2019 年 8 月 24 日,,"[""https://www2s.biglobe.ne.jp/~t_aoyagi/railway/free/map/saitama_shuttle.gif""]",,地方私鉄,[],0.0,"大宫站、铁道博物馆站
 县民活动中心","埼玉新都市交通 TEL:048-722-1221
 Ikiiki埼玉公益财团法人企业企划 TEL: 048-728-7117",,http://www.new-shuttle.jp/topics/2019/07/post-134.html,"[{""text"": ""埼玉高速鉄道"", ""url"": ""http://www.new-shuttle.jp/topics/2019/07/post-134.html""}]",,https://www2s.biglobe.ne.jp/~t_aoyagi/railway/free/saitama91.htm,saitama91.htm,85,2026/8/10 1:30,けんかつブルワリーフェスタフリーきっぷ,,,,https://www2s.biglobe.ne.jp/~t_aoyagi/railway/free/saitama91.htm
saitama93,『ありがとう、さようなら1050系』ニューシャトル1日フリー乗車券,埼玉新都市交通,"[""埼玉新都市交通""]",1,False,kanto,关东,关东,"[""関東""]",kikan,期間限定タイプ,期间限定,"[""実券""]",True,False,ended,終了,,,720.0,,720.0,大人：720円 小人：---円,1天,1.0,2026年2月15日 - 2026年5月14日,2026年2月15日 - 2026年5月14日,,"[""https://www2s.biglobe.ne.jp/~t_aoyagi/railway/free/map/saitama_shuttle.gif""]",,地方私鉄,[],0.0,大宫站月票销售柜台,埼玉新都市交通,,https://www.new-shuttle.jp/topics/files/pdf/de085dc1dcc93adf683f87917c329e9da6a1658a.pdf,"[{""text"": ""埼玉新都市交通"", ""url"": ""https://www.new-shuttle.jp/topics/files/pdf/de085dc1dcc93adf683f87917c329e9da6a1658a.pdf""}]",,https://www2s.biglobe.ne.jp/~t_aoyagi/railway/free/saitama93.htm,saitama93.htm,86,2026/8/10 1:30,『ありがとう、さようなら1050系』 ニューシャトル1日フリー乗車券,"1,000枚",,,https://www2s.biglobe.ne.jp/~t_aoyagi/railway/free/saitama93.htm
saitama_sinkotsu,埼玉県民の日記念ニューシャトル1日フリー乗車券,埼玉新都市交通,"[""埼玉新都市交通""]",1,False,kanto,关东,关东,"[""関東""]",autumn,秋限定タイプ,秋季限定,"[""実券""]",True,False,ended,終了,,,500.0,200.0,200.0,大人：500円／小人：200円,1天,1.0,2025年11月7日 - 2025年11月16日,"十一月 14, 2025 - 十一月 16, 2025",,"[""https://www2s.biglobe.ne.jp/~t_aoyagi/railway/free/map/saitama_shuttle.gif""]",,地方私鉄,[],0.0,免费区间站,埼玉县新都市交通交通部营业课 TEL: 048-722-1279,,https://www.pref.saitama.lg.jp/a0301/kenminnohi/kenminnohifreezyousyaken.html,"[{""text"": ""埼玉県"", ""url"": ""https://www.pref.saitama.lg.jp/a0301/kenminnohi/kenminnohifreezyousyaken.html""}, {""text"": ""埼玉新都市交通"", ""url"": ""https://www.new-shuttle.jp/topics/2025/10/1_2.html""}]",,https://www2s.biglobe.ne.jp/~t_aoyagi/railway/free/saitama_sinkotsu.htm,saitama_sinkotsu.htm,87,2026/8/10 1:30,埼玉県民の日フリー乗車券 (埼玉新都市交通),"2,000枚 
 なくなり次第終了",,,https://www2s.biglobe.ne.jp/~t_aoyagi/railway/free/saitama_sinkotsu.htm
keisei03,下町日和きっぷ,京成電鉄,"[""京成電鉄""]",1,False,kanto,关东,关东,"[""関東""]",tunen,通年発売タイプ,全年发售,"[""実券""]",True,False,on_sale,発売中,,,510.0,260.0,260.0,大人：510円／小人：260円,1天,1.0,全年,全年,,"[""https://www2s.biglobe.ne.jp/~t_aoyagi/railway/free/map/keisei03.gif""]",,大手私鉄,[],0.0,免费区间内的各站,京成电铁电话：,,http://www.keisei.co.jp/keisei/tetudou/ticket/shitamachi/index.html,"[{""text"": ""京成電鉄"", ""url"": ""http://www.keisei.co.jp/keisei/tetudou/ticket/shitamachi/index.html""}]",,https://www2s.biglobe.ne.jp/~t_aoyagi/railway/free/keisei03.htm,keisei03.htm,88,2026/8/10 1:30,下町日和きっぷ,,,,https://www2s.biglobe.ne.jp/~t_aoyagi/railway/free/keisei03.htm
keisei81,京成線ワンデーパス,京成電鉄,"[""京成電鉄""]",1,False,kanto,关东,关东,"[""関東""]",kikan,期間限定タイプ,期间限定,"[""実券"", ""デジタル""]",True,True,ended,終了,,,2000.0,1000.0,1000.0,"大人：2,000円／小人：1,000円",1天,1.0,"2023年2月1日 - 2023年3月31日
 2023年11月11日 - 2023年12月17日","2023年2月1日 - 2023年3月31日
 2023年11月11日 - 2023年12月17日",,"[""https://www2s.biglobe.ne.jp/~t_aoyagi/railway/free/map/keisei.gif""]",,大手私鉄,"[""北总线（京成高砂～印羽日本医科大学之间）无法上下车站""]",1.0,"京成线各车站的自动售货机（北总线车站除外）
 莱德通行证应用程序",京成电铁电话：,,https://www.keisei.co.jp/cms/files/keisei/MASTER/0110/jmhcuWW1.pdf,"[{""text"": ""京成電鉄"", ""url"": ""https://www.keisei.co.jp/cms/files/keisei/MASTER/0110/jmhcuWW1.pdf""}, {""text"": ""RYDE PASS(ライドパス)"", ""url"": ""https://pass.ryde-go.com/products/GQV304YS2Y89""}]",,https://www2s.biglobe.ne.jp/~t_aoyagi/railway/free/keisei81.htm,keisei81.htm,89,2026/8/10 1:30,京成線ワンデーパス,,,,https://www2s.biglobe.ne.jp/~t_aoyagi/railway/free/keisei81.htm
keisei83,ナゾ解きした町電車旅2024 １日乗車券,京成電鉄,"[""京成電鉄""]",1,False,kanto,关东,关东,"[""関東""]",kikan,期間限定タイプ,期间限定,"[""実券""]",True,False,ended,終了,,,3000.0,,3000.0,"大人：3,000円",1天,1.0,2025年6月19日 - 2025年12月19日,2025年6月19日 - 2025年12月19日,,"[""https://www2s.biglobe.ne.jp/~t_aoyagi/railway/free/map/keisei83.gif""]",,大手私鉄,"[""不可上下成田机场线（Narita Sky Access Line）""]",1.0,京成上野、日暮里、千住大桥、押上、青户、京成高砂、京成金町、市川妈妈、京成八幡、东中山、京成船桥、京成津田沼、八仙大大、胜田大、京成佐仓、京成成田、机场二号楼、京成稻毛、京成千叶、学园前、松户、矢柱、新神谷、北习志野、新都田沼,京成客户拨打电话：0570-081-160,,https://www.keisei.co.jp//cms/files/keisei/MASTER/0110/rWTUDMuH.pdf,"[{""text"": ""京成電鉄"", ""url"": ""https://www.keisei.co.jp//cms/files/keisei/MASTER/0110/rWTUDMuH.pdf""}]",,https://www2s.biglobe.ne.jp/~t_aoyagi/railway/free/keisei83.htm,keisei83.htm,90,2026/8/10 1:30,ナゾ解きした町電車旅2025 1日乗車券,,,,https://www2s.biglobe.ne.jp/~t_aoyagi/railway/free/keisei83.htm
tobu02,東京スカイツリー周辺散策フリーきっぷ,東武鉄道,"[""東武鉄道""]",1,False,kanto,关东,关东,"[""関東""]",tunen,通年発売タイプ,全年发售,"[""実券""]",True,False,on_sale,発売中,,,510.0,250.0,250.0,大人：510円／小人：250円,1天,1.0,全年,仅限发售当天,,"[""https://www2s.biglobe.ne.jp/~t_aoyagi/railway/free/map/tobu02.gif""]",,大手私鉄,[],0.0,免费区间各站,东武铁道客户中心电话：03-5962-0102,,https://www.tobu.co.jp/odekake/ticket/tokyo-shitamachi/sky-tree.html,"[{""text"": ""東武鉄道"", ""url"": ""https://www.tobu.co.jp/odekake/ticket/tokyo-shitamachi/sky-tree.html""}]",,https://www2s.biglobe.ne.jp/~t_aoyagi/railway/free/tobu02.htm,tobu02.htm,91,2026/8/10 1:30,東京スカイツリー周辺散策フリーきっぷ,,,,https://www2s.biglobe.ne.jp/~t_aoyagi/railway/free/tobu02.htm
tobu03,台東・墨田 東京下町周遊きっぷ,東武鉄道,"[""東武鉄道""]",1,False,kanto,关东,关东,"[""関東""]",tunen,通年発売タイプ,全年发售,"[""実券""]",True,False,on_sale,発売中,,,500.0,,500.0,"1日券 大人：500円 
 2日券 大人：700円",1日票：1天 2日票：2天,1.0,全年,仅限发售当天,,"[""https://www2s.biglobe.ne.jp/~t_aoyagi/railway/free/map/tobu03.gif""]",,大手私鉄,[],0.0,"免费区间各站
 东武浅草旅游咨询中心（浅草站内）
 
东武巴士中央晴空塔班车信息中心（东京晴空塔城内）
 
浅草文化观光中心
 上野公园（上野公园问讯处）
 墨田区旅游咨询中心（两国吾妻桥工业观光广场墨田町所<东京晴空街道5楼>）",东武铁道客户中心电话：03-5962-0102,,https://www.tobu.co.jp/odekake/ticket/tokyo-shitamachi/taito-sumida.html,"[{""text"": ""東武鉄道"", ""url"": ""https://www.tobu.co.jp/odekake/ticket/tokyo-shitamachi/taito-sumida.html""}]",,https://www2s.biglobe.ne.jp/~t_aoyagi/railway/free/tobu03.htm,tobu03.htm,92,2026/8/10 1:30,台東・墨田 東京下町周遊きっぷ,,,,https://www2s.biglobe.ne.jp/~t_aoyagi/railway/free/tobu03.htm
tobu94,日光・鬼怒川エリア鉄道乗り放題きっぷ,東武鉄道,"[""東武鉄道""]",1,False,kanto,关东,关东,"[""関東""]",tunen,通年発売タイプ,全年发售,"[""実券""]",True,False,on_sale,発売中,,,500.0,250.0,250.0,大人：500円／小人：250円,1天,1.0,全年,全年,,"[""https://www2s.biglobe.ne.jp/~t_aoyagi/railway/free/map/tobu94.gif""]",,大手私鉄,[],0.0,下今市、东武日光、鬼怒川温泉,东武铁道客户中心电话：03-5962-0102,,https://www.tobu.co.jp/odekake/ticket/nikko-kinugawa/train.html,"[{""text"": ""東武鉄道"", ""url"": ""https://www.tobu.co.jp/odekake/ticket/nikko-kinugawa/train.html""}]",,https://www2s.biglobe.ne.jp/~t_aoyagi/railway/free/tobu94.htm,tobu94.htm,93,2026/8/10 1:30,日光・鬼怒川エリア鉄道乗り放題きっぷ,,,,https://www2s.biglobe.ne.jp/~t_aoyagi/railway/free/tobu94.htm
tobu04,日光・大内宿フリーきっぷ,東武鉄道,"[""東武鉄道""]",1,False,kanto,关东,关东,"[""関東""]",tunen,通年発売タイプ,全年发售,"[""実券""]",True,False,on_sale,発売中,,,4860.0,2410.0,2410.0,"大人：4,860円／小人：2，410円",2天,2.0,全年,"自发布之日起 2 天
 复古巴士 Saryu-号 一日运行",,"[""https://www2s.biglobe.ne.jp/~t_aoyagi/railway/free/map/tobu04.gif""]",,大手私鉄,[],0.0,东武铁道：东武日光站游客中心、鬼怒川温泉站游客中心,东武铁道客户中心电话：03-5962-0102,,https://www.tobu.co.jp/odekake/ticket/nikko-kinugawa/ouchijuku.html,"[{""text"": ""東武鉄道"", ""url"": ""https://www.tobu.co.jp/odekake/ticket/nikko-kinugawa/ouchijuku.html""}, {""text"": ""野岩鉄道"", ""url"": ""http://www.yagan.co.jp/information/0000000766/detail.html""}, {""text"": ""会津鉄道"", ""url"": ""http://www.aizutetsudo.jp/wp/wp-content/uploads/2021/04/47d7891a563840ca015d313263cf9a8d.pdf""}]",,https://www2s.biglobe.ne.jp/~t_aoyagi/railway/free/tobu04.htm,tobu04.htm,95,2026/8/10 1:30,日光・大内宿フリーきっぷ,,,,https://www2s.biglobe.ne.jp/~t_aoyagi/railway/free/tobu04.htm
saitama_tobu,埼玉県民の日フリー乗車券,東武鉄道,"[""東武鉄道""]",1,False,kanto,关东,关东,"[""関東""]",autumn,秋限定タイプ,秋季限定,"[""実券""]",True,False,ended,終了,,,480.0,240.0,240.0,大人：480円／小人：240円,1天,1.0,2025年11月8日 - 2025年11月14日,2025 年 11 月 14 日,,"[""https://www2s.biglobe.ne.jp/~t_aoyagi/railway/free/map/tobu51.gif""]",,大手私鉄,[],0.0,"浅草站～羽生站、小村站站～龟户站、杉户高之台站～柳生站、大宫站～南樱井站（大岛前站、押上站除外）
 东上线各站（南寄居、寄居除外）
 浅草站旅游中心",东武铁道电话：,,https://www.pref.saitama.lg.jp/a0301/kenminnohi/kenminnohifreezyousyaken.html,"[{""text"": ""埼玉県"", ""url"": ""https://www.pref.saitama.lg.jp/a0301/kenminnohi/kenminnohifreezyousyaken.html""}, {""text"": ""東武鉄道"", ""url"": ""https://www.tobu.co.jp/news/4440/""}]",,https://www2s.biglobe.ne.jp/~t_aoyagi/railway/free/saitama_tobu.htm,saitama_tobu.htm,96,2026/8/10 1:30,埼玉県民の日フリー乗車券 (東武鉄道),,,,https://www2s.biglobe.ne.jp/~t_aoyagi/railway/free/saitama_tobu.htm
tobu91,東上線１日フリーきっぷ,東武鉄道,"[""東武鉄道""]",1,False,kanto,关东,关东,"[""関東""]",kikan,期間限定タイプ,期间限定,"[""実券""]",True,False,period,2026/7/18  〜8/31,2026/7/18,2026/8/31,1500.0,100.0,100.0,"大人：1,500円／小人：100円",1天,1.0,"2025年3月12日 - 2025年4月6日
 2026年7月18日 - 2026年8月31日",仅限发售当天,,"[""https://www2s.biglobe.ne.jp/~t_aoyagi/railway/free/map/tobutojo.gif""]",,大手私鉄,[],0.0,东上线、越生线车站（寄居、南寄居除外）,东武铁道客户中心电话：03-5962-0102,,https://www.tobu.co.jp/odekake/campaign/217/,"[{""text"": ""東武鉄道"", ""url"": ""https://www.tobu.co.jp/odekake/campaign/217/""}]",,https://www2s.biglobe.ne.jp/~t_aoyagi/railway/free/tobu91.htm,tobu91.htm,97,2026/8/10 1:30,東上線１日フリーきっぷ,,,,https://www2s.biglobe.ne.jp/~t_aoyagi/railway/free/tobu91.htm
tobu05,東武本線乗り放題デジタルきっぷ,東武鉄道,"[""東武鉄道""]",1,False,kanto,关东,关东,"[""関東""]",kikan,期間限定タイプ,期间限定,"[""デジタル""]",False,True,ended,終了,,,3000.0,1700.0,1700.0,"大人：3,000円／中高生：2,700円／小人：1,700円",自进入东京晴空塔之日起2天（最长48小时）,2.0,"2021年7月15日 - 2021年9月29日
 前一天发布",2021年7月16日 - 2021年9月30日,,"[""https://www2s.biglobe.ne.jp/~t_aoyagi/railway/free/map/tobu05.gif""]",,大手私鉄,[],0.0,东武铁道网上购买网站,东武铁道客户中心电话：03-5962-0102,,https://www.tobu.co.jp/odekake/special/skytree-dejitalticket/,"[{""text"": ""東武鉄道"", ""url"": ""https://www.tobu.co.jp/odekake/special/skytree-dejitalticket/""}]",,https://www2s.biglobe.ne.jp/~t_aoyagi/railway/free/tobu05.htm,tobu05.htm,98,2026/8/10 1:30,東武本線乗り放題デジタルきっぷ,,,,https://www2s.biglobe.ne.jp/~t_aoyagi/railway/free/tobu05.htm
tobu62,リアル桃鉄でガチ沿線めぐり 東武 vs 近鉄 新幹線で東西制覇！(スカイツリーラインエリア)フリーきっぷ,東武鉄道,"[""東武鉄道""]",1,False,kanto,关东,关东,"[""関東""]",kikan,期間限定タイプ,期间限定,"[""実券""]",True,False,ended,終了,,,2500.0,1500.0,1500.0,"1日券 大人：2,500円／小人：1,500円 (参加券込み) 
 2日券 大人：3,750円／小人：1,900円 (参加券込み)",1天/2天,1.0,2025年11月1日 - 2026年3月31日,2025年11月1日 - 2026年3月31日,,"[""https://www2s.biglobe.ne.jp/~t_aoyagi/railway/free/map/tobu62.gif""]",,大手私鉄,[],0.0,"浅草、东京晴空塔、曳舟、龟户、北千住、西新井、竹之冢、草加、新越谷、北越谷、春日部、北高须日部、东武动物公园、久喜、羽生、馆林、南栗桥、栗桥、栃木
 东武购物中心",东武铁道客户中心电话：03-5962-0102,,https://www.tobu.co.jp/odekake/campaign/realmomotetsu/index.html,"[{""text"": ""東武鉄道"", ""url"": ""https://www.tobu.co.jp/odekake/campaign/realmomotetsu/index.html""}]",,https://www2s.biglobe.ne.jp/~t_aoyagi/railway/free/tobu62.htm,tobu62.htm,99,2026/8/10 1:30,リアル桃鉄でガチ沿線めぐり 東武 vs 近鉄 新幹線で東西制覇！(スカイツリーラインエリア)フリーきっぷ,,,,https://www2s.biglobe.ne.jp/~t_aoyagi/railway/free/tobu62.htm
tobu63,リアル桃鉄でガチ沿線めぐり 東武 vs 近鉄 新幹線で東西制覇！(東上線エリア)フリーきっぷ,東武鉄道,"[""東武鉄道""]",1,False,kanto,关东,关东,"[""関東""]",kikan,期間限定タイプ,期间限定,"[""実券""]",True,False,ended,終了,,,2500.0,1500.0,1500.0,"1日券 大人：2,500円／小人：1,500円 (参加券込み) 
 2日券 大人：3,750円／小人：1,900円 (参加券込み)",1天/2天,1.0,2025年11月1日 - 2026年3月31日,2025年11月1日 - 2026年3月31日,,"[""https://www2s.biglobe.ne.jp/~t_aoyagi/railway/free/map/tobu63.gif""]",,大手私鉄,[],0.0,"池袋、下板桥、小山、上板桥、成增、和光市、浅霞台、志木、藤见野、川越、川越市、若叶、坂户、东松山、森林公园、小川町、武州长濑
 东武购物中心",东武铁道客户中心电话：03-5962-0102,,https://www.tobu.co.jp/odekake/campaign/realmomotetsu/index.html,"[{""text"": ""東武鉄道"", ""url"": ""https://www.tobu.co.jp/odekake/campaign/realmomotetsu/index.html""}]",,https://www2s.biglobe.ne.jp/~t_aoyagi/railway/free/tobu63.htm,tobu63.htm,100,2026/8/10 1:30,リアル桃鉄でガチ沿線めぐり 東武 vs 近鉄 新幹線で東西制覇！(東上線エリア)フリーきっぷ,,,,https://www2s.biglobe.ne.jp/~t_aoyagi/railway/free/tobu63.htm
tobu64,リアル桃鉄でガチ沿線めぐり 東武 vs 近鉄 新幹線で東西制覇！(アーバンパークラインエリア)フリーきっぷ,東武鉄道,"[""東武鉄道""]",1,False,kanto,关东,关东,"[""関東""]",kikan,期間限定タイプ,期间限定,"[""実券""]",True,False,ended,終了,,,2500.0,1500.0,1500.0,"1日券 大人：2,500円／小人：1,500円 (参加券込み) 
 2日券 大人：3,750円／小人：1,900円 (参加券込み)",1天/2天,1.0,2025年11月1日 - 2026年3月31日,2025年11月1日 - 2026年3月31日,,"[""https://www2s.biglobe.ne.jp/~t_aoyagi/railway/free/map/tobu64.gif""]",,大手私鉄,[],0.0,"大宫、岩槻、七胡台、野田市、流山大鹰森、柏、新蒲谷、船桥
 东武购物中心",东武铁道客户中心电话：03-5962-0102,,https://www.tobu.co.jp/odekake/campaign/realmomotetsu/index.html,"[{""text"": ""東武鉄道"", ""url"": ""https://www.tobu.co.jp/odekake/campaign/realmomotetsu/index.html""}]",,https://www2s.biglobe.ne.jp/~t_aoyagi/railway/free/tobu64.htm,tobu64.htm,101,2026/8/10 1:30,リアル桃鉄でガチ沿線めぐり 東武 vs 近鉄 新幹線で東西制覇！(アーバンパークラインエリア)フリーきっぷ,,,,https://www2s.biglobe.ne.jp/~t_aoyagi/railway/free/tobu64.htm
tobu95,東武宇都宮線1日フリー乗車券,東武鉄道,"[""東武鉄道""]",1,False,kanto,关东,关东,"[""関東""]",kikan,期間限定タイプ,期间限定,"[""実券""]",True,False,ended,終了,,,,,,無料配布,1天,1.0,2025 年 6 月 15 日,2025 年 6 月 15 日,,"[""https://www2s.biglobe.ne.jp/~t_aoyagi/railway/free/map/tobu95.gif""]",,大手私鉄,[],0.0,东武宇都宫～栃木之间各站检票口,东武铁道客户中心电话：03-5962-0102,,https://www.tobu.co.jp/odekake/campaign/184/,"[{""text"": ""東武鉄道"", ""url"": ""https://www.tobu.co.jp/odekake/campaign/184/""}]",,https://www2s.biglobe.ne.jp/~t_aoyagi/railway/free/tobu95.htm,tobu95.htm,102,2026/8/10 1:30,東武宇都宮線1日フリー乗車券,,,,https://www2s.biglobe.ne.jp/~t_aoyagi/railway/free/tobu95.htm
seibu11,ムーミンバレーパークおでかけパス,西武鉄道,"[""西武鉄道""]",1,False,kanto,关东,关东,"[""関東""]",tunen,通年発売タイプ,全年发售,"[""デジタル""]",False,True,on_sale,発売中,,,4600.0,1500.0,1500.0,"大人：4,600円／中・高校生：2,400円／小人：1,500円",1天,1.0,全年,全年,,"[""https://www2s.biglobe.ne.jp/~t_aoyagi/railway/free/map/seibu.gif""]",,大手私鉄,[],0.0,EMot,西武铁道客户中心电话：0570-005-712,,https://www.seiburailway.jp/railway/ticket/specialticket/mvpodekakepassdigital/,"[{""text"": ""西武鉄道"", ""url"": ""https://www.seiburailway.jp/railway/ticket/specialticket/mvpodekakepassdigital/""}, {""text"": ""EMot"", ""url"": ""https://www.emot.jp/service/detail/moominvalley.html""}]",,https://www2s.biglobe.ne.jp/~t_aoyagi/railway/free/seibu11.htm,seibu11.htm,103,2026/8/10 1:30,ムーミンバレーパークおでかけパス,,,,https://www2s.biglobe.ne.jp/~t_aoyagi/railway/free/seibu11.htm
seibu13,メッツァ・ハイパーミュージアムおでかけパス,西武鉄道,"[""西武鉄道""]",1,False,kanto,关东,关东,"[""関東""]",tunen,通年発売タイプ,全年发售,"[""デジタル""]",False,True,on_sale,発売中,,,2700.0,1300.0,1300.0,"大人：2,700円／中・高校生：2,200円／小人：1,300円",1天,1.0,全年,全年,,"[""https://www2s.biglobe.ne.jp/~t_aoyagi/railway/free/map/seibu.gif""]",,大手私鉄,[],0.0,EMot 仅适用于智能手机,西武铁道客户中心电话：0570-005-712,,https://www.seiburailway.jp/railway/ticket/specialticket/metsa-hypermuseum_digital/,"[{""text"": ""西武鉄道"", ""url"": ""https://www.seiburailway.jp/railway/ticket/specialticket/metsa-hypermuseum_digital/""}]",,https://www2s.biglobe.ne.jp/~t_aoyagi/railway/free/seibu13.htm,seibu13.htm,104,2026/8/10 1:30,メッツァ・ハイパーミュージアムおでかけパス,,,,https://www2s.biglobe.ne.jp/~t_aoyagi/railway/free/seibu13.htm
seibu14,西武園ゆうえんちトクトクパス,西武鉄道,"[""西武鉄道""]",1,False,kanto,关东,关东,"[""関東""]",tunen,通年発売タイプ,全年发售,"[""デジタル""]",False,True,on_sale,発売中,,,5500.0,4100.0,4100.0,"大人：5,500円／中・高校生：4,800円／小人：4,100円",1天,1.0,全年,全年,,"[""https://www2s.biglobe.ne.jp/~t_aoyagi/railway/free/map/seibu.gif""]",,大手私鉄,[],0.0,EMot 仅适用于智能手机,西武铁道客户中心电话：0570-005-712,,https://www.seiburailway.jp/railway/ticket/specialticket/yuuenchi_tokutoku_digital/,"[{""text"": ""西武鉄道"", ""url"": ""https://www.seiburailway.jp/railway/ticket/specialticket/yuuenchi_tokutoku_digital/""}]",,https://www2s.biglobe.ne.jp/~t_aoyagi/railway/free/seibu14.htm,seibu14.htm,105,2026/8/10 1:30,西武園ゆうえんちトクトクパス,,,,https://www2s.biglobe.ne.jp/~t_aoyagi/railway/free/seibu14.htm
seibu120,はんのう満喫！ムーミンバレーパークおでかけパス,西武鉄道,"[""西武鉄道""]",1,False,kanto,关东,关东,"[""関東""]",kikan,期間限定タイプ,期间限定,"[""デジタル""]",False,True,period,2026/5/18  〜8/31,2026/5/18,2026/8/31,4600.0,1500.0,1500.0,"大人：4,600円／中・高校生：2,400円／小人：1,500円",1天,1.0,2026年5月18日 - 2026年8月31日,2026年5月23日 - 2026年8月31日,,"[""https://www2s.biglobe.ne.jp/~t_aoyagi/railway/free/map/seibu.gif""]",,大手私鉄,[],0.0,EMot,西武铁道客户中心电话：04-2996-2888,,https://www.seiburailway.jp/railway/ticket/specialticket/hannomankitsu_digital/,"[{""text"": ""西武鉄道"", ""url"": ""https://www.seiburailway.jp/railway/ticket/specialticket/hannomankitsu_digital/""}]",,https://www2s.biglobe.ne.jp/~t_aoyagi/railway/free/seibu120.htm,seibu120.htm,106,2026/8/10 1:30,はんのう満喫！ムーミンバレーパークおでかけパス,,,,https://www2s.biglobe.ne.jp/~t_aoyagi/railway/free/seibu120.htm
seibu117,「ラブライブ！蓮ノ空女学院スクールアイドルクラブ×西武鉄道 記念キャンペーン」 西武線１日フリーきっぷ,西武鉄道,"[""西武鉄道""]",1,False,kanto,关东,关东,"[""関東""]",kikan,期間限定タイプ,期间限定,"[""実券""]",True,False,ended,終了,,,1200.0,300.0,300.0,"大人：1,200円／小人：300円",1天,1.0,2026年7月4日 - 2026年7月20日,2026年7月4日 - 2026年12月31日,,"[""https://www2s.biglobe.ne.jp/~t_aoyagi/railway/free/map/seibu82.gif""]",,大手私鉄,[],0.0,"2026年7月4日～7月10日 新所泽 500枚
 
2026年7月11日至7月12日 西武体育场 2,500张门票
 
2026年7月13日 - 2026年7月20日 新所泽 未售出",西武铁道客户中心电话：0570-005-712,,https://www.seiburailway.jp/railway/ticket/20260610_lovelive/,"[{""text"": ""西武鉄道"", ""url"": ""https://www.seiburailway.jp/railway/ticket/20260610_lovelive/""}]",,https://www2s.biglobe.ne.jp/~t_aoyagi/railway/free/seibu117.htm,seibu117.htm,107,2026/8/10 1:30,ラブライブ！蓮ノ空女学院スクールアイドルクラブ×西武鉄道 記念キャンペーン」 西武線１日フリーきっぷ,,,,https://www2s.biglobe.ne.jp/~t_aoyagi/railway/free/seibu117.htm
seibu118,アニメ『魔入りました！入間くん』×西武鉄道 おトクにおでかけきっぷ,西武鉄道,"[""西武鉄道""]",1,False,kanto,关东,关东,"[""関東""]",kikan,期間限定タイプ,期间限定,"[""実券""]",True,False,period,2026/7/17  〜9/23,2026/7/17,2026/9/23,1800.0,1800.0,1800.0,"大人：1,800円／小人：1,800円",1天,1.0,2026年7月17日 - 2026年9月23日（首班车 - 16:00）,2026年7月17日 - 2026年9月23日,,"[""https://www2s.biglobe.ne.jp/~t_aoyagi/railway/free/map/seibu106.gif""]",,大手私鉄,[],0.0,各站自动售票机（武藏横手站～西武秩父站之间，小竹向原站除外）,西武铁道客户中心电话：0570-005-712,,https://www.seiburailway.jp/railway/ticket/specialticket/otokuni-irumakun2026/,"[{""text"": ""西武鉄道"", ""url"": ""https://www.seiburailway.jp/railway/ticket/specialticket/otokuni-irumakun2026/""}]",,https://www2s.biglobe.ne.jp/~t_aoyagi/railway/free/seibu118.htm,seibu118.htm,108,2026/8/10 1:30,アニメ『魔入りました！入間くん』 ×西武鉄道 おトクにおでかけきっぷ,,,,https://www2s.biglobe.ne.jp/~t_aoyagi/railway/free/seibu118.htm
seibu119,秩父 夏のおでかけきっぷ,西武鉄道,"[""西武鉄道""]",1,False,kanto,关东,关东,"[""関東""]",kikan,期間限定タイプ,期间限定,"[""実券""]",True,False,period,2026/7/24  〜8/31,2026/7/24,2026/8/31,3000.0,,3000.0,"大人：3,000円／小人：設定なし",1天,1.0,2026年7月24日 - 2026年8月31日（第一次通话 - 16:00）,2026年7月24日 - 2026年8月31日,,"[""https://www2s.biglobe.ne.jp/~t_aoyagi/railway/free/map/seibu82.gif""]",,大手私鉄,[],0.0,各车站自动售票机（小竹向原站、​​武藏横手站、东五野站、西五野站、庄丸站、芦久保站除外）,西武铁道客户中心电话：0570-005-712,,https://www.seiburailway.jp/railway/ticket/specialticket/natunoodekake/,"[{""text"": ""西武鉄道"", ""url"": ""https://www.seiburailway.jp/railway/ticket/specialticket/natunoodekake/""}]",,https://www2s.biglobe.ne.jp/~t_aoyagi/railway/free/seibu119.htm,seibu119.htm,109,2026/8/10 1:30,秩父 夏のおでかけきっぷ,,,,https://www2s.biglobe.ne.jp/~t_aoyagi/railway/free/seibu119.htm
seibu122,西武園ゆうえんち 夏満喫トクトクパス,西武鉄道,"[""西武鉄道""]",1,False,kanto,关东,关东,"[""関東""]",kikan,期間限定タイプ,期间限定,"[""デジタル""]",False,True,period,2026/6/27  〜9/23,2026/6/27,2026/9/23,5700.0,4300.0,4300.0,"大人：5,700円／中・高校生：5,100円／小人：4,300円",1天,1.0,2026年6月25日 - 2026年9月23日（不包括泳池关闭日）,2026年6月27日 - 2026年9月23日,,"[""https://www2s.biglobe.ne.jp/~t_aoyagi/railway/free/map/seibu.gif""]",,大手私鉄,[],0.0,EMot 仅适用于智能手机,西武铁道客户中心电话：04-2996-2888,,https://www.seiburailway.jp/railway/ticket/specialticket/natsumankitsu_digital/,"[{""text"": ""西武鉄道"", ""url"": ""https://www.seiburailway.jp/railway/ticket/specialticket/natsumankitsu_digital/""}]",,https://www2s.biglobe.ne.jp/~t_aoyagi/railway/free/seibu122.htm,seibu122.htm,110,2026/8/10 1:30,西武園ゆうえんち 夏満喫トクトクパス,,,,https://www2s.biglobe.ne.jp/~t_aoyagi/railway/free/seibu122.htm
seibu121,西武園ゆうえんち プールトクトクパス,西武鉄道,"[""西武鉄道""]",1,False,kanto,关东,关东,"[""関東""]",kikan,期間限定タイプ,期间限定,"[""デジタル""]",False,True,period,2026/6/27  〜9/23,2026/6/27,2026/9/23,3700.0,2300.0,2300.0,"大人：3,700円／中・高校生：3,200円／小人：2300円",1天,1.0,2026年6月27日-2026年9月23日（不包括泳池关闭日）,2026年6月27日 - 2026年9月23日,,"[""https://www2s.biglobe.ne.jp/~t_aoyagi/railway/free/map/seibu.gif""]",,大手私鉄,[],0.0,EMot,西武铁道客户中心电话：04-2996-2888,,https://www.seiburailway.jp/railway/ticket/specialticket/hannomankitsu_digital/,"[{""text"": ""西武鉄道"", ""url"": ""https://www.seiburailway.jp/railway/ticket/specialticket/hannomankitsu_digital/""}]",,https://www2s.biglobe.ne.jp/~t_aoyagi/railway/free/seibu121.htm,seibu121.htm,111,2026/8/10 1:30,西武園ゆうえんち プールトクトクパス,,,,https://www2s.biglobe.ne.jp/~t_aoyagi/railway/free/seibu121.htm
seibu123,栗山巧 Legend History 1DayPass 第一弾「デビューの奇跡」,西武鉄道,"[""西武鉄道""]",1,False,kanto,关东,关东,"[""関東""]",kikan,期間限定タイプ,期间限定,"[""実券""]",True,False,period,2026/4/28  〜9/30,2026/4/28,2026/9/30,3000.0,,3000.0,"大人：3,000円 (2枚セット)",1天,1.0,2026年4月28日 - 2026年9月30日,2026年4月28日 - 2026年10月31日,,"[""https://www2s.biglobe.ne.jp/~t_aoyagi/railway/free/map/seibu82.gif""]",,大手私鉄,[],0.0,"2026年4月28日 - 2026年4月30日 西武体育场站
 
2026年5月1日～9月30日 所泽站",西武铁道客户中心电话：0570-005-712,,https://www.seiburailway.jp/railway/ticket/L1pass/,"[{""text"": ""西武鉄道"", ""url"": ""https://www.seiburailway.jp/railway/ticket/L1pass/""}]",,https://www2s.biglobe.ne.jp/~t_aoyagi/railway/free/seibu123.htm,seibu123.htm,112,2026/8/10 1:30,栗山巧 Legend History 1DayPass 第一弾「デビューの奇跡」,,,,https://www2s.biglobe.ne.jp/~t_aoyagi/railway/free/seibu123.htm
seibu124,栗山巧 Legend History 1DayPass 第二弾「キャプテンの証」,西武鉄道,"[""西武鉄道""]",1,False,kanto,关东,关东,"[""関東""]",kikan,期間限定タイプ,期间限定,"[""実券""]",True,False,period,2026/6/26  〜9/30,2026/6/26,2026/9/30,3000.0,,3000.0,"大人：3,000円 (2枚セット)",1天,1.0,2026年6月26日 - 2026年9月30日,2026年6月26日 - 2026年12月31日,,"[""https://www2s.biglobe.ne.jp/~t_aoyagi/railway/free/map/seibu82.gif""]",,大手私鉄,[],0.0,"2026年6月26日～2026年6月28日 西武九条前站
 
2026年6月30日～9月30日 所泽站",西武铁道客户中心电话：0570-005-712,,https://www.seiburailway.jp/railway/ticket/L1pass/,"[{""text"": ""西武鉄道"", ""url"": ""https://www.seiburailway.jp/railway/ticket/L1pass/""}]",,https://www2s.biglobe.ne.jp/~t_aoyagi/railway/free/seibu124.htm,seibu124.htm,113,2026/8/10 1:30,栗山巧 Legend History 1DayPass 第二弾「キャプテンの証」,,,,https://www2s.biglobe.ne.jp/~t_aoyagi/railway/free/seibu124.htm
seibu125,サステナ車両7000系デビュー記念乗車券,西武鉄道,"[""西武鉄道""]",1,False,kanto,关东,关东,"[""関東""]",kikan,期間限定タイプ,期间限定,"[""実券""]",True,False,period,2026/7/24  〜8/31,2026/7/24,2026/8/31,2000.0,,2000.0,"大人：2,000円",1天,1.0,2026年6月26日 - 2026年11月30日,2026年6月26日 - 2026年12月31日,,"[""https://www2s.biglobe.ne.jp/~t_aoyagi/railway/free/map/seibu82.gif""]",,大手私鉄,[],0.0,小手差站,西武铁道客户中心电话：0570-005-712,,https://www.seiburailway.jp/railway/ticket/20260610_lovelive/,"[{""text"": ""西武鉄道"", ""url"": ""https://www.seiburailway.jp/railway/ticket/20260610_lovelive/""}]",,https://www2s.biglobe.ne.jp/~t_aoyagi/railway/free/seibu125.htm,seibu125.htm,114,2026/8/10 1:30,サステナ車両7000系デビュー記念乗車券,,,,https://www2s.biglobe.ne.jp/~t_aoyagi/railway/free/seibu125.htm
seibu97,奥むさし駅伝応援きっぷ,西武鉄道,"[""西武鉄道""]",1,False,kanto,关东,关东,"[""関東""]",kikan,期間限定タイプ,期间限定,"[""実券""]",True,False,ended,終了,,,500.0,250.0,250.0,大人：500円／小人：250円,1天,1.0,"饭能: 2026年1月18日 - 2026年1月25日
 东饭野：2026 年 1 月 25 日",2026 年 1 月 26 日,,"[""https://www2s.biglobe.ne.jp/~t_aoyagi/railway/free/map/seibu97.gif""]",,大手私鉄,[],0.0,"饭能,东饭能",西武铁道客户中心电话：04-2996-2888,,https://www.seiburailway.jp/file.jsp?newsroom/news/file/20251226_okumusashiekiden.pdf,"[{""text"": ""西武鉄道"", ""url"": ""https://www.seiburailway.jp/file.jsp?newsroom/news/file/20251226_okumusashiekiden.pdf""}]",,https://www2s.biglobe.ne.jp/~t_aoyagi/railway/free/seibu97.htm,seibu97.htm,115,2026/8/10 1:30,奥むさし駅伝応援きっぷ,,,,https://www2s.biglobe.ne.jp/~t_aoyagi/railway/free/seibu97.htm
seibu106,西武鉄道・バス おトクにおでかけきっぷ,西武鉄道,"[""西武鉄道""]",1,False,kanto,关东,关东,"[""関東""]",kikan,期間限定タイプ,期间限定,"[""実券"", ""デジタル""]",True,True,ended,終了,,,1700.0,,1700.0,"大人：1,700円",仅限发售当天,,2025年11月21日 - 2026年3月22日,2025年11月21日 - 2026年3月22日,,"[""https://www2s.biglobe.ne.jp/~t_aoyagi/railway/free/map/seibu106.gif""]",,大手私鉄,"[""无法乘坐高速巴士、机场接驳巴士、深夜高速巴士（池袋站东口～小手差站）、社区巴士、永旺接驳巴士（永旺梦乐城东久留米）、梅佐线、西武体育场线、活动临时交通巴士、西武观光巴士（秩父、轻井泽地区）。"", ""深夜巴士需要单独支付深夜附加费。"", ""只有西武巴士可以在与其他公司联合运营的路线上使用。""]",3.0,"西武线各车站的自动售票机（武藏横手～西武秩父、大竹向原除外）
 发布时间：首班车至16:00
 埃莫特",西武铁道客户中心电话：0570-005-712,,https://www.seiburailway.jp/railway/ticket/specialticket/otokuni-odekake2025/,"[{""text"": ""西武鉄道"", ""url"": ""https://www.seiburailway.jp/railway/ticket/specialticket/otokuni-odekake2025/""}]",,https://www2s.biglobe.ne.jp/~t_aoyagi/railway/free/seibu106.htm,seibu106.htm,116,2026/8/10 1:30,西武鉄道・バス おトクにおでかけきっぷ,,,,https://www2s.biglobe.ne.jp/~t_aoyagi/railway/free/seibu106.htm
seibu107,おいでよ！秩父・横瀬きっぷ,西武鉄道,"[""西武鉄道""]",1,False,kanto,关东,关东,"[""関東""]",kikan,期間限定タイプ,期间限定,"[""実券""]",True,False,ended,終了,,,1800.0,500.0,500.0,"大人：1,800円／小人：500円",促销期间仅限1天,1.0,2024年7月20日 - 2024年9月1日,2024年7月20日 - 2024年9月1日,,"[""https://www2s.biglobe.ne.jp/~t_aoyagi/railway/free/map/seibu.gif""]",,大手私鉄,[],0.0,"西武线各站的自动售票机
 
（不包括小竹向原站、武藏横手站、东五野站、西五野站、翔丸站、足久保站、玉川线站）",西武铁道客户中心电话：04-2996-2888,,https://www.seiburailway.jp/sightseeing/eventcampaigninfo/oideyochichibu/,"[{""text"": ""西武鉄道"", ""url"": ""https://www.seiburailway.jp/sightseeing/eventcampaigninfo/oideyochichibu/""}]",,https://www2s.biglobe.ne.jp/~t_aoyagi/railway/free/seibu107.htm,seibu107.htm,117,2026/8/10 1:30,おいでよ！秩父・横瀬きっぷ,,,,https://www2s.biglobe.ne.jp/~t_aoyagi/railway/free/seibu107.htm
seibu108,とこっと周遊きっぷ,西武鉄道,"[""西武鉄道""]",1,False,kanto,关东,关东,"[""関東""]",kikan,期間限定タイプ,期间限定,"[""実券""]",True,False,ended,終了,,,400.0,200.0,200.0,大人：400円／小人：200円,促销期间仅限1天,1.0,"2025年7月18日 - 2026年2月28日
 首班车～16:00",2025年7月18日 - 2026年2月28日,,"[""https://www2s.biglobe.ne.jp/~t_aoyagi/railway/free/map/seibu108.gif""]",,大手私鉄,[],0.0,所泽站、西所泽站、下山口站、西武体育场、西武园游乐园、西武园站、东村山站、久米川站、小平站、萩山站、八坂站、武藏大和站、玉子站的自动售票机,西武铁道客户中心电话：0570-005-712,,https://www.seiburailway.jp/file.jsp?id=22933,"[{""text"": ""西武鉄道"", ""url"": ""https://www.seiburailway.jp/file.jsp?id=22933""}]",,https://www2s.biglobe.ne.jp/~t_aoyagi/railway/free/seibu108.htm,seibu108.htm,118,2026/8/10 1:30,とこっと周遊きっぷ,,,,https://www2s.biglobe.ne.jp/~t_aoyagi/railway/free/seibu108.htm
seibu113,スパルタンレースきっぷ,西武鉄道,"[""西武鉄道""]",1,False,kanto,关东,关东,"[""関東""]",kikan,期間限定タイプ,期间限定,"[""実券""]",True,False,ended,終了,,,2230.0,1120.0,1120.0,"大人：2,230円／小人：1,120円",2天,2.0,2026年2月21日 ~ 16:00,2026年2月21日 - 2026年2月22日,,"[""https://www2s.biglobe.ne.jp/~t_aoyagi/railway/free/map/seibu82.gif""]",,大手私鉄,[],0.0,池袋、西武新宿、高田马场,西武铁道客户中心电话：0570-005-712,,https://www.seiburailway.jp/file.jsp?newsroom/news/file/20260116_spartan.pdf,"[{""text"": ""西武鉄道"", ""url"": ""https://www.seiburailway.jp/file.jsp?newsroom/news/file/20260116_spartan.pdf""}]",,https://www2s.biglobe.ne.jp/~t_aoyagi/railway/free/seibu113.htm,seibu113.htm,119,2026/8/10 1:30,スパルタンレースきっぷ,,,,https://www2s.biglobe.ne.jp/~t_aoyagi/railway/free/seibu113.htm
seibu105,LIONS THANKS FESTA 2025 記念乗車券,西武鉄道,"[""西武鉄道""]",1,False,kanto,关东,关东,"[""関東""]",kikan,期間限定タイプ,期间限定,"[""実券""]",True,False,ended,終了,,,3000.0,,3000.0,"大人：3,000円",1天×2组,1.0,"2025 年 11 月 23 日
 2025年11月26日 - 2025年12月25日",2025年11月23日 - 2026年3月31日,,"[""https://www2s.biglobe.ne.jp/~t_aoyagi/railway/free/map/seibu.gif""]",,大手私鉄,[],0.0,"2025年11月23日：西武体育场（车站前）
 2025年11月26日 - 2025年12月25日：所泽、本川越、国分寺、灰岛",西武铁道客户中心电话：04-2996-2888,,https://www.seiburailway.jp/file.jsp?id=26107,"[{""text"": ""西武鉄道"", ""url"": ""https://www.seiburailway.jp/file.jsp?id=26107""}]",,https://www2s.biglobe.ne.jp/~t_aoyagi/railway/free/seibu105.htm,seibu105.htm,120,2026/8/10 1:30,LIONS THANKS FESTA 2025 記念乗車券,"3,000セット",,,https://www2s.biglobe.ne.jp/~t_aoyagi/railway/free/seibu105.htm
saitama_seibu,埼玉県民の日フリー乗車券,西武鉄道,"[""西武鉄道""]",1,False,kanto,关东,关东,"[""関東""]",autumn,秋限定タイプ,秋季限定,"[""実券""]",True,False,ended,終了,,,800.0,400.0,400.0,大人：800円／小人：400円,1天,1.0,2025年11月14日 - 2024年11月17日,仅限当天,,"[""https://www2s.biglobe.ne.jp/~t_aoyagi/railway/free/map/seibu.gif""]",,大手私鉄,[],0.0,"埼玉县西武线车站
 横手武藏、东五野、西五野、翔丸、芦久保除外",西武铁道客户中心电话：04-2926-2888,,https://www.pref.saitama.lg.jp/a0301/kenminnohi/kenminnohifreezyousyaken.html,"[{""text"": ""埼玉県"", ""url"": ""https://www.pref.saitama.lg.jp/a0301/kenminnohi/kenminnohifreezyousyaken.html""}, {""text"": ""西武鉄道"", ""url"": ""https://www.seiburailway.jp/newsroom/news/20251028_KenminFree/""}]",,https://www2s.biglobe.ne.jp/~t_aoyagi/railway/free/saitama_seibu.htm,saitama_seibu.htm,121,2026/8/10 1:30,埼玉県民の日フリー乗車券 (西武鉄道),,,,https://www2s.biglobe.ne.jp/~t_aoyagi/railway/free/saitama_seibu.htm
metro02,東京メトロ24時間券,東京地下鉄,"[""東京地下鉄""]",1,False,kanto,关东,关东,"[""関東""]",tunen,通年発売タイプ,全年发售,"[""実券"", ""デジタル""]",True,True,on_sale,発売中,,,700.0,350.0,350.0,大人：700円／小人：350円,1天,1.0,全年,全年,,"[""https://www2s.biglobe.ne.jp/~t_aoyagi/railway/free/map/metro.gif""]",,大手私鉄,[],0.0,"磁票月票售票处、车站自动售票机
 IC车票 月票售票处、车站自动售票机
 QR车票 东京Metro地铁销售网站
 Creka Touch 东京地铁销售网站",东京地铁电话：,,https://www.tokyometro.jp/ticket/value/1day/index.html#,"[{""text"": ""東京地下鉄"", ""url"": ""https://www.tokyometro.jp/ticket/value/1day/index.html#""}]",,https://www2s.biglobe.ne.jp/~t_aoyagi/railway/free/metro02.htm,metro02.htm,122,2026/8/10 1:30,東京メトロ24時間券,,,,https://www2s.biglobe.ne.jp/~t_aoyagi/railway/free/metro02.htm
tokyo02,都営地下鉄・東京メトロ共通一日乗車券,東京地下鉄,"[""東京地下鉄"", ""東京都交通局""]",2,True,kanto,关东,关东,"[""関東""]",tunen,通年発売タイプ,全年发售,"[""実券""]",True,False,on_sale,発売中,,,900.0,450.0,450.0,大人：900円／小人：450円,1天,1.0,全年,全年,,"[""https://www2s.biglobe.ne.jp/~t_aoyagi/railway/free/map/tokyo02.gif""]",,大手私鉄,"[""您不能乘坐座位有限的巴士。""]",1.0,各车站设有售票机,"东京都交通局 TEL:03-5320-6075
 东京地铁客户中心电话：03-3941-2004",,http://www.kotsu.metro.tokyo.jp/subway/fare/otoku_metro_1day.html,"[{""text"": ""東京都交通局"", ""url"": ""http://www.kotsu.metro.tokyo.jp/subway/fare/otoku_metro_1day.html""}, {""text"": ""東京地下鉄"", ""url"": ""https://www.tokyometro.jp/ticket/value/1day/index.html#anc02""}]",,https://www2s.biglobe.ne.jp/~t_aoyagi/railway/free/tokyo02.htm,tokyo02.htm,123,2026/8/10 1:30,都営地下鉄･東京メトロ 共通一日乗車券,,,,https://www2s.biglobe.ne.jp/~t_aoyagi/railway/free/tokyo02.htm
metro109,『オルセー美術館所蔵 印象派―室内をめぐる物語』開催記念 東京メトロオリジナル24時間券,東京地下鉄,"[""東京地下鉄""]",1,False,kanto,关东,关东,"[""関東""]",kikan,期間限定タイプ,期间限定,"[""実券""]",True,False,ended,終了,,,700.0,,700.0,大人：700円,开始使用后24小时,1.0,2025年10月25日 - 2026年2月15日,2025年10月25日 - 2026年8月31日,,"[""https://www2s.biglobe.ne.jp/~t_aoyagi/railway/free/map/metro.gif""]",,大手私鉄,[],0.0,"国立西洋美术馆特卖店
 表参道、池袋、银座、新宿的旅客咨询中心
 浅草文化观光中心
 中央区旅游咨询中心
 东京都市i旅游商务信息中心（KITTE B1F）
 银座航站楼旅游咨询中心（银座六号内）",东京地铁客户中心电话：0570-200-222（平日 9:00-17:00）,,https://www.tokyometro.jp/news/2025/221351.html,"[{""text"": ""東京地下鉄"", ""url"": ""https://www.tokyometro.jp/news/2025/221351.html""}]",,https://www2s.biglobe.ne.jp/~t_aoyagi/railway/free/metro109.htm,metro109.htm,125,2026/8/10 1:30,『オルセー美術館所蔵 印象派―室内をめぐる物語』開催記念 東京メトロオリジナル24時間券,,,,https://www2s.biglobe.ne.jp/~t_aoyagi/railway/free/metro109.htm
metro110,ＴＶアニメ「正反対な君と僕」放送記念 東京メトロオリジナル24時間券,東京地下鉄,"[""東京地下鉄""]",1,False,kanto,关东,关东,"[""関東""]",kikan,期間限定タイプ,期间限定,"[""実券""]",True,False,ended,終了,,,700.0,,700.0,大人：700円,开始使用后24小时,1.0,2026年1月11日 - 2026年2月23日,2026年1月11日 - 2026年8月31日,,"[""https://www2s.biglobe.ne.jp/~t_aoyagi/railway/free/map/metro.gif""]",,大手私鉄,[],0.0,"Animate、书泉格兰德、书泉书塔
 Animate邮购、书线网上商店",东京地铁客户中心电话：0570-200-222（平日 9:00-17:00）,,https://www.tokyometro.jp/news/images_h/metroNews260107_01.pdf,"[{""text"": ""東京地下鉄"", ""url"": ""https://www.tokyometro.jp/news/images_h/metroNews260107_01.pdf""}]",,https://www2s.biglobe.ne.jp/~t_aoyagi/railway/free/metro110.htm,metro110.htm,126,2026/8/10 1:30,ＴＶアニメ「正反対な君と僕」放送記念 東京メトロオリジナル24時間券,,,,https://www2s.biglobe.ne.jp/~t_aoyagi/railway/free/metro110.htm
metro111,OVERWATCH×HELLO KITTY AND FRIENDS 東京メトロオリジナル24時間券,東京地下鉄,"[""東京地下鉄""]",1,False,kanto,关东,关东,"[""関東""]",kikan,期間限定タイプ,期间限定,"[""実券""]",True,False,ended,終了,,,700.0,,700.0,"単品 大人：700円 
 3枚セット 大人：2,100円",开始使用后24小时,1.0,2026年2月14日 - 2026年3月15日,2026年2月14日 - 2026年9月30日,,"[""https://www2s.biglobe.ne.jp/~t_aoyagi/railway/free/map/metro.gif""]",,大手私鉄,[],0.0,"Bic Camera（池袋总店、池袋西口店、有乐町店、日本桥三越店、赤坂见附站店、新宿西口店、新宿东口店、AKIBA店、涩谷东口店、涩谷八公口店、AirBicCamera东京晴空塔城晴空町店、AirBicCamera Diver City东京广场店）
 
Sofmap（AKIBA PC/数字大厅、AKIBA 站前大厅、AKIBA 游乐园）",东京地铁客户中心电话：0570-200-222（平日 9:00-17:00）,,https://www.tokyometro.jp/news/2026/223356.html,"[{""text"": ""東京地下鉄"", ""url"": ""https://www.tokyometro.jp/news/2026/223356.html""}]",,https://www2s.biglobe.ne.jp/~t_aoyagi/railway/free/metro111.htm,metro111.htm,127,2026/8/10 1:30,OVERWATCH×HELLO KITTY AND FRIENDS 東京メトロオリジナル24時間券,,,,https://www2s.biglobe.ne.jp/~t_aoyagi/railway/free/metro111.htm
toei03,都営まるごときっぷ,東京都交通局,"[""東京都交通局""]",1,False,kanto,关东,关东,"[""関東""]",tunen,通年発売タイプ,全年发售,"[""実券""]",True,False,on_sale,発売中,,,700.0,350.0,350.0,大人：700円／小人：350円,1天,1.0,全年,全年,,"[""https://www2s.biglobe.ne.jp/~t_aoyagi/railway/free/map/toei03.gif""]",,地方私鉄,"[""您不能乘坐座位有限的巴士。""]",1.0,"提前6个月发售：月票柜台、地铁营业厅
 当天发售：都电巴士、都营巴士内的地铁自动售票机。",东京都交通局 TEL:03-5320-6075,,http://www.kotsu.metro.tokyo.jp/subway/fare/otoku_metro.html,"[{""text"": ""東京都交通局"", ""url"": ""http://www.kotsu.metro.tokyo.jp/subway/fare/otoku_metro.html""}]",,https://www2s.biglobe.ne.jp/~t_aoyagi/railway/free/toei03.htm,toei03.htm,128,2026/8/10 1:30,都営まるごときっぷ,,,,https://www2s.biglobe.ne.jp/~t_aoyagi/railway/free/toei03.htm
toei02,都電一日乗車券/都電IC一日乗車券,東京都交通局,"[""東京都交通局""]",1,False,kanto,关东,关东,"[""関東""]",tunen,通年発売タイプ,全年发售,"[""実券""]",True,False,on_sale,発売中,,,400.0,200.0,200.0,大人：400円／小人：200円,1天,1.0,全年,全年,,"[""https://www2s.biglobe.ne.jp/~t_aoyagi/railway/free/map/arakawasen.gif""]",,地方私鉄,[],0.0,"都电一日券 早稻田、大冢站前、王子站前、三之轮桥月票销售处、荒川电铁事务所、车内
 莱德通行证
 都电IC 车内一日券",交通局铁道部铁道课 TEL：03-5320-6076,,http://www.kotsu.metro.tokyo.jp/toden/fare/otoku_toden_oneday.html,"[{""text"": ""東京都交通局"", ""url"": ""http://www.kotsu.metro.tokyo.jp/toden/fare/otoku_toden_oneday.html""}, {""text"": ""RYDE PASS"", ""url"": ""https://pass.ryde-go.com/products/X987XQS0LX8Q""}]",,https://www2s.biglobe.ne.jp/~t_aoyagi/railway/free/toei02.htm,toei02.htm,131,2026/8/10 1:30,都電一日乗車券/都電IC一日乗車券,,,,https://www2s.biglobe.ne.jp/~t_aoyagi/railway/free/toei02.htm
toei23,都営地下鉄ワンデーパス,東京都交通局,"[""東京都交通局""]",1,False,kanto,关东,关东,"[""関東""]",kisetu,季節発売タイプ,季节发售,"[""実券""]",True,False,period,2026/7/18  〜8/30,2026/7/18,2026/8/30,500.0,100.0,100.0,大人：500円／小人：100円,1天（仅限发售当天）,1.0,"2026年3月20日至2026年4月5日春季周六、周日和节假日
 2026年4月25日 - 2026年5月6日
 2026年7月18日至2026年8月30日夏季周六、周日和节假日
 2026年8月10日 - 2026年8月14日
 秋天
 冬季 2025年12月27日 - 2026年1月4日
 2026年1月10日 - 2026年1月12日","2026年3月20日至2026年4月5日春季周六、周日和节假日
 2026年4月25日 - 2026年5月6日
 2026年7月18日至2026年8月30日夏季周六、周日和节假日
 2026年8月10日 - 2026年8月14日
 秋天
 冬季 2025年12月27日 - 2026年1月4日
 2026年1月10日 - 2026年1月12日",,"[""https://www2s.biglobe.ne.jp/~t_aoyagi/railway/free/map/toei02.gif""]",,地方私鉄,"[""不能乘坐都电巴士、都营巴士。""]",1.0,"都营地铁站
 （新宿线的押上、目黑、白金台、白金高轮、新宿除外。）",东京都交通局列车部营业课电话：03-5320-6075,,https://www.kotsu.metro.tokyo.jp/subway/fare/otoku_subway_oneday.html,"[{""text"": ""東京都交通局"", ""url"": ""https://www.kotsu.metro.tokyo.jp/subway/fare/otoku_subway_oneday.html""}]",,https://www2s.biglobe.ne.jp/~t_aoyagi/railway/free/toei23.htm,toei23.htm,132,2026/8/10 1:30,都営地下鉄ワンデーパス PASMOワンデーパス,,,,https://www2s.biglobe.ne.jp/~t_aoyagi/railway/free/toei23.htm
toei92,ポケモン×工芸展－美とわざの大発見－都営まるごときっぷ,東京都交通局,"[""東京都交通局""]",1,False,kanto,关东,关东,"[""関東""]",kikan,期間限定タイプ,期间限定,"[""実券""]",True,False,ended,終了,,,700.0,350.0,350.0,大人：700円／小人：350円,1天,1.0,2024年11月1日 - 2025年2月2日,2024年11月1日 - 2025年2月2日,,"[""https://www2s.biglobe.ne.jp/~t_aoyagi/railway/free/map/toei03.gif""]",,地方私鉄,"[""您不能乘坐座位有限的巴士。""]",1.0,"都营浅草线：浅草、日本桥、五反田
 
都营三田线：高岛平、大手町
 
都营新宿线：水江
 
都营大江户线：光丘、六本木、大门",都营交通客户中心电话：03-3816-5700,,https://www.kotsu.metro.tokyo.jp/pickup_information/news/subway/2024/sub_p_2024103011760_h.html,"[{""text"": ""東京都交通局"", ""url"": ""https://www.kotsu.metro.tokyo.jp/pickup_information/news/subway/2024/sub_p_2024103011760_h.html""}]",,https://www2s.biglobe.ne.jp/~t_aoyagi/railway/free/toei92.htm,toei92.htm,133,2026/8/10 1:30,ポケモン×工芸展－美とわざの大発見－ 都営まるごときっぷ,"10,000枚",,,https://www2s.biglobe.ne.jp/~t_aoyagi/railway/free/toei92.htm
tokyu01,世田谷線散策きっぷ,東京急行電鉄,"[""東京急行電鉄""]",1,False,kanto,关东,关东,"[""関東""]",tunen,通年発売タイプ,全年发售,"[""実券"", ""デジタル""]",True,True,on_sale,発売中,,,100.0,190.0,100.0,"駅売り 大人：380円／小人：190円 
 Q SKIP 大人：360円 
 2026年3月13日〜3月19日 Q SKIP 大人：100円",1天,1.0,全年,仅限发售当天,,"[""https://www2s.biglobe.ne.jp/~t_aoyagi/railway/free/map/tokyu01.gif""]",,大手私鉄,[],0.0,"三轩茶屋、下高街道
 电子票：Klook Q SKIP",东急电铁株式会社电话：03-3477-0109,,http://www.tokyu.co.jp/railway/ticket/types/value_ticket/setagaya_ticket.html,"[{""text"": ""東急電鉄"", ""url"": ""http://www.tokyu.co.jp/railway/ticket/types/value_ticket/setagaya_ticket.html""}, {""text"": ""Q SKIP"", ""url"": ""https://www.q-skip.tokyu.co.jp/tickets/8""}, {""text"": ""Klook"", ""url"": ""https://www.klook.com/ja/activity/76498-setagaya-line-explorer-ticket-dynamic-voucher/""}]",,https://www2s.biglobe.ne.jp/~t_aoyagi/railway/free/tokyu01.htm,tokyu01.htm,134,2026/8/10 1:30,世田谷線散策きっぷ,,,,https://www2s.biglobe.ne.jp/~t_aoyagi/railway/free/tokyu01.htm
tokyu02,東急線トライアングルパス,東京急行電鉄,"[""東京急行電鉄""]",1,False,kanto,关东,关东,"[""関東""]",tunen,通年発売タイプ,全年发售,"[""実券"", ""デジタル""]",True,True,on_sale,発売中,,,450.0,240.0,240.0,"駅売り 大人：470円／小人：240円 
 Q SKIP 大人：450円",1天,1.0,全年,全年,,"[""https://www2s.biglobe.ne.jp/~t_aoyagi/railway/free/map/tokyu93.gif""]",,大手私鉄,[],0.0,"东急线各站的售票机
 问跳过",东急电铁公司/东急客户中心电话：03-3477-0109,,http://www.tokyu.co.jp/railway/ticket/types/value_ticket/triangle_ticket.html,"[{""text"": ""東急電鉄"", ""url"": ""http://www.tokyu.co.jp/railway/ticket/types/value_ticket/triangle_ticket.html""}, {""text"": ""Q SKIP"", ""url"": ""https://www.q-skip.tokyu.co.jp/tickets/6""}]",,https://www2s.biglobe.ne.jp/~t_aoyagi/railway/free/tokyu02.htm,tokyu02.htm,135,2026/8/10 1:30,東急線トライアングルパス,,,,https://www2s.biglobe.ne.jp/~t_aoyagi/railway/free/tokyu02.htm
tokyu03,横浜中華街旅グルメきっぷ,東京急行電鉄,"[""東京急行電鉄""]",1,False,kanto,关东,关东,"[""関東""]",tunen,通年発売タイプ,全年发售,"[""実券""]",True,False,on_sale,発売中,,,3300.0,2200.0,2200.0,"大人：3,300円／小人：2,200円",1天,1.0,全年,全年,,"[""https://www2s.biglobe.ne.jp/~t_aoyagi/railway/free/map/tokyu03.gif""]",,大手私鉄,[],0.0,东急线各车站柜台（横滨站、儿童国线、世田谷线站除外）,东急电铁株式会社电话：03-3477-0109,,http://www.tokyu.co.jp/railway/ticket/types/value_ticket/tabigurume_ticket.html,"[{""text"": ""東急電鉄"", ""url"": ""http://www.tokyu.co.jp/railway/ticket/types/value_ticket/tabigurume_ticket.html""}]",,https://www2s.biglobe.ne.jp/~t_aoyagi/railway/free/tokyu03.htm,tokyu03.htm,136,2026/8/10 1:30,横浜中華街旅グルメきっぷ,,,,https://www2s.biglobe.ne.jp/~t_aoyagi/railway/free/tokyu03.htm
tokyu91,東急線ワンデーパス,東京急行電鉄,"[""東京急行電鉄""]",1,False,kanto,关东,关东,"[""関東""]",tunen,通年発売タイプ,全年发售,"[""実券"", ""デジタル""]",True,True,on_sale,発売中,,,740.0,390.0,390.0,"駅売り 大人：780円／小人：390円 
 Q SKIP 大人：740円",1天,1.0,全年,全年,,"[""https://www2s.biglobe.ne.jp/~t_aoyagi/railway/free/map/tokyu.gif""]",,大手私鉄,[],0.0,"东急线车站（儿童国线、世田谷线车站除外）的自动售票机
 问跳过",东急电铁株式会社电话：03-3477-0109,,https://www.tokyu.co.jp/railway/ticket/value-ticket/oneday-pass/,"[{""text"": ""東急電鉄"", ""url"": ""https://www.tokyu.co.jp/railway/ticket/value-ticket/oneday-pass/""}, {""text"": ""Q SKIP"", ""url"": ""https://www.q-skip.tokyu.co.jp/tickets/4""}]",,https://www2s.biglobe.ne.jp/~t_aoyagi/railway/free/tokyu91.htm,tokyu91.htm,137,2026/8/10 1:30,東急線ワンデーパス,,,,https://www2s.biglobe.ne.jp/~t_aoyagi/railway/free/tokyu91.htm
tokyu95,東急線・東急バス 一日乗り放題パス,東京急行電鉄,"[""東京急行電鉄""]",1,False,kanto,关东,关东,"[""関東""]",tunen,通年発売タイプ,全年发售,"[""実券"", ""デジタル""]",True,True,on_sale,発売中,,,1060.0,560.0,560.0,"駅売り 大人：1,110円／小人：560円 
 Q SKIP 大人：1,060円",1天,1.0,现已发售,现已发售,,"[""https://www2s.biglobe.ne.jp/~t_aoyagi/railway/free/map/tokyu95.gif""]",,大手私鉄,"[""以下路线不适用（机场接驳巴士、高速共享巴士、通勤高速巴士、深夜高速巴士、八公巴士（上原～富谷路线、本町～笹冢循环路线、神宫前～千驮谷路线）、沟口～新横滨直达巴士）"", ""您可以支付普通票价的差额来乘坐深夜巴士。""]",2.0,"东急线各车站的自动售票机（世田谷线、儿童国线除外）
 问跳过",东急电铁公司/东急客户中心电话：03-3477-0109,,http://www.tokyu.co.jp/railway/ticket/types/value_ticket/ichinichinorihodai_ticket.html,"[{""text"": ""東急電鉄"", ""url"": ""http://www.tokyu.co.jp/railway/ticket/types/value_ticket/ichinichinorihodai_ticket.html""}, {""text"": ""Q SKIP"", ""url"": ""https://www.q-skip.tokyu.co.jp/tickets/32""}]",,https://www2s.biglobe.ne.jp/~t_aoyagi/railway/free/tokyu95.htm,tokyu95.htm,138,2026/8/10 1:30,東急線・東急バス 一日乗り放題パス,,,,https://www2s.biglobe.ne.jp/~t_aoyagi/railway/free/tokyu95.htm
tokyu05,東急線みなとみらい線ワンデーパス,東京急行電鉄,"[""東京急行電鉄"", ""横浜高速鉄道""]",2,True,kanto,关东,关东,"[""関東""]",tunen,通年発売タイプ,全年发售,"[""デジタル""]",False,True,on_sale,発売中,,,780.0,610.0,610.0,"大人：1,220円／小人：610円 
 Q SKIP 大人：1,190円 
 2025年6月9日〜2025年7月6日 Q SKIP 大人：780円",1天,1.0,全年,全年,,"[""https://www2s.biglobe.ne.jp/~t_aoyagi/railway/free/map/tokyu03.gif""]",,大手私鉄,"[""另外，需要“PASMO”。 （移动PASMO、Apple Pay PASMO、PASMO月票、信用卡综合PASMO、非PASMO IC卡除外）""]",1.0,"东急线车站（儿童国线、世田谷线车站除外）的自动售票机
 问跳过",东急电铁株式会社电话：03-3477-0109,,https://www.tokyu.co.jp/railway/ticket/types/value_ticket/minatomirai_onedayticket.html,"[{""text"": ""東急電鉄"", ""url"": ""https://www.tokyu.co.jp/railway/ticket/types/value_ticket/minatomirai_onedayticket.html""}, {""text"": ""Q SKIP"", ""url"": ""https://www.q-skip.tokyu.co.jp/tickets/59""}, {""text"": ""Q SKIP"", ""url"": ""https://www.q-skip.tokyu.co.jp/campaign/2""}]",,https://www2s.biglobe.ne.jp/~t_aoyagi/railway/free/tokyu05.htm,tokyu05.htm,139,2026/8/10 1:30,東急線みなとみらい線ワンデーパス,,,,https://www2s.biglobe.ne.jp/~t_aoyagi/railway/free/tokyu05.htm
tokyu07,池上線・東急多摩川線ワンデーパス,東京急行電鉄,"[""東京急行電鉄""]",1,False,kanto,关东,关东,"[""関東""]",tunen,通年発売タイプ,全年发售,"[""デジタル""]",False,True,on_sale,発売中,,,220.0,,220.0,"Q SKIP 大人：440円 
 2025年6月9日〜2025年7月6日 Q SKIP 大人：220円",1天,1.0,全年,全年,,"[""https://www2s.biglobe.ne.jp/~t_aoyagi/railway/free/map/tokyu07.gif""]",,大手私鉄,[],0.0,Q SKIP,东急电铁公司/东急客户中心电话：03-3477-0109,,https://www.tokyu.co.jp/railway/ticket/types/value_ticket/iketama_ticket.html,"[{""text"": ""東急電鉄"", ""url"": ""https://www.tokyu.co.jp/railway/ticket/types/value_ticket/iketama_ticket.html""}, {""text"": ""Q SKIP"", ""url"": ""https://www.q-skip.tokyu.co.jp/tickets/7""}, {""text"": ""Q SKIP"", ""url"": ""https://www.q-skip.tokyu.co.jp/campaign/2""}]",,https://www2s.biglobe.ne.jp/~t_aoyagi/railway/free/tokyu07.htm,tokyu07.htm,140,2026/8/10 1:30,池上線・東急多摩川線ワンデーパス,,,,https://www2s.biglobe.ne.jp/~t_aoyagi/railway/free/tokyu07.htm
sotetsutokyu01,相鉄・東急 共通1日乗車券,東京急行電鉄,"[""東京急行電鉄"", ""相模鉄道""]",2,True,kanto,关东,关东,"[""関東""]",tunen,通年発売タイプ,全年发售,[],False,False,on_sale,発売中,,,1300.0,520.0,520.0,"大人：1,300円／小人：520円",1天,1.0,2024 年 3 月 16 日 - 全年,2024 年 3 月 16 日 - 全年,,"[""https://www2s.biglobe.ne.jp/~t_aoyagi/railway/free/map/sotetsu-tokyu.gif""]",,大手私鉄,"[""另外，需要“PASMO”。 （移动PASMO、Apple Pay PASMO、PASMO月票、信用卡综合PASMO、非PASMO IC卡除外）""]",1.0,相铁线、东急线（世田谷线、儿童之国线除外）各站的自动售票机,相铁客户中心电话：045-319-2111,,https://www.sotetsu.co.jp/pressrelease/train/r24-43/,"[{""text"": ""相模鉄道"", ""url"": ""https://www.sotetsu.co.jp/pressrelease/train/r24-43/""}, {""text"": ""東急電鉄"", ""url"": ""https://www.tokyu.co.jp/information/list/Pid%3Dpost_53471.html""}]",,https://www2s.biglobe.ne.jp/~t_aoyagi/railway/free/sotetsutokyu01.htm,sotetsutokyu01.htm,141,2026/8/10 1:30,相鉄・東急 共通1日乗車券,,,,https://www2s.biglobe.ne.jp/~t_aoyagi/railway/free/sotetsutokyu01.htm
tokyu92,東急線キッズパス,東京急行電鉄,"[""東京急行電鉄""]",1,False,kanto,关东,关东,"[""関東""]",holiday,週末限定タイプ,周末限定,"[""実券""]",True,False,on_sale,発売中,,,100.0,,100.0,大人：-／小人：100円,1天,1.0,周六和节假日首班车 - 22:30,"周六及节假日
 2026年3月20日至2026年4月5日每天
 2026年7月17日至2026年8月30日每天",,"[""https://www2s.biglobe.ne.jp/~t_aoyagi/railway/free/map/tokyu.gif""]",,大手私鉄,[],0.0,"东急线车站（儿童国线、世田谷线车站除外）的自动售票机
 Q 跳过 (https://www.q-skip.tokyu.co.jp/)",东急电铁株式会社电话：03-3477-0109,,https://www.tokyu.co.jp/railway/ticket/types/value_ticket/kidspass_ticket.html,"[{""text"": ""東急電鉄"", ""url"": ""https://www.tokyu.co.jp/railway/ticket/types/value_ticket/kidspass_ticket.html""}]",,https://www2s.biglobe.ne.jp/~t_aoyagi/railway/free/tokyu92.htm,tokyu92.htm,142,2026/8/10 1:30,東急線キッズパス,,,,https://www2s.biglobe.ne.jp/~t_aoyagi/railway/free/tokyu92.htm
tokyu81,東急線・東京メトロ共通１日乗車券,東京急行電鉄,"[""東京急行電鉄""]",1,False,kanto,关东,关东,"[""関東""]",kikan,期間限定タイプ,期间限定,[],False,False,on_sale,発売中,,,1280.0,640.0,640.0,"大人：1,280円／小人：640円",1天,1.0,全年,全年,,"[""https://www2s.biglobe.ne.jp/~t_aoyagi/railway/free/map/tokyu81.gif""]",,大手私鉄,"[""另外，需要“PASMO”。 （移动PASMO、Apple Pay PASMO、PASMO月票、信用卡综合PASMO、非PASMO IC卡除外）""]",1.0,东急线车站（儿童国线、世田谷线车站除外）的自动售票机,东急电铁株式会社电话：03-3477-0109,,https://www.tokyu.co.jp/railway/ticket/types/value_ticket/metro_onedayticket.html,"[{""text"": ""東急電鉄"", ""url"": ""https://www.tokyu.co.jp/railway/ticket/types/value_ticket/metro_onedayticket.html""}]",,https://www2s.biglobe.ne.jp/~t_aoyagi/railway/free/tokyu81.htm,tokyu81.htm,143,2026/8/10 1:30,東急線・東京メトロ共通１日乗車券,,,,https://www2s.biglobe.ne.jp/~t_aoyagi/railway/free/tokyu81.htm
tokyu82,東急線・都営地下鉄・東京メトロ共通１日乗車券,東京急行電鉄,"[""東京急行電鉄""]",1,False,kanto,关东,关东,"[""関東""]",kikan,期間限定タイプ,期间限定,[],False,False,on_sale,発売中,,,1680.0,840.0,840.0,"大人：1,680円／小人：840円",1天,1.0,全年,全年,,"[""https://www2s.biglobe.ne.jp/~t_aoyagi/railway/free/map/tokyu82.gif""]",,大手私鉄,"[""另外，需要“PASMO”。 （移动PASMO、Apple Pay PASMO、PASMO月票、信用卡综合PASMO、非PASMO IC卡除外）""]",1.0,东急线车站（儿童国线、世田谷线车站除外）的自动售票机,东急电铁株式会社电话：03-3477-0109,,https://www.tokyu.co.jp/railway/ticket/types/value_ticket/subway_metro_onedayticket.html,"[{""text"": ""東急電鉄"", ""url"": ""https://www.tokyu.co.jp/railway/ticket/types/value_ticket/subway_metro_onedayticket.html""}]",,https://www2s.biglobe.ne.jp/~t_aoyagi/railway/free/tokyu82.htm,tokyu82.htm,144,2026/8/10 1:30,東急線・都営地下鉄・東京メトロ共通１日乗車券,,,,https://www2s.biglobe.ne.jp/~t_aoyagi/railway/free/tokyu82.htm
keikyu01,横浜1DAYきっぷ,京浜急行電鉄,"[""京浜急行電鉄""]",1,False,kanto,关东,关东,"[""関東""]",tunen,通年発売タイプ,全年发售,"[""実券""]",True,False,on_sale,発売中,,,1070.0,530.0,530.0,"大人：1,070円／小人：530円",1天,1.0,全年,仅限发售当天,,"[""https://www2s.biglobe.ne.jp/~t_aoyagi/railway/free/map/keikyu01.gif""]",,大手私鉄,"[""您可以乘坐横滨市营地铁线吉野町和上冈之间的线路，但中途不能下车。""]",1.0,"横滨～上大冈之间的各车站
 京急线各站（泉岳寺除外）均出售免费区间的往返车费。",京急电铁 TEL：03-3280-9144（铁道营业部）,,http://www.keikyu.co.jp/information/otoku/otoku_yokohama/index.html,"[{""text"": ""京浜急行電鉄"", ""url"": ""http://www.keikyu.co.jp/information/otoku/otoku_yokohama/index.html""}]",,https://www2s.biglobe.ne.jp/~t_aoyagi/railway/free/keikyu01.htm,keikyu01.htm,145,2026/8/10 1:30,横浜1DAYきっぷ,,,,https://www2s.biglobe.ne.jp/~t_aoyagi/railway/free/keikyu01.htm
keikyu03,東京1DAYきっぷ,京浜急行電鉄,"[""京浜急行電鉄""]",1,False,kanto,关东,关东,"[""関東""]",tunen,通年発売タイプ,全年发售,"[""実券""]",True,False,on_sale,発売中,,,910.0,450.0,450.0,大人：910円／小人：450円,1天,1.0,全年,仅限发售当天,,"[""https://www2s.biglobe.ne.jp/~t_aoyagi/railway/free/map/keikyu03.gif""]",,大手私鉄,"[""都营巴士不包括深夜巴士、有限座位巴士以及交通局规定的其他服务系统。""]",1.0,"品川站
 京急线（泉岳寺除外）各车站均出售前往免费区间的往返车票。",京急电铁 TEL：03-3280-9144（铁道营业部）,,http://www.keikyu.co.jp/information/otoku/otoku_tokyo/index.html,"[{""text"": ""京浜急行電鉄"", ""url"": ""http://www.keikyu.co.jp/information/otoku/otoku_tokyo/index.html""}]",,https://www2s.biglobe.ne.jp/~t_aoyagi/railway/free/keikyu03.htm,keikyu03.htm,146,2026/8/10 1:30,東京1DAYきっぷ,,,,https://www2s.biglobe.ne.jp/~t_aoyagi/railway/free/keikyu03.htm
keikyu02,三浦半島1DAYきっぷ,京浜急行電鉄,"[""京浜急行電鉄""]",1,False,kanto,关东,关东,"[""関東""]",tunen,通年発売タイプ,全年发售,"[""実券""]",True,False,on_sale,発売中,,,1260.0,500.0,500.0,"大人：1,260円／小人：500円",1天,1.0,全年,仅限发售当天,,"[""https://www2s.biglobe.ne.jp/~t_aoyagi/railway/free/map/keikyu02.gif""]",,大手私鉄,[],0.0,"免费区间站
 京急线（泉岳寺除外）各车站均出售前往免费区间的往返车票。有效期也是2天。",京急电铁 TEL：03-3280-9144（铁道营业部）,,https://www.keikyu.co.jp/visit/otoku/otoku_miura.html,"[{""text"": ""京浜急行電鉄"", ""url"": ""https://www.keikyu.co.jp/visit/otoku/otoku_miura.html""}]",,https://www2s.biglobe.ne.jp/~t_aoyagi/railway/free/keikyu02.htm,keikyu02.htm,147,2026/8/10 1:30,三浦半島1DAYきっぷ,,,,https://www2s.biglobe.ne.jp/~t_aoyagi/railway/free/keikyu02.htm
keikyu08,三浦半島まるごときっぷ,京浜急行電鉄,"[""京浜急行電鉄""]",1,False,kanto,关东,关东,"[""関東""]",tunen,通年発売タイプ,全年发售,"[""実券"", ""デジタル""]",True,True,on_sale,発売中,,,4300.0,3420.0,3420.0,"磁気券 大人：4,500円／小人：3,420円 
 デジタル券 大人：4,300円／小人：3,420円",2天,2.0,全年,仅限发售当天,,"[""https://www2s.biglobe.ne.jp/~t_aoyagi/railway/free/map/keikyu02.gif""]",,大手私鉄,"[""指定商店餐券"", ""该套票包含设施使用费或纪念券。""]",2.0,"免费区间站
 京急线（泉岳寺除外）各车站均出售前往免费区间的往返车票。 
 电子门票：Miura COCOON",京急电铁 TEL：03-3280-9144（铁道营业部）,,https://www.keikyu.co.jp/visit/otoku/marugoto/,"[{""text"": ""京浜急行電鉄"", ""url"": ""https://www.keikyu.co.jp/visit/otoku/marugoto/""}, {""text"": ""三浦COCOON"", ""url"": ""https://miuracocoon.com/tickets/""}]",,https://www2s.biglobe.ne.jp/~t_aoyagi/railway/free/keikyu08.htm,keikyu08.htm,148,2026/8/10 1:30,三浦半島まるごときっぷ,,,,https://www2s.biglobe.ne.jp/~t_aoyagi/railway/free/keikyu08.htm
keikyu04,よこすか満喫きっぷ,京浜急行電鉄,"[""京浜急行電鉄""]",1,False,kanto,关东,关东,"[""関東""]",tunen,通年発売タイプ,全年发售,"[""実券"", ""デジタル""]",True,True,on_sale,発売中,,,3010.0,2500.0,2500.0,"磁気乗車券 大人：3,210円／小人：2,500円 
 デジタルきっぷ 大人：3,010円／小人：2,500円",1天,1.0,全年,全年,,"[""https://www2s.biglobe.ne.jp/~t_aoyagi/railway/free/map/keikyu04.gif""]",,大手私鉄,[],0.0,"磁票：自由区内各车站自动售票机
 电子门票：Miura COCOON",京急电铁信息中心电话：03-5789-8686 或 045-441-0999,,https://www.keikyu.co.jp/visit/otoku/yokosuka_mankitsu/,"[{""text"": ""京浜急行電鉄"", ""url"": ""https://www.keikyu.co.jp/visit/otoku/yokosuka_mankitsu/""}, {""text"": ""三浦COCOON"", ""url"": ""https://miuracocoon.com/tickets/ot001/""}]",,https://www2s.biglobe.ne.jp/~t_aoyagi/railway/free/keikyu04.htm,keikyu04.htm,149,2026/8/10 1:30,よこすか満喫きっぷ,,,,https://www2s.biglobe.ne.jp/~t_aoyagi/railway/free/keikyu04.htm
keikyu11,京急全線1日フリーパス,京浜急行電鉄,"[""京浜急行電鉄""]",1,False,kanto,关东,关东,"[""関東""]",tunen,通年発売タイプ,全年发售,[],False,False,on_sale,発売中,,,2000.0,,2000.0,"大人：2,000円／小人：----円",1天,1.0,现已发售,发售日,,"[""https://www2s.biglobe.ne.jp/~t_aoyagi/railway/free/map/keikyu11.gif""]",,大手私鉄,"[""需要PASMO（签名/未签名）（移动PASMO、Apple Pay PASMO、PASMO月票、积分积分PASMO、非PASMO IC卡除外）""]",1.0,京急站柜台（泉岳寺站除外）,京急信息中心电话：03-5789-8686,,https://www.keikyu.co.jp/visit/otoku/otoku_pasmo_ensen.html,"[{""text"": ""京浜急行電鉄"", ""url"": ""https://www.keikyu.co.jp/visit/otoku/otoku_pasmo_ensen.html""}]",,https://www2s.biglobe.ne.jp/~t_aoyagi/railway/free/keikyu11.htm,keikyu11.htm,150,2026/8/10 1:30,京急全線1日フリーパス,,,,https://www2s.biglobe.ne.jp/~t_aoyagi/railway/free/keikyu11.htm
keikyu12,京急線・京急バス1日フリーパス,京浜急行電鉄,"[""京浜急行電鉄""]",1,False,kanto,关东,关东,"[""関東""]",tunen,通年発売タイプ,全年发售,[],False,False,on_sale,発売中,,,3200.0,,3200.0,"大人：3,200円／小人：---円",1天,1.0,现已发售,购买后24小时内,,"[""https://www2s.biglobe.ne.jp/~t_aoyagi/railway/free/map/keikyu12.gif""]",,大手私鉄,"[""需要PASMO（签名/未签名）（移动PASMO、Apple Pay PASMO、PASMO月票、积分积分PASMO、非PASMO IC卡除外）""]",1.0,京急站柜台（泉岳寺站除外）,京急信息中心电话：03-5789-8686,,https://www.keikyu.co.jp/visit/otoku/otoku_pasmo_ensen.html,"[{""text"": ""京浜急行電鉄"", ""url"": ""https://www.keikyu.co.jp/visit/otoku/otoku_pasmo_ensen.html""}]",,https://www2s.biglobe.ne.jp/~t_aoyagi/railway/free/keikyu12.htm,keikyu12.htm,151,2026/8/10 1:30,京急線・京急バス1日フリーパス,,,,https://www2s.biglobe.ne.jp/~t_aoyagi/railway/free/keikyu12.htm
keikyu13,東京周遊パス,京浜急行電鉄,"[""京浜急行電鉄""]",1,False,kanto,关东,关东,"[""関東""]",tunen,通年発売タイプ,全年发售,[],False,False,on_sale,発売中,,,1110.0,600.0,600.0,"大人：1,110円／小人：600円",1天,1.0,现已发售,发售日,,"[""https://www2s.biglobe.ne.jp/~t_aoyagi/railway/free/map/keikyu13.gif""]",,大手私鉄,"[""需要PASMO（签名/未签名）（移动PASMO、Apple Pay PASMO、PASMO月票、积分积分PASMO、非PASMO IC卡除外）""]",1.0,品川,京急信息中心电话：03-5789-8686,,https://www.keikyu.co.jp/visit/otoku/otoku_pasmo_ensen.html,"[{""text"": ""京浜急行電鉄"", ""url"": ""https://www.keikyu.co.jp/visit/otoku/otoku_pasmo_ensen.html""}]",,https://www2s.biglobe.ne.jp/~t_aoyagi/railway/free/keikyu13.htm,keikyu13.htm,152,2026/8/10 1:30,東京周遊パス,,,,https://www2s.biglobe.ne.jp/~t_aoyagi/railway/free/keikyu13.htm
odakyu11,丹沢・大山フリーパス,小田急電鉄,"[""小田急電鉄""]",1,False,kanto,关东,关东,"[""関東""]",tunen,通年発売タイプ,全年发售,"[""実券"", ""デジタル""]",True,True,on_sale,発売中,,,790.0,400.0,400.0,"Ａきっぷ 大人：1,750円／小人：880円 
 Ｂきっぷ 大人：790円／小人：400円",2天,2.0,全年,全年,,"[""https://www2s.biglobe.ne.jp/~t_aoyagi/railway/free/map/odakyu11.gif""]",,大手私鉄,[],0.0,"小田急线本津站～涩泽站各站设有自动售货机
 小田急旅行办事处
 埃莫特",小田急电铁/小田急客户中心 TEL:03-3481-0066,,https://www.odakyu-freepass.jp/tanzawa/,"[{""text"": ""小田急電鉄"", ""url"": ""https://www.odakyu-freepass.jp/tanzawa/""}, {""text"": ""ＭａａＳアプリ「ＥＭｏｔ」"", ""url"": ""https://www.emot.jp/service/detail/tanzawaoyama_freepass.html""}]",,https://www2s.biglobe.ne.jp/~t_aoyagi/railway/free/odakyu11.htm,odakyu11.htm,153,2026/8/10 1:30,丹沢・大山フリーパス,,,,https://www2s.biglobe.ne.jp/~t_aoyagi/railway/free/odakyu11.htm
keio02,京王線・井の頭線一日乗車券,京王電鉄,"[""京王電鉄""]",1,False,kanto,关东,关东,"[""関東""]",tunen,通年発売タイプ,全年发售,"[""実券""]",True,False,on_sale,発売中,,,1000.0,500.0,500.0,"大人：1,000円／小人：500円",1天,1.0,全年,全年,,"[""https://www2s.biglobe.ne.jp/~t_aoyagi/railway/free/map/keio.gif""]",,大手私鉄,[],0.0,京王线/井之头线车站,京王客户中心电话：03-3325-6644,,https://www.keio.co.jp/train/ticket/profitable/#section4,"[{""text"": ""京王電鉄"", ""url"": ""https://www.keio.co.jp/train/ticket/profitable/#section4""}]",,https://www2s.biglobe.ne.jp/~t_aoyagi/railway/free/keio02.htm,keio02.htm,154,2026/8/10 1:30,京王線・井の頭線一日乗車券,,,,https://www2s.biglobe.ne.jp/~t_aoyagi/railway/free/keio02.htm
keio01,京王アミューズメントパスポート,京王電鉄,"[""京王電鉄""]",1,False,kanto,关东,关东,"[""関東""]",tunen,通年発売タイプ,全年发售,"[""実券""]",True,False,on_sale,発売中,,,4460.0,3030.0,3030.0,"遊園地 大人 小人 中高生 
 よみうりランド 5,620円 3,920円 4,530円 
 東京サマーランド 5,470円 3,090円 4,470円 
 サンリオ 
 ピューロランド 4,460円 3,030円 3,360円",1天,1.0,"全年
 “东京夏日乐园”从 7 月到 9 月按季节出售。",全年,"设置门票内容
 
 
 游乐园内容
 读卖乐园
 
 一日通行证
 
*缆车和 WAI 泳池需额外收费
 
 东京夏日乐园
 1 天通行证
 西东京巴士往返车票
 *从京王八王子站出发
 三丽鸥
 彩虹乐园
 护照","[""https://www2s.biglobe.ne.jp/~t_aoyagi/railway/free/map/keio.gif""]",,大手私鉄,[],0.0,京王线/井之头线车站,京王电铁电话：,,https://www.keio.co.jp/train/ticket/profitable/#section1,"[{""text"": ""京王電鉄"", ""url"": ""https://www.keio.co.jp/train/ticket/profitable/#section1""}]",,https://www2s.biglobe.ne.jp/~t_aoyagi/railway/free/keio01.htm,keio01.htm,155,2026/8/10 1:30,京王アミューズメントパスポート,,,,https://www2s.biglobe.ne.jp/~t_aoyagi/railway/free/keio01.htm
keio03,いのかしら おでかけきっぷ,京王電鉄,"[""京王電鉄""]",1,False,kanto,关东,关东,"[""関東""]",tunen,通年発売タイプ,全年发售,"[""実券""]",True,False,on_sale,発売中,,,580.0,290.0,290.0,大人：580円／小人：290円,1天,1.0,全年,全年,,"[""https://www2s.biglobe.ne.jp/~t_aoyagi/railway/free/map/keio03.gif""]",,大手私鉄,[],0.0,"井之头线全线
 京王线新宿站～明大前站各站的自动售票机",京王客户中心电话：03-3325-6644,,https://www.keio.co.jp/train/ticket/profitable/index.html,"[{""text"": ""京王電鉄"", ""url"": ""https://www.keio.co.jp/train/ticket/profitable/index.html""}]",,https://www2s.biglobe.ne.jp/~t_aoyagi/railway/free/keio03.htm,keio03.htm,156,2026/8/10 1:30,いのかしら おでかけきっぷ,,,,https://www2s.biglobe.ne.jp/~t_aoyagi/railway/free/keio03.htm
keio103,「京王電鉄×PERSONA30th ANNIVERSARY 京王線・井の頭線一日乗車券,京王電鉄,"[""京王電鉄""]",1,False,kanto,关东,关东,"[""関東""]",kikan,期間限定タイプ,期间限定,"[""実券""]",True,False,ended,終了,,,1500.0,,1500.0,"大人：1,500円",1天,1.0,2026年2月6日 - 2026年9月30日,2026年2月6日 - 2026年9月30日,,"[""https://www2s.biglobe.ne.jp/~t_aoyagi/railway/free/map/keio.gif""]",,大手私鉄,[],0.0,新宿、樱花上水、府中、涩谷、吉祥寺,京王客户中心电话：042-357-6161,,https://www.keio.co.jp/news/update/news_release/news_release2025/pdf/nr20250109_persona.pdf,"[{""text"": ""京王電鉄"", ""url"": ""https://www.keio.co.jp/news/update/news_release/news_release2025/pdf/nr20250109_persona.pdf""}]",,https://www2s.biglobe.ne.jp/~t_aoyagi/railway/free/keio103.htm,keio103.htm,157,2026/8/10 1:30,「京王電鉄×PERSONA30th ANNIVERSARY 京王線・井の頭線一日乗車券,,,,https://www2s.biglobe.ne.jp/~t_aoyagi/railway/free/keio103.htm
keio105,『銀魂』春のぶらり旅〜どうせ暇だろ、コノヤロー。〜×京王電鉄 京王線・井の頭線一日乗車券,京王電鉄,"[""京王電鉄""]",1,False,kanto,关东,关东,"[""関東""]",kikan,期間限定タイプ,期间限定,"[""実券""]",True,False,ended,終了,,,1500.0,,1500.0,"大人：1,500円",1天,1.0,2026年2月28日 - 2026年8月31日,2026年2月28日 - 2026年8月31日,,"[""https://www2s.biglobe.ne.jp/~t_aoyagi/railway/free/map/keio.gif""]",,大手私鉄,[],0.0,新宿、调布、高畠不动、高尾、涩谷,京王客户中心电话：03-3325-6644,,https://www.keio.co.jp/news/update/news_release/news_release2025/pdf/nr20260206_gintama.pdf,"[{""text"": ""京王電鉄"", ""url"": ""https://www.keio.co.jp/news/update/news_release/news_release2025/pdf/nr20260206_gintama.pdf""}]",,https://www2s.biglobe.ne.jp/~t_aoyagi/railway/free/keio105.htm,keio105.htm,158,2026/8/10 1:30,『銀魂』春のぶらり旅〜どうせ暇だろ、コノヤロー。〜×京王電鉄 京王線・井の頭線一日乗車券,,,,https://www2s.biglobe.ne.jp/~t_aoyagi/railway/free/keio105.htm
keio107,銀河特急 ミルキー☆サブウェイ×京王電鉄 京王線・井の頭線一日乗車券,京王電鉄,"[""京王電鉄""]",1,False,kanto,关东,关东,"[""関東""]",kikan,期間限定タイプ,期间限定,"[""実券""]",True,False,ended,終了,,,1500.0,,1500.0,"大人：1,500円",1天,1.0,2026年5月1日 - 2026年8月31日,2026年5月1日 - 2026年8月31日,,"[""https://www2s.biglobe.ne.jp/~t_aoyagi/railway/free/map/keio.gif""]",,大手私鉄,[],0.0,新宿、樱花上水、府中、涩谷、吉祥寺,京王客户中心电话：03-3325-6644,,https://www.keio.co.jp/news/update/news_release/news_release2026/pdf/nr20260413_milkygalacticuniverse.pdf,"[{""text"": ""京王電鉄"", ""url"": ""https://www.keio.co.jp/news/update/news_release/news_release2026/pdf/nr20260413_milkygalacticuniverse.pdf""}]",,https://www2s.biglobe.ne.jp/~t_aoyagi/railway/free/keio107.htm,keio107.htm,159,2026/8/10 1:30,銀河特急 ミルキー☆サブウェイ×京王電鉄 京王線・井の頭線一日乗車券,,,,https://www2s.biglobe.ne.jp/~t_aoyagi/railway/free/keio107.htm
yurikamome03,ゆりかもめ24時間券,ゆりかもめ,"[""ゆりかもめ""]",1,False,kanto,关东,关东,"[""関東""]",tunen,通年発売タイプ,全年发售,[],False,False,on_sale,発売中,,,900.0,450.0,450.0,大人：900円 小人：450円,自购买之日起24小时内,1.0,全年,全年,,"[""https://www2s.biglobe.ne.jp/~t_aoyagi/railway/free/map/yurikamome.gif""]",,地方私鉄,"[""PASMO专用""]",1.0,各车站设有自动售票机,百合海鸥营业部 03-3529-7782,,https://www.yurikamome.co.jp/ticket/coupon.html?type=24hour,"[{""text"": ""ゆりかもめ"", ""url"": ""https://www.yurikamome.co.jp/ticket/coupon.html?type=24hour""}]",,https://www2s.biglobe.ne.jp/~t_aoyagi/railway/free/yurikamome03.htm,yurikamome03.htm,160,2026/8/10 1:30,ゆりかもめ24時間券,,,,https://www2s.biglobe.ne.jp/~t_aoyagi/railway/free/yurikamome03.htm
yurikamome11,【ゆりかもめEnjoy Pass】ゆりかもめ一日乗車券,ゆりかもめ,"[""ゆりかもめ""]",1,False,kanto,关东,关东,"[""関東""]",tunen,通年発売タイプ,全年发售,"[""デジタル""]",False,True,on_sale,発売中,,,820.0,200.0,200.0,"大人：820円 小人：410円 
 2026/7/22〜11/30 小人：200円",1天,1.0,现已发售,自购买之日起 90 天内,,"[""https://www2s.biglobe.ne.jp/~t_aoyagi/railway/free/map/yurikamome.gif""]",,地方私鉄,[],0.0,百合海鸥 Enjoy Pass 约旦手机票,百合海鸥营业部 03-3529-7782,,https://ars-yurikamome.triplabo.jp/activity/ja/LINKTIVITY-XUW91,"[{""text"": ""ゆりかもめ"", ""url"": ""https://ars-yurikamome.triplabo.jp/activity/ja/LINKTIVITY-XUW91""}, {""text"": ""ジョルダンモバイルチケット"", ""url"": ""https://ticket.jorudan.co.jp/yurikamome/ja/""}]",,https://www2s.biglobe.ne.jp/~t_aoyagi/railway/free/yurikamome11.htm,yurikamome11.htm,161,2026/8/10 1:30,【ゆりかもめEnjoy Pass】 ゆりかもめ一日乗車券,,,,https://www2s.biglobe.ne.jp/~t_aoyagi/railway/free/yurikamome11.htm
yurikamome12,【ゆりかもめEnjoy Pass】ゆりかもめ24時間券,ゆりかもめ,"[""ゆりかもめ""]",1,False,kanto,关东,关东,"[""関東""]",tunen,通年発売タイプ,全年发售,"[""デジタル""]",False,True,on_sale,発売中,,,820.0,410.0,410.0,大人：820円 小人：410円,1天,1.0,现已发售,自购买之日起 90 天内，开始使用后 24 小时内,,"[""https://www2s.biglobe.ne.jp/~t_aoyagi/railway/free/map/yurikamome.gif""]",,地方私鉄,[],0.0,百合海鸥 Enjoy Pass 约旦手机票,百合海鸥营业部 03-3529-7782,,https://www.yurikamome.co.jp/ticket/digital-ticket.html,"[{""text"": ""ゆりかもめ"", ""url"": ""https://www.yurikamome.co.jp/ticket/digital-ticket.html""}, {""text"": ""ジョルダンモバイルチケット"", ""url"": ""https://ticket.jorudan.co.jp/yurikamome/ja/""}]",,https://www2s.biglobe.ne.jp/~t_aoyagi/railway/free/yurikamome12.htm,yurikamome12.htm,162,2026/8/10 1:30,【ゆりかもめEnjoy Pass】 ゆりかもめ24時間券,－,,,https://www2s.biglobe.ne.jp/~t_aoyagi/railway/free/yurikamome12.htm
yurikamome13,【ゆりかもめEnjoy Pass】ゆりかもめ一日乗車券＋Tokyo Subway Ticket（24時間券）,ゆりかもめ,"[""ゆりかもめ""]",1,False,kanto,关东,关东,"[""関東""]",tunen,通年発売タイプ,全年发售,"[""デジタル""]",False,True,on_sale,発売中,,,1620.0,810.0,810.0,"大人：1,620円 小人：810円",1天,1.0,现已发售,"百合海鸥一日票：自购买之日起 90 天内
 
东京地铁车票：自购买之日起12个月内",,"[""https://www2s.biglobe.ne.jp/~t_aoyagi/railway/free/map/yurikamome13.gif""]",,地方私鉄,[],0.0,百合海鸥享受通行证,百合海鸥营业部 03-3529-7782,,https://ars-yurikamome.triplabo.jp/home,"[{""text"": ""ゆりかもめ"", ""url"": ""https://ars-yurikamome.triplabo.jp/home""}]",,https://www2s.biglobe.ne.jp/~t_aoyagi/railway/free/yurikamome13.htm,yurikamome13.htm,163,2026/8/10 1:30,【ゆりかもめEnjoy Pass】 ゆりかもめ一日乗車券＋Tokyo Subway Ticket（24時間券）,---,,,https://www2s.biglobe.ne.jp/~t_aoyagi/railway/free/yurikamome13.htm
yurikamome95,コミックマーケット版【ゆりかもめEnjoy Pass】ゆりかもめ一日乗車券,ゆりかもめ,"[""ゆりかもめ""]",1,False,kanto,关东,关东,"[""関東""]",kikan,期間限定タイプ,期间限定,"[""デジタル""]",False,True,ended,終了,,,820.0,410.0,410.0,大人：820円 小人：410円,1天,1.0,从 2025 年 8 月 7 日起,自购买之日起 90 天内,,"[""https://www2s.biglobe.ne.jp/~t_aoyagi/railway/free/map/yurikamome.gif""]",,地方私鉄,[],0.0,百合海鸥享受通行证,百合海鸥营业部 03-3529-7782,,https://www.yurikamome.co.jp/company/news/20250807_3624.html,"[{""text"": ""ゆりかもめ"", ""url"": ""https://www.yurikamome.co.jp/company/news/20250807_3624.html""}]",,https://www2s.biglobe.ne.jp/~t_aoyagi/railway/free/yurikamome95.htm,yurikamome95.htm,164,2026/8/10 1:30,コミックマーケット版 【ゆりかもめEnjoy Pass】 ゆりかもめ一日乗車券,不明,,,https://www2s.biglobe.ne.jp/~t_aoyagi/railway/free/yurikamome95.htm
rinkai01,りんかい線１日乗車券,東京臨海高速鉄道,"[""東京臨海高速鉄道""]",1,False,kanto,关东,关东,"[""関東""]",tunen,通年発売タイプ,全年发售,"[""実券""]",True,False,on_sale,発売中,,,730.0,370.0,370.0,大人：730円／小人：370円,1天,1.0,全年,全年,,"[""https://www2s.biglobe.ne.jp/~t_aoyagi/railway/free/map/rinkai.gif""]",,地方私鉄,[],0.0,临海线车站（大崎站除外）,东京临海高速铁道总公司营业部电话：03-3527-7134,,https://www.twr.co.jp/route/tabid/126/Default.aspx,"[{""text"": ""東京臨海高速鉄道"", ""url"": ""https://www.twr.co.jp/route/tabid/126/Default.aspx""}]",,https://www2s.biglobe.ne.jp/~t_aoyagi/railway/free/rinkai01.htm,rinkai01.htm,165,2026/8/10 1:30,りんかい線１日乗車券,,,,https://www2s.biglobe.ne.jp/~t_aoyagi/railway/free/rinkai01.htm
rinkai91,コミックマーケット108 記念1日乗車券,東京臨海高速鉄道,"[""東京臨海高速鉄道""]",1,False,kanto,关东,关东,"[""関東""]",kikan,期間限定タイプ,期间限定,"[""実券""]",True,False,period,2026/7/31  〜12/31,2026/7/31,2026/12/31,730.0,,730.0,大人：730円,1天,1.0,"108：2026年7月31日 - 2026年12月31日
 107：2025年12月17日 - 2026年3月31日","108：2026年7月31日 - 2026年12月31日
 107：2025年12月17日 - 2026年3月31日",,"[""https://www2s.biglobe.ne.jp/~t_aoyagi/railway/free/map/rinkai.gif""]",,地方私鉄,[],0.0,"临海线各站人工检票口
 临海线官方商店",东京临海高速铁道总公司营业部电话：03-3527-7134,,https://www.twr.co.jp/tabid/101/Default.aspx?itemid=1119&dispmid=860,"[{""text"": ""東京臨海高速鉄道"", ""url"": ""https://www.twr.co.jp/tabid/101/Default.aspx?itemid=1119&dispmid=860""}]",,https://www2s.biglobe.ne.jp/~t_aoyagi/railway/free/rinkai91.htm,rinkai91.htm,166,2026/8/10 1:30,コミックマーケット108 記念１日乗車券,,,,https://www2s.biglobe.ne.jp/~t_aoyagi/railway/free/rinkai91.htm
rinkai92,ジブリの立体造型物展 1日乗車券,東京臨海高速鉄道,"[""東京臨海高速鉄道""]",1,False,kanto,关东,关东,"[""関東""]",kikan,期間限定タイプ,期间限定,"[""実券""]",True,False,ended,終了,,,730.0,,730.0,大人：730円,1天,1.0,2025年5月16日 - 2025年11月30日,2025年5月16日 - 2025年11月30日,,"[""https://www2s.biglobe.ne.jp/~t_aoyagi/railway/free/map/rinkai.gif""]",,地方私鉄,[],0.0,"临海线各站人工检票口
 临海线官方商店",东京临海高速铁道总公司营业部电话：03-3527-7134,,https://www.twr.co.jp/tabid/101/Default.aspx?itemid=1064&dispmid=860,"[{""text"": ""東京臨海高速鉄道"", ""url"": ""https://www.twr.co.jp/tabid/101/Default.aspx?itemid=1064&dispmid=860""}]",,https://www2s.biglobe.ne.jp/~t_aoyagi/railway/free/rinkai92.htm,rinkai92.htm,167,2026/8/10 1:30,ジブリの立体造型物展 1日乗車券,,,,https://www2s.biglobe.ne.jp/~t_aoyagi/railway/free/rinkai92.htm
monorail01,東京モノレール沿線お散歩1dayパス,東京モノレール,"[""東京モノレール""]",1,False,kanto,关东,关东,"[""関東""]",holiday,週末限定タイプ,周末限定,"[""実券""]",True,False,on_sale,発売中,,,700.0,350.0,350.0,大人：700円 小人：350円,1天,1.0,使用当天,"周六及节假日
 2021年4月29日 - 2021年5月5日
 2021年12月29日 - 2022年1月3日",,"[""https://www2s.biglobe.ne.jp/~t_aoyagi/railway/free/map/tokyo_monorail.gif""]",,地方私鉄,[],0.0,东京单轨电车所有车站,东京单轨电车：,,http://www.tokyo-monorail.co.jp/tickets/value/ensenosanpo.html,"[{""text"": ""東京モノレール"", ""url"": ""http://www.tokyo-monorail.co.jp/tickets/value/ensenosanpo.html""}]",,https://www2s.biglobe.ne.jp/~t_aoyagi/railway/free/monorail01.htm,monorail01.htm,168,2026/8/10 1:30,東京モノレール沿線お散歩1dayパス,,,,https://www2s.biglobe.ne.jp/~t_aoyagi/railway/free/monorail01.htm
tama01,一日乗車券,多摩都市モノレール,"[""多摩都市モノレール""]",1,False,kanto,关东,关东,"[""関東""]",tunen,通年発売タイプ,全年发售,"[""実券""]",True,False,on_sale,発売中,,,890.0,450.0,450.0,大人：890円／小人：450円,1天,1.0,全年,发售日,,"[""https://www2s.biglobe.ne.jp/~t_aoyagi/railway/free/map/tama.gif""]",,地方私鉄,[],0.0,各车站设有自动售票机,多摩都市单轨电车 TEL:042-526-7816,,https://www.tama-monorail.co.jp/monorail/ticket/index.html,"[{""text"": ""多摩都市モノレール"", ""url"": ""https://www.tama-monorail.co.jp/monorail/ticket/index.html""}]",,https://www2s.biglobe.ne.jp/~t_aoyagi/railway/free/tama01.htm,tama01.htm,169,2026/8/10 1:30,一日乗車券,,,,https://www2s.biglobe.ne.jp/~t_aoyagi/railway/free/tama01.htm
tama02,多摩モノレールセット券,多摩都市モノレール,"[""多摩都市モノレール""]",1,False,kanto,关东,关东,"[""関東""]",tunen,通年発売タイプ,全年发售,"[""実券""]",True,False,on_sale,発売中,,,920.0,,500.0,"対象施設 大人 小人 内容 
 ららぽーと立川立飛 1,000円 ― お買物・お食事券引換券500円分 
 国営昭和記念公園 920円 
 (高校生以上) ― 国営昭和記念公園入園券付き 
 多摩動物公園 1,000円 
 (高校生以上) ― 入園整理券付き",1天,1.0,"全年
 “LaLaport 立川立飞”不定期发售。",发售日,,"[""https://www2s.biglobe.ne.jp/~t_aoyagi/railway/free/map/tama.gif""]",,地方私鉄,"[""“LaLaport 立川立飞”不定期发售。""]",1.0,各车站设有自动售票机,多摩都市单轨电车 TEL:042-526-7816,,https://www.tama-monorail.co.jp/monorail/ticket/set/index.html,"[{""text"": ""多摩都市モノレール"", ""url"": ""https://www.tama-monorail.co.jp/monorail/ticket/set/index.html""}]",,https://www2s.biglobe.ne.jp/~t_aoyagi/railway/free/tama02.htm,tama02.htm,170,2026/8/10 1:30,多摩モノレールセット券,,,,https://www2s.biglobe.ne.jp/~t_aoyagi/railway/free/tama02.htm
tama92,たまモノこどもワンデーパス,多摩都市モノレール,"[""多摩都市モノレール""]",1,False,kanto,关东,关东,"[""関東""]",kikan,期間限定タイプ,期间限定,"[""実券""]",True,False,period,2026/7/18  〜9/30,2026/7/18,2026/9/30,,200.0,200.0,小人：200円,1天,1.0,"2026年4月25日 - 2026年5月31日
 2026年7月18日 - 2026年9月30日","2026年4月25日 - 2026年5月31日
 2026年7月18日 - 2026年9月30日",,"[""https://www2s.biglobe.ne.jp/~t_aoyagi/railway/free/map/tama.gif""]",,地方私鉄,[],0.0,多摩单轨电车各车站的自动售票机,多摩都市单轨电车 TEL:042-526-7816,,https://www.tama-monorail.co.jp/2026/07/post-580.html,"[{""text"": ""多摩都市モノレール"", ""url"": ""https://www.tama-monorail.co.jp/2026/07/post-580.html""}]",,https://www2s.biglobe.ne.jp/~t_aoyagi/railway/free/tama92.htm,tama92.htm,171,2026/8/10 1:30,たまモノこどもワンデーパス,,,,https://www2s.biglobe.ne.jp/~t_aoyagi/railway/free/tama92.htm
yokohama11,地下鉄１日乗車券,横浜市交通局,"[""横浜市交通局""]",1,False,kanto,关东,关东,"[""関東""]",tunen,通年発売タイプ,全年发售,"[""実券"", ""デジタル""]",True,True,on_sale,発売中,,,740.0,370.0,370.0,大人：740円／小人：370円,1天,1.0,全年,全年,,"[""https://www2s.biglobe.ne.jp/~t_aoyagi/railway/free/map/yokohama01.gif""]",,地方私鉄,[],0.0,"各车站自动售货机、地铁站办公室、月票销售处
 也可以安装在PASMO上
 我的路线",横滨市交通局 TEL：045-671-3177（地铁）,,https://www.city.yokohama.lg.jp/kotsu/bus/unchin/ichinichi.html#07D6B,"[{""text"": ""横浜市交通局"", ""url"": ""https://www.city.yokohama.lg.jp/kotsu/bus/unchin/ichinichi.html#07D6B""}, {""text"": ""my route"", ""url"": ""https://www.myroute.fun/contents/ticket/20220730.html#anchor01""}]",,https://www2s.biglobe.ne.jp/~t_aoyagi/railway/free/yokohama11.htm,yokohama11.htm,172,2026/8/10 1:30,地下鉄１日乗車券 地下鉄IC１日乗車券,,,,https://www2s.biglobe.ne.jp/~t_aoyagi/railway/free/yokohama11.htm
yokohama12,バス・地下鉄１日乗車券,横浜市交通局,"[""横浜市交通局""]",1,False,kanto,关东,关东,"[""関東""]",tunen,通年発売タイプ,全年发售,"[""実券"", ""デジタル""]",True,True,on_sale,発売中,,,830.0,420.0,420.0,大人：830円／小人：420円,1天,1.0,全年,全年,,"[""https://www2s.biglobe.ne.jp/~t_aoyagi/railway/free/map/yokohama02.gif""]",,地方私鉄,[],0.0,"各车站自动售货机、地铁站办公室、月票销售处
 我的路线",横滨市交通局 TEL：045-671-3177（地铁）,,https://www.city.yokohama.lg.jp/kotsu/bus/unchin/ichinichi.html#3362D,"[{""text"": ""横浜市交通局"", ""url"": ""https://www.city.yokohama.lg.jp/kotsu/bus/unchin/ichinichi.html#3362D""}, {""text"": ""my route"", ""url"": ""https://www.myroute.fun/contents/ticket/20220730.html#anchor01""}]",,https://www2s.biglobe.ne.jp/~t_aoyagi/railway/free/yokohama12.htm,yokohama12.htm,173,2026/8/10 1:30,バス・地下鉄１日乗車券,,,,https://www2s.biglobe.ne.jp/~t_aoyagi/railway/free/yokohama12.htm
yokohama06,みなとぶらりチケット,横浜市交通局,"[""横浜市交通局""]",1,False,kanto,关东,关东,"[""関東""]",tunen,通年発売タイプ,全年发售,"[""実券"", ""デジタル""]",True,True,on_sale,発売中,,,700.0,350.0,350.0,大人：700円／小人：350円,1天,1.0,全年,全年,,"[""https://www2s.biglobe.ne.jp/~t_aoyagi/railway/free/map/yokohama06.gif""]",,地方私鉄,[],0.0,"横滨站、高岛町站、樱木町站、关内站、伊势佐木町站
 横滨站客户服务中心、关内站定期票销售处、横滨站东口定期票销售柜台
 观光信息中心（樱木町）
 日本旅游、近畿日本旅游、名铁观光、HIS（优惠券在售票处出售和兑换）
 城市酒店
 远州铁道滨松站巴士总站售票中心、高速巴士滨松横滨线内
 我的路线",横滨市交通局 TEL: 045-671-3161,,https://www.city.yokohama.lg.jp/kotsu/bus/unchin/minatoburari.html#8B4F0,"[{""text"": ""横浜市交通局"", ""url"": ""https://www.city.yokohama.lg.jp/kotsu/bus/unchin/minatoburari.html#8B4F0""}, {""text"": ""my route(マイルート)"", ""url"": ""https://top.myroute.fun/ticket/kanagawa""}]",,https://www2s.biglobe.ne.jp/~t_aoyagi/railway/free/yokohama06.htm,yokohama06.htm,174,2026/8/10 1:30,みなとぶらりチケット,,,,https://www2s.biglobe.ne.jp/~t_aoyagi/railway/free/yokohama06.htm
yokohama07,みなとぶらりチケットワイド,横浜市交通局,"[""横浜市交通局""]",1,False,kanto,关东,关东,"[""関東""]",tunen,通年発売タイプ,全年发售,"[""実券"", ""デジタル""]",True,True,on_sale,発売中,,,750.0,380.0,380.0,大人：750円／小人：380円,1天,1.0,全年,全年,,"[""https://www2s.biglobe.ne.jp/~t_aoyagi/railway/free/map/yokohama07.gif""]",,地方私鉄,[],0.0,"新横滨、横滨、高岛町、樱木町、关内、伊势佐木长者町、阪东桥、吉野町
 横滨站东口月票销售柜台
 日本旅游、近畿日本旅游、名铁观光、HIS（优惠券在售票处出售和兑换）
 城市酒店
 我的路线",横滨市交通局 TEL: 045-671-3161,,https://www.city.yokohama.lg.jp/kotsu/bus/unchin/minatoburari.html#2134C,"[{""text"": ""横浜市交通局"", ""url"": ""https://www.city.yokohama.lg.jp/kotsu/bus/unchin/minatoburari.html#2134C""}, {""text"": ""my route(マイルート)"", ""url"": ""https://top.myroute.fun/ticket/kanagawa""}]",,https://www2s.biglobe.ne.jp/~t_aoyagi/railway/free/yokohama07.htm,yokohama07.htm,175,2026/8/10 1:30,みなとぶらりチケットワイド,,,,https://www2s.biglobe.ne.jp/~t_aoyagi/railway/free/yokohama07.htm
yokohama92,横浜春節祭2026デザインみなとぶらりチケット,横浜市交通局,"[""横浜市交通局""]",1,False,kanto,关东,关东,"[""関東""]",kikan,期間限定タイプ,期间限定,"[""実券"", ""デジタル""]",True,True,ended,終了,,,500.0,250.0,250.0,大人：500円／小人：250円,1天,1.0,2026年1月20日 - 2026年3月3日,"2026年1月20日 - 2026年3月31日
 对于数字版本，自购买之日起 180 天内",,"[""https://www2s.biglobe.ne.jp/~t_aoyagi/railway/free/map/yokohama04.gif""]",,地方私鉄,[],0.0,"横滨、高岛町、樱木町、关内、伊势佐木长者町
 
横滨站东口月票销售处
 
横滨站客户服务中心
 
樱木町站旅游咨询中心
 
横滨新大谷高级酒店
 
三井花园饭店横滨港未来普米尔
 
横滨玫瑰酒店
 
横滨樱木町华盛顿酒店
 
横滨湾喜来登大酒店
 
横滨马车道里士满酒店
 
 横滨旅游信息网站",横滨市交通局高铁本部销售课 TEL：045-671-3171,文化/旅游设施、购物/休闲设施等可享受折扣和其他服务。,https://www.city.yokohama.lg.jp/kotsu/bus/oshirase/shunsetsu2026.html,"[{""text"": ""横浜市交通局"", ""url"": ""https://www.city.yokohama.lg.jp/kotsu/bus/oshirase/shunsetsu2026.html""}]",,https://www2s.biglobe.ne.jp/~t_aoyagi/railway/free/yokohama92.htm,yokohama92.htm,176,2026/8/10 1:30,横浜春節祭2026デザイン みなとぶらりチケット,"紙タイプ：3,000枚",,,https://www2s.biglobe.ne.jp/~t_aoyagi/railway/free/yokohama92.htm
yokohama105,横浜マラソン2025特別デザインみなとぶらりチケットワイド,横浜市交通局,"[""横浜市交通局""]",1,False,kanto,关东,关东,"[""関東""]",kikan,期間限定タイプ,期间限定,"[""実券""]",True,False,ended,終了,,,750.0,380.0,380.0,大人：750円／小人：380円,1天,1.0,2025年10月1日 - 2025年10月27日,2025年10月1日 - 2025年12月31日,,"[""https://www2s.biglobe.ne.jp/~t_aoyagi/railway/free/map/yokohama07.gif""]",,地方私鉄,[],0.0,"从横滨站到吉野町站的车站办公室
 
横滨站东口月票销售处
 
横滨站客户服务中心",横滨市交通局汽车总部营业课电话：045-671-3211,文化/旅游设施、购物/休闲设施等可享受折扣和其他服务。,https://www.city.yokohama.lg.jp/kotsu/bus/oshirase/marathon2025.html,"[{""text"": ""横浜市交通局"", ""url"": ""https://www.city.yokohama.lg.jp/kotsu/bus/oshirase/marathon2025.html""}]",,https://www2s.biglobe.ne.jp/~t_aoyagi/railway/free/yokohama105.htm,yokohama105.htm,177,2026/8/10 1:30,横浜マラソン2025特別デザインみなとぶらりチケットワイド,"2,000枚",,,https://www2s.biglobe.ne.jp/~t_aoyagi/railway/free/yokohama105.htm
sotetsu01,相鉄・鉄道全線１日乗車券,相模鉄道,"[""相模鉄道""]",1,False,kanto,关东,关东,"[""関東""]",tunen,通年発売タイプ,全年发售,"[""実券""]",True,False,on_sale,発売中,,,880.0,220.0,220.0,大人：880円／小人：220円,1天,1.0,全年,全年,,"[""https://www2s.biglobe.ne.jp/~t_aoyagi/railway/free/map/sotetsu01.gif""]",,大手私鉄,[],0.0,相铁线各车站的自动售票机,相铁客户中心电话：045-319-2111,,https://www.sotetsu.co.jp/train/tickets/tour/#1day,"[{""text"": ""相模鉄道"", ""url"": ""https://www.sotetsu.co.jp/train/tickets/tour/#1day""}]",,https://www2s.biglobe.ne.jp/~t_aoyagi/railway/free/sotetsu01.htm,sotetsu01.htm,178,2026/8/10 1:30,相鉄・鉄道全線１日乗車券,,,,https://www2s.biglobe.ne.jp/~t_aoyagi/railway/free/sotetsu01.htm
sotetsu81,相鉄 夏のワンデーパス(鉄道・バス全線),相模鉄道,"[""相模鉄道""]",1,False,kanto,关东,关东,"[""関東""]",kikan,期間限定タイプ,期间限定,"[""デジタル""]",False,True,ended,終了,,,1200.0,320.0,320.0,"大人：1,200円／小人：320円",1天,1.0,2025年8月1日 - 2025年9月7日,2025年8月1日 - 2025年9月7日,,"[""https://www2s.biglobe.ne.jp/~t_aoyagi/railway/free/map/sotetsu81.gif""]",,大手私鉄,[],0.0,RYDE PASS,相铁客户中心电话：045-319-2111,,https://www.sotetsu.co.jp/pressrelease/train/r25-126/,"[{""text"": ""相模鉄道"", ""url"": ""https://www.sotetsu.co.jp/pressrelease/train/r25-126/""}, {""text"": ""RYDE PASS"", ""url"": ""https://pass.ryde-go.com/products/078W0DS1LP8Z""}]",,https://www2s.biglobe.ne.jp/~t_aoyagi/railway/free/sotetsu81.htm,sotetsu81.htm,180,2026/8/10 1:30,相鉄 夏のワンデーパス(鉄道・バス全線),,,,https://www2s.biglobe.ne.jp/~t_aoyagi/railway/free/sotetsu81.htm
mm01,みなとみらい線一日乗車券,横浜高速鉄道,"[""横浜高速鉄道""]",1,False,kanto,关东,关东,"[""関東""]",tunen,通年発売タイプ,全年发售,"[""実券"", ""デジタル""]",True,True,on_sale,発売中,,,410.0,230.0,230.0,"大人：460円／小人：230円 
 2025年6月9日〜2025年7月6日 Q SKIP 大人：410円",1天,1.0,全年,全年,,"[""https://www2s.biglobe.ne.jp/~t_aoyagi/railway/free/map/minatomirai.gif""]",,地方私鉄,[],0.0,"港未来线车站
 问跳过",横滨高铁 TEL:045-664-0629,,http://www.mm21railway.co.jp/info/oneday.html,"[{""text"": ""横浜高速鉄道"", ""url"": ""http://www.mm21railway.co.jp/info/oneday.html""}, {""text"": ""Q SKIP"", ""url"": ""https://www.q-skip.tokyu.co.jp/tickets/58""}, {""text"": ""Q SKIP"", ""url"": ""https://www.q-skip.tokyu.co.jp/campaign/2""}]",,https://www2s.biglobe.ne.jp/~t_aoyagi/railway/free/mm01.htm,mm01.htm,181,2026/8/10 1:30,みなとみらい線一日乗車券,,,,https://www2s.biglobe.ne.jp/~t_aoyagi/railway/free/mm01.htm
seaside01,全線１日乗車券,横浜シーサイドライン,"[""横浜シーサイドライン""]",1,False,kanto,关东,关东,"[""関東""]",tunen,通年発売タイプ,全年发售,"[""実券""]",True,False,on_sale,発売中,,,680.0,340.0,340.0,大人：680円／小人：340円,1天,1.0,全年,全年,,"[""https://www2s.biglobe.ne.jp/~t_aoyagi/railway/free/map/seaside.gif""]",,地方私鉄,[],0.0,海滨线车站售票机,横滨新都市交通 TEL:045-787-7007,,http://www.seasideline.co.jp/fare_ticket/about_ticket/index.html,"[{""text"": ""横浜新都市交通"", ""url"": ""http://www.seasideline.co.jp/fare_ticket/about_ticket/index.html""}]",,https://www2s.biglobe.ne.jp/~t_aoyagi/railway/free/seaside01.htm,seaside01.htm,183,2026/8/10 1:30,全線１日乗車券,,,,https://www2s.biglobe.ne.jp/~t_aoyagi/railway/free/seaside01.htm
seaside94,夏のお出かけこども１日乗車券,横浜シーサイドライン,"[""横浜シーサイドライン""]",1,False,kanto,关东,关东,"[""関東""]",kikan,期間限定タイプ,期间限定,"[""実券""]",True,False,period,2026/7/11  〜8/19,2026/7/11,2026/8/19,100.0,,100.0,大人：-円／小人：100円,1天,1.0,2026年7月11日 - 2026年8月19日,2026年7月11日 - 2026年8月19日,,"[""https://www2s.biglobe.ne.jp/~t_aoyagi/railway/free/map/seaside.gif""]",,地方私鉄,[],0.0,海滨线车站售票机,横滨新都市交通 TEL:045-787-7007,,https://www.seasideline.co.jp/pdf/26062411400327/%E5%B0%8F%E5%AD%A6%E7%94%9F%E9%99%90%E5%AE%9A!100%E5%86%86%E3%81%A7%E3%82%B7%E3%83%BC%E3%82%B5%E3%82%A4%E3%83%89%E3%83%A9%E3%82%A4%E3%83%B31%E6%97%A5%E4%B9%97%E3%82%8A%E6%94%BE%E9%A1%8C%EF%BC%81%E2%80%9C%E3%81%8A%E5%87%BA%E3%81%8B%E3%81%91%E3%82%B9%E3%83%9D%E3%83%83%E3%83%88%E3%81%9F%E3%81%8F%E3%81%95%E3%82%93!%E3%81%8A%E5%8F%8B%E9%81%94%E3%82%84%E5%AE%B6%E6%97%8F%E3%81%A8%E3%81%8A%E3%83%88%E3%82%AF%E3%81%AB%E3%81%8A%E5%87%BA%E3%81%8B%E3%81%91%E3%81%97%E3%82%88%E3%81%86!%E2%80%9D.pdf,"[{""text"": ""横浜新都市交通"", ""url"": ""https://www.seasideline.co.jp/pdf/26062411400327/%E5%B0%8F%E5%AD%A6%E7%94%9F%E9%99%90%E5%AE%9A!100%E5%86%86%E3%81%A7%E3%82%B7%E3%83%BC%E3%82%B5%E3%82%A4%E3%83%89%E3%83%A9%E3%82%A4%E3%83%B31%E6%97%A5%E4%B9%97%E3%82%8A%E6%94%BE%E9%A1%8C%EF%BC%81%E2%80%9C%E3%81%8A%E5%87%BA%E3%81%8B%E3%81%91%E3%82%B9%E3%83%9D%E3%83%83%E3%83%88%E3%81%9F%E3%81%8F%E3%81%95%E3%82%93!%E3%81%8A%E5%8F%8B%E9%81%94%E3%82%84%E5%AE%B6%E6%97%8F%E3%81%A8%E3%81%8A%E3%83%88%E3%82%AF%E3%81%AB%E3%81%8A%E5%87%BA%E3%81%8B%E3%81%91%E3%81%97%E3%82%88%E3%81%86!%E2%80%9D.pdf""}]",,https://www2s.biglobe.ne.jp/~t_aoyagi/railway/free/seaside94.htm,seaside94.htm,184,2026/8/10 1:30,夏のお出かけこども１日乗車券,,,,https://www2s.biglobe.ne.jp/~t_aoyagi/railway/free/seaside94.htm
syonan01,湘南モノレール一日フリーきっぷ,湘南モノレール,"[""湘南モノレール""]",1,False,kanto,关东,关东,"[""関東""]",tunen,通年発売タイプ,全年发售,"[""デジタル""]",False,True,on_sale,発売中,,,610.0,310.0,310.0,大人：610円／小人：310円,1天,1.0,全年,仅限发售当天,,"[""https://www2s.biglobe.ne.jp/~t_aoyagi/railway/free/map/syonan.gif""]",,地方私鉄,[],0.0,湘南单轨电车官方网站,湘南单轨电车电话：0467-45-3185,,http://www.shonan-monorail.co.jp/freeticket/oneday.html,"[{""text"": ""湘南モノレール"", ""url"": ""http://www.shonan-monorail.co.jp/freeticket/oneday.html""}]",,https://www2s.biglobe.ne.jp/~t_aoyagi/railway/free/syonan01.htm,syonan01.htm,185,2026/8/10 1:30,湘南モノレール一日フリーきっぷ,,,,https://www2s.biglobe.ne.jp/~t_aoyagi/railway/free/syonan01.htm
syonan02,モノレールdeえのすい,湘南モノレール,"[""湘南モノレール""]",1,False,kanto,关东,关东,"[""関東""]",tunen,通年発売タイプ,全年发售,"[""デジタル""]",False,True,on_sale,発売中,,,3130.0,1480.0,1480.0,"大人：3,130円／小人：1,480円／中学生：1,780円／高校生：2,230円",1天,1.0,全年,仅限发售当天,,"[""https://www2s.biglobe.ne.jp/~t_aoyagi/railway/free/map/syonan.gif""]",,地方私鉄,[],0.0,湘南单轨电车官方网站,湘南单轨电车电话：0467-45-3185,,https://www.shonan-monorail.co.jp/form/enosui2024/,"[{""text"": ""湘南モノレール"", ""url"": ""https://www.shonan-monorail.co.jp/form/enosui2024/""}]",,https://www2s.biglobe.ne.jp/~t_aoyagi/railway/free/syonan02.htm,syonan02.htm,186,2026/8/10 1:30,モノレールdeえのすい,,,,https://www2s.biglobe.ne.jp/~t_aoyagi/railway/free/syonan02.htm
enoden01,江ノ電１日乗車券(のりおりくん),江ノ島電鉄,"[""江ノ島電鉄""]",1,False,kanto,关东,关东,"[""関東""]",tunen,通年発売タイプ,全年发售,"[""実券"", ""デジタル""]",True,True,on_sale,発売中,,,800.0,400.0,400.0,大人：800円／小人：400円,1天,1.0,"全年
 2025年9月13日至15日、20日至23日、10月11日至13日、11月1日至3日、22日至24日，当日车站柜台、自动售票机停止售票，防止拥挤。",全年,,"[""https://www2s.biglobe.ne.jp/~t_aoyagi/railway/free/map/enoden.gif""]",,地方私鉄,[],0.0,江之电站、EMot Pass 箱,江之岛电铁电话：0466-24-2713,,https://www.enoden.co.jp/tourism/ticket/noriorikun/,"[{""text"": ""江ノ島電鉄"", ""url"": ""https://www.enoden.co.jp/tourism/ticket/noriorikun/""}, {""text"": ""EMot"", ""url"": ""https://www.emot.jp/service/detail/enoden_noriorikun.html""}]",,https://www2s.biglobe.ne.jp/~t_aoyagi/railway/free/enoden01.htm,enoden01.htm,187,2026/8/10 1:30,江ノ電１日乗車券(のりおりくん),,,,https://www2s.biglobe.ne.jp/~t_aoyagi/railway/free/enoden01.htm
enoden03,江ノ電１日乗車券(のりおりくん)＆新江ノ島水族館セット,江ノ島電鉄,"[""江ノ島電鉄""]",1,False,kanto,关东,关东,"[""関東""]",tunen,通年発売タイプ,全年发售,"[""実券""]",True,False,on_sale,発売中,,,3050.0,1480.0,1480.0,"大人：3,050円／小人：1,480円 
 高校生：2,330円／中学生：1,880円",1天,1.0,全年,全年,,"[""https://www2s.biglobe.ne.jp/~t_aoyagi/railway/free/map/enoden.gif""]",,地方私鉄,"[""江之岛水族馆套票""]",1.0,全国7-11便利店,江之岛电铁电话：0466-24-2713,,https://www.enoden.co.jp/train-news/14828/,"[{""text"": ""江ノ島電鉄"", ""url"": ""https://www.enoden.co.jp/train-news/14828/""}]",,https://www2s.biglobe.ne.jp/~t_aoyagi/railway/free/enoden03.htm,enoden03.htm,188,2026/8/10 1:30,江ノ電１日乗車券(のりおりくん)＆新江ノ島水族館セット,,,,https://www2s.biglobe.ne.jp/~t_aoyagi/railway/free/enoden03.htm
kamakura,鎌倉フリー環境手形,江ノ島電鉄,"[""江ノ島電鉄""]",1,False,kanto,关东,关东,"[""関東""]",tunen,通年発売タイプ,全年发售,"[""実券""]",True,False,on_sale,発売中,,,600.0,300.0,300.0,大人：600円／小人：300円,1天,1.0,全年,全年,,"[""https://www2s.biglobe.ne.jp/~t_aoyagi/railway/free/map/kamakura.gif""]",,地方私鉄,[],0.0,"江之电镰仓信息
 江之岛电铁：镰仓、长谷",江之岛电铁电话：0466-24-2713,,https://www.enoden.co.jp/tourism/ticket/free/,"[{""text"": ""江ノ島電鉄"", ""url"": ""https://www.enoden.co.jp/tourism/ticket/free/""}]",,https://www2s.biglobe.ne.jp/~t_aoyagi/railway/free/kamakura.htm,kamakura.htm,189,2026/8/10 1:30,鎌倉フリー環境手形,,,,https://www2s.biglobe.ne.jp/~t_aoyagi/railway/free/kamakura.htm
enoden82,ジモ得平日きっぷ,江ノ島電鉄,"[""江ノ島電鉄""]",1,False,kanto,关东,关东,"[""関東""]",kikan,期間限定タイプ,期间限定,"[""デジタル""]",False,True,ended,終了,,,1200.0,,1200.0,"大人：1,200円",5 个工作日,5.0,"发布日期 使用日期
 2026年1月18日 - 2026年1月20日 2026年1月19日 - 2026年1月23日
 2026年1月25日 - 2026年1月27日 2026年1月26日 - 2026年1月30日
 2026年2月1日 - 2026年2月3日 2026年2月2日 - 2026年2月6日
 202年2月8日～2026年2月10日 2026年2月9日～2月13日（不含2月11日）",,,"[""https://www2s.biglobe.ne.jp/~t_aoyagi/railway/free/map/enoden.gif""]",,地方私鉄,"[""达到计划人数即结束""]",1.0,EMot,江之岛电铁电话：0466-24-2713,,https://www.enoden.co.jp/train-news/26498/,"[{""text"": ""江ノ島電鉄"", ""url"": ""https://www.enoden.co.jp/train-news/26498/""}, {""text"": ""EMot"", ""url"": ""https://www.emot.jp/service/detail/enoden_jimotoku_five.html""}]",,https://www2s.biglobe.ne.jp/~t_aoyagi/railway/free/enoden82.htm,enoden82.htm,190,2026/8/10 1:30,ジモ得平日きっぷ,,,,https://www2s.biglobe.ne.jp/~t_aoyagi/railway/free/enoden82.htm
hakone01,箱根フリーパス,小田急箱根,"[""小田急箱根""]",1,False,kanto,关东,关东,"[""関東""]",tunen,通年発売タイプ,全年发售,"[""実券"", ""デジタル""]",True,True,on_sale,発売中,,,5000.0,1000.0,1000.0,"２日間用 大人：5,000円／小人：1,000円 
 ３日間用 大人：5,400円／小人：1,250円",2或3天,2.0,全年,全年,,"[""https://www2s.biglobe.ne.jp/~t_aoyagi/railway/free/map/hakone01.gif""]",,地方私鉄,[],0.0,"小田原站、箱根汤本站、小田急旅游办事处等
 埃莫特",小田急箱根铁道部 TEL:0465-32-6823,,https://www.hakonenavi.jp/transportation/ticket/freepass/,"[{""text"": ""小田急箱根(箱根ナビ)"", ""url"": ""https://www.hakonenavi.jp/transportation/ticket/freepass/""}, {""text"": ""小田急電鉄"", ""url"": ""https://www.odakyu-freepass.jp/hakone/""}, {""text"": ""EMot"", ""url"": ""https://www.emot.jp/service/detail/index_3.html""}]",,https://www2s.biglobe.ne.jp/~t_aoyagi/railway/free/hakone01.htm,hakone01.htm,191,2026/8/10 1:30,箱根フリーパス,,,,https://www2s.biglobe.ne.jp/~t_aoyagi/railway/free/hakone01.htm
hakone14,箱根フリーパス「はこチケ」プラス,小田急箱根,"[""小田急箱根""]",1,False,kanto,关东,关东,"[""関東""]",tunen,通年発売タイプ,全年发售,"[""デジタル""]",False,True,on_sale,発売中,,,5000.0,1000.0,1000.0,"２日間用 大人：5,000円／小人：1,000円 
 ３日間用 大人：5,400円／小人：1,250円",2或3天,2.0,全年,全年,,"[""https://www2s.biglobe.ne.jp/~t_aoyagi/railway/free/map/hakone01.gif""]",,地方私鉄,[],0.0,EMot,小田急箱根铁道部 TEL:0465-32-6823,,https://www.hakonenavi.jp/transportation/ticket/freepass_plus/,"[{""text"": ""小田急箱根(箱根ナビ)"", ""url"": ""https://www.hakonenavi.jp/transportation/ticket/freepass_plus/""}, {""text"": ""EMot"", ""url"": ""https://www.emot.jp/hakonearea_lp.html""}]",,https://www2s.biglobe.ne.jp/~t_aoyagi/railway/free/hakone14.htm,hakone14.htm,192,2026/8/10 1:30,箱根フリーパス「はこチケ」プラス,,,,https://www2s.biglobe.ne.jp/~t_aoyagi/railway/free/hakone14.htm
hakone15,箱根のりものパス Lite,小田急箱根,"[""小田急箱根""]",1,False,kanto,关东,关东,"[""関東""]",tunen,通年発売タイプ,全年发售,"[""実券"", ""デジタル""]",True,True,on_sale,発売中,,,3800.0,900.0,900.0,"大人：3,800円／小人：900円",1天,1.0,全年,全年,,"[""https://www2s.biglobe.ne.jp/~t_aoyagi/railway/free/map/hakone15.gif""]",,地方私鉄,"[""以下为单程（可中途停留）"", ""箱根登山巴士（宫下 → 箱根町港）"", ""箱根海贼船（箱根町港 → 桃源台）"", ""箱根空中缆车（桃源台→早云山）"", ""箱根登山缆车（早云山 → 强罗）""]",5.0,"箱根登山电车：强罗、早云山
 箱根登山巴士：箱根町问讯处、桃源台问讯处
 箱根海贼船；旧箱根营业所
 
 埃莫特",小田急箱根铁道部 TEL:0465-32-6823,,https://www.hakonenavi.jp/transportation/ticket/norimonolight/,"[{""text"": ""小田急箱根(箱根ナビ)"", ""url"": ""https://www.hakonenavi.jp/transportation/ticket/norimonolight/""}, {""text"": ""EMot"", ""url"": ""https://www.emot.jp/hakonearea_lp.html""}]",,https://www2s.biglobe.ne.jp/~t_aoyagi/railway/free/hakone15.htm,hakone15.htm,193,2026/8/10 1:30,箱根のりものパス Lite,,,,https://www2s.biglobe.ne.jp/~t_aoyagi/railway/free/hakone15.htm
hakone11,大涌谷きっぷ,小田急箱根,"[""小田急箱根""]",1,False,kanto,关东,关东,"[""関東""]",tunen,通年発売タイプ,全年发售,"[""実券"", ""デジタル""]",True,True,on_sale,発売中,,,3700.0,980.0,980.0,"大人：3,700円／小人：980円",2天,2.0,现已发售,现已发售,,"[""https://www2s.biglobe.ne.jp/~t_aoyagi/railway/free/map/hakone11.gif""]",,地方私鉄,[],0.0,"小田急电铁：小田原站
 箱根登山铁道：各站 窗口口站
 
小田急旅游中心：小田原、箱根汤本
 全国7-11便利店（七票）
 埃莫特","小田急客户中心电话：03-3481-0066
 小田急箱根铁道部 TEL:0465-32-6823",,https://www.odakyu-freepass.jp/others/#owakudani-top,"[{""text"": ""小田急電鉄"", ""url"": ""https://www.odakyu-freepass.jp/others/#owakudani-top""}, {""text"": ""小田急箱根(箱根ナビ)"", ""url"": ""https://www.hakonenavi.jp/transportation/ticket/owakudani/""}, {""text"": ""EMot"", ""url"": ""https://www.emot.jp/hakonearea_lp.html""}]",,https://www2s.biglobe.ne.jp/~t_aoyagi/railway/free/hakone11.htm,hakone11.htm,194,2026/8/10 1:30,大涌谷きっぷ デジタル大涌谷きっぷ,,,,https://www2s.biglobe.ne.jp/~t_aoyagi/railway/free/hakone11.htm
hakone13,のんびりきっぷ,小田急箱根,"[""小田急箱根""]",1,False,kanto,关东,关东,"[""関東""]",tunen,通年発売タイプ,全年发售,"[""実券"", ""デジタル""]",True,True,on_sale,発売中,,,1580.0,500.0,500.0,"大人：1,580円／小人：500円",1天,1.0,现已发售,现已发售,,"[""https://www2s.biglobe.ne.jp/~t_aoyagi/railway/free/map/hakone13.gif""]",,地方私鉄,[],0.0,"小田急电铁：小田原站
 箱根登山铁道：各站 窗口口站
 小田急旅游中心：小田原、箱根汤本
 全国7-11便利店（七票）
 EMot应用程序","小田急客户中心电话：03-3481-0066
 小田急箱根铁道部 TEL:0465-32-6823",,https://www.hakonenavi.jp/transportation/ticket/nonbiri/,"[{""text"": ""箱根ナビ"", ""url"": ""https://www.hakonenavi.jp/transportation/ticket/nonbiri/""}, {""text"": ""EMot"", ""url"": ""https://www.emot.jp/hakonearea_lp.html""}]",,https://www2s.biglobe.ne.jp/~t_aoyagi/railway/free/hakone13.htm,hakone13.htm,195,2026/8/10 1:30,のんびりきっぷ デジタルのんびりきっぷ,,,,https://www2s.biglobe.ne.jp/~t_aoyagi/railway/free/hakone13.htm
daiyuzan01,金太郎きっぷ,伊豆箱根鉄道,"[""伊豆箱根鉄道""]",1,False,kanto,关东,关东,"[""関東""]",tunen,通年発売タイプ,全年发售,"[""実券"", ""デジタル""]",True,True,on_sale,発売中,,,620.0,320.0,320.0,大人：620円／小人：320円,1天,1.0,全年,全年,,"[""https://www2s.biglobe.ne.jp/~t_aoyagi/railway/free/map/daiyuzan.gif""]",,地方私鉄,[],0.0,"大雄山线无人车站以外的车站
 莱德通行证
 约旦手机票",伊豆箱根铁道铁道部交通课 TEL：055-977-1207,,https://www.izuhakone.co.jp/sunzudaiyu/zunzu_sub_nav/sunzudaiyu-ticket/p000563.html,"[{""text"": ""伊豆箱根鉄道"", ""url"": ""https://www.izuhakone.co.jp/sunzudaiyu/zunzu_sub_nav/sunzudaiyu-ticket/p000563.html""}, {""text"": ""RYDE PASS"", ""url"": ""https://pass.ryde-go.com/products/617R94ZSK030""}, {""text"": ""ジョルダンモバイルチケット"", ""url"": ""https://ticket.jorudan.co.jp/izuhakone-railway/ktr-1d/ja/""}]",,https://www2s.biglobe.ne.jp/~t_aoyagi/railway/free/daiyuzan01.htm,daiyuzan01.htm,196,2026/8/10 1:30,金太郎きっぷ,,,,https://www2s.biglobe.ne.jp/~t_aoyagi/railway/free/daiyuzan01.htm
daiyuzan91,コロプラ☆大雄山線一日フリーきっぷ,伊豆箱根鉄道,"[""伊豆箱根鉄道""]",1,False,kanto,关东,关东,"[""関東""]",kikan,期間限定タイプ,期间限定,"[""実券""]",True,False,period,〜2027/3/31,,2027/3/31,1150.0,,1150.0,"大人：1,150円",1天,1.0,2014年4月1日 - 2027年3月31日,2014年4月1日 - 2027年3月31日,,"[""https://www2s.biglobe.ne.jp/~t_aoyagi/railway/free/map/daiyuzan.gif""]",,地方私鉄,[],0.0,小田原、大玉山,伊豆箱根铁道铁道部交通课 TEL：055-977-1207,,https://www.izuhakone.co.jp/sunzudaiyu/sunzudaiyu-news/p000453.html,"[{""text"": ""伊豆箱根鉄道"", ""url"": ""https://www.izuhakone.co.jp/sunzudaiyu/sunzudaiyu-news/p000453.html""}, {""text"": ""コロプラ"", ""url"": ""https://colopl.co.jp/service/other/coloca/transport/area02/norimono_izuhakone/""}]",,https://www2s.biglobe.ne.jp/~t_aoyagi/railway/free/daiyuzan91.htm,daiyuzan91.htm,197,2026/8/10 1:30,コロプラ☆大雄山線一日フリーきっぷ,,,,https://www2s.biglobe.ne.jp/~t_aoyagi/railway/free/daiyuzan91.htm
jrtokai06,富士山満喫きっぷ(静岡中部),JR东海,"[""ＪＲ東海""]",1,False,tokai,东海,东海,"[""東海""]",tunen,通年発売タイプ,全年发售,"[""実券""]",True,False,on_sale,発売中,,,2200.0,1100.0,1100.0,"大人：2,200円 小人：1,100円",1天,1.0,全年,全年,,"[""https://www2s.biglobe.ne.jp/~t_aoyagi/railway/free/map/jrtokai06.gif""]","{""columns"": [""東海道新干线 (希望号 (Nozomi))"", ""東海道新干线 (光号/回声号)"", ""东北/上越新干线"", ""在来线特急/急行"", ""快速/普通车自由席列车 (绿色车厢)"", ""快速/普通车自由席列车 (专线列车 (Liner))"", ""快速/普通车自由席列车 (指定席)"", ""快速/普通车自由席列车 (自由席)"", ""东京单轨电车"", ""临海线""], ""status_rows"": [{""label"": null, ""symbols"": [{""symbol"": ""×"", ""note"": null}, {""symbol"": ""×"", ""note"": null}, {""symbol"": ""▲"", ""note"": null}, {""symbol"": ""▲"", ""note"": null}, {""symbol"": ""▲"", ""note"": null}, {""symbol"": ""▲"", ""note"": null}, {""symbol"": ""▲"", ""note"": null}, {""symbol"": ""▲"", ""note"": null}, {""symbol"": ""▲"", ""note"": null}, {""symbol"": ""○"", ""note"": null}]}], ""legend"": {""○"": ""可乘车"", ""▲"": ""仅乘车券有效"", ""×"": ""不可乘车""}, ""notes"": null}",JR,"[""如果购买了特快/急行车票，则可以乘坐特急/急行列车（新干线和卧铺列车除外）。"", ""“Home Liner”需要一张登机票。""]",2.0,东海道本线（热海～新城原间）、御殿场线（沼津～下曾我）、身延线（富士～南甲府）设有售票处的车站以及设有指定座席售票机的车站,,,https://railway.jr-central.co.jp/tickets/mtfuji-enjoypass/,"[{""text"": ""ＪＲ東海"", ""url"": ""https://railway.jr-central.co.jp/tickets/mtfuji-enjoypass/""}]",,https://www2s.biglobe.ne.jp/~t_aoyagi/railway/free/jrtokai06.htm,jrtokai06.htm,1,2026/8/10 1:30,富士山満喫きっぷ(静岡中部),,,,https://www2s.biglobe.ne.jp/~t_aoyagi/railway/free/jrtokai06.htm
jrtokai07,富士山満喫きっぷ(静岡東部),JR东海,"[""ＪＲ東海""]",1,False,tokai,东海,东海,"[""東海""]",tunen,通年発売タイプ,全年发售,"[""実券""]",True,False,on_sale,発売中,,,2200.0,1100.0,1100.0,"大人：2,200円 小人：1,100円",1天,1.0,~2026 年 3 月 29 日,"~2026 年 3 月 30 日
 以周六和节假日为开始日期的连续 2 天",,"[""https://www2s.biglobe.ne.jp/~t_aoyagi/railway/free/map/jrtokai07.gif""]","{""columns"": [""東海道新干线 (希望号 (Nozomi))"", ""東海道新干线 (光号/回声号)"", ""东北/上越新干线"", ""在来线特急/急行"", ""快速/普通车自由席列车 (绿色车厢)"", ""快速/普通车自由席列车 (专线列车 (Liner))"", ""快速/普通车自由席列车 (指定席)"", ""快速/普通车自由席列车 (自由席)"", ""东京单轨电车"", ""临海线""], ""status_rows"": [{""label"": null, ""symbols"": [{""symbol"": ""×"", ""note"": null}, {""symbol"": ""×"", ""note"": null}, {""symbol"": ""▲"", ""note"": null}, {""symbol"": ""▲"", ""note"": null}, {""symbol"": ""▲"", ""note"": null}, {""symbol"": ""▲"", ""note"": null}, {""symbol"": ""▲"", ""note"": null}, {""symbol"": ""▲"", ""note"": null}, {""symbol"": ""▲"", ""note"": null}, {""symbol"": ""○"", ""note"": null}]}], ""legend"": {""○"": ""可乘车"", ""▲"": ""仅乘车券有效"", ""×"": ""不可乘车""}, ""notes"": null}",JR,"[""如果购买了特快/急行车票，则可以乘坐特急/急行列车（新干线和卧铺列车除外）。"", ""“Home Liner”需要一张登机票。""]",2.0,东海道本线（热海～新城原间）、御殿场线（沼津～下曾我）、身延线（富士～南甲府）设有售票处的车站以及设有指定座席售票机的车站,,,https://railway.jr-central.co.jp/tickets/mtfuji-enjoypass/,"[{""text"": ""ＪＲ東海"", ""url"": ""https://railway.jr-central.co.jp/tickets/mtfuji-enjoypass/""}]",,https://www2s.biglobe.ne.jp/~t_aoyagi/railway/free/jrtokai07.htm,jrtokai07.htm,2,2026/8/10 1:30,富士山満喫きっぷ(静岡東部),,,,https://www2s.biglobe.ne.jp/~t_aoyagi/railway/free/jrtokai07.htm
jrtokai87,名古屋おでかけきっぷ,JR东海,"[""ＪＲ東海""]",1,False,tokai,东海,东海,"[""東海""]",tunen,通年発売タイプ,全年发售,"[""実券""]",True,False,on_sale,発売中,,,1500.0,750.0,750.0,"大人：1,500円 小人：750円",1天,1.0,全年,全年,,"[""https://www2s.biglobe.ne.jp/~t_aoyagi/railway/free/map/jrtokai87.gif""]","{""columns"": [""绿色车厢 (头等座)"", ""普通车自由席车指定席席"", ""普通车自由席车自由席席"", ""专线列车 (Liner)"", ""特急"", ""急行"", ""快速"", ""普通车自由席"", ""指定席"", ""自由席"", ""其他的""], ""status_rows"": [{""label"": null, ""symbols"": [{""symbol"": ""×"", ""note"": null}, {""symbol"": ""×"", ""note"": null}, {""symbol"": ""×"", ""note"": null}, {""symbol"": ""▲"", ""note"": null}, {""symbol"": ""▲"", ""note"": null}, {""symbol"": ""▲"", ""note"": null}, {""symbol"": ""▲"", ""note"": null}, {""symbol"": ""▲"", ""note"": null}, {""symbol"": ""▲"", ""note"": null}, {""symbol"": ""▲"", ""note"": null}, {""symbol"": ""○"", ""note"": null}]}], ""legend"": {""○"": ""可乘车"", ""▲"": ""仅乘车券有效"", ""×"": ""不可乘车""}, ""notes"": null}",JR,"[""如果购买了特快/急行车票，则可以乘坐特急/急行列车。"", ""“Home Liner”需要一张登机票。""]",2.0,"JR西日本网络预约服务“e5489”
 仅当登录“EX Service”后使用从屏幕链接的“EX Travel Reservations”中的“e5489”时。",,,https://railway.jr-central.co.jp/tickets/nagoya-odekake/,"[{""text"": ""ＪＲ東海"", ""url"": ""https://railway.jr-central.co.jp/tickets/nagoya-odekake/""}]",,https://www2s.biglobe.ne.jp/~t_aoyagi/railway/free/jrtokai87.htm,jrtokai87.htm,3,2026/8/10 1:30,名古屋おでかけきっぷ,,,,https://www2s.biglobe.ne.jp/~t_aoyagi/railway/free/jrtokai87.htm
jrtokai83,ふじのくに家康公きっぷ【東部エリア】,JR东海,"[""ＪＲ東海""]",1,False,tokai,东海,东海,"[""東海""]",tunen,通年発売タイプ,全年发售,"[""実券""]",True,False,on_sale,発売中,,,2000.0,1000.0,1000.0,"大人：2,000円 小人：1,000円",2天,2.0,"全年
 车站柜台的销售仅限于使用开始日的前一天或当天。",全年,,"[""https://www2s.biglobe.ne.jp/~t_aoyagi/railway/free/map/jrtokai83.gif""]","{""columns"": [""绿色车厢 (头等座)"", ""普通车自由席车指定席席"", ""普通车自由席车自由席席"", ""专线列车 (Liner)"", ""特急"", ""急行"", ""快速"", ""普通车自由席"", ""指定席"", ""自由席"", ""其他的""], ""status_rows"": [{""label"": null, ""symbols"": [{""symbol"": ""×"", ""note"": null}, {""symbol"": ""×"", ""note"": null}, {""symbol"": ""×"", ""note"": null}, {""symbol"": ""▲"", ""note"": null}, {""symbol"": ""▲"", ""note"": null}, {""symbol"": ""▲"", ""note"": null}, {""symbol"": ""▲"", ""note"": null}, {""symbol"": ""▲"", ""note"": null}, {""symbol"": ""▲"", ""note"": null}, {""symbol"": ""▲"", ""note"": null}, {""symbol"": ""○"", ""note"": null}]}], ""legend"": {""○"": ""可乘车"", ""▲"": ""仅乘车券有效"", ""×"": ""不可乘车""}, ""notes"": null}",JR,"[""仅限从静冈县以外的车站到热海站、三岛站、新富士站的Smart EX产品用户购买。""]",1.0,"热海、三岛、新富士
 e5489",,,https://railway.jr-central.co.jp/tickets/fujinokuni-ieyasukou/,"[{""text"": ""ＪＲ東海"", ""url"": ""https://railway.jr-central.co.jp/tickets/fujinokuni-ieyasukou/""}, {""text"": ""スマートＥＸ"", ""url"": ""https://smart-ex.jp/lp/fujinokuni/""}]",,https://www2s.biglobe.ne.jp/~t_aoyagi/railway/free/jrtokai83.htm,jrtokai83.htm,4,2026/8/10 1:30,ふじのくに家康公きっぷ【東部エリア】,,,,https://www2s.biglobe.ne.jp/~t_aoyagi/railway/free/jrtokai83.htm
jrtokai84,ふじのくに家康公きっぷ【中部エリア】,JR东海,"[""ＪＲ東海""]",1,False,tokai,东海,东海,"[""東海""]",tunen,通年発売タイプ,全年发售,"[""実券""]",True,False,on_sale,発売中,,,2000.0,1000.0,1000.0,"大人：2,000円 小人：1,000円",2天,2.0,"全年
 车站柜台的销售仅限于使用开始日的前一天或当天。",全年,,"[""https://www2s.biglobe.ne.jp/~t_aoyagi/railway/free/map/jrtokai84.gif""]","{""columns"": [""绿色车厢 (头等座)"", ""普通车自由席车指定席席"", ""普通车自由席车自由席席"", ""专线列车 (Liner)"", ""特急"", ""急行"", ""快速"", ""普通车自由席"", ""指定席"", ""自由席"", ""其他的""], ""status_rows"": [{""label"": null, ""symbols"": [{""symbol"": ""×"", ""note"": null}, {""symbol"": ""×"", ""note"": null}, {""symbol"": ""×"", ""note"": null}, {""symbol"": ""▲"", ""note"": null}, {""symbol"": ""▲"", ""note"": null}, {""symbol"": ""▲"", ""note"": null}, {""symbol"": ""▲"", ""note"": null}, {""symbol"": ""▲"", ""note"": null}, {""symbol"": ""▲"", ""note"": null}, {""symbol"": ""▲"", ""note"": null}, {""symbol"": ""○"", ""note"": null}]}], ""legend"": {""○"": ""可乘车"", ""▲"": ""仅乘车券有效"", ""×"": ""不可乘车""}, ""notes"": null}",JR,"[""仅限从静冈县以外的车站到新富士站、静冈站、挂川站的 Smart EX 产品用户购买。""]",1.0,"新富士、静冈、挂川
 e5489",,,https://railway.jr-central.co.jp/tickets/fujinokuni-ieyasukou/,"[{""text"": ""ＪＲ東海"", ""url"": ""https://railway.jr-central.co.jp/tickets/fujinokuni-ieyasukou/""}, {""text"": ""スマートＥＸ"", ""url"": ""https://smart-ex.jp/lp/fujinokuni/""}]",,https://www2s.biglobe.ne.jp/~t_aoyagi/railway/free/jrtokai84.htm,jrtokai84.htm,5,2026/8/10 1:30,ふじのくに家康公きっぷ【中部エリア】,,,,https://www2s.biglobe.ne.jp/~t_aoyagi/railway/free/jrtokai84.htm
jrtokai85,ふじのくに家康公きっぷ【西部エリア】,JR东海,"[""ＪＲ東海""]",1,False,tokai,东海,东海,"[""東海""]",tunen,通年発売タイプ,全年发售,"[""実券""]",True,False,on_sale,発売中,,,2000.0,1000.0,1000.0,"大人：2,000円 小人：1,000円",2天,2.0,"全年
 车站柜台的销售仅限于使用开始日的前一天或当天。",全年,,"[""https://www2s.biglobe.ne.jp/~t_aoyagi/railway/free/map/jrtokai85.gif""]","{""columns"": [""绿色车厢 (头等座)"", ""普通车自由席车指定席席"", ""普通车自由席车自由席席"", ""专线列车 (Liner)"", ""特急"", ""急行"", ""快速"", ""普通车自由席"", ""指定席"", ""自由席"", ""其他的""], ""status_rows"": [{""label"": null, ""symbols"": [{""symbol"": ""×"", ""note"": null}, {""symbol"": ""×"", ""note"": null}, {""symbol"": ""×"", ""note"": null}, {""symbol"": ""▲"", ""note"": null}, {""symbol"": ""▲"", ""note"": null}, {""symbol"": ""▲"", ""note"": null}, {""symbol"": ""▲"", ""note"": null}, {""symbol"": ""▲"", ""note"": null}, {""symbol"": ""▲"", ""note"": null}, {""symbol"": ""▲"", ""note"": null}, {""symbol"": ""○"", ""note"": null}]}], ""legend"": {""○"": ""可乘车"", ""▲"": ""仅乘车券有效"", ""×"": ""不可乘车""}, ""notes"": null}",JR,"[""仅限 Smart EX 产品用户从静冈县以外的车站到挂川和滨松的车站购买。""]",1.0,"滨松市挂川市
 e5489",,,https://railway.jr-central.co.jp/tickets/fujinokuni-ieyasukou/,"[{""text"": ""ＪＲ東海"", ""url"": ""https://railway.jr-central.co.jp/tickets/fujinokuni-ieyasukou/""}, {""text"": ""スマートＥＸ"", ""url"": ""https://smart-ex.jp/lp/fujinokuni/""}]",,https://www2s.biglobe.ne.jp/~t_aoyagi/railway/free/jrtokai85.htm,jrtokai85.htm,6,2026/8/10 1:30,ふじのくに家康公きっぷ【西部エリア】,,,,https://www2s.biglobe.ne.jp/~t_aoyagi/railway/free/jrtokai85.htm
jrtokai01,青空フリーパス,JR东海,"[""ＪＲ東海""]",1,False,tokai,东海,东海,"[""東海""]",holiday,週末限定タイプ,周末限定,"[""実券""]",True,False,on_sale,発売中,,,2620.0,1310.0,1310.0,"大人：2,620円／小人：1,310円",1天,1.0,全年,"周六、周日、节假日
 12月31日-1月3日",,"[""https://www2s.biglobe.ne.jp/~t_aoyagi/railway/free/map/jrtokai01.gif""]","{""columns"": [""東海道新干线 (希望号 (Nozomi))"", ""東海道新干线 (光号/回声号)"", ""东北/上越新干线"", ""在来线特急/急行"", ""快速/普通车自由席列车 (绿色车厢)"", ""快速/普通车自由席列车 (专线列车 (Liner))"", ""快速/普通车自由席列车 (指定席)"", ""快速/普通车自由席列车 (自由席)"", ""东京单轨电车"", ""临海线""], ""status_rows"": [{""label"": null, ""symbols"": [{""symbol"": ""×"", ""note"": null}, {""symbol"": ""×"", ""note"": null}, {""symbol"": ""▲"", ""note"": null}, {""symbol"": ""▲"", ""note"": null}, {""symbol"": ""▲"", ""note"": null}, {""symbol"": ""▲"", ""note"": null}, {""symbol"": ""▲"", ""note"": null}, {""symbol"": ""▲"", ""note"": null}, {""symbol"": ""○"", ""note"": null}, {""symbol"": ""○"", ""note"": null}]}], ""legend"": {""○"": ""可乘车"", ""▲"": ""仅乘车券有效"", ""×"": ""不可乘车""}, ""notes"": null}",JR,"[""可以乘坐伊势铁道，但不能乘坐城北线、爱知环状线。"", ""如果购买特快/急行车票，则可以使用特急/急行列车（新干线除外）普通车厢的自由席。"", ""“Home Liner”需要一张登机票。""]",3.0,免费区间内的主要JR车站,,,http://railway.jr-central.co.jp/tickets/aozora-free-holiday/index.html,"[{""text"": ""ＪＲ東海"", ""url"": ""http://railway.jr-central.co.jp/tickets/aozora-free-holiday/index.html""}]",,https://www2s.biglobe.ne.jp/~t_aoyagi/railway/free/jrtokai01.htm,jrtokai01.htm,7,2026/8/10 1:30,青空フリーパス,,,,https://www2s.biglobe.ne.jp/~t_aoyagi/railway/free/jrtokai01.htm
jrtokai03,休日乗り放題きっぷ,JR东海,"[""ＪＲ東海""]",1,False,tokai,东海,东海,"[""東海""]",holiday,週末限定タイプ,周末限定,"[""実券""]",True,False,on_sale,発売中,,,2720.0,1360.0,1360.0,"大人：2,720円 小人：1,360円",1天,1.0,全年,"周六、周日、节假日
 12月31日-1月3日",,"[""https://www2s.biglobe.ne.jp/~t_aoyagi/railway/free/map/jrtokai02.gif""]","{""columns"": [""東海道新干线 (希望号 (Nozomi))"", ""東海道新干线 (光号/回声号)"", ""东北/上越新干线"", ""在来线特急/急行"", ""快速/普通车自由席列车 (绿色车厢)"", ""快速/普通车自由席列车 (专线列车 (Liner))"", ""快速/普通车自由席列车 (指定席)"", ""快速/普通车自由席列车 (自由席)"", ""东京单轨电车"", ""临海线""], ""status_rows"": [{""label"": null, ""symbols"": [{""symbol"": ""×"", ""note"": null}, {""symbol"": ""×"", ""note"": null}, {""symbol"": ""▲"", ""note"": null}, {""symbol"": ""▲"", ""note"": null}, {""symbol"": ""▲"", ""note"": null}, {""symbol"": ""▲"", ""note"": null}, {""symbol"": ""▲"", ""note"": null}, {""symbol"": ""▲"", ""note"": null}, {""symbol"": ""▲"", ""note"": null}, {""symbol"": ""○"", ""note"": null}]}], ""legend"": {""○"": ""可乘车"", ""▲"": ""仅乘车券有效"", ""×"": ""不可乘车""}, ""notes"": null}",JR,"[""如果购买特快/急行车票，则可以乘坐特急/急行列车（新干线除外）。"", ""“Home Liner”需要一张登机票。""]",2.0,免费区间内的主要JR车站（国府、甲府除外）,,,https://railway.jr-central.co.jp/tickets/holiday/,"[{""text"": ""ＪＲ東海"", ""url"": ""https://railway.jr-central.co.jp/tickets/holiday/""}]",,https://www2s.biglobe.ne.jp/~t_aoyagi/railway/free/jrtokai03.htm,jrtokai03.htm,8,2026/8/10 1:30,休日乗り放題きっぷ,,,,https://www2s.biglobe.ne.jp/~t_aoyagi/railway/free/jrtokai03.htm
jrtokai08,ＪＲ東海＆17 私鉄 乗り鉄☆たびきっぷ,JR东海,"[""ＪＲ東海""]",1,False,tokai,东海,东海,"[""東海""]",holiday,週末限定タイプ,周末限定,"[""実券""]",True,False,on_sale,発売中,,,9200.0,4330.0,4330.0,"大人：9,200円 小人：4,330円",2天,2.0,2026 年 4 月 1 日 - 全年,02 2026年4月4日星期六及节假日起连续2天,"17条私营铁路线
 1 伊豆箱根铁道（骏豆线）
 2 学南列车
 3 静冈铁道
 4 大井川铁道
 5 天龙滨名湖铁道
 6 远州铁路
 7 丰桥铁道
 8 爱知环线铁道
 9 名古屋临海高速铁道（青波线）
 10 JR东海交通事业（城北线）
 11 上义铁道（北西线）
 12 养老铁道
 13 长良川铁道
 14 明智铁道
 15 垂水铁道
 16 近江铁道
 17 伊势铁道","[""https://www2s.biglobe.ne.jp/~t_aoyagi/railway/free/map/jrtokai08.gif""]","{""columns"": [""绿色车厢 (头等座)"", ""普通车自由席车指定席席"", ""普通车自由席车自由席席"", ""专线列车 (Liner)"", ""特急"", ""急行"", ""快速"", ""普通车自由席"", ""指定席"", ""自由席"", ""其他的""], ""status_rows"": [{""label"": null, ""symbols"": [{""symbol"": ""×"", ""note"": null}, {""symbol"": ""▲"", ""note"": null}, {""symbol"": ""×"", ""note"": null}, {""symbol"": ""▲"", ""note"": null}, {""symbol"": ""▲"", ""note"": null}, {""symbol"": ""▲"", ""note"": null}, {""symbol"": ""▲"", ""note"": null}, {""symbol"": ""▲"", ""note"": null}, {""symbol"": ""▲"", ""note"": null}, {""symbol"": ""▲"", ""note"": null}, {""symbol"": ""○"", ""note"": null}]}], ""legend"": {""○"": ""可乘车"", ""▲"": ""仅乘车券有效"", ""×"": ""不可乘车""}, ""notes"": null}",JR,"[""如果购买了特快/急行车票，则可以乘坐特急/急行列车。"", ""“Home Liner”需要一张登机票。""]",2.0,"免费区间内的主要JR车站（甲府站、国府站、龙野站、盐尻站、猪谷站、新宫站除外）
 e5489",,,https://jr-central.co.jp/news/release/_pdf/000044876.pdf,"[{""text"": ""ＪＲ東海"", ""url"": ""https://jr-central.co.jp/news/release/_pdf/000044876.pdf""}]",,https://www2s.biglobe.ne.jp/~t_aoyagi/railway/free/jrtokai08.htm,jrtokai08.htm,9,2026/8/10 1:30,ＪＲ東海＆17私鉄 乗り鉄☆たびきっぷ,,,,https://www2s.biglobe.ne.jp/~t_aoyagi/railway/free/jrtokai08.htm
jrtokai09,立山黒部アルペンフリーきっぷ,JR东海,"[""ＪＲ東海""]",1,False,tokai,东海,东海,"[""東海""]",kikan,期間限定タイプ,期间限定,"[""実券""]",True,False,period,2026/3/15  〜11/26,2026/3/15,2026/11/26,24500.0,12250.0,12250.0,"大人：24,500円 小人：12,250円",5天,5.0,2026年3月15日 - 2026年11月26日,"2026年3月15日 - 2026年11月30日
 2026年4月27日至2026年5月6日以及2026年8月10日至8月19日期间不可用",,"[""https://www2s.biglobe.ne.jp/~t_aoyagi/railway/free/map/jrtokai09.gif""]","{""columns"": [""绿色车厢 (头等座)"", ""普通车自由席车指定席席"", ""普通车自由席车自由席席"", ""专线列车 (Liner)"", ""特急"", ""急行"", ""快速"", ""普通车自由席"", ""指定席"", ""自由席"", ""其他的""], ""status_rows"": [{""label"": null, ""symbols"": [{""symbol"": ""×"", ""note"": null}, {""symbol"": ""×"", ""note"": null}, {""symbol"": ""×"", ""note"": null}, {""symbol"": ""▲"", ""note"": null}, {""symbol"": ""▲"", ""note"": ""(1)""}, {""symbol"": ""▲"", ""note"": null}, {""symbol"": ""▲"", ""note"": null}, {""symbol"": ""▲"", ""note"": null}, {""symbol"": ""▲"", ""note"": null}, {""symbol"": ""▲"", ""note"": null}, {""symbol"": ""○"", ""note"": null}]}], ""legend"": {""○"": ""可乘车"", ""▲"": ""仅乘车券有效"", ""×"": ""不可乘车""}, ""notes"": [""(1)ＪＲ線特急列車の指定席利用回数は４回まで""]}",JR,"[""JR线特快列车的指定席最多可使用4次。"", ""“Home Liner”需要一张登机票。""]",2.0,"e5489
 可以在JR东海售票处以及检票口外标有“5489服务”的自动售票机取票（仅限JR东海）",,,https://railway.jr-central.co.jp/tickets/tateyama-kurobe-alpine/,"[{""text"": ""ＪＲ東海"", ""url"": ""https://railway.jr-central.co.jp/tickets/tateyama-kurobe-alpine/""}]",,https://www2s.biglobe.ne.jp/~t_aoyagi/railway/free/jrtokai09.htm,jrtokai09.htm,10,2026/8/10 1:30,立山黒部アルペンフリーきっぷ,,,,https://www2s.biglobe.ne.jp/~t_aoyagi/railway/free/jrtokai09.htm
jrtokai89,ＪＲ東海☆春の乗り放題きっぷ,JR东海,"[""ＪＲ東海""]",1,False,tokai,东海,东海,"[""東海""]",spring,春期間限定タイプ,春季限定,"[""実券""]",True,False,ended,終了,,,3900.0,1900.0,1900.0,"大人：3,900円 小人：1,900円",2天,2.0,2026年2月13日 - 2026年4月5日,2026年2月28日 - 2026年4月6日,,"[""https://www2s.biglobe.ne.jp/~t_aoyagi/railway/free/map/jrtokai88.gif""]","{""columns"": [""绿色车厢 (头等座)"", ""普通车自由席车指定席席"", ""普通车自由席车自由席席"", ""专线列车 (Liner)"", ""特急"", ""急行"", ""快速"", ""普通车自由席"", ""指定席"", ""自由席"", ""其他的""], ""status_rows"": [{""label"": null, ""symbols"": [{""symbol"": ""×"", ""note"": null}, {""symbol"": ""×"", ""note"": null}, {""symbol"": ""×"", ""note"": null}, {""symbol"": ""×"", ""note"": null}, {""symbol"": ""×"", ""note"": null}, {""symbol"": ""×"", ""note"": null}, {""symbol"": ""▲"", ""note"": null}, {""symbol"": ""▲"", ""note"": null}, {""symbol"": ""▲"", ""note"": null}, {""symbol"": ""▲"", ""note"": null}, {""symbol"": ""○"", ""note"": null}]}], ""legend"": {""○"": ""可乘车"", ""▲"": ""仅乘车券有效"", ""×"": ""不可乘车""}, ""notes"": null}",JR,"[""新干线预约服务“EX Service”适用于到达热海～米原之间任意车站的东海道新干线预约用户。"", ""不允许乘坐特快列车/特快列车。"", ""“Home Liner”需要一张登机票。""]",3.0,"EX服务
 仅适用于使用“EX服务”预订到达热海～米原之间车站的新干线列车后，登录“EX服务”后，通过链接（“EX目的地预订”）使用“e5489”的情况。您可以在 JR 东海售票处或检票口外标有“5489 Service”的自动售票机（仅限 JR 东海）领取车票。",,,https://railway.jr-central.co.jp/tickets/spring-freepass/,"[{""text"": ""ＪＲ東海"", ""url"": ""https://railway.jr-central.co.jp/tickets/spring-freepass/""}]",,https://www2s.biglobe.ne.jp/~t_aoyagi/railway/free/jrtokai89.htm,jrtokai89.htm,11,2026/8/10 1:30,ＪＲ東海☆春の乗り放題きっぷ,,,,https://www2s.biglobe.ne.jp/~t_aoyagi/railway/free/jrtokai89.htm
jrtokai88,ＪＲ東海☆冬の乗り放題きっぷ,JR东海,"[""ＪＲ東海""]",1,False,tokai,东海,东海,"[""東海""]",winter,年末年始限定タイプ,年末年初限定,"[""実券""]",True,False,ended,終了,,,3900.0,1900.0,1900.0,"大人：3,900円 小人：1,900円",2天,2.0,2025年11月19日 - 2026年1月12日,2025年12月13日 - 2026年1月13日,,"[""https://www2s.biglobe.ne.jp/~t_aoyagi/railway/free/map/jrtokai88.gif""]","{""columns"": [""绿色车厢 (头等座)"", ""普通车自由席车指定席席"", ""普通车自由席车自由席席"", ""专线列车 (Liner)"", ""特急"", ""急行"", ""快速"", ""普通车自由席"", ""指定席"", ""自由席"", ""其他的""], ""status_rows"": [{""label"": null, ""symbols"": [{""symbol"": ""×"", ""note"": null}, {""symbol"": ""×"", ""note"": null}, {""symbol"": ""×"", ""note"": null}, {""symbol"": ""×"", ""note"": null}, {""symbol"": ""×"", ""note"": null}, {""symbol"": ""×"", ""note"": null}, {""symbol"": ""▲"", ""note"": null}, {""symbol"": ""▲"", ""note"": null}, {""symbol"": ""▲"", ""note"": null}, {""symbol"": ""▲"", ""note"": null}, {""symbol"": ""○"", ""note"": null}]}], ""legend"": {""○"": ""可乘车"", ""▲"": ""仅乘车券有效"", ""×"": ""不可乘车""}, ""notes"": null}",JR,"[""新干线预约服务“EX Service”适用于到达热海～米原之间任意车站的东海道新干线预约用户。"", ""不允许乘坐特快列车/特快列车。"", ""“Home Liner”需要一张登机票。""]",3.0,"EX服务
 仅适用于使用“EX服务”预订到达热海～米原之间车站的新干线列车后，登录“EX服务”后，通过链接（“EX目的地预订”）使用“e5489”的情况。您可以在 JR 东海售票处或检票口外标有“5489 Service”的自动售票机（仅限 JR 东海）领取车票。",,,https://railway.jr-central.co.jp/tickets/winter-freepass/,"[{""text"": ""ＪＲ東海"", ""url"": ""https://railway.jr-central.co.jp/tickets/winter-freepass/""}]",,https://www2s.biglobe.ne.jp/~t_aoyagi/railway/free/jrtokai88.htm,jrtokai88.htm,13,2026/8/10 1:30,ＪＲ東海☆冬の乗り放題きっぷ,,,,https://www2s.biglobe.ne.jp/~t_aoyagi/railway/free/jrtokai88.htm
izukyu51,伊豆満喫フリーきっぷ,伊豆急行,"[""伊豆急行""]",1,False,tokai,东海,东海,"[""東海""]",kikan,期間限定タイプ,期间限定,"[""実券""]",True,False,period,2026/4/1  〜2027/1/31,2026/4/1,2027/1/31,3000.0,1000.0,1000.0,"大人：3,000円／小人：1,000円",1天,1.0,2026年4月1日 - 2027年1月31日,2026年4月1日 - 2027年1月31日,,"[""https://www2s.biglobe.ne.jp/~t_aoyagi/railway/free/map/izukyu.gif""]",,地方私鉄,"[""特快列车只有在普通车厢有空座的情况下才能乘坐。""]",1.0,"伊东、伊豆高原、伊豆热川、伊豆稻取、河津、伊豆急下田
 伊东市旅游咨询中心",伊豆急行铁道部电话：0557-53-1116,,https://www.izukyu.co.jp/ticket/detail.php?CN=314449,"[{""text"": ""伊豆急行"", ""url"": ""https://www.izukyu.co.jp/ticket/detail.php?CN=314449""}]",,https://www2s.biglobe.ne.jp/~t_aoyagi/railway/free/izukyu51.htm,izukyu51.htm,14,2026/8/10 1:30,伊豆満喫フリーきっぷ,,,,https://www2s.biglobe.ne.jp/~t_aoyagi/railway/free/izukyu51.htm
izukyu52,河津桜パーク＆トレインフリーきっぷ,伊豆急行,"[""伊豆急行""]",1,False,tokai,东海,东海,"[""東海""]",kikan,期間限定タイプ,期间限定,"[""デジタル""]",False,True,ended,終了,,,1800.0,900.0,900.0,"大人：1,800円／小人：900円",1日（仅限发布当天）,1.0,2026年1月20日 - 2026年3月10日,2026年2月1日 - 2026年3月10日,,"[""https://www2s.biglobe.ne.jp/~t_aoyagi/railway/free/map/izukyu52.gif""]",,地方私鉄,"[""不可乘坐特快列车"", ""停在伊豆高原站前的P2、P3、P5处。""]",2.0,伊豆 navi Jordan 手机票 Q SKIP,伊豆急行铁道部电话：0557-53-1116,,https://www.izukyu.co.jp/news/detail.php?CN=399925,"[{""text"": ""伊豆急行"", ""url"": ""https://www.izukyu.co.jp/news/detail.php?CN=399925""}, {""text"": ""ジョルダンモバイルチケット"", ""url"": ""https://ticket.jorudan.co.jp/izukyu/kawazu/ja/""}]",,https://www2s.biglobe.ne.jp/~t_aoyagi/railway/free/izukyu52.htm,izukyu52.htm,15,2026/8/10 1:30,河津桜パーク＆トレインフリーきっぷ,,,,https://www2s.biglobe.ne.jp/~t_aoyagi/railway/free/izukyu52.htm
izukyu53,金目きっぷ,伊豆急行,"[""伊豆急行""]",1,False,tokai,东海,东海,"[""東海""]",kikan,期間限定タイプ,期间限定,"[""実券""]",True,False,period,2026/4/1  〜2027/3/25,2026/4/1,2027/3/25,3980.0,2980.0,2980.0,"大人：3,980円／小人：2,980円","门票：仅限使用开始日
 
餐券：自使用之日起7天内有效，一次有效。",7.0,2026年4月1日 - 2027年3月25日,2026年4月1日 - 2027年3月25日,,"[""https://www2s.biglobe.ne.jp/~t_aoyagi/railway/free/map/izukyu52.gif""]",,地方私鉄,"[""不可乘坐特快列车""]",1.0,伊豆高原、伊豆热川、伊豆稻取、河津、伊豆急下田,伊豆急行铁道部电话：0557-53-1116,,https://www.izukyu.co.jp/ticket/detail.php?CN=423810,"[{""text"": ""伊豆急行"", ""url"": ""https://www.izukyu.co.jp/ticket/detail.php?CN=423810""}]",,https://www2s.biglobe.ne.jp/~t_aoyagi/railway/free/izukyu53.htm,izukyu53.htm,16,2026/8/10 1:30,金目きっぷ,,,,https://www2s.biglobe.ne.jp/~t_aoyagi/railway/free/izukyu53.htm
izukyu54,温泉むすめ×金目きっぷ,伊豆急行,"[""伊豆急行""]",1,False,tokai,东海,东海,"[""東海""]",kikan,期間限定タイプ,期间限定,"[""実券""]",True,False,ended,終了,,,3980.0,,3980.0,"大人：3,980円／小人：---円","门票：仅限使用开始日
 
餐券：自使用之日起7天内有效，一次有效。",7.0,2025年11月1日 - 2026年3月25日,2025年11月1日 - 2026年3月25日,,"[""https://www2s.biglobe.ne.jp/~t_aoyagi/railway/free/map/izukyu52.gif""]",,地方私鉄,"[""对于特急列车，必须单独购买特急车票。""]",1.0,伊东市旅游咨询中心（伊东站）、伊豆稻取、伊豆急下田,伊豆急行铁道部电话：0557-53-1116,,https://www.izukyu.co.jp/guide/event_detail.php?CN=414691,"[{""text"": ""伊豆急行"", ""url"": ""https://www.izukyu.co.jp/guide/event_detail.php?CN=414691""}]",,https://www2s.biglobe.ne.jp/~t_aoyagi/railway/free/izukyu54.htm,izukyu54.htm,17,2026/8/10 1:30,温泉むすめ×金目きっぷ,,,,https://www2s.biglobe.ne.jp/~t_aoyagi/railway/free/izukyu54.htm
izukyu101,伊東・熱川フリーパス,伊豆急行,"[""伊豆急行""]",1,False,tokai,东海,东海,"[""東海""]",kikan,期間限定タイプ,期间限定,"[""実券""]",True,False,ended,終了,,,1500.0,750.0,750.0,"大人：1,500円／小人：750円",2天,2.0,2020年9月1日 - 2020年12月31日,2020年9月1日 - 2020年12月31日,,"[""https://www2s.biglobe.ne.jp/~t_aoyagi/railway/free/map/izukyu101.gif""]",,地方私鉄,[],0.0,"伊东站内的东海巴士问讯处
 伊豆急线车站不贩售",东海巴士 TEL: 0557-37-5121,,https://www.izukyu.co.jp/guide/event_detail.php?CN=301341,"[{""text"": ""伊豆急行"", ""url"": ""https://www.izukyu.co.jp/guide/event_detail.php?CN=301341""}]",,https://www2s.biglobe.ne.jp/~t_aoyagi/railway/free/izukyu101.htm,izukyu101.htm,18,2026/8/10 1:30,伊東・熱川フリーパス,,,,https://www2s.biglobe.ne.jp/~t_aoyagi/railway/free/izukyu101.htm
sunzu01,駿豆線一日乗り放題乗車券・旅助け,伊豆箱根鉄道,"[""伊豆箱根鉄道""]",1,False,tokai,东海,东海,"[""東海""]",tunen,通年発売タイプ,全年发售,"[""実券"", ""デジタル""]",True,True,on_sale,発売中,,,1100.0,560.0,560.0,"大人：1,100円／小人：560円",1天,1.0,全年,全年,,"[""https://www2s.biglobe.ne.jp/~t_aoyagi/railway/free/map/sunzu.gif""]",,地方私鉄,[],0.0,"三岛、三岛博小路、大场、伊豆长冈、修善寺
 RYDE PASS 约旦手机票",伊豆箱根铁道/铁道部交通课 TEL: 055-977-1207,,https://www.izuhakone.co.jp/sunzudaiyu/sunzudaiyu-news/p000467.html,"[{""text"": ""伊豆箱根鉄道"", ""url"": ""https://www.izuhakone.co.jp/sunzudaiyu/sunzudaiyu-news/p000467.html""}, {""text"": ""RYDE PASS"", ""url"": ""https://pass.ryde-go.com/products/KVMRLPZS223P""}, {""text"": ""ジョルダンモバイルチケット"", ""url"": ""https://ticket.jorudan.co.jp/izuhakone-railway/tbd-1d/ja/""}]",,https://www2s.biglobe.ne.jp/~t_aoyagi/railway/free/sunzu01.htm,sunzu01.htm,19,2026/8/10 1:30,駿豆線一日乗り放題乗車券 旅助け,,,,https://www2s.biglobe.ne.jp/~t_aoyagi/railway/free/sunzu01.htm
sunzu91,コロプラ☆駿豆線一日フリーきっぷ,伊豆箱根鉄道,"[""伊豆箱根鉄道""]",1,False,tokai,东海,东海,"[""東海""]",kikan,期間限定タイプ,期间限定,"[""実券""]",True,False,period,〜2027/3/31,,2027/3/31,1680.0,,1680.0,"大人：1,680円",1天,1.0,2014年4月1日 - 2027年3月31日,2014年4月1日 - 2027年3月31日,,"[""https://www2s.biglobe.ne.jp/~t_aoyagi/railway/free/map/sunzu.gif""]",,地方私鉄,[],0.0,三岛、大场、伊豆长冈、修善寺,伊豆箱根铁道铁道部交通课 TEL：055-977-1207,,https://www.izuhakone.co.jp/sunzudaiyu/sunzudaiyu-news/p000453.html,"[{""text"": ""伊豆箱根鉄道"", ""url"": ""https://www.izuhakone.co.jp/sunzudaiyu/sunzudaiyu-news/p000453.html""}, {""text"": ""コロプラ"", ""url"": ""https://colopl.co.jp/service/other/coloca/transport/area02/norimono_izuhakone/""}]",,https://www2s.biglobe.ne.jp/~t_aoyagi/railway/free/sunzu91.htm,sunzu91.htm,20,2026/8/10 1:30,コロプラ☆駿豆線一日フリーきっぷ,,,,https://www2s.biglobe.ne.jp/~t_aoyagi/railway/free/sunzu91.htm
sunzu85,駿豆線１日乗り放題乗車券 Aqours旅助け,伊豆箱根鉄道,"[""伊豆箱根鉄道""]",1,False,tokai,东海,东海,"[""東海""]",kikan,期間限定タイプ,期间限定,"[""実券""]",True,False,period,2026/7/3  〜2027/6/30,2026/7/3,2027/6/30,1500.0,,1500.0,"大人：1,500円／小人：－円",1天,1.0,"津岛芳子 Ver. 2026年7月3日 - 2027年6月30日
 
高见千花 Ver. 2026年7月22日 - 2027年6月30日
 
 樱内理子 Ver. 2025年9月6日 - 2026年6月30日
 
 黑泽露比Ver. 2025年9月19日 - 2026年6月30日
 
 黑泽迪亚 Ver. 2025年12月26日 - 2026年6月30日
 
 松浦果南 Ver. 2026年2月4日 - 2026年6月30日","津岛芳子 Ver. 2026年7月3日 - 2027年6月30日
 
高见千花 Ver. 2026年7月22日 - 2027年6月30日
 
 樱内理子 Ver. 2025年9月6日 - 2026年6月30日
 
 黑泽露比Ver. 2025年9月19日 - 2026年6月30日
 
 松浦果南 Ver. 2026年2月4日 - 2026年6月30日",,"[""https://www2s.biglobe.ne.jp/~t_aoyagi/railway/free/map/sunzu.gif""]",,地方私鉄,[],0.0,三岛,伊豆箱根铁道/铁道部交通课 TEL: 055-977-1207,,https://www.izuhakone.co.jp/izu-group/izu-news/p010912_d/fil/railway_news_20260626_02.pdf,"[{""text"": ""伊豆箱根鉄道"", ""url"": ""https://www.izuhakone.co.jp/izu-group/izu-news/p010912_d/fil/railway_news_20260626_02.pdf""}, {""text"": ""伊豆箱根鉄道"", ""url"": ""https://www.izuhakone.co.jp/izu-group/izu-news/p010912_d/fil/railway_news_20260626_02.pdf""}, {""text"": ""伊豆箱根鉄道"", ""url"": ""https://www.izuhakone.co.jp/izu-group/izu-news/p010665_d/fil/railway_news_20250829.pdf""}, {""text"": ""伊豆箱根鉄道"", ""url"": ""https://www.izuhakone.co.jp/izu-group/izu-news/p010665_d/fil/railway_news_20250829.pdf""}, {""text"": ""伊豆箱根鉄道"", ""url"": ""https://www.izuhakone.co.jp/izu-group/izu-news/p010793_d/fil/railway_news_20260127_02.pdf""}]",,https://www2s.biglobe.ne.jp/~t_aoyagi/railway/free/sunzu85.htm,sunzu85.htm,21,2026/8/10 1:30,駿豆線１日乗り放題乗車券 Aqours旅助け,,,,https://www2s.biglobe.ne.jp/~t_aoyagi/railway/free/sunzu85.htm
fujikyu91,富士急特急フリーきっぷ,富士山麓電気鉄道,"[""富士山麓電気鉄道""]",1,False,tokai,东海,东海,"[""東海""]",tunen,通年発売タイプ,全年发售,"[""実券"", ""デジタル""]",True,True,on_sale,発売中,,,2400.0,1200.0,1200.0,"大人：3,000円／小人：1,500円 
 大人：2,400円／小人：1,200円 (2026年1月24日〜3月13日/ジョルダンモバイルチケットのみ)",2天,2.0,全年,全年,,"[""https://www2s.biglobe.ne.jp/~t_aoyagi/railway/free/map/fujikyu02.gif""]",,地方私鉄,"[""有“富士山景观特快”、“富士太阳特急”自由席""]",1.0,"大月、鹤文化大学、富士山、富士急乐园、河口湖
 约旦手机票",藤急子电话：0555-22-7100,,http://www.fujikyu-railway.jp/ticket/ticket16.php,"[{""text"": ""富士急行"", ""url"": ""http://www.fujikyu-railway.jp/ticket/ticket16.php""}, {""text"": ""ジョルダンモバイルチケット"", ""url"": ""https://ticket.jorudan.co.jp/fujikyu-railway/exp-2d/ja/""}]",,https://www2s.biglobe.ne.jp/~t_aoyagi/railway/free/fujikyu91.htm,fujikyu91.htm,22,2026/8/10 1:30,富士急特急フリーきっぷ,,,,https://www2s.biglobe.ne.jp/~t_aoyagi/railway/free/fujikyu91.htm
fujikyu11,富士山・富士五湖パスポート(富士急電車セット),富士山麓電気鉄道,"[""富士山麓電気鉄道""]",1,False,tokai,东海,东海,"[""東海""]",tunen,通年発売タイプ,全年发售,"[""実券""]",True,False,on_sale,発売中,,,4700.0,2360.0,2360.0,"大人：4,700円／小人：2,360円",2天,2.0,全年,全年,,"[""https://www2s.biglobe.ne.jp/~t_aoyagi/railway/free/map/fujikyu11.gif""]",,地方私鉄,"[""乘坐富士山特快列车需要单独购买特快车票。""]",1.0,"大月站
 富士山站、河口湖站、三岛站、新富士站、富士宫站、御殿场站的富士急行巴士柜台
 
森之站旭丘富士急巴士柜台",富士急行巴士 TEL:0555-72-3877,,http://www.fujikyu-railway.jp/ticket/ticket17.php,"[{""text"": ""富士急行"", ""url"": ""http://www.fujikyu-railway.jp/ticket/ticket17.php""}]",,https://www2s.biglobe.ne.jp/~t_aoyagi/railway/free/fujikyu11.htm,fujikyu11.htm,23,2026/8/10 1:30,富士山・富士五湖パスポート （富士急電車セット）,,,,https://www2s.biglobe.ne.jp/~t_aoyagi/railway/free/fujikyu11.htm
fujikyu12,富士山・富士五湖パスポート,富士山麓電気鉄道,"[""富士山麓電気鉄道""]",1,False,tokai,东海,东海,"[""東海""]",tunen,通年発売タイプ,全年发售,"[""実券""]",True,False,on_sale,発売中,,,3300.0,1660.0,1660.0,"大人：3,300円／小人：1,660円",2天,2.0,全年,全年,,"[""https://www2s.biglobe.ne.jp/~t_aoyagi/railway/free/map/fujikyu12.gif""]",,地方私鉄,"[""乘坐富士山特快列车需要单独购买特快车票。""]",1.0,"富士山站、河口湖站的富士急行巴士柜台
 三岛站、新富士站、富士宫站、御殿场站、森野站旭丘富士急巴士柜台",富士急行巴士 TEL:0555-72-3877,,http://www.fujikyu-railway.jp/ticket/ticket17.php,"[{""text"": ""富士急行"", ""url"": ""http://www.fujikyu-railway.jp/ticket/ticket17.php""}]",,https://www2s.biglobe.ne.jp/~t_aoyagi/railway/free/fujikyu12.htm,fujikyu12.htm,24,2026/8/10 1:30,富士山・富士五湖パスポート,,,,https://www2s.biglobe.ne.jp/~t_aoyagi/railway/free/fujikyu12.htm
fujikyu13,富士吉田お出かけフリーきっぷ,富士山麓電気鉄道,"[""富士山麓電気鉄道""]",1,False,tokai,东海,东海,"[""東海""]",tunen,通年発売タイプ,全年发售,"[""実券""]",True,False,on_sale,発売中,,,510.0,360.0,360.0,大人：510円／小人：360円,1天,1.0,仅限使用当天,全年,,"[""https://www2s.biglobe.ne.jp/~t_aoyagi/railway/free/map/fujikyu13.gif""]",,地方私鉄,[],0.0,"免费区间的车站
 也有从免费区间外来回的类型。",藤急子电话：0555-22-7100,,http://www.fujikyu-railway.jp/ticket/ticket07.php,"[{""text"": ""富士急行"", ""url"": ""http://www.fujikyu-railway.jp/ticket/ticket07.php""}]",,https://www2s.biglobe.ne.jp/~t_aoyagi/railway/free/fujikyu13.htm,fujikyu13.htm,25,2026/8/10 1:30,富士吉田お出かけフリーきっぷ,,,,https://www2s.biglobe.ne.jp/~t_aoyagi/railway/free/fujikyu13.htm
fujikyu14,富士山まるごときっぷ,富士山麓電気鉄道,"[""富士山麓電気鉄道""]",1,False,tokai,东海,东海,"[""東海""]",tunen,通年発売タイプ,全年发售,"[""実券""]",True,False,on_sale,発売中,,,3000.0,2000.0,2000.0,"大人：3,000円／小人：2,000円",1天,1.0,仅限使用当天,全年,,"[""https://www2s.biglobe.ne.jp/~t_aoyagi/railway/free/map/fujikyu14.gif""]",,地方私鉄,[],0.0,"富士急行线：河口湖、富士急高原、富士山
 
 富士急行巴士：河口湖站、富士山站巴士柜台",藤急子电话：0555-22-7100,,http://www.fujikyu-railway.jp/ticket/ticket18.php,"[{""text"": ""富士急行"", ""url"": ""http://www.fujikyu-railway.jp/ticket/ticket18.php""}]",,https://www2s.biglobe.ne.jp/~t_aoyagi/railway/free/fujikyu14.htm,fujikyu14.htm,26,2026/8/10 1:30,富士山まるごときっぷ,,,,https://www2s.biglobe.ne.jp/~t_aoyagi/railway/free/fujikyu14.htm
fujikyu71,富士急行線夏休み子ども1日フリーきっぷ,富士山麓電気鉄道,"[""富士山麓電気鉄道""]",1,False,tokai,东海,东海,"[""東海""]",summer,夏限定タイプ,夏季限定,"[""実券""]",True,False,period,2026/7/18  〜8/31,2026/7/18,2026/8/31,,100.0,100.0,小人：100円,1天,1.0,2026年7月18日 - 2026年8月31日,2026年7月18日 - 2026年8月31日,,"[""https://www2s.biglobe.ne.jp/~t_aoyagi/railway/free/map/fujikyu02.gif""]",,地方私鉄,[],0.0,"大月、鹤文化大学、下吉田、富士山、富士急乐园、河口湖
 富士山连接",藤急子电话：0555-22-7100,,https://www.fujikyu-railway.jp/event/info.php?no=1180,"[{""text"": ""富士急行"", ""url"": ""https://www.fujikyu-railway.jp/event/info.php?no=1180""}]",,https://www2s.biglobe.ne.jp/~t_aoyagi/railway/free/fujikyu71.htm,fujikyu71.htm,27,2026/8/10 1:30,富士急行線夏休み子ども1日フリーきっぷ,,,,https://www2s.biglobe.ne.jp/~t_aoyagi/railway/free/fujikyu71.htm
gakunan11,１日フリー乗車券,岳南鉄道,"[""岳南鉄道""]",1,False,tokai,东海,东海,"[""東海""]",tunen,通年発売タイプ,全年发售,"[""実券"", ""デジタル""]",True,True,on_sale,発売中,,,750.0,310.0,310.0,大人：750円／小人：310円,1天,1.0,全年,全年,,"[""https://www2s.biglobe.ne.jp/~t_aoyagi/railway/free/map/gakunan.gif""]",,地方私鉄,[],0.0,"吉原、吉原本町、藤冈学南
 每个车站只有在工作人员在场的情况下才可以进行销售。
 约旦手机票",岳南铁道电话：0545-53-5111,,https://www.gakutetsu.jp/couponpass/index.html,"[{""text"": ""岳南鉄道"", ""url"": ""https://www.gakutetsu.jp/couponpass/index.html""}, {""text"": ""ジョルダンモバイルチケット"", ""url"": ""https://ticket.jorudan.co.jp/gakutetsu/gkn-1d/ja/""}]",,https://www2s.biglobe.ne.jp/~t_aoyagi/railway/free/gakunan11.htm,gakunan11.htm,28,2026/8/10 1:30,１日フリー乗車券,,,,https://www2s.biglobe.ne.jp/~t_aoyagi/railway/free/gakunan11.htm
gakunan02,春・夏・冬休みこどもフリーパス,岳南鉄道,"[""岳南鉄道""]",1,False,tokai,东海,东海,"[""東海""]",kisetu,季節発売タイプ,季节发售,"[""実券""]",True,False,unknown,春休み  夏休み  冬休み,,,,210.0,210.0,小人：210円,1天,1.0,"类型 发布期限
 春假
 暑假 2025年7月19日 - 2025年8月31日
 寒假2024年12月24日-2025年1月5日","类型 发布期限
 春假
 暑假 2025年7月19日 - 2025年8月31日
 寒假2024年12月24日-2025年1月5日",,"[""https://www2s.biglobe.ne.jp/~t_aoyagi/railway/free/map/gakunan.gif""]",,地方私鉄,[],0.0,"吉原、吉原本町、藤冈学南
 每个车站只有在工作人员在场的情况下才可以进行销售。",岳南铁道电话：0545-53-5111,,https://www.gakutetsu.jp/couponpass/index.html,"[{""text"": ""岳南鉄道"", ""url"": ""https://www.gakutetsu.jp/couponpass/index.html""}]",,https://www2s.biglobe.ne.jp/~t_aoyagi/railway/free/gakunan02.htm,gakunan02.htm,29,2026/8/10 1:30,春休み/夏休み/冬休み こどもフリーパス,,,,https://www2s.biglobe.ne.jp/~t_aoyagi/railway/free/gakunan02.htm
gakunan93,干支一日フリー乗車券,岳南鉄道,"[""岳南鉄道""]",1,False,tokai,东海,东海,"[""東海""]",kikan,期間限定タイプ,期间限定,"[""実券""]",True,False,ended,終了,,,750.0,,750.0,大人：750円,1天,1.0,2026年1月1日起至售完为止,2026年1月1日起至售完为止,,"[""https://www2s.biglobe.ne.jp/~t_aoyagi/railway/free/map/gakunan.gif""]",,地方私鉄,[],0.0,吉原,岳南铁道电话：0545-53-5111,,https://www.gakutetsu.jp/topics/2026gakunannewyear.html,"[{""text"": ""岳南鉄道"", ""url"": ""https://www.gakutetsu.jp/topics/2026gakunannewyear.html""}]",,https://www2s.biglobe.ne.jp/~t_aoyagi/railway/free/gakunan93.htm,gakunan93.htm,30,2026/8/10 1:30,干支柄一日フリー乗車券,,,,https://www2s.biglobe.ne.jp/~t_aoyagi/railway/free/gakunan93.htm
gakunan100,岳鉄ダルマ 全線一日フリー乗車券,岳南鉄道,"[""岳南鉄道""]",1,False,tokai,东海,东海,"[""東海""]",kikan,期間限定タイプ,期间限定,"[""実券""]",True,False,period,2026/2/1〜,2026/2/1,,750.0,,750.0,大人：750円／小人：-----円,1天,1.0,从 2026 年 2 月 1 日起,自签发之日起3个月内1天,,"[""https://www2s.biglobe.ne.jp/~t_aoyagi/railway/free/map/gakunan.gif""]",,地方私鉄,[],0.0,吉原,岳南铁道电话：0545-53-5111,,https://www.gakutetsu.jp/topics/gakutetsudaruma.html,"[{""text"": ""岳南鉄道"", ""url"": ""https://www.gakutetsu.jp/topics/gakutetsudaruma.html""}]",,https://www2s.biglobe.ne.jp/~t_aoyagi/railway/free/gakunan100.htm,gakunan100.htm,31,2026/8/10 1:30,岳鉄ダルマ 全線1日フリー乗車券,,,,https://www2s.biglobe.ne.jp/~t_aoyagi/railway/free/gakunan100.htm
gakunan101,幸運の末広がり8並び入場券＆全線1日フリー乗車券,岳南鉄道,"[""岳南鉄道""]",1,False,tokai,东海,东海,"[""東海""]",kikan,期間限定タイプ,期间限定,"[""実券""]",True,False,period,2026/8/8〜,2026/8/8,,920.0,,920.0,大人：920円／小人：-----円,1天,1.0,从 2026 年 8 月 8 日起,自签发之日起3个月内1天,,"[""https://www2s.biglobe.ne.jp/~t_aoyagi/railway/free/map/gakunan.gif""]",,地方私鉄,[],0.0,吉原,岳南铁道电话：0545-53-5111,,https://www.gakutetsu.jp/topics/888zoromekippu.html,"[{""text"": ""岳南鉄道"", ""url"": ""https://www.gakutetsu.jp/topics/888zoromekippu.html""}]",,https://www2s.biglobe.ne.jp/~t_aoyagi/railway/free/gakunan101.htm,gakunan101.htm,32,2026/8/10 1:30,幸運の末広がり8並び入場券＆全線1日フリー乗車券,,,,https://www2s.biglobe.ne.jp/~t_aoyagi/railway/free/gakunan101.htm
shizutetsu01,静鉄電車ワンデーパス,静岡鉄道,"[""静岡鉄道""]",1,False,tokai,东海,东海,"[""東海""]",tunen,通年発売タイプ,全年发售,"[""実券""]",True,False,on_sale,発売中,,,700.0,350.0,350.0,大人：700円／小人：350円,1天,1.0,全年,全年,,"[""https://www2s.biglobe.ne.jp/~t_aoyagi/railway/free/map/shizutetu00.gif""]",,地方私鉄,[],0.0,全站自动售票机,"铁路局电话：054-261-6981
 新清水站 TEL:054-352-1500
 新静冈站 TEL:054-254-5115",,https://train.shizutetsu.co.jp/ticket#pass,"[{""text"": ""静岡鉄道"", ""url"": ""https://train.shizutetsu.co.jp/ticket#pass""}]",,https://www2s.biglobe.ne.jp/~t_aoyagi/railway/free/shizutetsu01.htm,shizutetsu01.htm,33,2026/8/10 1:30,静鉄電車ワンデーパス,,,,https://www2s.biglobe.ne.jp/~t_aoyagi/railway/free/shizutetsu01.htm
shizutetsu11,電車・バス１日フリー乗車券,静岡鉄道,"[""静岡鉄道""]",1,False,tokai,东海,东海,"[""東海""]",tunen,通年発売タイプ,全年发售,"[""実券""]",True,False,on_sale,発売中,,,1600.0,800.0,800.0,"大人：1,600円／小人：800円",1天,1.0,全年,全年,,"[""https://www2s.biglobe.ne.jp/~t_aoyagi/railway/free/map/shizutetsu11.gif""]",,地方私鉄,[],0.0,"巴士：新静冈巴士问讯处、静冈站问讯处、清水站问讯处
 火车: 新静冈、新清水",静铁 Just Line 客户中心电话：0120-012-990（平日 9:00-18:00）,,https://train.shizutetsu.co.jp/ticket#oneday,"[{""text"": ""静岡鉄道"", ""url"": ""https://train.shizutetsu.co.jp/ticket#oneday""}, {""text"": ""しずてつジャストライン"", ""url"": ""http://www.justline.co.jp/jyousyaken/onday_free.html""}]",,https://www2s.biglobe.ne.jp/~t_aoyagi/railway/free/shizutetsu11.htm,shizutetsu11.htm,34,2026/8/10 1:30,電車・バス１日フリー乗車券,,,,https://www2s.biglobe.ne.jp/~t_aoyagi/railway/free/shizutetsu11.htm
shizutetsu95,バンダイホビーセンター新工場開業記念１日フリー乗車券,静岡鉄道,"[""静岡鉄道""]",1,False,tokai,东海,东海,"[""東海""]",kikan,期間限定タイプ,期间限定,"[""実券""]",True,False,period,2025/9/2  〜2026/8/31,2025/9/2,2026/8/31,800.0,,800.0,大人：800円,1天,1.0,2025年9月2日 - 2026年8月31日,2025年9月2日 - 2026年8月31日,,"[""https://www2s.biglobe.ne.jp/~t_aoyagi/railway/free/map/shizutetu00.gif""]",,地方私鉄,[],0.0,静冈新、清水新,"铁路局电话：054-261-6981
 新清水站 TEL:054-352-1500
 新静冈站 TEL:054-254-5115",,https://www.shizutetsu.co.jp/media/pages/news/2025/hp20250805/f55000d8bd-1754371522/hp20250805.pdf,"[{""text"": ""静岡鉄道"", ""url"": ""https://www.shizutetsu.co.jp/media/pages/news/2025/hp20250805/f55000d8bd-1754371522/hp20250805.pdf""}]",,https://www2s.biglobe.ne.jp/~t_aoyagi/railway/free/shizutetsu95.htm,shizutetsu95.htm,35,2026/8/10 1:30,バンダイホビーセンター新工場開業記念１日フリー乗車券,,,,https://www2s.biglobe.ne.jp/~t_aoyagi/railway/free/shizutetsu95.htm
shizutetsu93,春休み静鉄電車ワンデーパス,静岡鉄道,"[""静岡鉄道""]",1,False,tokai,东海,东海,"[""東海""]",spring,春期間限定タイプ,春季限定,"[""実券""]",True,False,ended,終了,,,,,500.0,中高生：500円,1天,1.0,2024年3月20日 - 2024年4月7日,2024年3月20日 - 2024年4月7日,,"[""https://www2s.biglobe.ne.jp/~t_aoyagi/railway/free/map/shizutetu00.gif""]",,地方私鉄,[],0.0,各车站设有自动售货机,"铁路局电话：054-261-6981
 新清水站 TEL:054-352-1500
 新静冈站 TEL:054-254-5115",,https://www.shizutetsu.co.jp/media/pages/news/2023/hp240318/71cb8879b9-1710806070/hp240318.pdf,"[{""text"": ""静岡鉄道"", ""url"": ""https://www.shizutetsu.co.jp/media/pages/news/2023/hp240318/71cb8879b9-1710806070/hp240318.pdf""}]",,https://www2s.biglobe.ne.jp/~t_aoyagi/railway/free/shizutetsu93.htm,shizutetsu93.htm,36,2026/8/10 1:30,春休み静鉄電車ワンデーパス,,,,https://www2s.biglobe.ne.jp/~t_aoyagi/railway/free/shizutetsu93.htm
shizutetsu92,夏休み静鉄電車ワンデーパス,静岡鉄道,"[""静岡鉄道""]",1,False,tokai,东海,东海,"[""東海""]",summer,夏限定タイプ,夏季限定,"[""実券""]",True,False,period,2026/7/23  〜8/27,2026/7/23,2026/8/27,,,500.0,中高生：500円,1天,1.0,2026年7月23日 - 2026年8月27日,2026年7月23日 - 2026年8月27日,,"[""https://www2s.biglobe.ne.jp/~t_aoyagi/railway/free/map/shizutetu00.gif""]",,地方私鉄,[],0.0,各车站设有自动售票机,"铁路局电话：054-261-6981
 新清水站 TEL:054-352-1500
 新静冈站 TEL:054-254-5115",,https://train.shizutetsu.co.jp/news/20260701/6604,"[{""text"": ""静岡鉄道"", ""url"": ""https://train.shizutetsu.co.jp/news/20260701/6604""}]",,https://www2s.biglobe.ne.jp/~t_aoyagi/railway/free/shizutetsu92.htm,shizutetsu92.htm,37,2026/8/10 1:30,夏休みワンデーパス,,,,https://www2s.biglobe.ne.jp/~t_aoyagi/railway/free/shizutetsu92.htm
shizutetsu91,冬休み静鉄電車ワンデーパス,静岡鉄道,"[""静岡鉄道""]",1,False,tokai,东海,东海,"[""東海""]",winter,年末年始限定タイプ,年末年初限定,"[""実券""]",True,False,ended,終了,,,,,500.0,中高生：500円,1天,1.0,2025年12月24日 - 2026年1月5日,2025年12月24日 - 2026年1月5日,,"[""https://www2s.biglobe.ne.jp/~t_aoyagi/railway/free/map/shizutetu00.gif""]",,地方私鉄,[],0.0,全站自动售票机,"铁路局电话：054-261-6981
 新清水站 TEL:054-352-1500
 新静冈站 TEL:054-254-5115",,https://train.shizutetsu.co.jp/news/20251223/6065,"[{""text"": ""静岡鉄道"", ""url"": ""https://train.shizutetsu.co.jp/news/20251223/6065""}]",,https://www2s.biglobe.ne.jp/~t_aoyagi/railway/free/shizutetsu91.htm,shizutetsu91.htm,38,2026/8/10 1:30,冬休み静鉄電車ワンデーパス,,,,https://www2s.biglobe.ne.jp/~t_aoyagi/railway/free/shizutetsu91.htm
oigawa96,大井川本線フリーきっぷ,大井川鉄道,"[""大井川鉄道""]",1,False,tokai,东海,东海,"[""東海""]",tunen,通年発売タイプ,全年发售,"[""実券"", ""デジタル""]",True,True,on_sale,発売中,,,2400.0,1200.0,1200.0,"SL列車運転日 大人：4,800円／小人：2,400円 
 SL列車運休日 大人：2,400円／小人：1,200円",1天,1.0,全年,全年,,"[""https://www2s.biglobe.ne.jp/~t_aoyagi/railway/free/map/oigawa94.gif""]",,地方私鉄,"[""无需预留座位即可搭乘 SL Express。""]",1.0,"金谷、新金谷、新金谷站 SL 中心
 
 [SL/EL驾驶日使用]：RYDE PASS
 [SL/EL 假期]：RYDE PASS
 大井川铁道网上商店
 全国7-11便利店（多功能复印机）",大井川铁道电话：0547-45-4112,,https://daitetsu.jp/ft_freeticket,"[{""text"": ""大井川鐵道"", ""url"": ""https://daitetsu.jp/ft_freeticket""}, {""text"": ""RYDE PASS"", ""url"": ""https://pass.ryde-go.com/products/17R94ZSG1Z30""}, {""text"": ""RYDE PASS"", ""url"": ""https://pass.ryde-go.com/products/76RVWYSM5Z3Q""}]",,https://www2s.biglobe.ne.jp/~t_aoyagi/railway/free/oigawa96.htm,oigawa96.htm,39,2026/8/10 1:30,大井川本線フリーきっぷ,,,,https://www2s.biglobe.ne.jp/~t_aoyagi/railway/free/oigawa96.htm
oigawa16,開運たぬきっぷ,大井川鉄道,"[""大井川鉄道""]",1,False,tokai,东海,东海,"[""東海""]",tunen,通年発売タイプ,全年发售,"[""実券""]",True,False,on_sale,発売中,,,880.0,440.0,440.0,大人：880円／小人：440円,1天,1.0,全年,全年,,"[""https://www2s.biglobe.ne.jp/~t_aoyagi/railway/free/map/oigawa16.gif""]",,地方私鉄,[],0.0,"金谷、新金谷、家山
 新金谷站前 SL 中心
 “TOURIST INFORMATION Ooi Navi”（邻近 Kadde 车站）",大井川铁道电话：0547-45-4112,,https://daitetsu.jp/ft_freeticket,"[{""text"": ""大井川鐵道"", ""url"": ""https://daitetsu.jp/ft_freeticket""}]",,https://www2s.biglobe.ne.jp/~t_aoyagi/railway/free/oigawa16.htm,oigawa16.htm,40,2026/8/10 1:30,開運たぬきっぷ,,,,https://www2s.biglobe.ne.jp/~t_aoyagi/railway/free/oigawa16.htm
tenhama02,１日フリーきっぷ,天竜浜名湖鉄道,"[""天竜浜名湖鉄道""]",1,False,tokai,东海,东海,"[""東海""]",tunen,通年発売タイプ,全年发售,"[""実券"", ""デジタル""]",True,True,on_sale,発売中,,,1950.0,980.0,980.0,"大人：1,950円／小人：980円",1天,1.0,全年,全年,,"[""https://www2s.biglobe.ne.jp/~t_aoyagi/railway/free/map/tenhama.gif""]",,地方私鉄,[],0.0,"挂川、远州森林、天龙二俣、西鹿岛、金梨、三日、新城原
 约旦手机票",天龙滨名湖铁道营业部 TEL:053-925-2276,,https://www.tenhama.co.jp/about/joshaken/,"[{""text"": ""天竜浜名湖鉄道"", ""url"": ""https://www.tenhama.co.jp/about/joshaken/""}, {""text"": ""ジョルダンモバイルチケット"", ""url"": ""https://ticket.jorudan.co.jp/tenhama/1d/ja/index.html""}]",,https://www2s.biglobe.ne.jp/~t_aoyagi/railway/free/tenhama02.htm,tenhama02.htm,41,2026/8/10 1:30,１日フリーきっぷ,,,,https://www2s.biglobe.ne.jp/~t_aoyagi/railway/free/tenhama02.htm
tenhama03,みかんきっぷ,天竜浜名湖鉄道,"[""天竜浜名湖鉄道""]",1,False,tokai,东海,东海,"[""東海""]",tunen,通年発売タイプ,全年发售,"[""実券"", ""デジタル""]",True,True,on_sale,発売中,,,1550.0,780.0,780.0,"大人：1,550円／小人：780円",1天,1.0,全年,全年,,"[""https://www2s.biglobe.ne.jp/~t_aoyagi/railway/free/map/tenhama03.gif""]",,地方私鉄,[],0.0,"挂川、远州森林、天龙二俣、西鹿岛、金梨、三日、新城原
 约旦手机票",天龙滨名湖铁道营业部 TEL:053-925-2276,,https://www.tenhama.co.jp/about/joshaken/,"[{""text"": ""天竜浜名湖鉄道"", ""url"": ""https://www.tenhama.co.jp/about/joshaken/""}, {""text"": ""ジョルダンモバイルチケット"", ""url"": ""https://ticket.jorudan.co.jp/tenhama/mikan-chabatake/ja/index.html""}, {""text"": ""天竜浜名湖鉄道"", ""url"": ""https://www.tenhama.co.jp/events/24307/""}]",,https://www2s.biglobe.ne.jp/~t_aoyagi/railway/free/tenhama03.htm,tenhama03.htm,42,2026/8/10 1:30,みかんきっぷ,,,,https://www2s.biglobe.ne.jp/~t_aoyagi/railway/free/tenhama03.htm
tenhama04,茶畑きっぷ,天竜浜名湖鉄道,"[""天竜浜名湖鉄道""]",1,False,tokai,东海,东海,"[""東海""]",tunen,通年発売タイプ,全年发售,"[""実券"", ""デジタル""]",True,True,on_sale,発売中,,,1550.0,780.0,780.0,"大人：1,550円／小人：780円",1天,1.0,全年,全年,,"[""https://www2s.biglobe.ne.jp/~t_aoyagi/railway/free/map/tenhama04.gif""]",,地方私鉄,[],0.0,"挂川、远州森林、天龙二俣、西鹿岛、金梨、三日、新城原
 约旦手机票",天龙滨名湖铁道营业部 TEL:053-925-2276,,https://www.tenhama.co.jp/about/joshaken/,"[{""text"": ""天竜浜名湖鉄道"", ""url"": ""https://www.tenhama.co.jp/about/joshaken/""}, {""text"": ""ジョルダンモバイルチケット"", ""url"": ""https://ticket.jorudan.co.jp/tenhama/mikan-chabatake/ja/index.html""}, {""text"": ""天竜浜名湖鉄道"", ""url"": ""https://www.tenhama.co.jp/events/24307/""}]",,https://www2s.biglobe.ne.jp/~t_aoyagi/railway/free/tenhama04.htm,tenhama04.htm,43,2026/8/10 1:30,茶畑きっぷ,,,,https://www2s.biglobe.ne.jp/~t_aoyagi/railway/free/tenhama04.htm
tenhama11,遠鉄電車・天浜線共通1日フリーきっぷ(西ルート),天竜浜名湖鉄道,"[""天竜浜名湖鉄道"", ""遠州鉄道""]",2,True,tokai,东海,东海,"[""東海""]",tunen,通年発売タイプ,全年发售,"[""実券"", ""デジタル""]",True,True,on_sale,発売中,,,1600.0,800.0,800.0,"大人：1,600円／小人：800円",1天,1.0,全年,全年,,"[""https://www2s.biglobe.ne.jp/~t_aoyagi/railway/free/map/tenhama11.gif""]",,地方私鉄,[],0.0,"远州铁道：新滨松、第一通、上岛、滨北、西鹿岛
 
天龙滨名湖铁道：挂川、远州森、天龙二俣、西鹿岛、金梨、三日、新城原
 
 MaaS 应用程序“EMot”","远州铁路/铁路事务所 TEL:053-435-0221
 天龙滨名湖铁道营业部 TEL:053-925-2276",,https://www.entetsu.co.jp/tetsudou/guide/discount.html,"[{""text"": ""遠州鉄道"", ""url"": ""https://www.entetsu.co.jp/tetsudou/guide/discount.html""}, {""text"": ""天竜浜名湖鉄道"", ""url"": ""http://www.tenhama.co.jp/event/joshaken.html""}, {""text"": ""ＭａａＳアプリ「ＥＭｏｔ」"", ""url"": ""https://www.emot.jp/service/detail/index_9.html""}]",,https://www2s.biglobe.ne.jp/~t_aoyagi/railway/free/tenhama11.htm,tenhama11.htm,44,2026/8/10 1:30,共通１日フリーきっぷ(西ルート),,,,https://www2s.biglobe.ne.jp/~t_aoyagi/railway/free/tenhama11.htm
tenhama12,遠鉄電車・天浜線共通1日フリーきっぷ(東ルート),天竜浜名湖鉄道,"[""天竜浜名湖鉄道"", ""遠州鉄道""]",2,True,tokai,东海,东海,"[""東海""]",tunen,通年発売タイプ,全年发售,"[""実券"", ""デジタル""]",True,True,on_sale,発売中,,,1600.0,800.0,800.0,"大人：1,600円／小人：800円",1天,1.0,全年,全年,,"[""https://www2s.biglobe.ne.jp/~t_aoyagi/railway/free/map/tenhama12.gif""]",,地方私鉄,[],0.0,"远州铁道：新滨松、第一通、上岛、滨北、西鹿岛
 
天龙滨名湖铁道：挂川、远州森、天龙二俣、西鹿岛、金梨、三日、新城原
 
 MaaS 应用程序“EMot”","远州铁路/铁路事务所 TEL:053-435-0221
 天龙滨名湖铁道营业部 TEL:053-925-2276",,https://www.entetsu.co.jp/tetsudou/guide/discount.html,"[{""text"": ""遠州鉄道"", ""url"": ""https://www.entetsu.co.jp/tetsudou/guide/discount.html""}, {""text"": ""天竜浜名湖鉄道"", ""url"": ""http://www.tenhama.co.jp/event/joshaken.html""}, {""text"": ""ＭａａＳアプリ「ＥＭｏｔ」"", ""url"": ""https://www.emot.jp/service/detail/index_8.html""}]",,https://www2s.biglobe.ne.jp/~t_aoyagi/railway/free/tenhama12.htm,tenhama12.htm,45,2026/8/10 1:30,共通１日フリーきっぷ(東ルート),,,,https://www2s.biglobe.ne.jp/~t_aoyagi/railway/free/tenhama12.htm
entetu71,浜松まるっとパス,天竜浜名湖鉄道,"[""天竜浜名湖鉄道"", ""遠州鉄道""]",2,True,tokai,东海,东海,"[""東海""]",kikan,期間限定タイプ,期间限定,"[""デジタル""]",False,True,on_sale,発売中,,,1200.0,600.0,600.0,"単体 
 
6時間券 大人：1,200円／小人：600円 
 1日券 大人：1,800円／小人：900円 
 2日券 大人：2,800円／小人：1,400円","6小时券：自使用开始6小时后
 1日票：1天
 2日票：2天",1.0,全年,全年,,"[""https://www2s.biglobe.ne.jp/~t_aoyagi/railway/free/map/entetu71.gif""]",,地方私鉄,[],0.0,EMot,远州铁路/铁路事务所 TEL:053-455-0221,,https://www.hama-pass.com/,"[{""text"": ""浜松まるっとパス"", ""url"": ""https://www.hama-pass.com/""}, {""text"": ""EMot"", ""url"": ""https://www.emot.jp/service/detail/of_hamamatsu_marutto_pass_info.html""}]",,https://www2s.biglobe.ne.jp/~t_aoyagi/railway/free/entetu71.htm,entetu71.htm,46,2026/8/10 1:30,浜松まるっとパス,,,,https://www2s.biglobe.ne.jp/~t_aoyagi/railway/free/entetu71.htm
entetu72,浜松・浜名湖まるっとパス,天竜浜名湖鉄道,"[""天竜浜名湖鉄道"", ""遠州鉄道""]",2,True,tokai,东海,东海,"[""東海""]",kikan,期間限定タイプ,期间限定,"[""デジタル""]",False,True,on_sale,発売中,,,2300.0,1200.0,1200.0,"単体 
 6時間券 大人：2,300円／小人：1,200円 
 1日券 大人：2,800円／小人：1,400円 
 2日券 大人：3,600円／小人：1,800円","6小时券：自使用开始6小时后
 1日票：1天
 2日票：2天",1.0,全年,全年,,"[""https://www2s.biglobe.ne.jp/~t_aoyagi/railway/free/map/entetu72.gif""]",,地方私鉄,[],0.0,EMot,远州铁路/铁路事务所 TEL:053-455-0221,,https://www.hama-pass.com/,"[{""text"": ""浜松まるっとパス"", ""url"": ""https://www.hama-pass.com/""}, {""text"": ""EMot"", ""url"": ""https://www.emot.jp/service/detail/of_hamamatsu_hamanako_marutto_pass_info.html""}]",,https://www2s.biglobe.ne.jp/~t_aoyagi/railway/free/entetu72.htm,entetu72.htm,47,2026/8/10 1:30,浜松・浜名湖まるっとパス,,,,https://www2s.biglobe.ne.jp/~t_aoyagi/railway/free/entetu72.htm
tenhama81,天浜線「絵馬きっぷ2026」,天竜浜名湖鉄道,"[""天竜浜名湖鉄道""]",1,False,tokai,东海,东海,"[""東海""]",kikan,期間限定タイプ,期间限定,"[""実券""]",True,False,ended,終了,,,1950.0,,1950.0,"大人：1,950円",1天,1.0,从 2025 年 11 月 16 日起,2026年1月1日 - 2026年12月31日,,"[""https://www2s.biglobe.ne.jp/~t_aoyagi/railway/free/map/tenhama.gif""]",,地方私鉄,[],0.0,"挂川、二俣天龙、新城原
 邮购",天龙滨名湖铁道营业部 TEL:053-925-2276,,https://www.tenhama.co.jp/events/29129/,"[{""text"": ""天竜浜名湖鉄道"", ""url"": ""https://www.tenhama.co.jp/events/29129/""}]",,https://www2s.biglobe.ne.jp/~t_aoyagi/railway/free/tenhama81.htm,tenhama81.htm,48,2026/8/10 1:30,天浜線「絵馬きっぷ2026」,,,,https://www2s.biglobe.ne.jp/~t_aoyagi/railway/free/tenhama81.htm
tenhama101,『初音ミク』×『音街ウナ』コラボ企画きっぷ,天竜浜名湖鉄道,"[""天竜浜名湖鉄道""]",1,False,tokai,东海,东海,"[""東海""]",kikan,期間限定タイプ,期间限定,"[""実券""]",True,False,period,2026/7/18〜,2026/7/18,,1950.0,,1950.0,"大人：1,950円",1天,1.0,从 2026 年 7 月 18 日起,从 2026 年 7 月 18 日起,,"[""https://www2s.biglobe.ne.jp/~t_aoyagi/railway/free/map/tenhama.gif""]",,地方私鉄,[],0.0,挂川、二俣天龙、新城原,天龙滨名湖铁道营业部 TEL:053-925-2276,,https://www.tenhama.co.jp/events/35736/,"[{""text"": ""天竜浜名湖鉄道"", ""url"": ""https://www.tenhama.co.jp/events/35736/""}]",,https://www2s.biglobe.ne.jp/~t_aoyagi/railway/free/tenhama101.htm,tenhama101.htm,49,2026/8/10 1:30,『初音ミク』×『音街ウナ』コラボ企画きっぷ,,,,https://www2s.biglobe.ne.jp/~t_aoyagi/railway/free/tenhama101.htm
entetu02,あかでん1 日フリーきっぷ,遠州鉄道,"[""遠州鉄道""]",1,False,tokai,东海,东海,"[""東海""]",tunen,通年発売タイプ,全年发售,"[""実券"", ""デジタル""]",True,True,on_sale,発売中,,,1200.0,600.0,600.0,"大人：1,200円／小人：600円",1天,1.0,全年,全年,,"[""https://www2s.biglobe.ne.jp/~t_aoyagi/railway/free/map/entetu02.gif""]",,地方私鉄,[],0.0,"有人值守的车站和铁路办事处
 MaaS 应用程序“EMot”",远州铁路电话：053-455-2255,,http://www.entetsu.co.jp/tetsudou/guide/discount.html,"[{""text"": ""遠州鉄道"", ""url"": ""http://www.entetsu.co.jp/tetsudou/guide/discount.html""}, {""text"": ""ＭａａＳアプリ「ＥＭｏｔ」"", ""url"": ""https://www.emot.jp/service/detail/index_11.html""}]",,https://www2s.biglobe.ne.jp/~t_aoyagi/railway/free/entetu02.htm,entetu02.htm,50,2026/8/10 1:30,あかでん1 日フリーきっぷ,,,,https://www2s.biglobe.ne.jp/~t_aoyagi/railway/free/entetu02.htm
entetu01,遠鉄ぶらりきっぷ,遠州鉄道,"[""遠州鉄道""]",1,False,tokai,东海,东海,"[""東海""]",tunen,通年発売タイプ,全年发售,"[""実券"", ""デジタル""]",True,True,on_sale,発売中,,,1570.0,790.0,790.0,"大人：1,570円／小人：790円",1天,1.0,全年,全年,,"[""https://www2s.biglobe.ne.jp/~t_aoyagi/railway/free/map/entetu12.gif""]",,地方私鉄,"[""您不能乘坐远铁巴士 e-wing 或 e-LineR。需要单独付费。""]",1.0,"远州铁路各主要车站 远铁巴士柜台
 MaaS 应用程序“EMot”",远州铁路电话：053-455-2255,,https://www.entetsu.co.jp/tetsudou/guide/discount.html,"[{""text"": ""遠州鉄道"", ""url"": ""https://www.entetsu.co.jp/tetsudou/guide/discount.html""}, {""text"": ""ＭａａＳアプリ「ＥＭｏｔ」"", ""url"": ""https://www.emot.jp/service/detail/index_10.html""}]",,https://www2s.biglobe.ne.jp/~t_aoyagi/railway/free/entetu01.htm,entetu01.htm,51,2026/8/10 1:30,遠鉄ぶらりきっぷ,,,,https://www2s.biglobe.ne.jp/~t_aoyagi/railway/free/entetu01.htm
toyotetu01,渥美線１日フリー乗車券,豊橋鉄道,"[""豊橋鉄道""]",1,False,tokai,东海,东海,"[""東海""]",tunen,通年発売タイプ,全年发售,"[""実券"", ""デジタル""]",True,True,on_sale,発売中,,,1100.0,550.0,550.0,"大人：1,100円／小人：550円",1天,1.0,全年,全年,,"[""https://www2s.biglobe.ne.jp/~t_aoyagi/railway/free/map/toyotetu01.gif""]",,地方私鉄,[],0.0,"新丰桥、南井、隆、大清水、三河田原
 CentX RYDE PASS 约旦 我的路线",丰桥铁道电话：0532-53-2135,,http://www.toyotetsu.com/atsumisen/otoku.html,"[{""text"": ""豊橋鉄道"", ""url"": ""http://www.toyotetsu.com/atsumisen/otoku.html""}, {""text"": ""RYDE PASS"", ""url"": ""https://pass.ryde-go.com/products/KVM8LPZS2RPN""}, {""text"": ""ジョルダン"", ""url"": ""https://ticket.jorudan.co.jp/toyotetsu/atsumi/ja/""}]",,https://www2s.biglobe.ne.jp/~t_aoyagi/railway/free/toyotetu01.htm,toyotetu01.htm,56,2026/8/10 1:30,渥美線１日フリー乗車券,,,,https://www2s.biglobe.ne.jp/~t_aoyagi/railway/free/toyotetu01.htm
toyotetu02,1DAY FREE PASS,豊橋鉄道,"[""豊橋鉄道""]",1,False,tokai,东海,东海,"[""東海""]",tunen,通年発売タイプ,全年发售,"[""実券"", ""デジタル""]",True,True,on_sale,発売中,,,550.0,280.0,280.0,大人：550円／小人：280円,1天,1.0,全年,全年,,"[""https://www2s.biglobe.ne.jp/~t_aoyagi/railway/free/map/toyotetu02.gif""]",,地方私鉄,[],0.0,"车站、市内线营业厅
 CentX RYDE PASS 约旦 我的路线",丰桥铁道 TEL:0532-61-5771,,https://www.toyotetsu.com/atsumisen/otoku.html,"[{""text"": ""豊橋鉄道"", ""url"": ""https://www.toyotetsu.com/atsumisen/otoku.html""}, {""text"": ""RYDE PASS"", ""url"": ""https://pass.ryde-go.com/products/617894ZS0R0L""}, {""text"": ""ジョルダン"", ""url"": ""https://ticket.jorudan.co.jp/toyotetsu/city/ja/""}]",,https://www2s.biglobe.ne.jp/~t_aoyagi/railway/free/toyotetu02.htm,toyotetu02.htm,57,2026/8/10 1:30,1DAY FREE PASS,,,,https://www2s.biglobe.ne.jp/~t_aoyagi/railway/free/toyotetu02.htm
toyotetu03,いこまい豊橋 電車・バス1日フリー乗車券,豊橋鉄道,"[""豊橋鉄道""]",1,False,tokai,东海,东海,"[""東海""]",tunen,通年発売タイプ,全年发售,"[""実券"", ""デジタル""]",True,True,on_sale,発売中,,,1100.0,550.0,550.0,"大人：1,100円／小人：550円",1天,1.0,现已发售,现已发售,,"[""https://www2s.biglobe.ne.jp/~t_aoyagi/railway/free/map/toyotetu91.gif""]",,地方私鉄,[],0.0,"新丰桥、南井、隆、大清水、三河田原
 CentX RYDE PASS 约旦 我的路线",丰桥铁道铁道部 TEL:0532-53-2136,,https://www.toyotetsu.com/atsumisen/otoku.html,"[{""text"": ""豊橋鉄道"", ""url"": ""https://www.toyotetsu.com/atsumisen/otoku.html""}, {""text"": ""RYDE PASS"", ""url"": ""https://pass.ryde-go.com/products/PDV3DYDS2G3X""}, {""text"": ""ジョルダン"", ""url"": ""https://ticket.jorudan.co.jp/toyotetsu/city/ja/""}]",,https://www2s.biglobe.ne.jp/~t_aoyagi/railway/free/toyotetu03.htm,toyotetu03.htm,58,2026/8/10 1:30,いこまい豊橋 電車・バス1日フリー乗車券,,,,https://www2s.biglobe.ne.jp/~t_aoyagi/railway/free/toyotetu03.htm
toyotetu04,渥美半島サイクルきっぷ,豊橋鉄道,"[""豊橋鉄道""]",1,False,tokai,东海,东海,"[""東海""]",tunen,通年発売タイプ,全年发售,"[""デジタル""]",False,True,on_sale,発売中,,,1200.0,650.0,650.0,"大人：1,200円／小人：650円",1天,1.0,现已发售,现已发售,,"[""https://www2s.biglobe.ne.jp/~t_aoyagi/railway/free/map/toyotetu01.gif""]",,地方私鉄,[],0.0,CentX RYDE PASS 约旦 我的路线,丰桥铁道电话：,,https://www.toyotetsu.com/atsumisen/otoku.html,"[{""text"": ""豊橋鉄道"", ""url"": ""https://www.toyotetsu.com/atsumisen/otoku.html""}]",,https://www2s.biglobe.ne.jp/~t_aoyagi/railway/free/toyotetu04.htm,toyotetu04.htm,59,2026/8/10 1:30,渥美半島サイクルきっぷ,,,,https://www2s.biglobe.ne.jp/~t_aoyagi/railway/free/toyotetu04.htm
toyotetu05,伊良湖１ＤＡＹフリーきっぷ,豊橋鉄道,"[""豊橋鉄道""]",1,False,tokai,东海,东海,"[""東海""]",tunen,通年発売タイプ,全年发售,"[""実券"", ""デジタル""]",True,True,on_sale,発売中,,,2100.0,1050.0,1050.0,"大人：2,100円／小人：1,050円",1天,1.0,全年,全年,,"[""https://www2s.biglobe.ne.jp/~t_aoyagi/railway/free/map/toyotetu05.gif""]",,地方私鉄,[],0.0,"・渥美线主要车站（新丰桥、南荣、高石、大清水、三河田原）
 
・丰桥站巴士中心
 
・丰铁巴士渥美营业所
 
・CentX ・RYDE PASS",丰桥铁道/铁道部 TEL:0532-53-2136,,https://www.toyotetsu.com/atsumisen/otoku.html,"[{""text"": ""豊橋鉄道"", ""url"": ""https://www.toyotetsu.com/atsumisen/otoku.html""}]",,https://www2s.biglobe.ne.jp/~t_aoyagi/railway/free/toyotetu05.htm,toyotetu05.htm,60,2026/8/10 1:30,伊良湖１ＤＡＹフリーきっぷ,,,,https://www2s.biglobe.ne.jp/~t_aoyagi/railway/free/toyotetu05.htm
toyotetu06,伊良湖２ＤＡＹフリーきっぷ,豊橋鉄道,"[""豊橋鉄道""]",1,False,tokai,东海,东海,"[""東海""]",tunen,通年発売タイプ,全年发售,"[""実券"", ""デジタル""]",True,True,on_sale,発売中,,,3300.0,1650.0,1650.0,"大人：3,300円／小人：1,650円",1天,1.0,从 2023 年 12 月 1 日起,从 2023 年 12 月 1 日起,,"[""https://www2s.biglobe.ne.jp/~t_aoyagi/railway/free/map/toyotetu05.gif""]",,地方私鉄,[],0.0,"・渥美线主要车站（新丰桥、南荣、高石、大清水、三河田原）
 
・丰桥站巴士中心
 
・丰铁巴士渥美营业所
 
・CentX ・RYDE PASS",丰桥铁道/铁道部 TEL:0532-53-2136,,https://www.toyotetsu.com/atsumisen/otoku.html,"[{""text"": ""豊橋鉄道"", ""url"": ""https://www.toyotetsu.com/atsumisen/otoku.html""}]",,https://www2s.biglobe.ne.jp/~t_aoyagi/railway/free/toyotetu06.htm,toyotetu06.htm,61,2026/8/10 1:30,伊良湖２ＤＡＹフリーきっぷ,,,,https://www2s.biglobe.ne.jp/~t_aoyagi/railway/free/toyotetu06.htm
toyotetu92,乗り物コロカ付き渥美線1dayフリーきっぷ,豊橋鉄道,"[""豊橋鉄道""]",1,False,tokai,东海,东海,"[""東海""]",kikan,期間限定タイプ,期间限定,"[""実券""]",True,False,period,〜2027/3/31,,2027/3/31,1700.0,,1700.0,"大人：1,700円",1天,1.0,2014年4月1日 - 2027年3月31日,2014年4月1日 - 2027年3月31日,,"[""https://www2s.biglobe.ne.jp/~t_aoyagi/railway/free/map/toyotetu01.gif""]",,地方私鉄,[],0.0,新丰桥、南井、隆、大清水、三河田原,丰桥铁道/新丰桥站 TEL:0532-52-5108,,https://colopl.co.jp/service/other/coloca/transport/area03/norimono_toyotetsu/,"[{""text"": ""コロプラ"", ""url"": ""https://colopl.co.jp/service/other/coloca/transport/area03/norimono_toyotetsu/""}]",,https://www2s.biglobe.ne.jp/~t_aoyagi/railway/free/toyotetu92.htm,toyotetu92.htm,62,2026/8/10 1:30,乗り物コロカ付き渥美線1dayフリーきっぷ,,,,https://www2s.biglobe.ne.jp/~t_aoyagi/railway/free/toyotetu92.htm
toyotetu94,豊鉄フェスタ1日フリー乗車券,豊橋鉄道,"[""豊橋鉄道""]",1,False,tokai,东海,东海,"[""東海""]",kikan,期間限定タイプ,期间限定,"[""実券""]",True,False,ended,終了,,,1500.0,750.0,750.0,"大人：1,500円 小人：750円",1天,1.0,2025年11月14日 - 2025年11月29日,2025 年 11 月 29 日,,"[""https://www2s.biglobe.ne.jp/~t_aoyagi/railway/free/map/toyotetu93.gif""]",,地方私鉄,[],0.0,"新丰桥、南井、隆、大清水、三河田原
 市行办事处","丰桥铁道高志站 TEL:0532-45-4927
 城市线办公室电话：0532-61-5771",,https://www.toyotetsu.com/news/000603.html,"[{""text"": ""豊橋鉄道"", ""url"": ""https://www.toyotetsu.com/news/000603.html""}]",,https://www2s.biglobe.ne.jp/~t_aoyagi/railway/free/toyotetu94.htm,toyotetu94.htm,63,2026/8/10 1:30,豊鉄フェスタ1日フリー乗車券,,,,https://www2s.biglobe.ne.jp/~t_aoyagi/railway/free/toyotetu94.htm
nagoya01,地下鉄全線24時間券,名古屋市交通局,"[""名古屋市交通局""]",1,False,tokai,东海,东海,"[""東海""]",tunen,通年発売タイプ,全年发售,"[""実券""]",True,False,on_sale,発売中,,,760.0,380.0,380.0,大人：760円／小人：380円,1天,1.0,全年,首次放入自动检票机后24小时内,,"[""https://www2s.biglobe.ne.jp/~t_aoyagi/railway/free/map/nagoya.gif""]",,地方私鉄,[],0.0,地铁各站、交通局服务中心（名古屋、荣、金山）,名古屋市交通局管理企划课 TEL: 052-972-3859,,https://www.kotsu.city.nagoya.jp/jp/pc/TICKET/TRP0000310.htm,"[{""text"": ""名古屋市交通局"", ""url"": ""https://www.kotsu.city.nagoya.jp/jp/pc/TICKET/TRP0000310.htm""}]",,https://www2s.biglobe.ne.jp/~t_aoyagi/railway/free/nagoya01.htm,nagoya01.htm,64,2026/8/10 1:30,地下鉄全線24時間券,,,,https://www2s.biglobe.ne.jp/~t_aoyagi/railway/free/nagoya01.htm
nagoya12,バス・地下鉄全線一日乗車券,名古屋市交通局,"[""名古屋市交通局""]",1,False,tokai,东海,东海,"[""東海""]",tunen,通年発売タイプ,全年发售,"[""実券""]",True,False,on_sale,発売中,,,870.0,430.0,430.0,大人：870円／小人：430円,1天,1.0,全年,全年,,"[""https://www2s.biglobe.ne.jp/~t_aoyagi/railway/free/map/nagoya12.gif""]",,地方私鉄,[],0.0,地铁站、城市公交车站、信息中心等,名古屋市交通局 TEL:052-972-3816,,http://www.kotsu.city.nagoya.jp/jp/pc/TICKET/TRP0000310.htm,"[{""text"": ""名古屋市交通局"", ""url"": ""http://www.kotsu.city.nagoya.jp/jp/pc/TICKET/TRP0000310.htm""}]",,https://www2s.biglobe.ne.jp/~t_aoyagi/railway/free/nagoya12.htm,nagoya12.htm,65,2026/8/10 1:30,バス・地下鉄全線一日乗車券,,,,https://www2s.biglobe.ne.jp/~t_aoyagi/railway/free/nagoya12.htm
nagoya02,ドニチエコきっぷ,名古屋市交通局,"[""名古屋市交通局""]",1,False,tokai,东海,东海,"[""東海""]",holiday,週末限定タイプ,周末限定,"[""実券""]",True,False,on_sale,発売中,,,620.0,310.0,310.0,大人：620円／小人：310円,1天,1.0,使用当天,周六、周日、节假日、每月8日,,"[""https://www2s.biglobe.ne.jp/~t_aoyagi/railway/free/map/nagoya12.gif""]",,地方私鉄,[],0.0,地铁站柜台、公交车内部,名古屋市交通局管理企划课 TEL: 052-972-3859,,https://www.kotsu.city.nagoya.jp/jp/pc/TICKET/TRP0000310.htm,"[{""text"": ""名古屋市交通局"", ""url"": ""https://www.kotsu.city.nagoya.jp/jp/pc/TICKET/TRP0000310.htm""}]",,https://www2s.biglobe.ne.jp/~t_aoyagi/railway/free/nagoya02.htm,nagoya02.htm,66,2026/8/10 1:30,ドニチエコきっぷ,,,,https://www2s.biglobe.ne.jp/~t_aoyagi/railway/free/nagoya02.htm
nagoya98,名古屋まつり記念ドニチエコきっぷ,名古屋市交通局,"[""名古屋市交通局""]",1,False,tokai,东海,东海,"[""東海""]",kikan,期間限定タイプ,期间限定,"[""実券""]",True,False,ended,終了,,,620.0,,620.0,大人：620円,1天,1.0,2025年10月4日起至售完为止,周六、周日、节假日、每月8日,,"[""https://www2s.biglobe.ne.jp/~t_aoyagi/railway/free/map/nagoya12.gif""]",,地方私鉄,[],0.0,地铁各站、交通局服务中心（名古屋、荣、金山）,名古屋市交通局旅客吸引力推进室 TEL: 052-972-3816,,https://www.kotsu.city.nagoya.jp/jp/pc/ENJOY/TRP0003787.htm,"[{""text"": ""名古屋市交通局"", ""url"": ""https://www.kotsu.city.nagoya.jp/jp/pc/ENJOY/TRP0003787.htm""}]",,https://www2s.biglobe.ne.jp/~t_aoyagi/railway/free/nagoya98.htm,nagoya98.htm,67,2026/8/10 1:30,第71回名古屋まつり記念 ドニチエコきっぷ,"10,000枚",,,https://www2s.biglobe.ne.jp/~t_aoyagi/railway/free/nagoya98.htm
nagoya89,名古屋ウィメンズマラソン2026 記念ドニチエコきっぷ,名古屋市交通局,"[""名古屋市交通局""]",1,False,tokai,东海,东海,"[""東海""]",kikan,期間限定タイプ,期间限定,"[""実券""]",True,False,ended,終了,,,620.0,,620.0,大人：620円,1天,1.0,2026 年 2 月 7 日 ~ 售完即止,周六、周日、节假日、每月8日,,"[""https://www2s.biglobe.ne.jp/~t_aoyagi/railway/free/map/nagoya12.gif""]",,地方私鉄,[],0.0,地铁各站、交通局服务中心（名古屋、荣、金山）,名古屋市交通局旅客魅力推进部业务课 TEL：052-972-3816,,https://www.kotsu.city.nagoya.jp/jp/pc/ENJOY/TRP0005429.htm,"[{""text"": ""名古屋市交通局"", ""url"": ""https://www.kotsu.city.nagoya.jp/jp/pc/ENJOY/TRP0005429.htm""}]",,https://www2s.biglobe.ne.jp/~t_aoyagi/railway/free/nagoya89.htm,nagoya89.htm,68,2026/8/10 1:30,「名古屋ウィメンズマラソン2026」 記念ドニチエコきっぷ,"15,000枚",,,https://www2s.biglobe.ne.jp/~t_aoyagi/railway/free/nagoya89.htm
nagoya90,名古屋グランパスコラボ バス・地下鉄全線一日乗車券,名古屋市交通局,"[""名古屋市交通局""]",1,False,tokai,东海,东海,"[""東海""]",kikan,期間限定タイプ,期间限定,"[""実券""]",True,False,ended,終了,,,870.0,,870.0,大人：870円,1天,1.0,"2024年2月9日 - 2024年3月10日
 售完即止",全年,,"[""https://www2s.biglobe.ne.jp/~t_aoyagi/railway/free/map/nagoya12.gif""]",,地方私鉄,[],0.0,地铁各站、交通局服务中心（名古屋、荣、金山）,名古屋市交通局旅客魅力推进部业务课 TEL：052-972-3816,,https://www.kotsu.city.nagoya.jp/jp/pc/ENJOY/TRP0004600.htm,"[{""text"": ""名古屋市交通局"", ""url"": ""https://www.kotsu.city.nagoya.jp/jp/pc/ENJOY/TRP0004600.htm""}]",,https://www2s.biglobe.ne.jp/~t_aoyagi/railway/free/nagoya90.htm,nagoya90.htm,69,2026/8/10 1:30,名古屋グランパスコラボ バス・地下鉄全線一日乗車券,"5,000枚",,,https://www2s.biglobe.ne.jp/~t_aoyagi/railway/free/nagoya90.htm
nagoya87,中日ドラゴンズコラボ2026バス・地下鉄全線一日乗車券,名古屋市交通局,"[""名古屋市交通局""]",1,False,tokai,东海,东海,"[""東海""]",kikan,期間限定タイプ,期间限定,"[""実券""]",True,False,period,2026/4/20〜,2026/4/20,,870.0,,870.0,大人：870円,1天,1.0,2025年4月20日起至售完为止,全年,,"[""https://www2s.biglobe.ne.jp/~t_aoyagi/railway/free/map/nagoya12.gif""]",,地方私鉄,[],0.0,地铁各站、交通局服务中心（名古屋、荣、金山）,名古屋市交通局旅客魅力推进课 TEL: 052-972-3816,,https://www.kotsu.city.nagoya.jp/rp/about/TRP0005486.htm,"[{""text"": ""名古屋市交通局"", ""url"": ""https://www.kotsu.city.nagoya.jp/rp/about/TRP0005486.htm""}]",,https://www2s.biglobe.ne.jp/~t_aoyagi/railway/free/nagoya87.htm,nagoya87.htm,70,2026/8/10 1:30,中日ドラゴンズコラボ2026 バス・地下鉄全線一日乗車券,"20,000枚",,,https://www2s.biglobe.ne.jp/~t_aoyagi/railway/free/nagoya87.htm
nagoya88,「第28回にっぽんど真ん中祭り」記念ドニチエコきっぷ,名古屋市交通局,"[""名古屋市交通局""]",1,False,tokai,东海,东海,"[""東海""]",kikan,期間限定タイプ,期间限定,"[""実券""]",True,False,period,2026/8/15〜,2026/8/15,,620.0,,620.0,大人：620円,1天,1.0,2026年8月15日起至售完为止,2026 年 8 月 15 日起，每月 8 日，周六及节假日,,"[""https://www2s.biglobe.ne.jp/~t_aoyagi/railway/free/map/nagoya12.gif""]",,地方私鉄,[],0.0,地铁各站、交通局服务中心（名古屋、荣、金山）,名古屋市交通局旅客吸引力推进室 TEL: 052-972-3816,,https://www.kotsu.city.nagoya.jp/rp/about/TRP0005582.htm,"[{""text"": ""名古屋市交通局"", ""url"": ""https://www.kotsu.city.nagoya.jp/rp/about/TRP0005582.htm""}]",,https://www2s.biglobe.ne.jp/~t_aoyagi/railway/free/nagoya88.htm,nagoya88.htm,71,2026/8/10 1:30,「第28回にっぽんど真ん中祭り」記念ドニチエコきっぷ,,,,https://www2s.biglobe.ne.jp/~t_aoyagi/railway/free/nagoya88.htm
nagoya96,世界コスプレサミット2024記念ドニチエコきっぷ,名古屋市交通局,"[""名古屋市交通局""]",1,False,tokai,东海,东海,"[""東海""]",kikan,期間限定タイプ,期间限定,"[""実券""]",True,False,ended,終了,,,620.0,,620.0,大人：620円,1天,1.0,2025 年 7 月 5 日至售完为止,周六、周日、节假日、每月8日,,"[""https://www2s.biglobe.ne.jp/~t_aoyagi/railway/free/map/nagoya12.gif""]",,地方私鉄,[],0.0,地铁各站、交通局服务中心（名古屋、荣、金山）,名古屋市交通局旅客吸引力推进室 TEL: 052-972-3816,,https://www.kotsu.city.nagoya.jp/jp/pc/ENJOY/TRP0005288.htm,"[{""text"": ""名古屋市交通局"", ""url"": ""https://www.kotsu.city.nagoya.jp/jp/pc/ENJOY/TRP0005288.htm""}]",,https://www2s.biglobe.ne.jp/~t_aoyagi/railway/free/nagoya96.htm,nagoya96.htm,72,2026/8/10 1:30,世界コスプレサミット2025 記念ドニチエコきっぷ,"14,000枚",,,https://www2s.biglobe.ne.jp/~t_aoyagi/railway/free/nagoya96.htm
nagoya103,ぴよりんと市バスでぷち旅,名古屋市交通局,"[""名古屋市交通局""]",1,False,tokai,东海,东海,"[""東海""]",kikan,期間限定タイプ,期间限定,"[""実券""]",True,False,period,2026/7/17  〜10/26,2026/7/17,2026/10/26,870.0,,870.0,大人：870円,1天,1.0,"2026年7月17日 - 2026年10月26日
 售完即止",从 2026 年 7 月 17 日起,,"[""https://www2s.biglobe.ne.jp/~t_aoyagi/railway/free/map/nagoya12.gif""]",,地方私鉄,[],0.0,"地铁各站、交通局服务中心（名古屋、荣、金山）
 EX 旅行预订/EX 旅行套票",名古屋市交通局旅客魅力推进部业务课 TEL：052-972-3816,,https://www.kotsu.city.nagoya.jp/rp/odekake/TRP0005544.htm,"[{""text"": ""名古屋市交通局"", ""url"": ""https://www.kotsu.city.nagoya.jp/rp/odekake/TRP0005544.htm""}]",,https://www2s.biglobe.ne.jp/~t_aoyagi/railway/free/nagoya103.htm,nagoya103.htm,73,2026/8/10 1:30,ぴよりんと市バスでぷち旅,"15,000枚",,,https://www2s.biglobe.ne.jp/~t_aoyagi/railway/free/nagoya103.htm
nagoya104,アジア競技大会開催記念バス・地下鉄全線一日乗車券,名古屋市交通局,"[""名古屋市交通局""]",1,False,tokai,东海,东海,"[""東海""]",kikan,期間限定タイプ,期间限定,"[""実券""]",True,False,period,2026/8/10〜,2026/8/10,,870.0,,870.0,大人：870円,1天,1.0,从 2026 年 8 月 10 日起,从 2026 年 8 月 10 日起,,"[""https://www2s.biglobe.ne.jp/~t_aoyagi/railway/free/map/nagoya12.gif""]",,地方私鉄,[],0.0,地铁各站、交通局服务中心（名古屋、荣、金山）,名古屋市交通局旅客吸引力推进室 TEL: 052-972-3816,,https://www.kotsu.city.nagoya.jp/jp/pc/ENJOY/TRP0005300.htm,"[{""text"": ""名古屋市交通局"", ""url"": ""https://www.kotsu.city.nagoya.jp/jp/pc/ENJOY/TRP0005300.htm""}]",,https://www2s.biglobe.ne.jp/~t_aoyagi/railway/free/nagoya104.htm,nagoya104.htm,74,2026/8/10 1:30,アアジア競技大会開催記念 バス・地下鉄全線一日乗車券,,,,https://www2s.biglobe.ne.jp/~t_aoyagi/railway/free/nagoya104.htm
nagoya105,アジアパラ競技大会開催記念バス・地下鉄全線一日乗車券,名古屋市交通局,"[""名古屋市交通局""]",1,False,tokai,东海,东海,"[""東海""]",kikan,期間限定タイプ,期间限定,"[""実券""]",True,False,period,2026/8/10〜,2026/8/10,,870.0,,870.0,大人：870円,1天,1.0,从 2026 年 8 月 10 日起,从 2026 年 8 月 10 日起,,"[""https://www2s.biglobe.ne.jp/~t_aoyagi/railway/free/map/nagoya12.gif""]",,地方私鉄,[],0.0,地铁各站、交通局服务中心（名古屋、荣、金山）,名古屋市交通局旅客吸引力推进室 TEL: 052-972-3816,,https://www.kotsu.city.nagoya.jp/jp/pc/ENJOY/TRP0005300.htm,"[{""text"": ""名古屋市交通局"", ""url"": ""https://www.kotsu.city.nagoya.jp/jp/pc/ENJOY/TRP0005300.htm""}]",,https://www2s.biglobe.ne.jp/~t_aoyagi/railway/free/nagoya105.htm,nagoya105.htm,75,2026/8/10 1:30,アジアパラ競技大会開催記念 バス・地下鉄全線一日乗車券,,,,https://www2s.biglobe.ne.jp/~t_aoyagi/railway/free/nagoya105.htm
nagoya93,ゴールデンウィーク特割ドニチエコきっぷ,名古屋市交通局,"[""名古屋市交通局""]",1,False,tokai,东海,东海,"[""東海""]",,,,"[""実券""]",True,False,ended,終了,,,2000.0,,2000.0,"大人：2,000円(4枚組)",1天,1.0,"2019年4月22日 - 2018年5月6日
 售完即止",2019年4月27日 - 2018年5月6日,,"[""https://www2s.biglobe.ne.jp/~t_aoyagi/railway/free/map/nagoya12.gif""]",,地方私鉄,[],0.0,交通局服务中心地铁站柜台,名古屋市交通局客运吸引力推进课 TEL：052-972-3816,,https://www.kotsu.city.nagoya.jp/jp/pc/TICKET/TRP0003334.htm,"[{""text"": ""名古屋市交通局"", ""url"": ""https://www.kotsu.city.nagoya.jp/jp/pc/TICKET/TRP0003334.htm""}]",,https://www2s.biglobe.ne.jp/~t_aoyagi/railway/free/nagoya93.htm,nagoya93.htm,76,2026/8/10 1:30,ゴールデンウィーク特割 ドニチエコきっぷ,,,,https://www2s.biglobe.ne.jp/~t_aoyagi/railway/free/nagoya93.htm
nagoya91,1DAYお子サマーパス2026,名古屋市交通局,"[""名古屋市交通局""]",1,False,tokai,东海,东海,"[""東海""]",summer,夏限定タイプ,夏季限定,"[""実券""]",True,False,period,2026/7/18  〜8/31,2026/7/18,2026/8/31,,310.0,310.0,小人：310円,1天,1.0,2026年7月18日 - 2026年8月31日,2026年7月18日 - 2026年8月31日,,"[""https://www2s.biglobe.ne.jp/~t_aoyagi/railway/free/map/nagoya12.gif""]",,地方私鉄,[],0.0,地铁各站、交通局服务中心（名古屋、荣、金山）,名古屋市交通局旅客魅力推进课 TEL: 052-972-3816,,https://www.kotsu.city.nagoya.jp/rp/odekake/TRP0005266.htm,"[{""text"": ""名古屋市交通局"", ""url"": ""https://www.kotsu.city.nagoya.jp/rp/odekake/TRP0005266.htm""}]",,https://www2s.biglobe.ne.jp/~t_aoyagi/railway/free/nagoya91.htm,nagoya91.htm,77,2026/8/10 1:30,1DAYお子サマーパス2026,,,,https://www2s.biglobe.ne.jp/~t_aoyagi/railway/free/nagoya91.htm
nagoya92,年末年始特割ドニチエコきっぷ,名古屋市交通局,"[""名古屋市交通局""]",1,False,tokai,东海,东海,"[""東海""]",winter,年末年始限定タイプ,年末年初限定,"[""実券""]",True,False,ended,終了,,,2100.0,,2100.0,"大人：2,100円(4枚組)",1天,1.0,"2019年12月11日 - 2019年1月19日
 售完即止","2019年12月14日、15日、21日、22日、28日、29日、30日、31日
 2020年1月1日、2日、3日、4日、5日、8日、11日、12日、13日、18日、19日",,"[""https://www2s.biglobe.ne.jp/~t_aoyagi/railway/free/map/nagoya12.gif""]",,地方私鉄,"[""如果12月31日22:00之前开始使用：可以使用到1月1日6:00。"", ""如果您在12月31日22:00之后开始使用：您可以使用它直到1月1日旅程结束。""]",2.0,地铁站柜台、各市公交营业厅、交通局服务中心,名古屋市交通局营业课 TEL:052-972-3818,,https://www.kotsu.city.nagoya.jp/jp/pc/TICKET/TRP0003334.htm,"[{""text"": ""名古屋市交通局"", ""url"": ""https://www.kotsu.city.nagoya.jp/jp/pc/TICKET/TRP0003334.htm""}]",,https://www2s.biglobe.ne.jp/~t_aoyagi/railway/free/nagoya92.htm,nagoya92.htm,78,2026/8/10 1:30,年末年始特割ドニチエコきっぷ,,,,https://www2s.biglobe.ne.jp/~t_aoyagi/railway/free/nagoya92.htm
meitetu01,名鉄電車全線2DAYフリーきっぷ,名古屋鉄道,"[""名古屋鉄道""]",1,False,tokai,东海,东海,"[""東海""]",tunen,通年発売タイプ,全年发售,"[""実券""]",True,False,on_sale,発売中,,,4400.0,2200.0,2200.0,"大人：4,400円／小人：2,200円",2天,2.0,全年,全年,,"[""https://www2s.biglobe.ne.jp/~t_aoyagi/railway/free/map/meitetu01.gif""]","{""columns"": [""绿色车厢 (头等座)"", ""普通车自由席车指定席席"", ""普通车自由席车自由席席""], ""status_rows"": [{""label"": null, ""symbols"": [{""symbol"": ""▲"", ""note"": null}, {""symbol"": ""○"", ""note"": null}, {""symbol"": ""○"", ""note"": null}]}], ""legend"": {""○"": ""可乘车"", ""▲"": ""需另购特别车辆券"", ""×"": ""不可乘车""}, ""notes"": null}",大手私鉄,"[""特殊车辆需要MU票。""]",1.0,名铁主要车站、名铁车站旅游中心,名古屋铁路客户中心电话：052-582-5151,,https://www.meitetsu.co.jp/plan/discount/2dayfree.html,"[{""text"": ""名古屋鉄道"", ""url"": ""https://www.meitetsu.co.jp/plan/discount/2dayfree.html""}]",,https://www2s.biglobe.ne.jp/~t_aoyagi/railway/free/meitetu01.htm,meitetu01.htm,79,2026/8/10 1:30,名鉄電車全線2DAYフリーきっぷ,,,,https://www2s.biglobe.ne.jp/~t_aoyagi/railway/free/meitetu01.htm
meitetu11,名鉄電車全線1DAYフリーきっぷ,名古屋鉄道,"[""名古屋鉄道""]",1,False,tokai,东海,东海,"[""東海""]",tunen,通年発売タイプ,全年发售,"[""実券""]",True,False,on_sale,発売中,,,3400.0,1700.0,1700.0,"大人：3,400円／小人：1,700円",1天,1.0,全年,全年,,"[""https://www2s.biglobe.ne.jp/~t_aoyagi/railway/free/map/meitetu01.gif""]","{""columns"": [""绿色车厢 (头等座)"", ""普通车自由席车指定席席"", ""普通车自由席车自由席席""], ""status_rows"": [{""label"": null, ""symbols"": [{""symbol"": ""▲"", ""note"": null}, {""symbol"": ""○"", ""note"": null}, {""symbol"": ""○"", ""note"": null}]}], ""legend"": {""○"": ""可乘车"", ""▲"": ""需另购特别车辆券"", ""×"": ""不可乘车""}, ""notes"": null}",大手私鉄,"[""特殊车辆需要MU票。""]",1.0,名铁主要车站、名铁车站旅游中心,名古屋铁道电话：052-582-5151,,https://www.meitetsu.co.jp/plan/discount/1dayfree.html,"[{""text"": ""名古屋鉄道"", ""url"": ""https://www.meitetsu.co.jp/plan/discount/1dayfree.html""}]",,https://www2s.biglobe.ne.jp/~t_aoyagi/railway/free/meitetu11.htm,meitetu11.htm,80,2026/8/10 1:30,名鉄電車全線1DAYフリーきっぷ,,,,https://www2s.biglobe.ne.jp/~t_aoyagi/railway/free/meitetu11.htm
meitetu12,みたけ・可児散策きっぷ,名古屋鉄道,"[""名古屋鉄道""]",1,False,tokai,东海,东海,"[""東海""]",kikan,期間限定タイプ,期间限定,"[""実券""]",True,False,period,2026/4/24  〜2027/2/28,2026/4/24,2027/2/28,1100.0,810.0,810.0,"大人：1,100円／小人：810円",1天,1.0,2026年4月24日 - 2027年2月28日,"2026年4月24日 - 2027年2月28日
 排除日期：2026年12月28日至2027年1月3日",,"[""https://www2s.biglobe.ne.jp/~t_aoyagi/railway/free/map/meitetu12.gif""]","{""columns"": [""绿色车厢 (头等座)"", ""普通车自由席车指定席席"", ""普通车自由席车自由席席""], ""status_rows"": [{""label"": null, ""symbols"": [{""symbol"": ""▲"", ""note"": null}, {""symbol"": ""○"", ""note"": null}, {""symbol"": ""○"", ""note"": null}]}], ""legend"": {""○"": ""可乘车"", ""▲"": ""需另购μTicket"", ""×"": ""不可乘车""}, ""notes"": null}",大手私鉄,[],0.0,新加尼,名古屋铁道电话：052-582-5151,,https://www.meitetsu.co.jp/plan/campaign/detail/1288091_8034.html,"[{""text"": ""名古屋鉄道"", ""url"": ""https://www.meitetsu.co.jp/plan/campaign/detail/1288091_8034.html""}]",,https://www2s.biglobe.ne.jp/~t_aoyagi/railway/free/meitetu12.htm,meitetu12.htm,81,2026/8/10 1:30,みたけ・可児散策きっぷ,,,,https://www2s.biglobe.ne.jp/~t_aoyagi/railway/free/meitetu12.htm
meitetu101,中日ドラゴンズ コラボフリーきっぷ,名古屋鉄道,"[""名古屋鉄道""]",1,False,tokai,东海,东海,"[""東海""]",kikan,期間限定タイプ,期间限定,"[""実券""]",True,False,period,2026/7/13  〜9/30,2026/7/13,2026/9/30,3700.0,3700.0,3700.0,"大人：3,700円／小人：3,700円",1天,1.0,2026年7月13日 - 2026年9月30日,2023年8月1日 - 2023年11月27日,,"[""https://www2s.biglobe.ne.jp/~t_aoyagi/railway/free/map/meitetu01.gif""]","{""columns"": [""绿色车厢 (头等座)"", ""普通车自由席车指定席席"", ""普通车自由席车自由席席""], ""status_rows"": [{""label"": null, ""symbols"": [{""symbol"": ""▲"", ""note"": null}, {""symbol"": ""○"", ""note"": null}, {""symbol"": ""○"", ""note"": null}]}], ""legend"": {""○"": ""可乘车"", ""▲"": ""需另购特别车辆券""}, ""notes"": null}",大手私鉄,[],0.0,"名铁售票处（弥富站、赤池站除外）
 
名铁名古屋站服务中心
 名铁旅游服务销售点（刈谷柜台、名古屋伏见店、名铁地下店、金山站旅游中心）",名铁客户支持中心电话：0570-02-5151,,https://www.meitetsu.co.jp/profile/news/2026/__icsFiles/afieldfile/2026/07/02/26-07-02dragons.pdf,"[{""text"": ""名古屋鉄道"", ""url"": ""https://www.meitetsu.co.jp/profile/news/2026/__icsFiles/afieldfile/2026/07/02/26-07-02dragons.pdf""}]",,https://www2s.biglobe.ne.jp/~t_aoyagi/railway/free/meitetu101.htm,meitetu101.htm,82,2026/8/10 1:30,中日ドラゴンズ コラボフリーきっぷ,,,,https://www2s.biglobe.ne.jp/~t_aoyagi/railway/free/meitetu101.htm
meitetu94,謎解きゲーム1DAYフリーきっぷ,名古屋鉄道,"[""名古屋鉄道""]",1,False,tokai,东海,东海,"[""東海""]",kikan,期間限定タイプ,期间限定,"[""実券""]",True,False,period,2026/3/27  〜12/13,2026/3/27,2026/12/13,3700.0,,3700.0,"大人：3,700円",1天,1.0,2026年3月27日 - 2026年12月13日,2026年3月27日 - 2026年12月13日,,"[""https://www2s.biglobe.ne.jp/~t_aoyagi/railway/free/map/meitetu01.gif""]","{""columns"": [""绿色车厢 (头等座)"", ""普通车自由席车指定席席"", ""普通车自由席车自由席席""], ""status_rows"": [{""label"": null, ""symbols"": [{""symbol"": ""▲"", ""note"": null}, {""symbol"": ""○"", ""note"": null}, {""symbol"": ""○"", ""note"": null}]}], ""legend"": {""○"": ""可乘车"", ""▲"": ""需另购特别车辆券"", ""×"": ""不可乘车""}, ""notes"": null}",大手私鉄,"[""特殊车辆需要MU票。""]",1.0,"有售票员的车站（弥富站、赤池站除外）
 名铁名古屋站服务中心
 名铁观光服务（刈谷、名古屋伏见、一宫、名站地下铁）",名古屋铁道营业部电话：052-825-3111,,https://www.meitetsu.co.jp/plan/gourmet/detail/1287949_8036.html,"[{""text"": ""名古屋鉄道"", ""url"": ""https://www.meitetsu.co.jp/plan/gourmet/detail/1287949_8036.html""}]",,https://www2s.biglobe.ne.jp/~t_aoyagi/railway/free/meitetu94.htm,meitetu94.htm,83,2026/8/10 1:30,謎解きゲーム1DAYフリーきっぷ,,,,https://www2s.biglobe.ne.jp/~t_aoyagi/railway/free/meitetu94.htm
meitetu100,県民の日 電車バス乗り放題きっぷ,名古屋鉄道,"[""名古屋鉄道""]",1,False,tokai,东海,东海,"[""東海""]",kikan,期間限定タイプ,期间限定,"[""実券""]",True,False,ended,終了,,,,150.0,150.0,小人：150円,1天,1.0,2025年10月21日 - 2025年11月27日,"2025 年 11 月 21 日
 2025年11月25日 - 2025年11月27日",,"[""https://www2s.biglobe.ne.jp/~t_aoyagi/railway/free/map/meitetu02.gif""]","{""columns"": [""绿色车厢 (头等座)"", ""普通车自由席车指定席席"", ""普通车自由席车自由席席""], ""status_rows"": [{""label"": null, ""symbols"": [{""symbol"": ""▲"", ""note"": null}, {""symbol"": ""○"", ""note"": null}, {""symbol"": ""○"", ""note"": null}]}], ""legend"": {""○"": ""可乘车"", ""▲"": ""需另购特别车辆券"", ""×"": ""不可乘车""}, ""notes"": null}",大手私鉄,"[""仅限爱知县公立学校（幼儿园、小学、特殊学校）的儿童"", ""使用专用车辆需持有专用车辆票（mu-ticket）。""]",2.0,"有售票员的车站（弥富站、赤池站除外）
 名铁名古屋站服务中心",名古屋铁道电话：052-582-5151,,https://www.meitetsu.co.jp/plan/gourmet/detail/1286880_8036.html,"[{""text"": ""名古屋鉄道"", ""url"": ""https://www.meitetsu.co.jp/plan/gourmet/detail/1286880_8036.html""}]",,https://www2s.biglobe.ne.jp/~t_aoyagi/railway/free/meitetu100.htm,meitetu100.htm,84,2026/8/10 1:30,県民の日 電車バス乗り放題きっぷ,,,,https://www2s.biglobe.ne.jp/~t_aoyagi/railway/free/meitetu100.htm
333,3・3・SUNデジタルフリーきっぷ,名古屋鉄道,"[""名古屋鉄道"", ""近畿日本鉄道"", ""南海電気鉄道""]",3,True,tokai,东海,东海,"[""東海"", ""近畿""]",kikan,期間限定タイプ,期间限定,"[""デジタル""]",False,True,period,2026/7/1  〜8/31,2026/7/1,2026/8/31,6200.0,,6200.0,"2日間 大人：6,200円 
 3日間 大人：8,200円",2天/3天,2.0,"2026年7月1日 - 2026年8月31日
 乘车开始日期前 30 天开始发售",2026年7月1日 - 2026年9月29日,,"[""https://www2s.biglobe.ne.jp/~t_aoyagi/railway/free/map/33SUN.gif""]",,大手私鉄,"[""只能在有二维码检票口的车站上下车。"", ""在近铁线上，可以由工作人员或通过对讲机办理车票。"", ""搭乘特急列车时，需另行购买特快车票。""]",3.0,专用网站,"南海电铁呼叫中心电话：050-3090-2608
 近畿日本铁道电话中心电话：050-3536-3957
 名古屋铁道客户支持中心电话：0570-02-5151",,https://www.nankai.co.jp/contents/3-3-sun/,"[{""text"": ""南海電気鉄道"", ""url"": ""https://www.nankai.co.jp/contents/3-3-sun/""}, {""text"": ""名古屋鉄道"", ""url"": ""https://www.meitetsu.co.jp/plan/campaign/detail/1288542_8034.html""}]",,https://www2s.biglobe.ne.jp/~t_aoyagi/railway/free/333.htm,333.htm,85,2026/8/10 1:30,3・3・SUNデジタルフリーきっぷ,,,,https://www2s.biglobe.ne.jp/~t_aoyagi/railway/free/333.htm
meitetu95,迎春1DAYフリーきっぷ,名古屋鉄道,"[""名古屋鉄道""]",1,False,tokai,东海,东海,"[""東海""]",winter,年末年始限定タイプ,年末年初限定,"[""実券""]",True,False,ended,終了,,,2200.0,,2200.0,"大人：2,200円",1天,1.0,2023年12月1日 - 2023年12月31日,2024年1月1日 - 2024年1月8日,,"[""https://www2s.biglobe.ne.jp/~t_aoyagi/railway/free/map/meitetu01.gif""]","{""columns"": [""绿色车厢 (头等座)"", ""普通车自由席车指定席席"", ""普通车自由席车自由席席""], ""status_rows"": [{""label"": null, ""symbols"": [{""symbol"": ""▲"", ""note"": null}, {""symbol"": ""○"", ""note"": null}, {""symbol"": ""○"", ""note"": null}]}], ""legend"": {""○"": ""可乘车"", ""△"": ""仅限10:00~16:00期间乘车"", ""▲"": ""需另购特别车辆券"", ""×"": ""不可乘车""}, ""notes"": null}",大手私鉄,"[""使用专用车辆需持有专用车辆票（mu-ticket）。""]",1.0,"有售票员的车站（弥富站、赤池站除外）
 名铁名古屋站服务中心
 名铁观光服务（丰桥分店、东冈崎站旅游中心、刈谷分店、名古屋伏见分店、一宫分店、名铁地下分店、名铁岐阜站旅游中心）",名古屋铁路客户中心电话：052-582-5151,,https://www.meitetsu.co.jp/profile/news/2023/__icsFiles/afieldfile/2023/11/21/hpgeisyunfree.pdf,"[{""text"": ""名古屋鉄道"", ""url"": ""https://www.meitetsu.co.jp/profile/news/2023/__icsFiles/afieldfile/2023/11/21/hpgeisyunfree.pdf""}]",,https://www2s.biglobe.ne.jp/~t_aoyagi/railway/free/meitetu95.htm,meitetu95.htm,86,2026/8/10 1:30,迎春1DAYフリーきっぷ,,,,https://www2s.biglobe.ne.jp/~t_aoyagi/railway/free/meitetu95.htm
kintetu03,近鉄週末フリーパス,近畿日本鉄道,"[""近畿日本鉄道""]",1,False,tokai,东海,东海,"[""東海"", ""近畿""]",holiday,週末限定タイプ,周末限定,"[""実券""]",True,False,on_sale,発売中,,,5000.0,2500.0,2500.0,"大人：5,000円 小人：2,500円",3天,3.0,全年无休（直至乘车前一天发售）,周五、周六和周日或周六、周日和周一,,"[""https://www2s.biglobe.ne.jp/~t_aoyagi/railway/free/map/kintetu01.gif""]",,大手私鉄,"[""搭乘特急列车时，需另行购买特快车票。"", ""骑行开始当天无法售票。""]",2.0,"近铁主要车站（设有特急售票柜台的车站）
 自动售票机MT型
 近畿日本旅游主要分店及办事处
 互联网邮购","近铁旅客咨询电话中心
 电话：06-6771-3105/052-561-1604",,http://www.kintetsu.co.jp/senden/Railway/Ticket/weekend_free/index.html,"[{""text"": ""近畿日本鉄道"", ""url"": ""http://www.kintetsu.co.jp/senden/Railway/Ticket/weekend_free/index.html""}]",,https://www2s.biglobe.ne.jp/~t_aoyagi/railway/free/kintetu03.htm,kintetu03.htm,87,2026/8/10 1:30,近鉄週末フリーパス,,,,https://www2s.biglobe.ne.jp/~t_aoyagi/railway/free/kintetu03.htm
kintetu71,近鉄全線２日間フリーきっぷ,近畿日本鉄道,"[""近畿日本鉄道""]",1,False,tokai,东海,东海,"[""東海""]",kikan,期間限定タイプ,期间限定,"[""実券""]",True,False,ended,終了,,,3000.0,1500.0,1500.0,"大人：3,000円 小人：1,500円",2天,2.0,"2023年8月8日 - 2023年9月28日
 2023年5月8日 - 2023年6月28日
 发售日期为乘车开始日前一个月至前一天","2023年9月1日 - 2023年9月30日
 2023年6月1日 - 2023年6月30日",,"[""https://www2s.biglobe.ne.jp/~t_aoyagi/railway/free/map/kintetu01.gif""]",,大手私鉄,"[""搭乘特急列车时，需另行购买特快车票。"", ""骑行开始当天无法售票。""]",2.0,"车站柜台有售
 月票/特快票自动售票机
 互联网邮购","近铁旅客咨询电话中心
 电话：06-6771-3105/052-561-1604",,https://www.kintetsu.co.jp/senden/Railway/Ticket/kintetsu2days/,"[{""text"": ""近畿日本鉄道"", ""url"": ""https://www.kintetsu.co.jp/senden/Railway/Ticket/kintetsu2days/""}]",,https://www2s.biglobe.ne.jp/~t_aoyagi/railway/free/kintetu71.htm,kintetu71.htm,88,2026/8/10 1:30,近鉄全線２日間フリーきっぷ,,,,https://www2s.biglobe.ne.jp/~t_aoyagi/railway/free/kintetu71.htm
kintetu63,リアル桃鉄でガチ沿線めぐり 東武 vs 近鉄 新幹線で東西制覇！(名古屋・津編)フリーきっぷ,近畿日本鉄道,"[""近畿日本鉄道""]",1,False,tokai,东海,东海,"[""東海""]",kikan,期間限定タイプ,期间限定,"[""実券""]",True,False,ended,終了,,,3800.0,2400.0,2400.0,"大人：3,800円 小人：2,400円 (参加券込み)",1天,1.0,2025年11月1日 - 2026年3月31日,2025年11月1日 - 2026年3月31日,,"[""https://www2s.biglobe.ne.jp/~t_aoyagi/railway/free/map/kintetsu63.gif""]",,大手私鉄,"[""搭乘特急列车时，需另行购买特快车票。""]",1.0,近铁车票电子商城,"近铁铁路电话中心
 电话：050-3536-3957",,https://tobu-kintetsu-realmomotetsu.com/,"[{""text"": ""近畿日本鉄道"", ""url"": ""https://tobu-kintetsu-realmomotetsu.com/""}]",,https://www2s.biglobe.ne.jp/~t_aoyagi/railway/free/kintetu63.htm,kintetu63.htm,89,2026/8/10 1:30,リアル桃鉄でガチ沿線めぐり 東武 vs 近鉄 新幹線で東西制覇！(名古屋・津編)フリーきっぷ,,,,https://www2s.biglobe.ne.jp/~t_aoyagi/railway/free/kintetu63.htm
kintetu73,リアル謎解きゲーム オリジナルデザイン1日乗車券,近畿日本鉄道,"[""近畿日本鉄道""]",1,False,tokai,东海,东海,"[""東海""]",kikan,期間限定タイプ,期间限定,"[""実券""]",True,False,ended,終了,,,2500.0,,2500.0,"大人／小人：2,500円",1天,1.0,2024年10月29日 - 2025年8月31日,2024年10月29日 - 2025年8月31日,,"[""https://www2s.biglobe.ne.jp/~t_aoyagi/railway/free/map/kintetu73.gif""]",,大手私鉄,"[""如果您从自由区外搭乘，则需要一张前往松阪站的车票。"", ""搭乘特快列车时，需另行购买特快车票。""]",2.0,"特急车票销售柜台
 
大阪难波、大阪上本町、鹤桥、大和八木、京都、大和西大寺、大阪阿倍野桥、近铁名古屋、桑名、近铁四日市、白子、津、伊势中川、松阪、伊势市、宇治山田、鸟羽、鹈方、鹿岛","近铁铁路电话中心
 电话：050-3536-3957",,https://files.microcms-assets.io/assets/f76cb3f097104533921f6d6262a336ee/dc1ce992a05646ca87027bd28a3b1bf8/20241018_3.pdf,"[{""text"": ""近畿日本鉄道"", ""url"": ""https://files.microcms-assets.io/assets/f76cb3f097104533921f6d6262a336ee/dc1ce992a05646ca87027bd28a3b1bf8/20241018_3.pdf""}]",,https://www2s.biglobe.ne.jp/~t_aoyagi/railway/free/kintetu73.htm,kintetu73.htm,90,2026/8/10 1:30,リアル謎解きゲーム オリジナルデザイン1日乗車券,枚,,,https://www2s.biglobe.ne.jp/~t_aoyagi/railway/free/kintetu73.htm
linimo01,1DAYフリーきっぷ,愛知高速交通,"[""愛知高速交通""]",1,False,tokai,东海,东海,"[""東海""]",tunen,通年発売タイプ,全年发售,"[""実券""]",True,False,on_sale,発売中,,,800.0,400.0,400.0,大人：800円／小人：400円,1天,1.0,全年,全年,,"[""https://www2s.biglobe.ne.jp/~t_aoyagi/railway/free/map/linimo.gif""]",,地方私鉄,[],0.0,各站,爱知高速公路交通总务部总务课 TEL:0561-61-4781,,http://www.linimo.jp/use/2018020914391287.html,"[{""text"": ""愛知高速交通"", ""url"": ""http://www.linimo.jp/use/2018020914391287.html""}]",,https://www2s.biglobe.ne.jp/~t_aoyagi/railway/free/linimo01.htm,linimo01.htm,92,2026/8/10 1:30,1DAYフリーきっぷ,,,,https://www2s.biglobe.ne.jp/~t_aoyagi/railway/free/linimo01.htm
aikan81,休日のりのり愛環１dayパス,愛知環状鉄道,"[""愛知環状鉄道""]",1,False,tokai,东海,东海,"[""東海""]",kikan,期間限定タイプ,期间限定,"[""実券"", ""デジタル""]",True,True,period,2026/4/4  〜2027/3/28,2026/4/4,2027/3/28,1700.0,850.0,850.0,"大人：1,700円／小人：850円",1天,1.0,~2027 年 3 月 28 日,"2026年4月4日至2026年4月19日期间的周六和周日
 
2026年4月25日 - 2026年5月6日
 
2026年5月9日至2026年7月20日期间的周六和周日
 
2026 年 8 月 2 日
 
2026年8月8日 - 2026年8月16日
 
2026年8月22日至2026年12月20日期间的周六和周日
 
2026年12月26日 - 2027年1月3日
 
2027年1月9日至2027年3月28日星期六和星期日",,"[""https://www2s.biglobe.ne.jp/~t_aoyagi/railway/free/map/aikan.gif""]",,地方私鉄,[],0.0,"中冈崎、北冈崎、三河丰田、新丰田、八草、濑户口、濑户市
 
 RYDE PASS 应用程序我的路线",爱知环线电话：,,https://www.aikanrailway.co.jp/information/info_data_7_38_1.html,"[{""text"": ""愛知環状鉄道"", ""url"": ""https://www.aikanrailway.co.jp/information/info_data_7_38_1.html""}, {""text"": ""RYDE PASS(ライドパス)"", ""url"": ""https://pass.ryde-go.com/products/1N3XL4SGKX3Q""}, {""text"": ""my route(マイルート)"", ""url"": ""https://top.myroute.fun/ticket/aichi""}]",,https://www2s.biglobe.ne.jp/~t_aoyagi/railway/free/aikan81.htm,aikan81.htm,93,2026/8/10 1:30,休日のりのり愛環１dayパス,,,,https://www2s.biglobe.ne.jp/~t_aoyagi/railway/free/aikan81.htm
aikan96,魔女の谷開園記念 1日フリー乗車券,愛知環状鉄道,"[""愛知環状鉄道""]",1,False,tokai,东海,东海,"[""東海""]",kikan,期間限定タイプ,期间限定,"[""実券""]",True,False,ended,終了,,,1500.0,750.0,750.0,"大人：1,500円／小人：750円",1天,1.0,2024年3月16日 - 2024年5月15日,2024年3月16日 - 2024年5月15日,,"[""https://www2s.biglobe.ne.jp/~t_aoyagi/railway/free/map/aikan.gif""]",,地方私鉄,[],0.0,中冈崎、北冈崎、三河丰田、新丰田、八草、濑户口、濑户市,爱知环线电话：,,https://www.aikanrailway.co.jp/information/info_data_6_31.html,"[{""text"": ""愛知環状鉄道"", ""url"": ""https://www.aikanrailway.co.jp/information/info_data_6_31.html""}]",,https://www2s.biglobe.ne.jp/~t_aoyagi/railway/free/aikan96.htm,aikan96.htm,94,2026/8/10 1:30,魔女の谷開園記念 1日フリー乗車券,,,,https://www2s.biglobe.ne.jp/~t_aoyagi/railway/free/aikan96.htm
guideway91,モバイルホリデー１日乗車券,名古屋ガイドウェイバス,"[""名古屋ガイドウェイバス""]",1,False,tokai,东海,东海,"[""東海""]",holiday,週末限定タイプ,周末限定,"[""デジタル""]",False,True,on_sale,発売中,,,500.0,250.0,250.0,大人：500円／小人：250円,1天,1.0,全年,"周六、周日、节假日
 环境保护日（每月8日）",,"[""https://www2s.biglobe.ne.jp/~t_aoyagi/railway/free/map/guideway01.gif""]",,地方私鉄,[],0.0,约旦手机票,名古屋导轨巴士株式会社总务部电话：052-758-5620,,https://www.guideway.co.jp/fare/pdf/mobileholiday.pdf,"[{""text"": ""名古屋ガイドウェイバス"", ""url"": ""https://www.guideway.co.jp/fare/pdf/mobileholiday.pdf""}, {""text"": ""ジョルダンモバイルチケット"", ""url"": ""https://ticket.jorudan.co.jp/nagoya-guideway/holiday/ja/""}]",,https://www2s.biglobe.ne.jp/~t_aoyagi/railway/free/guideway91.htm,guideway91.htm,95,2026/8/10 1:30,モバイルホリデー１日乗車券,,,,https://www2s.biglobe.ne.jp/~t_aoyagi/railway/free/guideway91.htm
guideway92,グッズ付きホリデー１日乗車券,名古屋ガイドウェイバス,"[""名古屋ガイドウェイバス""]",1,False,tokai,东海,东海,"[""東海""]",kaiin,会員限定タイプ,会员限定,"[""実券""]",True,False,on_sale,発売中,,,1000.0,,1000.0,"大人：1,000円",1天,1.0,全年,"周六、周日、节假日
 环境保护日（每月8日）",,"[""https://www2s.biglobe.ne.jp/~t_aoyagi/railway/free/map/guideway01.gif""]",,地方私鉄,"[""仅限 EX 服务会员"", ""兑换地点为汤鸟线大曾根站""]",2.0,EX服务会员网站“EX旅行预订”,名古屋导轨巴士株式会社总务部电话：052-758-5620,,https://www.guideway.co.jp/cgi_system/multieditor/info.cgi?action=data_view&key=1743473981264894&mode=news,"[{""text"": ""名古屋ガイドウェイバス"", ""url"": ""https://www.guideway.co.jp/cgi_system/multieditor/info.cgi?action=data_view&key=1743473981264894&mode=news""}, {""text"": ""ジェイアール東海ツアーズ"", ""url"": ""https://ec.travel.jr-central.co.jp/tp/optionalFacilities/000L017/plans/000L017-C013928-M015150/detail?lang=ja&utm_source=shisetsu&utm_medium=referral&utm_campaign=yutorito_holiday25_HP""}]",,https://www2s.biglobe.ne.jp/~t_aoyagi/railway/free/guideway92.htm,guideway92.htm,96,2026/8/10 1:30,グッズ付きホリデー1日乗車券,,,,https://www2s.biglobe.ne.jp/~t_aoyagi/railway/free/guideway92.htm
aonami91,あおなみ線一日乗車券,名古屋臨海高速鉄道,"[""名古屋臨海高速鉄道""]",1,False,tokai,东海,东海,"[""東海""]",tunen,通年発売タイプ,全年发售,"[""実券""]",True,False,on_sale,発売中,,,800.0,400.0,400.0,大人：800円／小人：400円,1天,1.0,全年,全年,,"[""https://www2s.biglobe.ne.jp/~t_aoyagi/railway/free/map/aonami.gif""]",,地方私鉄,[],0.0,各站自动售票机,名古屋临海高速铁道/总务课 TEL:052-383-0960,,http://www.aonamiline.co.jp/pc/pdf/itinitizyousyaken20191201.pdf,"[{""text"": ""名古屋臨海高速鉄道"", ""url"": ""http://www.aonamiline.co.jp/pc/pdf/itinitizyousyaken20191201.pdf""}]",,https://www2s.biglobe.ne.jp/~t_aoyagi/railway/free/aonami91.htm,aonami91.htm,97,2026/8/10 1:30,あおなみ線一日乗車券,,,,https://www2s.biglobe.ne.jp/~t_aoyagi/railway/free/aonami91.htm
akechi03,あけてつ全線フリー切符,明知鉄道,"[""明知鉄道""]",1,False,tokai,东海,东海,"[""東海""]",tunen,通年発売タイプ,全年发售,"[""実券""]",True,False,on_sale,発売中,,,1380.0,700.0,700.0,"大人：1,380円／小人：700円",1天,1.0,现已发售,现已发售,,"[""https://www2s.biglobe.ne.jp/~t_aoyagi/railway/free/map/akechi.gif""]",,地方私鉄,[],0.0,"惠那、岩村、明智
 约旦莱德帕斯",明智铁道电话：0573-54-4101,,https://www.aketetsu.co.jp/ticket/,"[{""text"": ""明知鉄道"", ""url"": ""https://www.aketetsu.co.jp/ticket/""}, {""text"": ""RYDE PASS"", ""url"": ""https://pass.ryde-go.com/products/EPYR6LKSYW31""}]",,https://www2s.biglobe.ne.jp/~t_aoyagi/railway/free/akechi03.htm,akechi03.htm,98,2026/8/10 1:30,あけてつ全線フリー切符,,,,https://www2s.biglobe.ne.jp/~t_aoyagi/railway/free/akechi03.htm
akechi99,明知鉄道うちわ切符,明知鉄道,"[""明知鉄道""]",1,False,tokai,东海,东海,"[""東海""]",kisetu,季節発売タイプ,季节发售,"[""実券""]",True,False,period,7〜9月,,,1380.0,,1380.0,"大人：1,380円",1天,1.0,七月至九月,七月至九月,,"[""https://www2s.biglobe.ne.jp/~t_aoyagi/railway/free/map/akechi.gif""]",,地方私鉄,[],0.0,明智惠那,明智铁道电话：0573-54-4101,,https://www.aketetsu.co.jp/ticket/,"[{""text"": ""明知鉄道"", ""url"": ""https://www.aketetsu.co.jp/ticket/""}]",,https://www2s.biglobe.ne.jp/~t_aoyagi/railway/free/akechi99.htm,akechi99.htm,99,2026/8/10 1:30,明知鉄道 うちわ切符,,,,https://www2s.biglobe.ne.jp/~t_aoyagi/railway/free/akechi99.htm
akechi91,くり切符,明知鉄道,"[""明知鉄道""]",1,False,tokai,东海,东海,"[""東海""]",kisetu,季節発売タイプ,季节发售,"[""実券""]",True,False,period,10〜11月,,,1380.0,,1380.0,"大人：1,380円",1天,1.0,10月-11月,10月-11月,,"[""https://www2s.biglobe.ne.jp/~t_aoyagi/railway/free/map/akechi.gif""]",,地方私鉄,[],0.0,明智惠那,明智铁道电话：0573-54-4101,,https://www.aketetsu.co.jp/ticket/,"[{""text"": ""明知鉄道"", ""url"": ""https://www.aketetsu.co.jp/ticket/""}]",,https://www2s.biglobe.ne.jp/~t_aoyagi/railway/free/akechi91.htm,akechi91.htm,100,2026/8/10 1:30,くり切符,,,,https://www2s.biglobe.ne.jp/~t_aoyagi/railway/free/akechi91.htm
akechi87,「VIVANT」オリジナルフリー切符,明知鉄道,"[""明知鉄道""]",1,False,tokai,东海,东海,"[""東海""]",kikan,期間限定タイプ,期间限定,"[""実券""]",True,False,period,2026/7/18〜,2026/7/18,,1380.0,,1380.0,"大人：1,380円",1天,1.0,从 2026 年 7 月 18 日起,,,"[""https://www2s.biglobe.ne.jp/~t_aoyagi/railway/free/map/akechi.gif""]",,地方私鉄,[],0.0,明智惠那,明智铁道电话：0573-54-4101,,https://www.aketetsu.co.jp/news/tbs%e3%83%86%e3%83%ac%e3%83%93%e6%97%a5%e6%9b%9c%e5%8a%87%e5%a0%b4%e3%80%8cvivant%e3%80%8d%e3%83%a9%e3%83%83%e3%83%94%e3%83%b3%e3%82%b0%e5%88%97%e8%bb%8a%e3%81%a8%e3%83%95%e3%83%aa%e3%83%bc%e5%88%87/,"[{""text"": ""明知鉄道"", ""url"": ""https://www.aketetsu.co.jp/news/tbs%e3%83%86%e3%83%ac%e3%83%93%e6%97%a5%e6%9b%9c%e5%8a%87%e5%a0%b4%e3%80%8cvivant%e3%80%8d%e3%83%a9%e3%83%83%e3%83%94%e3%83%b3%e3%82%b0%e5%88%97%e8%bb%8a%e3%81%a8%e3%83%95%e3%83%aa%e3%83%bc%e5%88%87/""}]",,https://www2s.biglobe.ne.jp/~t_aoyagi/railway/free/akechi87.htm,akechi87.htm,101,2026/8/10 1:30,「VIVANT」オリジナルフリー切符,"3,000枚",,,https://www2s.biglobe.ne.jp/~t_aoyagi/railway/free/akechi87.htm
nagaragawa01,１日フリーきっぷ,長良川鉄道,"[""長良川鉄道""]",1,False,tokai,东海,东海,"[""東海""]",tunen,通年発売タイプ,全年发售,"[""実券""]",True,False,on_sale,発売中,,,2700.0,1350.0,1350.0,"大人：2,700円／小人：1,350円",1天,1.0,全年,全年,,"[""https://www2s.biglobe.ne.jp/~t_aoyagi/railway/free/map/nagaragawa.gif""]",,地方私鉄,[],0.0,"美浓太、关、美浓市、郡上八幡、美浓白鸟
 配备多台复印机的 7-11 便利店、7 Ticket WEB、QUICK RIDE",长良川铁道 TEL:0575-23-3921,,http://www.nagatetsu.co.jp/deals/AllDayFree.html,"[{""text"": ""長良川鉄道"", ""url"": ""http://www.nagatetsu.co.jp/deals/AllDayFree.html""}, {""text"": ""長良川鉄道"", ""url"": ""http://www.nagatetsu.co.jp/gain/seventicket/""}, {""text"": ""QUICK RIDE"", ""url"": ""https://www.quickride.jp/ticket.html""}]",,https://www2s.biglobe.ne.jp/~t_aoyagi/railway/free/nagaragawa01.htm,nagaragawa01.htm,102,2026/8/10 1:30,一日フリーきっぷ,,,,https://www2s.biglobe.ne.jp/~t_aoyagi/railway/free/nagaragawa01.htm
nagaragawa91,１日フリーきっぷ＆駅スタンプ帳,長良川鉄道,"[""長良川鉄道""]",1,False,tokai,东海,东海,"[""東海""]",kikan,期間限定タイプ,期间限定,"[""実券""]",True,False,ended,終了,,,2700.0,1350.0,1350.0,"大人：2,700円／小人：1,350円",1天,1.0,2023年7月15日 - 2024年3月31日,2023年7月15日 - 2024年3月31日,,"[""https://www2s.biglobe.ne.jp/~t_aoyagi/railway/free/map/nagaragawa.gif""]",,地方私鉄,[],0.0,"美浓太、关、美浓市、郡上八幡、美浓白鸟
 长良川铁道网上商店",长良川铁道 TEL:0575-23-3921,,http://www.nagatetsu.co.jp/gain/1dayfreestamp/,"[{""text"": ""長良川鉄道"", ""url"": ""http://www.nagatetsu.co.jp/gain/1dayfreestamp/""}]",,https://www2s.biglobe.ne.jp/~t_aoyagi/railway/free/nagaragawa91.htm,nagaragawa91.htm,103,2026/8/10 1:30,１日フリーきっぷ＆駅スタンプ帳,,,,https://www2s.biglobe.ne.jp/~t_aoyagi/railway/free/nagaragawa91.htm
nagaragawa92,中高生1日フリー切符,長良川鉄道,"[""長良川鉄道""]",1,False,tokai,东海,东海,"[""東海""]",kikan,期間限定タイプ,期间限定,"[""デジタル""]",False,True,ended,終了,,,,,2000.0,"中高生：2,000円",1天,1.0,2024年7月21日 - 2024年8月31日,2024年7月21日 - 2024年8月31日,,"[""https://www2s.biglobe.ne.jp/~t_aoyagi/railway/free/map/nagaragawa.gif""]",,地方私鉄,[],0.0,RYDE PASS,长良川铁道 TEL:0575-23-3921,,http://www.nagatetsu.co.jp/gain/%e9%96%a2%e9%8d%9b%e5%86%b6%e4%bc%9d%e6%89%bf%e9%a4%a8%e3%80%80%e4%bc%81%e7%94%bb%e5%b1%95%e3%80%80%e8%a8%98%e5%bf%b5%e3%83%95%e3%83%aa%e3%83%bc%e5%88%87%e7%ac%a6%ef%bc%88%e7%be%8e%e6%bf%83%e5%a4%aa/,"[{""text"": ""長良川鉄道"", ""url"": ""http://www.nagatetsu.co.jp/gain/%e9%96%a2%e9%8d%9b%e5%86%b6%e4%bc%9d%e6%89%bf%e9%a4%a8%e3%80%80%e4%bc%81%e7%94%bb%e5%b1%95%e3%80%80%e8%a8%98%e5%bf%b5%e3%83%95%e3%83%aa%e3%83%bc%e5%88%87%e7%ac%a6%ef%bc%88%e7%be%8e%e6%bf%83%e5%a4%aa/""}, {""text"": ""RYDE PASS"", ""url"": ""https://pass.ryde-go.com/products/X937XQS0XQ3Q""}]",,https://www2s.biglobe.ne.jp/~t_aoyagi/railway/free/nagaragawa92.htm,nagaragawa92.htm,104,2026/8/10 1:30,中高生1日フリー切符,,,,https://www2s.biglobe.ne.jp/~t_aoyagi/railway/free/nagaragawa92.htm
nagaragawa81,関鍛冶伝承館企画展記念フリー切符,長良川鉄道,"[""長良川鉄道""]",1,False,tokai,东海,东海,"[""東海""]",kikan,期間限定タイプ,期间限定,"[""デジタル""]",False,True,ended,終了,,,900.0,450.0,450.0,大人：900円／小人：450円,1天,1.0,2024年7月20日 - 2024年9月1日,2024年7月20日 - 2024年9月1日,,"[""https://www2s.biglobe.ne.jp/~t_aoyagi/railway/free/map/nagaragawa81.gif""]",,地方私鉄,[],0.0,RYDE PASS,长良川铁道 TEL:0575-23-3921,,http://www.nagatetsu.co.jp/gain/%e3%80%90%e5%a4%8f%e4%bc%91%e3%81%bf%e7%89%b9%e5%88%a5%e4%bc%81%e7%94%bb%e5%88%87%e7%ac%a6%e3%80%80%e7%ac%ac1%e5%bc%be%e3%80%91%e9%96%a2%e9%8d%9b%e5%86%b6%e4%bc%9d%e6%89%bf%e9%a4%a8%e3%80%80%e4%bc%81/,"[{""text"": ""長良川鉄道"", ""url"": ""http://www.nagatetsu.co.jp/gain/%e3%80%90%e5%a4%8f%e4%bc%91%e3%81%bf%e7%89%b9%e5%88%a5%e4%bc%81%e7%94%bb%e5%88%87%e7%ac%a6%e3%80%80%e7%ac%ac1%e5%bc%be%e3%80%91%e9%96%a2%e9%8d%9b%e5%86%b6%e4%bc%9d%e6%89%bf%e9%a4%a8%e3%80%80%e4%bc%81/""}, {""text"": ""RYDE PASS"", ""url"": ""https://pass.ryde-go.com/products/X937XQS0XQ3Q""}]",,https://www2s.biglobe.ne.jp/~t_aoyagi/railway/free/nagaragawa81.htm,nagaragawa81.htm,105,2026/8/10 1:30,関鍛冶伝承館企画展記念フリー切符,,,,https://www2s.biglobe.ne.jp/~t_aoyagi/railway/free/nagaragawa81.htm
nagaragawa86,越美南線全線開通90周年記念1日フリーきっぷ,長良川鉄道,"[""長良川鉄道""]",1,False,tokai,东海,东海,"[""東海""]",kikan,期間限定タイプ,期间限定,"[""実券""]",True,False,ended,終了,,,1000.0,,1000.0,"大人：1,000円",1天,1.0,2024 年 10 月 12 日,2024年10月12日 - 2025年3月31日,,"[""https://www2s.biglobe.ne.jp/~t_aoyagi/railway/free/map/nagaragawa.gif""]",,地方私鉄,[],0.0,关站（90周年感恩节会场）,长良川铁道 TEL:0575-23-3921,,http://www.nagatetsu.co.jp/info/5095/,"[{""text"": ""長良川鉄道"", ""url"": ""http://www.nagatetsu.co.jp/info/5095/""}]",,https://www2s.biglobe.ne.jp/~t_aoyagi/railway/free/nagaragawa86.htm,nagaragawa86.htm,106,2026/8/10 1:30,越美南線全線開通90周年記念1日フリーきっぷ,,,,https://www2s.biglobe.ne.jp/~t_aoyagi/railway/free/nagaragawa86.htm
yoro11,養老線フリーきっぷ,養老鉄道,"[""養老鉄道""]",1,False,tokai,东海,东海,"[""東海""]",tunen,通年発売タイプ,全年发售,"[""実券"", ""デジタル""]",True,True,on_sale,発売中,,,1500.0,750.0,750.0,"大人：1,500円／小人：750円",1天,1.0,全年,全年,,"[""https://www2s.biglobe.ne.jp/~t_aoyagi/railway/free/map/yoro.gif""]",,地方私鉄,[],0.0,"桑名、下深谷、多度、驹野、养老、西大垣、大垣、伊比
 池田町城镇建设工坊挂社（池野站内）、神户观光交流中心日吉之里（广神户站前）
 快速骑行",养老铁道电话：,,https://www.yororailway.co.jp/ticket/valueticket/,"[{""text"": ""養老鉄道"", ""url"": ""https://www.yororailway.co.jp/ticket/valueticket/""}, {""text"": ""QUICK RIDE"", ""url"": ""https://www.quickride.jp/ticket/youro.html""}]",,https://www2s.biglobe.ne.jp/~t_aoyagi/railway/free/yoro11.htm,yoro11.htm,107,2026/8/10 1:30,養老線フリーきっぷ,,,,https://www2s.biglobe.ne.jp/~t_aoyagi/railway/free/yoro11.htm
yoro91,養老鉄道まつり記念1日フリーきっぷ,養老鉄道,"[""養老鉄道""]",1,False,tokai,东海,东海,"[""東海""]",kikan,期間限定タイプ,期间限定,"[""実券""]",True,False,ended,終了,,,1500.0,,1500.0,"大人：1,500円",1天,1.0,2023年4月22日 - 2023年12月31日,2023年4月22日 - 2023年12月31日,,"[""https://www2s.biglobe.ne.jp/~t_aoyagi/railway/free/map/yoro.gif""]",,地方私鉄,[],0.0,下深谷、多度、驹野、养老、西大垣、大垣、伊比,养老铁道 TEL:0584-78-3400 平日 9:00-18:00,,https://www.yororailway.co.jp/oshirase/776_index_msg.html,"[{""text"": ""養老鉄道"", ""url"": ""https://www.yororailway.co.jp/oshirase/776_index_msg.html""}]",,https://www2s.biglobe.ne.jp/~t_aoyagi/railway/free/yoro91.htm,yoro91.htm,108,2026/8/10 1:30,養老鉄道まつり開催記念 １日フリーきっぷ,,,,https://www2s.biglobe.ne.jp/~t_aoyagi/railway/free/yoro91.htm
yoro95,シナモロール1日フリー切符,養老鉄道,"[""養老鉄道""]",1,False,tokai,东海,东海,"[""東海""]",kikan,期間限定タイプ,期间限定,"[""実券""]",True,False,ended,終了,,,1500.0,750.0,750.0,"大人：1,500円 小人：750円",1天,1.0,2025年9月5日 - 2025年12月25日,2025年9月5日 - 2025年12月25日,,"[""https://www2s.biglobe.ne.jp/~t_aoyagi/railway/free/map/yoro.gif""]",,地方私鉄,[],0.0,下深谷、多度、驹野、养老、西大垣、大垣、伊比,养老铁道总务企划课 TEL:0584-78-3400 平日 9:00-17:00,,https://www.yororailway.co.jp/news/2382/,"[{""text"": ""養老鉄道"", ""url"": ""https://www.yororailway.co.jp/news/2382/""}]",,https://www2s.biglobe.ne.jp/~t_aoyagi/railway/free/yoro95.htm,yoro95.htm,109,2026/8/10 1:30,シナモロール1日フリー切符,,,,https://www2s.biglobe.ne.jp/~t_aoyagi/railway/free/yoro95.htm
tarumi02,１日フリー乗車券,樽見鉄道,"[""樽見鉄道""]",1,False,tokai,东海,东海,"[""東海""]",tunen,通年発売タイプ,全年发售,"[""実券"", ""デジタル""]",True,True,on_sale,発売中,,,1800.0,900.0,900.0,"大人：1,800円／小人：900円",1天,1.0,全年,全年,,"[""https://www2s.biglobe.ne.jp/~t_aoyagi/railway/free/map/tarumi.gif""]",,地方私鉄,[],0.0,"垂水铁道大垣站事务所、本栖站
 莱德通行证",垂水铁道 TEL:0581-34-8039,,https://tarumi-railway.com/fare/otoku/#lnk-1,"[{""text"": ""樽見鉄道"", ""url"": ""https://tarumi-railway.com/fare/otoku/#lnk-1""}, {""text"": ""RYDE PASS"", ""url"": ""https://pass.ryde-go.com/products/0KG85L0SZ93J""}]",,https://www2s.biglobe.ne.jp/~t_aoyagi/railway/free/tarumi02.htm,tarumi02.htm,110,2026/8/10 1:30,１日フリー乗車券,,,,https://www2s.biglobe.ne.jp/~t_aoyagi/railway/free/tarumi02.htm
asunarou01,１dayフリーきっぷ,四日市あすなろう鉄道,"[""四日市あすなろう鉄道""]",1,False,tokai,东海,东海,"[""東海""]",tunen,通年発売タイプ,全年发售,"[""実券""]",True,False,on_sale,発売中,,,550.0,280.0,280.0,大人：550円／小人：280円,1天,1.0,现已发售,现已发售,,"[""https://www2s.biglobe.ne.jp/~t_aoyagi/railway/free/map/asunarou.gif""]",,地方私鉄,[],0.0,"阿斯纳楼四日市站 站内柜台
 除奥科索站外各站的自动售票机","四日市 Asunarou 铁道总务企划课 TEL. 059-351-0688
 
阿斯纳楼四日市站 TEL. 059-351-1860",,https://www.yar.co.jp/special_tickets/,"[{""text"": ""四日市あすなろう鉄道"", ""url"": ""https://www.yar.co.jp/special_tickets/""}]",,https://www2s.biglobe.ne.jp/~t_aoyagi/railway/free/asunarou01.htm,asunarou01.htm,111,2026/8/10 1:30,1dayフリーきっぷ,,,,https://www2s.biglobe.ne.jp/~t_aoyagi/railway/free/asunarou01.htm
sangi11,三岐線一日乗車券,三岐鉄道,"[""三岐鉄道""]",1,False,tokai,东海,东海,"[""東海""]",tunen,通年発売タイプ,全年发售,"[""実券""]",True,False,on_sale,発売中,,,1200.0,600.0,600.0,"大人：1,200円／小人：600円",1天,1.0,全年,全年,,"[""https://www2s.biglobe.ne.jp/~t_aoyagi/railway/free/map/sangi11.gif""]",,地方私鉄,[],0.0,上义线车站（西野尻除外）,桑吉铁路电话：059-364-2143,,https://sangirail.co.jp/1daypass/,"[{""text"": ""三岐鉄道"", ""url"": ""https://sangirail.co.jp/1daypass/""}]",,https://www2s.biglobe.ne.jp/~t_aoyagi/railway/free/sangi11.htm,sangi11.htm,112,2026/8/10 1:30,三岐線一日乗車券,,,,https://www2s.biglobe.ne.jp/~t_aoyagi/railway/free/sangi11.htm
sangi12,北勢線一日乗車券,三岐鉄道,"[""三岐鉄道""]",1,False,tokai,东海,东海,"[""東海""]",tunen,通年発売タイプ,全年发售,[],False,False,on_sale,発売中,,,1200.0,600.0,600.0,"大人：1,200円／小人：600円",1天,1.0,全年,全年,,"[""https://www2s.biglobe.ne.jp/~t_aoyagi/railway/free/map/sangi12.gif""]",,地方私鉄,"[""需要 ICOCA 或移动设备 ICOCA""]",1.0,"西桑名、星川、东院、曾原、阿吉木
 网站",桑吉铁路电话：059-364-2143,,https://sangirail.co.jp/1daypass/,"[{""text"": ""三岐鉄道"", ""url"": ""https://sangirail.co.jp/1daypass/""}]",,https://www2s.biglobe.ne.jp/~t_aoyagi/railway/free/sangi12.htm,sangi12.htm,113,2026/8/10 1:30,北勢線一日乗車券,,,,https://www2s.biglobe.ne.jp/~t_aoyagi/railway/free/sangi12.htm
sangi92,103編成さようなら記念 三岐線一日乗車券,三岐鉄道,"[""三岐鉄道""]",1,False,tokai,东海,东海,"[""東海""]",kikan,期間限定タイプ,期间限定,"[""実券""]",True,False,period,2025/10/3  〜2026/5/2,2025/10/3,2026/5/2,1200.0,600.0,600.0,"大人：1,200円／小人：600円",1天,1.0,2025年10月3日 - 2026年5月2日,2025年10月3日 - 2026年5月2日,,"[""https://www2s.biglobe.ne.jp/~t_aoyagi/railway/free/map/sangi11.gif""]",,地方私鉄,[],0.0,"近铁富田站西口、丰丰、入川、东藤原、西藤原
 桑吉铁路邮购",桑吉铁路电话：059-364-2143,,https://sangirail.co.jp/files/103intai.pdf,"[{""text"": ""三岐鉄道"", ""url"": ""https://sangirail.co.jp/files/103intai.pdf""}]",,https://www2s.biglobe.ne.jp/~t_aoyagi/railway/free/sangi92.htm,sangi92.htm,114,2026/8/10 1:30,103編成さようなら記念 三岐線一日乗車券,,,,https://www2s.biglobe.ne.jp/~t_aoyagi/railway/free/sangi92.htm
ise91,夏ノリノリいせてつきっぷ,伊勢鉄道,"[""伊勢鉄道""]",1,False,tokai,东海,东海,"[""東海""]",kikan,期間限定タイプ,期间限定,"[""実券"", ""デジタル""]",True,True,ended,終了,,,1000.0,500.0,500.0,"大人：1,000円／小人：500円",7天,7.0,2022年7月23日 - 2022年8月28日,2022年7月23日至2022年8月28日所有周六及节假日,,"[""https://www2s.biglobe.ne.jp/~t_aoyagi/railway/free/map/ise91.gif""]",,地方私鉄,"[""无法乘坐特急""]",1.0,"铃鹿、玉垣
 三重露台网上商店 RYDE PASS",伊势铁道电话：059-383-2112,,https://isetetu.co.jp/norinori/,"[{""text"": ""伊勢鉄道"", ""url"": ""https://isetetu.co.jp/norinori/""}, {""text"": ""RYDE PASS"", ""url"": ""https://pass.ryde-go.com/products/617894ZSXNR0""}]",,https://www2s.biglobe.ne.jp/~t_aoyagi/railway/free/ise91.htm,ise91.htm,115,2026/8/10 1:30,夏ノリノリいせてつきっぷ,,,,https://www2s.biglobe.ne.jp/~t_aoyagi/railway/free/ise91.htm
ise92,どっちノリノリいせてつきっぷ,伊勢鉄道,"[""伊勢鉄道""]",1,False,tokai,东海,东海,"[""東海""]",kikan,期間限定タイプ,期间限定,"[""実券"", ""デジタル""]",True,True,ended,終了,,,1000.0,500.0,500.0,"大人：1,000円／小人：500円",10天,10.0,2023年2月22日 - 2023年3月27日,"2023年3月4日至2023年3月26日周六及节假日
 2023 年 3 月 27 日",,"[""https://www2s.biglobe.ne.jp/~t_aoyagi/railway/free/map/ise91.gif""]",,地方私鉄,"[""无法乘坐特急""]",1.0,"铃鹿、玉垣
 三重露台网上商店 RYDE PASS",伊势铁道电话：059-383-2112,,https://isetetu.co.jp/norinori/,"[{""text"": ""伊勢鉄道"", ""url"": ""https://isetetu.co.jp/norinori/""}, {""text"": ""RYDE PASS"", ""url"": ""https://pass.ryde-go.com/products/L2DRYQGSPQ3E""}]",,https://www2s.biglobe.ne.jp/~t_aoyagi/railway/free/ise92.htm,ise92.htm,116,2026/8/10 1:30,どっちノリノリいせてつきっぷ,,,,https://www2s.biglobe.ne.jp/~t_aoyagi/railway/free/ise92.htm
ise94,Ｆ ワンダーいせてつきっぷ,伊勢鉄道,"[""伊勢鉄道""]",1,False,tokai,东海,东海,"[""東海""]",kikan,期間限定タイプ,期间限定,"[""実券"", ""デジタル""]",True,True,ended,終了,,,600.0,300.0,300.0,大人：600円／小人：300円,1天,1.0,2025年3月17日 - 2025年4月6日,2025年4月4日 - 2025年4月6日,,"[""https://www2s.biglobe.ne.jp/~t_aoyagi/railway/free/map/ise91.gif""]",,地方私鉄,"[""无法乘坐特急""]",1.0,RYDE PASS,伊势铁道电话：059-383-2112,,https://isetetu.co.jp/notice/detail/46,"[{""text"": ""伊勢鉄道"", ""url"": ""https://isetetu.co.jp/notice/detail/46""}, {""text"": ""RYDE PASS"", ""url"": ""https://pass.ryde-go.com/products#mie""}]",,https://www2s.biglobe.ne.jp/~t_aoyagi/railway/free/ise94.htm,ise94.htm,117,2026/8/10 1:30,Ｆ ワンダーいせてつきっぷ,,,,https://www2s.biglobe.ne.jp/~t_aoyagi/railway/free/ise94.htm
ise93,新春ノリノリいせてつきっぷ,伊勢鉄道,"[""伊勢鉄道""]",1,False,tokai,东海,东海,"[""東海""]",kikan,期間限定タイプ,期间限定,"[""実券"", ""デジタル""]",True,True,ended,終了,,,1000.0,500.0,500.0,"大人：1,000円／小人：500円",1天,1.0,2022年12月23日 - 2023年1月29日,2023年1月1日至2023年1月29日及1月3日周六及节假日,,"[""https://www2s.biglobe.ne.jp/~t_aoyagi/railway/free/map/ise91.gif""]",,地方私鉄,"[""无法乘坐特急""]",1.0,"铃鹿、玉垣
 RYDE PASS 三重露台网上商店",伊势铁道电话：059-383-2112,,https://isetetu.co.jp/norinori/,"[{""text"": ""伊勢鉄道"", ""url"": ""https://isetetu.co.jp/norinori/""}, {""text"": ""RYDE PASS"", ""url"": ""https://pass.ryde-go.com/products/PDV8DYDSL28X""}]",,https://www2s.biglobe.ne.jp/~t_aoyagi/railway/free/ise93.htm,ise93.htm,118,2026/8/10 1:30,新春ノリノリいせてつきっぷ,,,,https://www2s.biglobe.ne.jp/~t_aoyagi/railway/free/ise93.htm
jreast66,信州ワンデーパス,JR东日本,"[""ＪＲ東日本""]",1,False,hokusinetu,北信越,北信越,"[""北信越""]",tunen,通年発売タイプ,全年发售,"[""実券""]",True,False,on_sale,発売中,,,2830.0,1110.0,1110.0,"おとな：2,830円 こども：1,110円",1天,1.0,全年,全年,,"[""https://www2s.biglobe.ne.jp/~t_aoyagi/railway/free/map/jreast66.gif""]","{""columns"": [""绿色车厢 (头等座)"", ""普通车自由席车指定席席"", ""普通车自由席车自由席席"", ""专线列车 (Liner)"", ""特急"", ""急行""], ""status_rows"": [{""label"": null, ""symbols"": [{""symbol"": ""▲"", ""note"": null}, {""symbol"": ""▲"", ""note"": null}, {""symbol"": ""▲"", ""note"": null}, {""symbol"": ""▲"", ""note"": null}, {""symbol"": ""▲"", ""note"": null}, {""symbol"": ""○"", ""note"": null}]}], ""legend"": {""○"": ""可乘车"", ""▲"": ""仅乘车券有效"", ""×"": ""不可乘车""}, ""notes"": null}",JR,[],0.0,JR车站的绿窗口口免费区间、View Plaza,JR东日本电话：,,http://www.jreast.co.jp/tickets/info.aspx?GoodsCd=2466,"[{""text"": ""ＪＲ東日本"", ""url"": ""http://www.jreast.co.jp/tickets/info.aspx?GoodsCd=2466""}]",,https://www2s.biglobe.ne.jp/~t_aoyagi/railway/free/jreast66.htm,jreast66.htm,1,2026/8/10 1:30,信州ワンデーパス,,,,https://www2s.biglobe.ne.jp/~t_aoyagi/railway/free/jreast66.htm
jreast58,えちごワンデーパス,JR东日本,"[""ＪＲ東日本""]",1,False,hokusinetu,北信越,北信越,"[""北信越""]",tunen,通年発売タイプ,全年发售,"[""実券""]",True,False,ended,終了,,,1570.0,780.0,780.0,"大人：1,570円／小人：780円",1天,1.0,~2025 年 3 月 31 日,~2025 年 3 月 31 日,,"[""https://www2s.biglobe.ne.jp/~t_aoyagi/railway/free/map/jreast58.gif""]","{""columns"": [""绿色车厢 (头等座)"", ""普通车自由席车指定席席"", ""普通车自由席车自由席席"", ""专线列车 (Liner)"", ""特急"", ""急行""], ""status_rows"": [{""label"": null, ""symbols"": [{""symbol"": ""▲"", ""note"": null}, {""symbol"": ""▲"", ""note"": null}, {""symbol"": ""▲"", ""note"": null}, {""symbol"": ""▲"", ""note"": null}, {""symbol"": ""▲"", ""note"": null}, {""symbol"": ""○"", ""note"": null}]}], ""legend"": {""○"": ""可乘车"", ""▲"": ""仅乘车券有效"", ""×"": ""不可乘车""}, ""notes"": null}",JR,[],0.0,免费区间内的主要车站,JR东日本电话：,,http://www.jreast.co.jp/tickets/info.aspx?GoodsCd=2499,"[{""text"": ""ＪＲ東日本"", ""url"": ""http://www.jreast.co.jp/tickets/info.aspx?GoodsCd=2499""}]",,https://www2s.biglobe.ne.jp/~t_aoyagi/railway/free/jreast58.htm,jreast58.htm,2,2026/8/10 1:30,えちごワンデーパス,,,,https://www2s.biglobe.ne.jp/~t_aoyagi/railway/free/jreast58.htm
jreast60,えちごツーデーパス,JR东日本,"[""ＪＲ東日本""]",1,False,hokusinetu,北信越,北信越,"[""北信越""]",kikan,期間限定タイプ,期间限定,"[""実券""]",True,False,period,〜2027/3/27,,2027/3/27,3300.0,1650.0,1650.0,"大人：3,300円／小人：1,650円",2天,2.0,~2027 年 3 月 27 日,"- 周五、周六、周日、节假日、黄金周、暑假、年末年初等连续两天至2027年3月28日
 详细信息可以在这里找到。",,"[""https://www2s.biglobe.ne.jp/~t_aoyagi/railway/free/map/jreast60.gif""]","{""columns"": [""绿色车厢 (头等座)"", ""普通车自由席车指定席席"", ""普通车自由席车自由席席"", ""专线列车 (Liner)"", ""特急"", ""急行""], ""status_rows"": [{""label"": null, ""symbols"": [{""symbol"": ""▲"", ""note"": null}, {""symbol"": ""▲"", ""note"": null}, {""symbol"": ""▲"", ""note"": null}, {""symbol"": ""▲"", ""note"": null}, {""symbol"": ""▲"", ""note"": null}, {""symbol"": ""○"", ""note"": null}]}], ""legend"": {""○"": ""可乘车"", ""▲"": ""仅乘车券有效"", ""×"": ""不可乘车""}, ""notes"": null}",JR,[],0.0,"免费区间内的主要车站
 越后心跳铁道：春日山、高田、新井、妙高高原、糸鱼川",JR东日本电话：,,http://www.jreast.co.jp/tickets/info.aspx?GoodsCd=2993,"[{""text"": ""ＪＲ東日本"", ""url"": ""http://www.jreast.co.jp/tickets/info.aspx?GoodsCd=2993""}]",,https://www2s.biglobe.ne.jp/~t_aoyagi/railway/free/jreast60.htm,jreast60.htm,3,2026/8/10 1:30,えちごツーデーパス,,,,https://www2s.biglobe.ne.jp/~t_aoyagi/railway/free/jreast60.htm
jrwest41,北陸おでかけtabiwaパス,JR西日本,"[""ＪＲ西日本""]",1,False,hokusinetu,北信越,北信越,"[""北信越""]",kikan,期間限定タイプ,期间限定,"[""デジタル""]",False,True,period,2026/3/1  〜2027/3/28,2026/3/1,2027/3/28,2950.0,1180.0,1180.0,"大人：2,950円／小人：1,180円",1天,1.0,"2026年3月1日 - 2027年3月28日
 直到3天前",2026年4月1日 - 2027年3月31日,,"[""https://www2s.biglobe.ne.jp/~t_aoyagi/railway/free/map/jrwest41.gif""]","{""columns"": [""绿色车厢 (头等座)"", ""普通车自由席车指定席席"", ""普通车自由席车自由席席"", ""专线列车 (Liner)"", ""特急""], ""status_rows"": [{""label"": null, ""symbols"": [{""symbol"": ""×"", ""note"": null}, {""symbol"": ""▲"", ""note"": null}, {""symbol"": ""▲"", ""note"": null}, {""symbol"": ""▲"", ""note"": null}, {""symbol"": ""○"", ""note"": null}]}], ""legend"": {""○"": ""可乘车"", ""▲"": ""仅乘车券有效"", ""×"": ""不可乘车""}, ""notes"": null}",JR,"[""您可以乘坐普通列车（包括新快速列车和快速列车）的自由席。"", ""特快列车和特快列车需要单独的特快车票或特急车票。"", ""不能乘坐新干线。""]",3.0,tabiwa,JR西日本,,https://app.tabi-wester.westjr.co.jp/eticketDetails?ticket_id=J0001100,"[{""text"": ""tabiwa"", ""url"": ""https://app.tabi-wester.westjr.co.jp/eticketDetails?ticket_id=J0001100""}]",,https://www2s.biglobe.ne.jp/~t_aoyagi/railway/free/jrwest41.htm,jrwest41.htm,4,2026/8/10 1:30,北陸おでかけtabiwaパス,,,,https://www2s.biglobe.ne.jp/~t_aoyagi/railway/free/jrwest41.htm
jrwest46,金沢能登tabiwaパス,JR西日本,"[""ＪＲ西日本"", ""IRいしかわ鉄道"", ""のと鉄道""]",3,True,hokusinetu,北信越,北信越,"[""北信越""]",kikan,期間限定タイプ,期间限定,"[""デジタル""]",False,True,period,2026/3/1  〜2027/3/31,2026/3/1,2027/3/31,3250.0,1620.0,1620.0,"大人：3,250円／小人：1,620円",2天,2.0,2026年3月1日 - 2027年3月31日,2026年4月1日 - 2027年4月1日,,"[""https://www2s.biglobe.ne.jp/~t_aoyagi/railway/free/map/jrwest46.gif""]","{""columns"": [""绿色车厢 (头等座)"", ""普通车自由席车指定席席"", ""普通车自由席车自由席席"", ""专线列车 (Liner)"", ""特急""], ""status_rows"": [{""label"": null, ""symbols"": [{""symbol"": ""×"", ""note"": null}, {""symbol"": ""▲"", ""note"": null}, {""symbol"": ""▲"", ""note"": null}, {""symbol"": ""▲"", ""note"": null}, {""symbol"": ""○"", ""note"": null}]}], ""legend"": {""○"": ""可乘车"", ""▲"": ""仅乘车券有效"", ""×"": ""不可乘车""}, ""notes"": null}",JR,"[""您可以乘坐普通列车（包括新快速列车和快速列车）的自由席。"", ""特快列车和特快列车需要单独的特快车票或特急车票。"", ""不能乘坐新干线。""]",3.0,tabiwa,JR西日本,,https://app.tabi-wester.westjr.co.jp/eticketDetails?ticket_id=J0001500,"[{""text"": ""tabiwa"", ""url"": ""https://app.tabi-wester.westjr.co.jp/eticketDetails?ticket_id=J0001500""}]",,https://www2s.biglobe.ne.jp/~t_aoyagi/railway/free/jrwest46.htm,jrwest46.htm,5,2026/8/10 1:30,金沢能登tabiwaパス,,,,https://www2s.biglobe.ne.jp/~t_aoyagi/railway/free/jrwest46.htm
jrwest40,小浜線tabiwaパス,JR西日本,"[""ＪＲ西日本""]",1,False,hokusinetu,北信越,北信越,"[""北信越""]",kikan,期間限定タイプ,期间限定,"[""デジタル""]",False,True,period,2026/3/1  〜2027/3/31,2026/3/1,2027/3/31,2200.0,1600.0,1600.0,"大人：2,200円／小人：1,600円",2天,2.0,2026年3月1日 - 2027年3月31日,2026年4月1日 - 2027年4月1日,,"[""https://www2s.biglobe.ne.jp/~t_aoyagi/railway/free/map/jrwest34.gif""]","{""columns"": [""绿色车厢 (头等座)"", ""普通车自由席车指定席席"", ""普通车自由席车自由席席"", ""专线列车 (Liner)"", ""特急""], ""status_rows"": [{""label"": null, ""symbols"": [{""symbol"": ""×"", ""note"": null}, {""symbol"": ""▲"", ""note"": null}, {""symbol"": ""▲"", ""note"": null}, {""symbol"": ""▲"", ""note"": null}, {""symbol"": ""○"", ""note"": null}]}], ""legend"": {""○"": ""可乘车"", ""▲"": ""仅乘车券有效"", ""×"": ""不可乘车""}, ""notes"": null}",JR,"[""您可以乘坐普通列车（包括新快速列车和快速列车）的自由席。"", ""特快列车和特快列车需要单独的特快车票或特急车票。"", ""不能乘坐新干线。""]",3.0,tabiwa,JR西日本,,https://app.tabi-wester.westjr.co.jp/eticketDetails?ticket_id=J0001200,"[{""text"": ""tabiwa"", ""url"": ""https://app.tabi-wester.westjr.co.jp/eticketDetails?ticket_id=J0001200""}]",,https://www2s.biglobe.ne.jp/~t_aoyagi/railway/free/jrwest40.htm,jrwest40.htm,6,2026/8/10 1:30,小浜線tabiwaパス,,,,https://www2s.biglobe.ne.jp/~t_aoyagi/railway/free/jrwest40.htm
jrwest42,越前tabiwaパス,JR西日本,"[""ＪＲ西日本""]",1,False,hokusinetu,北信越,北信越,"[""北信越""]",kikan,期間限定タイプ,期间限定,"[""デジタル""]",False,True,period,2026/3/1  〜2027/3/31,2026/3/1,2027/3/31,2300.0,1200.0,1200.0,"大人：2,300円／小人：1,200円",2天,2.0,2026年3月1日 - 2027年3月31日,2026年4月1日 - 2027年4月1日,,"[""https://www2s.biglobe.ne.jp/~t_aoyagi/railway/free/map/jrwest42.gif""]","{""columns"": [""绿色车厢 (头等座)"", ""普通车自由席车指定席席"", ""普通车自由席车自由席席"", ""专线列车 (Liner)"", ""特急""], ""status_rows"": [{""label"": null, ""symbols"": [{""symbol"": ""×"", ""note"": null}, {""symbol"": ""▲"", ""note"": null}, {""symbol"": ""▲"", ""note"": null}, {""symbol"": ""▲"", ""note"": null}, {""symbol"": ""○"", ""note"": null}]}], ""legend"": {""○"": ""可乘车"", ""▲"": ""仅乘车券有效"", ""×"": ""不可乘车""}, ""notes"": null}",JR,"[""您可以乘坐普通列车（包括新快速列车和快速列车）的自由席。"", ""特快列车和特快列车需要单独的特快车票或特急车票。"", ""不能乘坐新干线。""]",3.0,tabiwa,JR西日本,,https://app.tabi-wester.westjr.co.jp/eticketDetails?ticket_id=J0001300,"[{""text"": ""tabiwa"", ""url"": ""https://app.tabi-wester.westjr.co.jp/eticketDetails?ticket_id=J0001300""}]",,https://www2s.biglobe.ne.jp/~t_aoyagi/railway/free/jrwest42.htm,jrwest42.htm,7,2026/8/10 1:30,越前tabiwaパス,,,,https://www2s.biglobe.ne.jp/~t_aoyagi/railway/free/jrwest42.htm
jrwest39,とやま周遊２dayパス,JR西日本,"[""ＪＲ西日本"", ""富山地方鉄道"", ""あいの風とやま鉄道"", ""万葉線""]",4,True,hokusinetu,北信越,北信越,"[""北信越""]",kikan,期間限定タイプ,期间限定,"[""デジタル""]",False,True,period,2026/3/1  〜2027/3/31,2026/3/1,2027/3/31,1550.0,770.0,770.0,"大人：1,550円／小人：770円",2天,2.0,2026年3月1日 - 2027年3月31日,2026年4月1日 - 2027年4月1日,,"[""https://www2s.biglobe.ne.jp/~t_aoyagi/railway/free/map/jrwest38.gif""]","{""columns"": [""绿色车厢 (头等座)"", ""普通车自由席车指定席席"", ""普通车自由席车自由席席"", ""专线列车 (Liner)"", ""特急""], ""status_rows"": [{""label"": null, ""symbols"": [{""symbol"": ""×"", ""note"": null}, {""symbol"": ""▲"", ""note"": null}, {""symbol"": ""▲"", ""note"": null}, {""symbol"": ""▲"", ""note"": null}, {""symbol"": ""○"", ""note"": null}]}], ""legend"": {""○"": ""可乘车"", ""▲"": ""仅乘车券有效"", ""×"": ""不可乘车""}, ""notes"": null}",JR,"[""您可以乘坐普通列车（包括新快速列车和快速列车）的自由席。"", ""特快列车和特快列车需要单独的特快车票或特急车票。"", ""不能乘坐新干线。""]",3.0,塔比瓦 我的路线,富山myroute推进协议会,,https://app.tabi-wester.westjr.co.jp/eticketDetails?ticket_id=J0001600,"[{""text"": ""tabiwa"", ""url"": ""https://app.tabi-wester.westjr.co.jp/eticketDetails?ticket_id=J0001600""}, {""text"": ""富山地方鉄道"", ""url"": ""https://www.chitetsu.co.jp/?p=63386""}, {""text"": ""myroute"", ""url"": ""https://top.myroute.fun/ticket/toyama#toyamawide""}]",,https://www2s.biglobe.ne.jp/~t_aoyagi/railway/free/jrwest39.htm,jrwest39.htm,8,2026/8/10 1:30,とやま周遊２dayパス,,,,https://www2s.biglobe.ne.jp/~t_aoyagi/railway/free/jrwest39.htm
jrwest44,WESTERポイント 北陸新幹線フリーパス（全ポイント）,JR西日本,"[""ＪＲ西日本""]",1,False,hokusinetu,北信越,北信越,"[""北信越""]",kikan,期間限定タイプ,期间限定,"[""実券""]",True,False,ended,終了,,,,,,"大人：3,000ポイント／小人：1,500ポイント",3天,3.0,2025年9月1日 - 2025年12月23日,2025年10月1日 - 2025年11月25日,,"[""https://www2s.biglobe.ne.jp/~t_aoyagi/railway/free/map/jrwest44.gif""]","{""columns"": [""绿色车厢 (头等座)"", ""普通车自由席车指定席席"", ""普通车自由席车自由席席"", ""专线列车 (Liner)"", ""特急"", ""急行"", ""快速"", ""普通车自由席"", ""指定席"", ""自由席"", ""其他的"", ""绿色车厢 (头等座)"", ""普通车自由席车指定席席"", ""普通车自由席车自由席席"", ""专线列车 (Liner)"", ""特急"", ""急行""], ""status_rows"": [{""label"": null, ""symbols"": [{""symbol"": ""－"", ""note"": null}, {""symbol"": ""－"", ""note"": null}, {""symbol"": ""－"", ""note"": null}, {""symbol"": ""－"", ""note"": null}, {""symbol"": ""×"", ""note"": null}, {""symbol"": ""▲"", ""note"": null}, {""symbol"": ""△"", ""note"": null}, {""symbol"": ""○"", ""note"": null}, {""symbol"": ""－"", ""note"": null}, {""symbol"": ""－"", ""note"": null}, {""symbol"": ""－"", ""note"": null}, {""symbol"": ""－"", ""note"": null}, {""symbol"": ""－"", ""note"": null}, {""symbol"": ""－"", ""note"": null}, {""symbol"": ""－"", ""note"": null}, {""symbol"": ""－"", ""note"": null}, {""symbol"": ""－"", ""note"": null}]}], ""legend"": {""○"": ""可乘车"", ""▲"": ""仅乘车券有效"", ""△"": ""限使用6次指定席"", ""×"": ""不可乘车"", ""－"": ""未设定""}, ""notes"": null}",JR,"[""只能用 WESTER 积分购买"", ""指定座位最多可使用6次"", ""如果预留座位已满，则可以站着坐。""]",3.0,JR大出挂网络,JR西日本,,https://www.jr-odekake.net/goyoyaku/campaign/hokurikufree/,"[{""text"": ""JRおでかけネット"", ""url"": ""https://www.jr-odekake.net/goyoyaku/campaign/hokurikufree/""}]",,https://www2s.biglobe.ne.jp/~t_aoyagi/railway/free/jrwest44.htm,jrwest44.htm,9,2026/8/10 1:30,WESTERポイント 北陸新幹線フリーパス（全ポイント）,,,,https://www2s.biglobe.ne.jp/~t_aoyagi/railway/free/jrwest44.htm
jrwest45,WESTERポイント 北陸新幹線フリーパス（一部ポイント）,JR西日本,"[""ＪＲ西日本""]",1,False,hokusinetu,北信越,北信越,"[""北信越""]",kikan,期間限定タイプ,期间限定,"[""実券""]",True,False,ended,終了,,,,,10110.0,"大人：110ポイント＋10,110円／小人：110ポイント＋5,110円",3天,3.0,2025年9月1日 - 2025年12月23日,2025年10月1日 - 2025年11月25日,,"[""https://www2s.biglobe.ne.jp/~t_aoyagi/railway/free/map/jrwest44.gif""]","{""columns"": [""绿色车厢 (头等座)"", ""普通车自由席车指定席席"", ""普通车自由席车自由席席"", ""专线列车 (Liner)"", ""特急"", ""急行"", ""快速"", ""普通车自由席"", ""指定席"", ""自由席"", ""其他的"", ""绿色车厢 (头等座)"", ""普通车自由席车指定席席"", ""普通车自由席车自由席席"", ""专线列车 (Liner)"", ""特急"", ""急行""], ""status_rows"": [{""label"": null, ""symbols"": [{""symbol"": ""－"", ""note"": null}, {""symbol"": ""－"", ""note"": null}, {""symbol"": ""－"", ""note"": null}, {""symbol"": ""－"", ""note"": null}, {""symbol"": ""×"", ""note"": null}, {""symbol"": ""▲"", ""note"": null}, {""symbol"": ""△"", ""note"": null}, {""symbol"": ""○"", ""note"": null}, {""symbol"": ""－"", ""note"": null}, {""symbol"": ""－"", ""note"": null}, {""symbol"": ""－"", ""note"": null}, {""symbol"": ""－"", ""note"": null}, {""symbol"": ""－"", ""note"": null}, {""symbol"": ""－"", ""note"": null}, {""symbol"": ""－"", ""note"": null}, {""symbol"": ""－"", ""note"": null}, {""symbol"": ""－"", ""note"": null}]}], ""legend"": {""○"": ""可乘车"", ""▲"": ""仅乘车券有效"", ""△"": ""限使用6次指定席"", ""×"": ""不可乘车"", ""－"": ""未设定""}, ""notes"": null}",JR,"[""只能用 WESTER 积分购买"", ""指定座位最多可使用6次"", ""如果预留座位已满，则可以站着坐。""]",3.0,JR大出挂网络,JR西日本,,https://tickets.jr-odekake.net/shohindb/view/consumer/tokutoku/detail.html?shnId=125000258,"[{""text"": ""JRおでかけネット"", ""url"": ""https://tickets.jr-odekake.net/shohindb/view/consumer/tokutoku/detail.html?shnId=125000258""}]",,https://www2s.biglobe.ne.jp/~t_aoyagi/railway/free/jrwest45.htm,jrwest45.htm,10,2026/8/10 1:30,WESTERポイント 北陸新幹線フリーパス（一部ポイント）,,,,https://www2s.biglobe.ne.jp/~t_aoyagi/railway/free/jrwest45.htm
hokuhoku01,ほくほくワンデーパス,北越急行,"[""北越急行""]",1,False,hokusinetu,北信越,北信越,"[""北信越""]",tunen,通年発売タイプ,全年发售,"[""実券""]",True,False,on_sale,発売中,,,1800.0,900.0,900.0,"大人：1,800円／小人：900円",1天,1.0,仅限使用当天,全年,,"[""https://www2s.biglobe.ne.jp/~t_aoyagi/railway/free/map/hokuhoku.gif""]",,地方私鉄,"[""没有特快列车""]",1.0,"柜台：北北线十日町站
 越后心跳铁道直江津站
 
售票机：五日町（检票口内）、鱼沼Hills、新座、十日町、松台、北北大岛、虫川大杉、浦河原、由比木
 
北北线列车内
 七票",北越急行电话：025-752-0770,,https://hokuhoku.co.jp/pdf/oneday.pdf,"[{""text"": ""北越急行"", ""url"": ""https://hokuhoku.co.jp/pdf/oneday.pdf""}]",,https://www2s.biglobe.ne.jp/~t_aoyagi/railway/free/hokuhoku01.htm,hokuhoku01.htm,11,2026/8/10 1:30,ほくほくワンデーパス,,,,https://www2s.biglobe.ne.jp/~t_aoyagi/railway/free/hokuhoku01.htm
hokuhoku92,ほくほく線 周学ミステリーパス,北越急行,"[""北越急行""]",1,False,hokusinetu,北信越,北信越,"[""北信越""]",kikan,期間限定タイプ,期间限定,"[""実券""]",True,False,ended,終了,,,1400.0,,1400.0,"大人：1,400円",1天,1.0,2024年10月1日 - 2024年11月30日,2024年10月1日 - 2024年11月30日,,"[""https://www2s.biglobe.ne.jp/~t_aoyagi/railway/free/map/hokuhoku91.gif""]",,地方私鉄,[],0.0,"十日町
 松代、松之山温泉观光咨询处（松代站附近）",北越急行电话：025-750-1251,,https://www.hokuhoku.co.jp/press/20240927.pdf,"[{""text"": ""北越急行"", ""url"": ""https://www.hokuhoku.co.jp/press/20240927.pdf""}]",,https://www2s.biglobe.ne.jp/~t_aoyagi/railway/free/hokuhoku92.htm,hokuhoku92.htm,12,2026/8/10 1:30,ほくほく線 周学ミステリーパス,,,,https://www2s.biglobe.ne.jp/~t_aoyagi/railway/free/hokuhoku92.htm
echigo03,トキ鉄ツアーパス,えちごトキめき鉄道,"[""えちごトキめき鉄道"", ""あいの風とやま鉄道""]",2,True,hokusinetu,北信越,北信越,"[""北信越""]",tunen,通年発売タイプ,全年发售,"[""実券"", ""デジタル""]",True,True,on_sale,発売中,,,2400.0,1200.0,1200.0,"大人：2,400円／小人：1,200円",1天,1.0,全年,全年,,"[""https://www2s.biglobe.ne.jp/~t_aoyagi/railway/free/map/echigotokimeki.gif""]",,地方私鉄,"[""可以乘坐特急“白雪”的普通车厢自由席。"", ""“越后心跳度假村雪月花”无法搭乘。""]",2.0,"越后心跳铁道：直江越、春日山、高田、上越妙高、新井、关山、妙高高原、能、糸鱼川、越后心跳铁道列车
 爱之风富山铁道：夜间",直江津站 TEL:025-543-3160,,http://www.echigo-tokimeki.co.jp/ticket/plan/#tokitetsutour,"[{""text"": ""えちごトキめき鉄道"", ""url"": ""http://www.echigo-tokimeki.co.jp/ticket/plan/#tokitetsutour""}, {""text"": ""あいの風とやま鉄道"", ""url"": ""https://ainokaze.co.jp/ticket/plan#s08""}]",,https://www2s.biglobe.ne.jp/~t_aoyagi/railway/free/echigo03.htm,echigo03.htm,13,2026/8/10 1:30,トキ鉄ツアーパス,,,,https://www2s.biglobe.ne.jp/~t_aoyagi/railway/free/echigo03.htm
echigo93,トキ鉄18きっぷ,えちごトキめき鉄道,"[""えちごトキめき鉄道""]",1,False,hokusinetu,北信越,北信越,"[""北信越""]",kikan,期間限定タイプ,期间限定,"[""実券""]",True,False,period,2026/7/18  〜9/8,2026/7/18,2026/9/8,1200.0,,1200.0,"大人：1,200円",1天,1.0,"2026年3月1日 - 2026年4月10日
 2026年7月18日 - 2026年9月8日
 2026年12月11日 - 2027年1月11日",仅限发售当天,,"[""https://www2s.biglobe.ne.jp/~t_aoyagi/railway/free/map/echigotokimeki.gif""]",,地方私鉄,"[""如果您有当天有效的“青春18 Kippu”，则有优惠。"", ""不能乘坐特急“白雪”。"", ""越后心跳度假村雪月花无法搭乘。""]",3.0,直江越、春日山、高田、上越妙高、新井、妙高高原、能、糸鱼川、越后心跳铁路列车,越后心跳铁道总务企划部营业课 TEL：025-546-5521,,https://www.echigo-tokimeki.co.jp/information/detail?id=2252,"[{""text"": ""えちごトキめき鉄道"", ""url"": ""https://www.echigo-tokimeki.co.jp/information/detail?id=2252""}]",,https://www2s.biglobe.ne.jp/~t_aoyagi/railway/free/echigo93.htm,echigo93.htm,14,2026/8/10 1:30,トキ鉄18きっぷ,,,,https://www2s.biglobe.ne.jp/~t_aoyagi/railway/free/echigo93.htm
echigo98,信越マリンビーチ＆マウンテンパス,えちごトキめき鉄道,"[""えちごトキめき鉄道"", ""しなの鉄道""]",2,True,hokusinetu,北信越,北信越,"[""北信越""]",kikan,期間限定タイプ,期间限定,"[""デジタル""]",False,True,period,2026/8/1  〜8/30,2026/8/1,2026/8/30,3000.0,1500.0,1500.0,"大人：3,000円／小人：1,500円",1天,1.0,2026年8月1日 - 2026年8月30日,2026年8月1日 - 2026年8月30日,,"[""https://www2s.biglobe.ne.jp/~t_aoyagi/railway/free/map/echigo-shinano.gif""]",,地方私鉄,[],0.0,我的路线wellnet,越后心跳铁道株式会社直江津站：TEL：025-543-3160,,https://www.echigo-tokimeki.co.jp/information/detail?id=2606,"[{""text"": ""えちごトキめき鉄道"", ""url"": ""https://www.echigo-tokimeki.co.jp/information/detail?id=2606""}]",,https://www2s.biglobe.ne.jp/~t_aoyagi/railway/free/echigo98.htm,echigo98.htm,15,2026/8/10 1:30,信越マリンビーチ＆マウンテンパス,,,,https://www2s.biglobe.ne.jp/~t_aoyagi/railway/free/echigo98.htm
echigo02,じもパス,えちごトキめき鉄道,"[""えちごトキめき鉄道""]",1,False,hokusinetu,北信越,北信越,"[""北信越""]",kaiin,会員限定タイプ,会员限定,"[""実券""]",True,False,period,〜2026/3/31,,2026/3/31,1800.0,600.0,600.0,"大人：1,800円／小人：600円 
 シルバー：600円 免許返納：600円",1天,1.0,全年,全年,,"[""https://www2s.biglobe.ne.jp/~t_aoyagi/railway/free/map/echigotokimeki.gif""]",,地方私鉄,"[""仅限妙高市、上越市、糸鱼川市的居民以及时铁支持者俱乐部会员。"", ""乘坐特急白雪号需要另外购买特急车票。"", ""“越野集*藏”和“越后心跳度假村雪月花”不能搭乘。"", ""银色版适合70岁以上人士"", ""驾照返还仅适用于拥有驾驶记录证明的人士。"", ""购买时，请使用驾驶执照、保险卡、学生证等确认您的地址、年龄等。使用服务时需要携带各种证件。""]",6.0,"直江津、春日山、高田、上越妙子、新井、妙高高原、能、糸鱼川
 越后心跳铁道列车内部",直江津站 TEL:025-543-3160,,http://www.echigo-tokimeki.co.jp/ticket/plan/#jimo,"[{""text"": ""えちごトキめき鉄道"", ""url"": ""http://www.echigo-tokimeki.co.jp/ticket/plan/#jimo""}]",,https://www2s.biglobe.ne.jp/~t_aoyagi/railway/free/echigo02.htm,echigo02.htm,16,2026/8/10 1:30,じもパス,,,,https://www2s.biglobe.ne.jp/~t_aoyagi/railway/free/echigo02.htm
echigo91,開業10周年記念 トキ鉄フリーきっぷ,えちごトキめき鉄道,"[""えちごトキめき鉄道""]",1,False,hokusinetu,北信越,北信越,"[""北信越""]",kaiin,会員限定タイプ,会员限定,"[""実券""]",True,False,ended,終了,,,1000.0,,1000.0,"大人：1,000円",1天,1.0,2025年3月14日 - 2025年10月11日,2025年3月15日、3月16日、5月3日、7月5日、2025年10月11日,,"[""https://www2s.biglobe.ne.jp/~t_aoyagi/railway/free/map/echigotokimeki.gif""]",,地方私鉄,"[""无法乘坐“特快列车”"", ""无法乘坐“越后心跳度假村雪月花号”""]",2.0,"直江津、春日山、高田、上越妙子、新井、妙高高原、能、糸鱼川
 雅虎！官方网上商店",越后心跳铁道总务企划部营业课 TEL：025-546-5521,,https://www.echigo-tokimeki.co.jp/information/detail?id=2325,"[{""text"": ""えちごトキめき鉄道"", ""url"": ""https://www.echigo-tokimeki.co.jp/information/detail?id=2325""}]",,https://www2s.biglobe.ne.jp/~t_aoyagi/railway/free/echigo91.htm,echigo91.htm,17,2026/8/10 1:30,開業10周年記念 トキ鉄フリーきっぷ,,,,https://www2s.biglobe.ne.jp/~t_aoyagi/railway/free/echigo91.htm
ueda02,1日まるまるフリーきっぷ,上田電鉄,"[""上田電鉄""]",1,False,hokusinetu,北信越,北信越,"[""北信越""]",tunen,通年発売タイプ,全年发售,"[""実券""]",True,False,on_sale,発売中,,,1180.0,600.0,600.0,"大人：1,180円／小人：600円",1天,1.0,全年,全年,,"[""https://www2s.biglobe.ne.jp/~t_aoyagi/railway/free/map/ueda01.gif""]",,地方私鉄,[],0.0,"专柜：上田
 有自动售票机的车站：上田站、赤坂上站、上田原站、大学前站、下乡站、别所温泉站",上田电铁运输部 TEL:0268-39-7117,,https://www.uedadentetsu.com/news/post-2961.html,"[{""text"": ""上田電鉄"", ""url"": ""https://www.uedadentetsu.com/news/post-2961.html""}]",,https://www2s.biglobe.ne.jp/~t_aoyagi/railway/free/ueda02.htm,ueda02.htm,18,2026/8/10 1:30,1日まるまるフリーきっぷ,,,,https://www2s.biglobe.ne.jp/~t_aoyagi/railway/free/ueda02.htm
sinano32,軽井沢・別所温泉フリーきっぷ,上田電鉄,"[""上田電鉄"", ""しなの鉄道""]",2,True,hokusinetu,北信越,北信越,"[""北信越""]",tunen,通年発売タイプ,全年发售,"[""デジタル""]",False,True,on_sale,発売中,,,1880.0,940.0,940.0,"大人：1,880円／小人：940円",1天,1.0,全年,全年,,"[""https://www2s.biglobe.ne.jp/~t_aoyagi/railway/free/map/shinano32.gif""]",,地方私鉄,[],0.0,信浓铁道电子车票销售网站,信浓铁道营业部电话：0268-21-4702,,https://www.shinanorailway.co.jp/tour-info/gain/,"[{""text"": ""しなの鉄道"", ""url"": ""https://www.shinanorailway.co.jp/tour-info/gain/""}, {""text"": ""上田電鉄"", ""url"": ""https://www.uedadentetsu.com/news/post-383.html""}]",,https://www2s.biglobe.ne.jp/~t_aoyagi/railway/free/sinano32.htm,sinano32.htm,19,2026/8/10 1:30,軽井沢・別所温泉フリーきっぷ,,,,https://www2s.biglobe.ne.jp/~t_aoyagi/railway/free/sinano32.htm
ueda04,別所線・信州上田レイライン線電車・バスフリーきっぷ,上田電鉄,"[""上田電鉄""]",1,False,hokusinetu,北信越,北信越,"[""北信越""]",kikan,期間限定タイプ,期间限定,"[""実券""]",True,False,ended,終了,,,1240.0,620.0,620.0,"大人：1,240円／小人：620円",仅限发售当天,,2025年4月1日 - 2025年11月30日,2025年4月1日 - 2025年11月30日,,"[""https://www2s.biglobe.ne.jp/~t_aoyagi/railway/free/map/ueda04.gif""]",,地方私鉄,[],0.0,上田站,上田电铁运输部 TEL:0268-39-7117,,https://www.uedadentetsu.com/news/post_379.html,"[{""text"": ""上田電鉄"", ""url"": ""https://www.uedadentetsu.com/news/post_379.html""}]",,https://www2s.biglobe.ne.jp/~t_aoyagi/railway/free/ueda04.htm,ueda04.htm,20,2026/8/10 1:30,別所線・信州上田レイライン線電車・バスフリーきっぷ,,,,https://www2s.biglobe.ne.jp/~t_aoyagi/railway/free/ueda04.htm
ueda102,令和八年八月八日 八ならび 八木沢まい お誕生日フリーきっぷ,上田電鉄,"[""上田電鉄""]",1,False,hokusinetu,北信越,北信越,"[""北信越""]",kikan,期間限定タイプ,期间限定,"[""実券""]",True,False,period,2026/8/8〜/td>,2026/8/8,,1180.0,,1180.0,"大人：1,180円",1天,1.0,从 2026 年 8 月 8 日起,从 2026 年 8 月 8 日起,,"[""https://www2s.biglobe.ne.jp/~t_aoyagi/railway/free/map/ueda01.gif""]",,地方私鉄,[],0.0,上田,上田电铁运输部 TEL:0268-39-7117,,https://www.uedadentetsu.com/news/post-9183.html,"[{""text"": ""上田電鉄"", ""url"": ""https://www.uedadentetsu.com/news/post-9183.html""}]",,https://www2s.biglobe.ne.jp/~t_aoyagi/railway/free/ueda102.htm,ueda102.htm,21,2026/8/10 1:30,令和八年八月八日 八ならび 八木沢まい お誕生日フリーきっぷ,400枚,,,https://www2s.biglobe.ne.jp/~t_aoyagi/railway/free/ueda102.htm
sinano33,軽井沢フリーパス,しなの鉄道,"[""しなの鉄道""]",1,False,hokusinetu,北信越,北信越,"[""北信越""]",tunen,通年発売タイプ,全年发售,"[""デジタル""]",False,True,on_sale,発売中,,,2500.0,1250.0,1250.0,"1日券 大人：2,500円／小人：1,250円 
 2日券 大人：3,600円／小人：1,800円",第一/第二,1.0,全年,全年,,"[""https://www2s.biglobe.ne.jp/~t_aoyagi/railway/free/map/shinano33.gif""]",,地方私鉄,[],0.0,"一日票：信浓铁道电子车票销售网站
 2日券：信浓铁道电子车票销售网站","信浓铁道客户中心：TEL:0267-21-3470
 草轻交通：TEL:0267-42-2441
 西武观光巴士：TEL:0267-45-5045
 千曲巴士：TEL:0267-22-2100",,https://www.shinanorailway.co.jp/tour-info/gain/,"[{""text"": ""しなの鉄道"", ""url"": ""https://www.shinanorailway.co.jp/tour-info/gain/""}]",,https://www2s.biglobe.ne.jp/~t_aoyagi/railway/free/sinano33.htm,sinano33.htm,22,2026/8/10 1:30,軽井沢フリーパス,,,,https://www2s.biglobe.ne.jp/~t_aoyagi/railway/free/sinano33.htm
sinano11,北しなの線フリーきっぷ,しなの鉄道,"[""しなの鉄道""]",1,False,hokusinetu,北信越,北信越,"[""北信越""]",tunen,通年発売タイプ,全年发售,"[""デジタル""]",False,True,on_sale,発売中,,,1100.0,550.0,550.0,"平日用：大人：1,400円／小人：700円 
 休日用：大人：1,100円／小人：550円",1天,1.0,全年,全年,,"[""https://www2s.biglobe.ne.jp/~t_aoyagi/railway/free/map/shinano11.gif""]",,地方私鉄,[],0.0,"平日：信浓铁道电子车票销售网站
 节假日：信浓铁道电子车票销售网站",信浓铁道客户中心电话：0267-21-3470,,https://www.shinanorailway.co.jp/tour-info/gain/,"[{""text"": ""しなの鉄道"", ""url"": ""https://www.shinanorailway.co.jp/tour-info/gain/""}]",,https://www2s.biglobe.ne.jp/~t_aoyagi/railway/free/sinano11.htm,sinano11.htm,23,2026/8/10 1:30,北しなの線フリーきっぷ,,,,https://www2s.biglobe.ne.jp/~t_aoyagi/railway/free/sinano11.htm
sinano30,しなの鉄道線フリーきっぷ,しなの鉄道,"[""しなの鉄道""]",1,False,hokusinetu,北信越,北信越,"[""北信越""]",tunen,通年発売タイプ,全年发售,"[""デジタル""]",False,True,period,〜2026/3/13,,2026/3/13,2000.0,1000.0,1000.0,"平日用：大人：2,300円／小人：1,150円 
 休日用：大人：2,000円／小人：1,000円",1天,1.0,全年,全年,,"[""https://www2s.biglobe.ne.jp/~t_aoyagi/railway/free/map/shinano01.gif""]",,地方私鉄,[],0.0,"平日：信浓铁道电子车票销售网站
 节假日：信浓铁道电子车票销售网站",信浓铁道客户中心电话：0268-21-3470,,https://www.shinanorailway.co.jp/tour-info/gain/,"[{""text"": ""しなの鉄道"", ""url"": ""https://www.shinanorailway.co.jp/tour-info/gain/""}]",,https://www2s.biglobe.ne.jp/~t_aoyagi/railway/free/sinano30.htm,sinano30.htm,25,2026/8/10 1:30,しなの鉄道線フリーきっぷ,,,,https://www2s.biglobe.ne.jp/~t_aoyagi/railway/free/sinano30.htm
nagaden01,長電フリー乗車券,長野電鉄,"[""長野電鉄""]",1,False,hokusinetu,北信越,北信越,"[""北信越""]",kikan,期間限定タイプ,期间限定,"[""実券""]",True,False,period,2025/12/1  〜2026/3/31,2025/12/1,2026/3/31,2820.0,1410.0,1410.0,"2日用 大人：3,520円／小人：1,760円 
 1日用 大人：2,820円／小人：1,410円","2天：2天
 1天: 1天",2.0,2026年4月1日 - 2026年11月30日,2026年4月1日 - 2026年12月1日,,"[""https://www2s.biglobe.ne.jp/~t_aoyagi/railway/free/map/naganodentetu.gif""]",,地方私鉄,"[""有特急（自由席）""]",1.0,长野县、市役所、权堂、善光寺下、本乡、桐原、信浓吉田、朝日、附中、柳原、村山、日野、须坂、小布施、津美、樱泽、圆德、信州中野、汤田中各站的自动售票机,长野电铁/铁道事业部运输课 TEL:026-248-6000,,https://www.nagaden-net.co.jp/info/ticket,"[{""text"": ""長野電鉄"", ""url"": ""https://www.nagaden-net.co.jp/info/ticket""}]",,https://www2s.biglobe.ne.jp/~t_aoyagi/railway/free/nagaden01.htm,nagaden01.htm,27,2026/8/10 1:30,長電フリー乗車券,,,,https://www2s.biglobe.ne.jp/~t_aoyagi/railway/free/nagaden01.htm
nagaden06,SNOW MONKEY PASS,長野電鉄,"[""長野電鉄""]",1,False,hokusinetu,北信越,北信越,"[""北信越""]",kikan,期間限定タイプ,期间限定,"[""実券""]",True,False,period,2026/4/1  〜9/30,2026/4/1,2026/9/30,4800.0,2400.0,2400.0,"大人：4,800円／小人：2,400円",2天,2.0,"2026年4月1日 - 2026年9月30日
 2025年12月6日 - 2026年3月31日","2026年4月1日 - 2026年10月1日
 2025年12月6日 - 2026年4月1日",,"[""https://www2s.biglobe.ne.jp/~t_aoyagi/railway/free/map/nagaden06.gif""]",,地方私鉄,"[""有特急（自由席）""]",1.0,长野县、市役所、权堂、善光寺下、本乡、桐原、信浓吉田、朝日、附中、柳原、村山、日野、须坂、小布施、津美、樱泽、圆德、信州中野、汤田中各站的自动售票机,长野电铁/铁道事业部运输课 TEL:026-248-6000,,https://www.nagaden-net.co.jp/info/ticket/,"[{""text"": ""長野電鉄"", ""url"": ""https://www.nagaden-net.co.jp/info/ticket/""}]",,https://www2s.biglobe.ne.jp/~t_aoyagi/railway/free/nagaden06.htm,nagaden06.htm,28,2026/8/10 1:30,SNOW MONKEY PASS,,,,https://www2s.biglobe.ne.jp/~t_aoyagi/railway/free/nagaden06.htm
nagaden05,ながでん鉄道・バス2DAYフリーきっぷ,長野電鉄,"[""長野電鉄""]",1,False,hokusinetu,北信越,北信越,"[""北信越""]",kikan,期間限定タイプ,期间限定,"[""実券""]",True,False,period,2026/4/1  〜11/29,2026/4/1,2026/11/29,5000.0,2500.0,2500.0,"大人：5,000円／小人：2,500円",2天,2.0,2026年4月1日 - 2026年11月29日,2026年4月1日 - 2026年11月30日,,"[""https://www2s.biglobe.ne.jp/~t_aoyagi/railway/free/map/nagaden05.gif""]",,地方私鉄,"[""有特急（自由席）""]",1.0,长野县、市役所、权堂、善光寺下、本乡、桐原、信浓吉田、朝日、附中、柳原、村山、日野、须坂、小布施、津美、樱泽、圆德、信州中野、汤田中各站的自动售票机,长野电铁/铁道事业部运输课 TEL:026-248-6000,,https://www.nagaden-net.co.jp/info/ticket,"[{""text"": ""長野電鉄"", ""url"": ""https://www.nagaden-net.co.jp/info/ticket""}]",,https://www2s.biglobe.ne.jp/~t_aoyagi/railway/free/nagaden05.htm,nagaden05.htm,29,2026/8/10 1:30,ながでん鉄道・バス２ＤＡＹフリーきっぷ,,,,https://www2s.biglobe.ne.jp/~t_aoyagi/railway/free/nagaden05.htm
nagaden07,ホリデーフリーチケット,長野電鉄,"[""長野電鉄""]",1,False,hokusinetu,北信越,北信越,"[""北信越""]",kikan,期間限定タイプ,期间限定,"[""実券""]",True,False,period,2026/4/1  〜11/30,2026/4/1,2026/11/30,,,620.0,"中高生：1,240円 小学生：620円",1天,1.0,使用当天,"2026年4月1日至2026年11月30日期间的周六及节假日
 2026年7月15日 - 2026年8月20日",,"[""https://www2s.biglobe.ne.jp/~t_aoyagi/railway/free/map/naganodentetu.gif""]",,地方私鉄,"[""仅限初中生和高中生。登机时必须出示学生证"", ""含特快票价（自由席）""]",2.0,长野县、市役所、权堂、善光寺下、本乡、桐原、信浓吉田、朝日、附中、柳原、村山、日野、须坂、小布施、津美、樱泽、圆德、信州中野、汤田中各站的自动售票机,长野电铁/铁道事业部运输课 TEL:026-248-6000,,https://www.nagaden-net.co.jp/info/ticket,"[{""text"": ""長野電鉄"", ""url"": ""https://www.nagaden-net.co.jp/info/ticket""}]",,https://www2s.biglobe.ne.jp/~t_aoyagi/railway/free/nagaden07.htm,nagaden07.htm,30,2026/8/10 1:30,ホリデーフリーチケット,,,,https://www2s.biglobe.ne.jp/~t_aoyagi/railway/free/nagaden07.htm
matuden01,上高地線電車わくわく一日フリー乗車券,アルピコ交通,"[""アルピコ交通""]",1,False,hokusinetu,北信越,北信越,"[""北信越""]",tunen,通年発売タイプ,全年发售,"[""実券"", ""デジタル""]",True,True,on_sale,発売中,,,1420.0,710.0,710.0,"大人：1,420円／小人：710円",1天,1.0,全年,全年,,"[""https://www2s.biglobe.ne.jp/~t_aoyagi/railway/free/map/matuden.gif""]",,地方私鉄,[],0.0,"松本（JR自动售票机）、北新/松本大学、新村、守口、羽田、新岛岛
 纯网页",Alpico交通新岛站 TEL:0263-87-3166,,https://www.alpico.co.jp/traffic/ticket/6/,"[{""text"": ""アルピコ交通"", ""url"": ""https://www.alpico.co.jp/traffic/ticket/6/""}]",,https://www2s.biglobe.ne.jp/~t_aoyagi/railway/free/matuden01.htm,matuden01.htm,31,2026/8/10 1:30,上高地線電車 わくわく一日フリー乗車券,,,,https://www2s.biglobe.ne.jp/~t_aoyagi/railway/free/matuden01.htm
matuden91,新島々駅鉄道神社例大祭記念 上高地線電車わくわく一日フリー乗車券,アルピコ交通,"[""アルピコ交通""]",1,False,hokusinetu,北信越,北信越,"[""北信越""]",kikan,期間限定タイプ,期间限定,"[""デジタル""]",False,True,ended,終了,,,1000.0,300.0,300.0,"大人：1,000円／小人：300円",1天,1.0,2026年1月26日 - 2026年2月7日,2026 年 2 月 7 日,,"[""https://www2s.biglobe.ne.jp/~t_aoyagi/railway/free/map/matuden.gif""]",,地方私鉄,[],0.0,纯网页,Alpico交通新岛站 TEL:0263-87-3166,,https://www.alpico.co.jp/traffic/news/1506/,"[{""text"": ""アルピコ交通"", ""url"": ""https://www.alpico.co.jp/traffic/news/1506/""}]",,https://www2s.biglobe.ne.jp/~t_aoyagi/railway/free/matuden91.htm,matuden91.htm,32,2026/8/10 1:30,新島々駅鉄道神社例大祭記念 上高地線電車わくわく一日フリー乗車券,,,,https://www2s.biglobe.ne.jp/~t_aoyagi/railway/free/matuden91.htm
matuden92,上高地線ふるさと鉄道まつりWebフリー乗車券,アルピコ交通,"[""アルピコ交通""]",1,False,hokusinetu,北信越,北信越,"[""北信越""]",kikan,期間限定タイプ,期间限定,"[""デジタル""]",False,True,ended,終了,,,1000.0,300.0,300.0,"大人：1,000円／小人：300円",1天,1.0,2026年3月3日 - 2026年3月22日,2026 年 3 月 22 日,,"[""https://www2s.biglobe.ne.jp/~t_aoyagi/railway/free/map/matuden.gif""]",,地方私鉄,[],0.0,纯网页,Alpico交通新岛站 TEL:0263-87-3166,,https://www.alpico.co.jp/traffic/news/1551/,"[{""text"": ""アルピコ交通"", ""url"": ""https://www.alpico.co.jp/traffic/news/1551/""}]",,https://www2s.biglobe.ne.jp/~t_aoyagi/railway/free/matuden92.htm,matuden92.htm,33,2026/8/10 1:30,上高地線ふるさと鉄道まつりWebフリー乗車券,,,,https://www2s.biglobe.ne.jp/~t_aoyagi/railway/free/matuden92.htm
matuden94,上高地線 謎解きイベント専用きっぷ,アルピコ交通,"[""アルピコ交通""]",1,False,hokusinetu,北信越,北信越,"[""北信越""]",kikan,期間限定タイプ,期间限定,"[""実券""]",True,False,ended,終了,,,700.0,350.0,350.0,大人：700円 小人：350円,1天,1.0,2024年9月14日 - 2024年10月14日,2024年9月14日 - 2024年10月14日,,"[""https://www2s.biglobe.ne.jp/~t_aoyagi/railway/free/map/matuden.gif""]",,地方私鉄,"[""在活动官方LINE账户注册为好友并回答发送给您的调查问卷后，您将获得一张优惠券，将优惠券交给工作人员即可购买。""]",1.0,松本巴士总站、新村、哈田、新岛,Alpico交通新岛站 TEL:0263-87-3166,,https://www.alpico.co.jp/topics/train/-20249141014.php,"[{""text"": ""アルピコ交通"", ""url"": ""https://www.alpico.co.jp/topics/train/-20249141014.php""}]",,https://www2s.biglobe.ne.jp/~t_aoyagi/railway/free/matuden94.htm,matuden94.htm,34,2026/8/10 1:30,上高地線 謎解きイベント専用きっぷ,,,,https://www2s.biglobe.ne.jp/~t_aoyagi/railway/free/matuden94.htm
titetu01,鉄道線・市内電車２日フリーきっぷ,富山地方鉄道,"[""富山地方鉄道""]",1,False,hokusinetu,北信越,北信越,"[""北信越""]",tunen,通年発売タイプ,全年发售,"[""実券""]",True,False,on_sale,発売中,,,6000.0,3000.0,3000.0,"大人：6,000円／小人：3,000円",2天,2.0,全年,全年,,"[""https://www2s.biglobe.ne.jp/~t_aoyagi/railway/free/map/titetu01.gif""]",,地方私鉄,"[""使用座位预订时，需要支付座位预订费。""]",1.0,"载人站
 富山票务中心、西町票务中心
 
富山全日空皇冠假日酒店
 
富山日航城市酒店",富山地方铁道 TEL:0764-32-3456,,http://www.chitetsu.co.jp/?p=1073,"[{""text"": ""富山地方鉄道"", ""url"": ""http://www.chitetsu.co.jp/?p=1073""}]",,https://www2s.biglobe.ne.jp/~t_aoyagi/railway/free/titetu01.htm,titetu01.htm,35,2026/8/10 1:30,鉄道線・市内電車２日フリーきっぷ,,,,https://www2s.biglobe.ne.jp/~t_aoyagi/railway/free/titetu01.htm
titetu05,鉄道線・市内電車１日フリーきっぷ,富山地方鉄道,"[""富山地方鉄道""]",1,False,hokusinetu,北信越,北信越,"[""北信越""]",tunen,通年発売タイプ,全年发售,"[""実券"", ""デジタル""]",True,True,on_sale,発売中,,,3400.0,1700.0,1700.0,"大人：3,400円／小人：1,700円",1天,1.0,全年,全年,,"[""https://www2s.biglobe.ne.jp/~t_aoyagi/railway/free/map/titetu01.gif""]",,地方私鉄,"[""使用座位预订时，需要支付座位预订费。""]",1.0,"载人站
 富山票务中心、西町票务中心
 
富山全日空皇冠假日酒店
 
富山日航城市酒店
 
 我的路线",富山地方铁道 TEL:0764-32-3456,,https://www.chitetsu.co.jp/?p=20987,"[{""text"": ""富山地方鉄道"", ""url"": ""https://www.chitetsu.co.jp/?p=20987""}, {""text"": ""my route"", ""url"": ""https://top.myroute.fun/ticket/toyama#toyamawide""}]",,https://www2s.biglobe.ne.jp/~t_aoyagi/railway/free/titetu05.htm,titetu05.htm,36,2026/8/10 1:30,鉄道線・市内電車１日フリーきっぷ,,,,https://www2s.biglobe.ne.jp/~t_aoyagi/railway/free/titetu05.htm
titetu02,市内電車・バス１日ふりーきっぷ,富山地方鉄道,"[""富山地方鉄道""]",1,False,hokusinetu,北信越,北信越,"[""北信越""]",tunen,通年発売タイプ,全年发售,"[""実券"", ""デジタル""]",True,True,on_sale,発売中,,,650.0,330.0,330.0,大人：650円／小人：330円,1天,1.0,全年,全年,,"[""https://www2s.biglobe.ne.jp/~t_aoyagi/railway/free/map/titetu02.gif""]",,地方私鉄,[],0.0,"富山中铁票务中心、富山中铁西町票务中心
 
富山电铁、稻荷町、南富山
 
富山车站前巴士咨询中心、富山汽车事务所
 
城市列车内
 我的路线 塔比瓦",富山地方铁路·地铁电话中心：076-432-3456,,http://www.chitetsu.co.jp/?p=1002,"[{""text"": ""富山地方鉄道"", ""url"": ""http://www.chitetsu.co.jp/?p=1002""}, {""text"": ""my route"", ""url"": ""https://top.myroute.fun/ticket/toyama#toyamawide""}, {""text"": ""tabiwa"", ""url"": ""https://app.tabi-wester.westjr.co.jp/eticketDetails?ticket_id=N3005600""}]",,https://www2s.biglobe.ne.jp/~t_aoyagi/railway/free/titetu02.htm,titetu02.htm,37,2026/8/10 1:30,市内電車・バス１日ふりーきっぷ,,,,https://www2s.biglobe.ne.jp/~t_aoyagi/railway/free/titetu02.htm
titetu09,ぐるっとグルメぐりクーポン,富山地方鉄道,"[""富山地方鉄道""]",1,False,hokusinetu,北信越,北信越,"[""北信越""]",tunen,通年発売タイプ,全年发售,"[""実券""]",True,False,on_sale,発売中,,,1000.0,,1000.0,"クーポン5枚付き 大人：1,500円 
 クーポン2枚付き 大人：1,000円",1天,1.0,全年,全年,,"[""https://www2s.biglobe.ne.jp/~t_aoyagi/railway/free/map/titetu09.gif""]",,地方私鉄,[],0.0,"富山票务中心、西町票务中心
 电铁富山站、南富山站
 富山旅游咨询中心（富山站 Curarte 1 楼）
 有轨电车和其他公共交通信息中心",富山地方铁路·地铁电话中心：076-432-3456,,https://www.chitetsu.co.jp/?p=17407,"[{""text"": ""富山地方鉄道"", ""url"": ""https://www.chitetsu.co.jp/?p=17407""}]",,https://www2s.biglobe.ne.jp/~t_aoyagi/railway/free/titetu09.htm,titetu09.htm,38,2026/8/10 1:30,ぐるっとグルメぐりクーポン,,,,https://www2s.biglobe.ne.jp/~t_aoyagi/railway/free/titetu09.htm
titetu06,岩瀬おさんぽフリーチケット,富山地方鉄道,"[""富山地方鉄道""]",1,False,hokusinetu,北信越,北信越,"[""北信越""]",tunen,通年発売タイプ,全年发售,"[""デジタル""]",False,True,on_sale,発売中,,,1250.0,1030.0,1030.0,"大人：1,250円／小人：1,030円",使用开始后6小时,,全年,全年,,"[""https://www2s.biglobe.ne.jp/~t_aoyagi/railway/free/map/titetu06.gif""]",,地方私鉄,[],0.0,my route,富山地方铁路·地铁电话中心：076-432-3456,,https://www.chitetsu.co.jp/ticket/,"[{""text"": ""富山地方鉄道"", ""url"": ""https://www.chitetsu.co.jp/ticket/""}, {""text"": ""my route"", ""url"": ""https://top.myroute.fun/ticket/toyama#iwase""}]",,https://www2s.biglobe.ne.jp/~t_aoyagi/railway/free/titetu06.htm,titetu06.htm,39,2026/8/10 1:30,岩瀬おさんぽフリーチケット,,,,https://www2s.biglobe.ne.jp/~t_aoyagi/railway/free/titetu06.htm
titetu07,富山市内まちなかおでかけチケット,富山地方鉄道,"[""富山地方鉄道""]",1,False,hokusinetu,北信越,北信越,"[""北信越""]",tunen,通年発売タイプ,全年发售,"[""デジタル""]",False,True,on_sale,発売中,,,950.0,700.0,700.0,大人：950円／小人：700円,开始使用后8小时,,全年,全年,,"[""https://www2s.biglobe.ne.jp/~t_aoyagi/railway/free/map/titetu07.gif""]",,地方私鉄,[],0.0,my route,富山地方铁路·地铁电话中心：076-432-3456,,https://www.chitetsu.co.jp/ticket/,"[{""text"": ""富山地方鉄道"", ""url"": ""https://www.chitetsu.co.jp/ticket/""}, {""text"": ""my route"", ""url"": ""https://top.myroute.fun/ticket/toyama#pagetop""}]",,https://www2s.biglobe.ne.jp/~t_aoyagi/railway/free/titetu07.htm,titetu07.htm,40,2026/8/10 1:30,富山市内まちなかおでかけチケット,,,,https://www2s.biglobe.ne.jp/~t_aoyagi/railway/free/titetu07.htm
titetu08,富山空港まちなかフリーチケット,富山地方鉄道,"[""富山地方鉄道""]",1,False,hokusinetu,北信越,北信越,"[""北信越""]",tunen,通年発売タイプ,全年发售,"[""デジタル""]",False,True,on_sale,発売中,,,1500.0,980.0,980.0,"大人：1,500円／小人：980円",开始使用后30小时,,全年,全年,,"[""https://www2s.biglobe.ne.jp/~t_aoyagi/railway/free/map/titetu08.gif""]",,地方私鉄,[],0.0,my route,富山地方铁路·地铁电话中心：076-432-3456,,https://www.chitetsu.co.jp/?p=63201,"[{""text"": ""富山地方鉄道"", ""url"": ""https://www.chitetsu.co.jp/?p=63201""}, {""text"": ""my route"", ""url"": ""https://top.myroute.fun/ticket/toyama#toyamaairport""}]",,https://www2s.biglobe.ne.jp/~t_aoyagi/railway/free/titetu08.htm,titetu08.htm,41,2026/8/10 1:30,富山空港まちなかフリーチケット,,,,https://www2s.biglobe.ne.jp/~t_aoyagi/railway/free/titetu08.htm
titetu93,宇奈月満喫きっぷ(全線版),富山地方鉄道,"[""富山地方鉄道""]",1,False,hokusinetu,北信越,北信越,"[""北信越""]",tunen,通年発売タイプ,全年发售,"[""デジタル""]",False,True,on_sale,発売中,,,4500.0,2700.0,2700.0,"大人：4,500円／小人：2,700円",开始使用后30小时,,全年,全年,,"[""https://www2s.biglobe.ne.jp/~t_aoyagi/railway/free/map/titetu93.gif""]",,地方私鉄,[],0.0,my route,富山MYROTE推进协议会：076-444-4141,,https://www.chitetsu.co.jp/?p=64673,"[{""text"": ""富山地方鉄道"", ""url"": ""https://www.chitetsu.co.jp/?p=64673""}, {""text"": ""富山MYROTE推進協議会"", ""url"": ""https://toyama-city.myroute.fun/info/653/""}]",,https://www2s.biglobe.ne.jp/~t_aoyagi/railway/free/titetu93.htm,titetu93.htm,42,2026/8/10 1:30,宇奈月満喫きっぷ(全線版),,,,https://www2s.biglobe.ne.jp/~t_aoyagi/railway/free/titetu93.htm
titetu94,宇奈月満喫きっぷ(魚津・黒部版),富山地方鉄道,"[""富山地方鉄道""]",1,False,hokusinetu,北信越,北信越,"[""北信越""]",tunen,通年発売タイプ,全年发售,"[""デジタル""]",False,True,on_sale,発売中,,,3000.0,1950.0,1950.0,"大人：3,000円／小人：1,950円",开始使用后30小时,,全年,全年,,"[""https://www2s.biglobe.ne.jp/~t_aoyagi/railway/free/map/titetu94.gif""]",,地方私鉄,"[""附赠2500日元优惠券""]",1.0,my route,富山MYROTE推进协议会：076-444-4141,,https://www.chitetsu.co.jp/?p=64673,"[{""text"": ""富山地方鉄道"", ""url"": ""https://www.chitetsu.co.jp/?p=64673""}, {""text"": ""富山MYROTE推進協議会"", ""url"": ""https://toyama-city.myroute.fun/info/653/""}]",,https://www2s.biglobe.ne.jp/~t_aoyagi/railway/free/titetu94.htm,titetu94.htm,43,2026/8/10 1:30,宇奈月満喫きっぷ(魚津・黒部版),,,,https://www2s.biglobe.ne.jp/~t_aoyagi/railway/free/titetu94.htm
titetu99,サマーワンコインきっぷ,富山地方鉄道,"[""富山地方鉄道""]",1,False,hokusinetu,北信越,北信越,"[""北信越""]",kikan,期間限定タイプ,期间限定,"[""実券""]",True,False,ended,終了,,,500.0,,500.0,大人：500円,1天,1.0,2025年7月19日 - 2025年8月31日,发售当天 9:00 至 15:00 之间还车,,"[""https://www2s.biglobe.ne.jp/~t_aoyagi/railway/free/map/titetu99.gif""]",,地方私鉄,"[""如果乘坐特快列车，则需要特急车票。"", ""购买时，必须出示您在富山县居住的证明（驾驶执照、保险证等）。""]",2.0,"富山地方铁路主要车站
 富山铁道票务中心
 铁路列车内部",富山地方铁路·地铁电话中心：076-432-5540,,https://www.chitetsu.co.jp/?p=78374,"[{""text"": ""富山地方鉄道"", ""url"": ""https://www.chitetsu.co.jp/?p=78374""}]",,https://www2s.biglobe.ne.jp/~t_aoyagi/railway/free/titetu99.htm,titetu99.htm,45,2026/8/10 1:30,サマーワンコインきっぷ,,,,https://www2s.biglobe.ne.jp/~t_aoyagi/railway/free/titetu99.htm
titetu92,くろワンきっぷ,富山地方鉄道,"[""富山地方鉄道""]",1,False,hokusinetu,北信越,北信越,"[""北信越""]",kisetu,季節発売タイプ,季节发售,"[""実券""]",True,False,ended,終了,,,500.0,250.0,250.0,大人：500円 小人：250円,1天,1.0,"2026年3月14日 - 2024年4月26日
 2025年9月13日 - 2025年10月26日","2026年3月14日至2024年4月26日周六及节假日
 2025年9月14日至2025年10月26日周六及节假日",,"[""https://www2s.biglobe.ne.jp/~t_aoyagi/railway/free/map/titetu92_2024s.gif""]",,地方私鉄,"[""不可能从该部门之外进行转移支付。"", ""活动当天购买时，必须出示居住在黑部市或在黑部市上班或上学的证明。""]",2.0,"黑部电铁、宇奈月温泉
 黑湾售票处
 黑部市地方观光展览馆“观光信息中心”
 部分黑一印章拉力赛会员店","富山地方铁路·地铁电话中心 TEL:076-432-5540
 黑湾售票处电话：0765-56-9687",,http://www.kurowan.com/,"[{""text"": ""黒部まちづくり協議会"", ""url"": ""http://www.kurowan.com/""}]",,https://www2s.biglobe.ne.jp/~t_aoyagi/railway/free/titetu92.htm,titetu92.htm,46,2026/8/10 1:30,くろワンきっぷ,,,,https://www2s.biglobe.ne.jp/~t_aoyagi/railway/free/titetu92.htm
titetu90,プチパス,富山地方鉄道,"[""富山地方鉄道""]",1,False,hokusinetu,北信越,北信越,"[""北信越""]",summer,夏限定タイプ,夏季限定,"[""実券""]",True,False,ended,終了,,,,,3500.0,"高校生以上：8,000円 中学生：6,500円 小学生：3,500円",使用期限内连续14天,14.0,2025年7月12日 - 2025年8月31日,2025年7月19日 - 2025年8月31日,,"[""https://www2s.biglobe.ne.jp/~t_aoyagi/railway/free/map/titetu91.gif""]",,地方私鉄,"[""不可乘坐高速巴士（包括城端线）、Burikabi巴士、接驳巴士、社区巴士、富山市内周游巴士及其他特殊路线。""]",1.0,"富山中铁票务中心、富山中铁西町票务中心
 
各火车站（有人值守站）、各公交车站
 
寄售销售处（加越野巴士票务中心、吴彩旅行社）",富山地方铁路·地铁电话中心：076-432-3456,,https://www.chitetsu.co.jp/?p=72634,"[{""text"": ""富山地方鉄道"", ""url"": ""https://www.chitetsu.co.jp/?p=72634""}]",,https://www2s.biglobe.ne.jp/~t_aoyagi/railway/free/titetu90.htm,titetu90.htm,47,2026/8/10 1:30,プチパス,,,,https://www2s.biglobe.ne.jp/~t_aoyagi/railway/free/titetu90.htm
titetu91,年末年始ふりーきっぷ,富山地方鉄道,"[""富山地方鉄道""]",1,False,hokusinetu,北信越,北信越,"[""北信越""]",winter,年末年始限定タイプ,年末年初限定,"[""実券"", ""デジタル""]",True,True,ended,終了,,,2600.0,1300.0,1300.0,"大人：2,600円 小人：1,300円",7天,7.0,2024年12月8日 - 2025年1月9日,2023年12月20日 - 2024年1月9日,,"[""https://www2s.biglobe.ne.jp/~t_aoyagi/railway/free/map/titetu91.gif""]",,地方私鉄,"[""如果乘坐特快列车，则需要特急车票。""]",1.0,"富山地方铁路主要车站
 富山铁道票务中心
 富山中铁/西町票务中心、
富山中铁信息中心、巴士办事处、Kuresai Travel、加越野巴士票务中心
 我的路线",富山地方铁路·地铁电话中心：076-432-5540,,https://www.chitetsu.co.jp/?p=74873,"[{""text"": ""富山地方鉄道"", ""url"": ""https://www.chitetsu.co.jp/?p=74873""}, {""text"": ""my route"", ""url"": ""https://toyama-city.myroute.fun/info/1149/""}]",,https://www2s.biglobe.ne.jp/~t_aoyagi/railway/free/titetu91.htm,titetu91.htm,48,2026/8/10 1:30,年末年始ふりーきっぷ,,,,https://www2s.biglobe.ne.jp/~t_aoyagi/railway/free/titetu91.htm
kurobekyokoku01,乗り放題きっぷ(1DAY),黒部峡谷鉄道,"[""黒部峡谷鉄道""]",1,False,hokusinetu,北信越,北信越,"[""北信越""]",kisetu,季節発売タイプ,季节发售,"[""実券""]",True,False,ended,終了,,,4000.0,2000.0,2000.0,"タイプ 大人 小人 
 プレミアムタイプ 5,100円 3,100円 
 ベーシックタイプ 4,000円 2,000円",1天,1.0,"仅限当天
 2023年5月10日 - 2023年11月23日","2023年5月10日 - 2023年11月23日
 不含8月6日至8月16日、10月22日至10月23日、10月29日至11月6日",,"[""https://www2s.biglobe.ne.jp/~t_aoyagi/railway/free/map/kurobekyokoku.gif""]",,地方私鉄,"[""高级型：可乘坐所有客车"", ""基本型：只能乘坐普通客车""]",2.0,宇奈月站,黑部峡谷铁道 TEL:0765-62-1800,,https://www.kurotetu.co.jp/value_info/,"[{""text"": ""黒部峡谷鉄道"", ""url"": ""https://www.kurotetu.co.jp/value_info/""}]",,https://www2s.biglobe.ne.jp/~t_aoyagi/railway/free/kurobekyokoku01.htm,kurobekyokoku01.htm,49,2026/8/10 1:30,乗り放題きっぷ(1DAY),,,,https://www2s.biglobe.ne.jp/~t_aoyagi/railway/free/kurobekyokoku01.htm
ainokaze01,１日フリーきっぷ,あいの風とやま鉄道,"[""あいの風とやま鉄道""]",1,False,hokusinetu,北信越,北信越,"[""北信越""]",kikan,期間限定タイプ,期间限定,"[""実券"", ""デジタル""]",True,True,period,〜2027/3/28,,2027/3/28,1500.0,750.0,750.0,"大人：1,500円／小人：750円",1天,1.0,2026年3月4日 - 2027年3月28日,"2026年4月4日至2027年3月28日周六及节假日
 2026年4月30日 - 2026年5月1日
 2026年8月3日 - 2026年8月14日
 2026年12月21日 - 2026年12月31日",,"[""https://www2s.biglobe.ne.jp/~t_aoyagi/railway/free/map/ainokaze.gif""]",,地方私鉄,"[""“Ainokaze Liner”需要单独的班轮船票""]",1.0,"爱之风富山铁道有人值守站
 近畿日本旅游集团全国门店
 大假日有限公司
 
 我的路线",爱之风富山铁道 TEL:,,https://ainokaze.co.jp/ticket/plan#s02,"[{""text"": ""あいの風とやま鉄道"", ""url"": ""https://ainokaze.co.jp/ticket/plan#s02""}, {""text"": ""my route"", ""url"": ""https://top.myroute.fun/ticket/toyama#toyamawide""}]",,https://www2s.biglobe.ne.jp/~t_aoyagi/railway/free/ainokaze01.htm,ainokaze01.htm,50,2026/8/10 1:30,１日フリーきっぷ,,,,https://www2s.biglobe.ne.jp/~t_aoyagi/railway/free/ainokaze01.htm
irtoyama01,あいの風・IR１日フリーきっぷ,あいの風とやま鉄道,"[""あいの風とやま鉄道"", ""IRいしかわ鉄道""]",2,True,hokusinetu,北信越,北信越,"[""北信越""]",kikan,期間限定タイプ,期间限定,"[""実券"", ""デジタル""]",True,True,period,〜2027/3/28,,2027/3/28,2000.0,1000.0,1000.0,"大人：2,000円／小人：1,000円",1天,1.0,2026年3月4日 - 2027年3月28日,"2026年4月4日至2027年3月28日周六及节假日
 2026年4月30日 - 2026年5月1日
 2026年8月3日 - 2026年8月14日
 2026年12月21日 - 2026年12月31日",,"[""https://www2s.biglobe.ne.jp/~t_aoyagi/railway/free/map/irtoyama.gif""]",,地方私鉄,"[""搭乘金泽～津田之间的特快列车“Ainokaze Liner”时，需要另行购买班轮车票或特急车票。""]",1.0,"IR石川铁道：
 金泽、津田、松户、小松、加贺温泉
 爱之风富山铁道：
 五十铃、福冈、西高冈、高冈、越中大门、小杉、吴羽、富山、东富山、水桥、滑川、鱼津、黑部、郁、入禅、泊
 我的路线",IR 石川铁道 TEL:076-256-0560,,http://www.ishikawa-railway.jp/ticket/ticket_plan.html,"[{""text"": ""IRいしかわ鉄道"", ""url"": ""http://www.ishikawa-railway.jp/ticket/ticket_plan.html""}, {""text"": ""あいの風とやま鉄道"", ""url"": ""https://ainokaze.co.jp/ticket/plan#s04""}, {""text"": ""my route"", ""url"": ""https://top.myroute.fun/ticket/toyama""}]",,https://www2s.biglobe.ne.jp/~t_aoyagi/railway/free/irtoyama01.htm,irtoyama01.htm,51,2026/8/10 1:30,IR・あいの風１日フリーきっぷ あいの風・IR１日フリーきっぷ,,,,https://www2s.biglobe.ne.jp/~t_aoyagi/railway/free/irtoyama01.htm
toyama111,とやま１日乗り放題きっぷ(中央エリア),あいの風とやま鉄道,"[""あいの風とやま鉄道""]",1,False,hokusinetu,北信越,北信越,"[""北信越""]",kikan,期間限定タイプ,期间限定,"[""実券"", ""デジタル""]",True,True,period,2026/4/1  〜2027/3/28,2026/4/1,2027/3/28,1000.0,500.0,500.0,"大人：1,000円／小人：500円",1天,1.0,2026年4月1日 - 2027年3月28日,2026年4月5日至2027年3月28日周六、周日和节假日,,"[""https://www2s.biglobe.ne.jp/~t_aoyagi/railway/free/map/toyama111.gif""]",,地方私鉄,"[""无法使用“13,000尺物语”、爱之风自行车列车"", ""“Ainokaze Liner”需要另外购买300日元的班轮票。""]",2.0,"爱之风富山铁道：高冈、越中大门、小杉、吴羽、富山
 新高冈站观光交流中心
 我的路线",富山县交通政策局交通战略企划课电话：0076-444-3124,,https://ainokaze.co.jp/ticket/plan#s03,"[{""text"": ""あいの風とやま鉄道"", ""url"": ""https://ainokaze.co.jp/ticket/plan#s03""}, {""text"": ""富山県"", ""url"": ""https://www.pref.toyama.jp/8000/kendodukuri/koukyou/koukyoukoutsuu/kj00060702.html""}, {""text"": ""my route"", ""url"": ""https://toyama-city.myroute.fun/info/967/""}]",,https://www2s.biglobe.ne.jp/~t_aoyagi/railway/free/toyama111.htm,toyama111.htm,52,2026/8/10 1:30,とやま１日乗り放題きっぷ（中央エリア）,,,,https://www2s.biglobe.ne.jp/~t_aoyagi/railway/free/toyama111.htm
hokuriku3ken,北陸３県２Ｄａｙパス,あいの風とやま鉄道,"[""あいの風とやま鉄道"", ""IRいしかわ鉄道"", ""ハピラインふくい""]",3,True,hokusinetu,北信越,北信越,"[""北信越""]",holiday,週末限定タイプ,周末限定,"[""デジタル""]",False,True,period,〜2027/3/31,,2027/3/31,2800.0,1400.0,1400.0,"大人：2,800円／小人：1,400円",2天,2.0,2024年3月16日 - 2027年3月31日,"2024年3月16日至2027年3月31日期间的周六、周日、节假日及其次日
 
2026年4月1日 - 2026年4月9日
 
2026年4月27日 - 2026年5月7日
 
2026年7月21日 - 2026年8月31日
 
2025年9月13日 - 2025年9月24日
 
2026年12月1日 - 2027年1月7日
 
2026年3月22日 - 2027年3月31日",,"[""https://www2s.biglobe.ne.jp/~t_aoyagi/railway/free/map/hokuriku3ken.gif""]",,地方私鉄,[],0.0,RYDE PASS my Route tabiwa by WESTER Fuku App (Fukui MaaS) 约旦手机票,"幸福线福井：0776-20-0294
 IR 石川铁道：0778-22-0617
 爱之风富山铁道：0778-21-0706",,https://www.hapi-line.co.jp/ticket/ticket_plan/05,"[{""text"": ""ハピラインふくい"", ""url"": ""https://www.hapi-line.co.jp/ticket/ticket_plan/05""}, {""text"": ""IRいしかわ鉄道"", ""url"": ""https://www.ishikawa-railway.jp/ticket/ticket_plan/""}, {""text"": ""あいの風とやま鉄道"", ""url"": ""https://ainokaze.co.jp/ticket/plan#s01""}, {""text"": ""RYDE PASS"", ""url"": ""https://pass.ryde-go.com/products/D1R2L4SWPQ8V""}, {""text"": ""my route"", ""url"": ""https://top.myroute.fun/ticket/ishikawa""}, {""text"": ""tabiwa by WESTER"", ""url"": ""https://app.tabi-wester.westjr.co.jp/eticketDetails?ticket_id=N3002300""}, {""text"": ""ジョルダンモバイルチケット"", ""url"": ""https://ticket.jorudan.co.jp/ishikawa-railway/hokuriku/ja/""}]",,https://www2s.biglobe.ne.jp/~t_aoyagi/railway/free/hokuriku3ken.htm,hokuriku3ken.htm,55,2026/8/10 1:30,北陸３県２Ｄａｙパス,,,,https://www2s.biglobe.ne.jp/~t_aoyagi/railway/free/hokuriku3ken.htm
manyo01,万葉線１日フリー乗車券,万葉線,"[""万葉線""]",1,False,hokusinetu,北信越,北信越,"[""北信越""]",tunen,通年発売タイプ,全年发售,"[""実券""]",True,False,on_sale,発売中,,,900.0,450.0,450.0,"大人：900円／小人：450円 
 親子セット：1,100円",1天,1.0,全年,全年,,"[""https://www2s.biglobe.ne.jp/~t_aoyagi/railway/free/map/manyo01.gif""]",,地方私鉄,[],0.0,车内,万叶线电话：0766-25-4139,,http://www.manyosen.co.jp/timetable/profit/index.html,"[{""text"": ""万葉線"", ""url"": ""http://www.manyosen.co.jp/timetable/profit/index.html""}]",,https://www2s.biglobe.ne.jp/~t_aoyagi/railway/free/manyo01.htm,manyo01.htm,56,2026/8/10 1:30,万葉線１日フリー乗車券,,,,https://www2s.biglobe.ne.jp/~t_aoyagi/railway/free/manyo01.htm
manyo03,万葉線･海王丸セットクーポン,万葉線,"[""万葉線""]",1,False,hokusinetu,北信越,北信越,"[""北信越""]",tunen,通年発売タイプ,全年发售,"[""実券""]",True,False,on_sale,発売中,,,1100.0,550.0,550.0,"大人：1,100円／小人：550円",1天,1.0,全年,全年,,"[""https://www2s.biglobe.ne.jp/~t_aoyagi/railway/free/map/manyo01.gif""]",,地方私鉄,"[""包含海王丸乘车券（成人400日元、儿童200日元）""]",1.0,车内,万叶线电话：0766-25-4139,,http://www.manyosen.co.jp/timetable/profit/index.html,"[{""text"": ""万葉線"", ""url"": ""http://www.manyosen.co.jp/timetable/profit/index.html""}]",,https://www2s.biglobe.ne.jp/~t_aoyagi/railway/free/manyo03.htm,manyo03.htm,57,2026/8/10 1:30,万葉線･海王丸セットクーポン,,,,https://www2s.biglobe.ne.jp/~t_aoyagi/railway/free/manyo03.htm
manyo04,高岡まちなか乗り放題１日フリーきっぷ,万葉線,"[""万葉線""]",1,False,hokusinetu,北信越,北信越,"[""北信越""]",tunen,通年発売タイプ,全年发售,"[""実券""]",True,False,on_sale,発売中,,,500.0,250.0,250.0,大人：500円 小人：250円,1天,1.0,全年,全年,,"[""https://www2s.biglobe.ne.jp/~t_aoyagi/railway/free/map/manyo04.gif""]",,地方私鉄,[],0.0,高冈站旅游咨询中心、新高冈站旅游交流中心,万叶线电话：0766-25-4139,,https://www.manyosen.co.jp/timetable/profit/,"[{""text"": ""万葉線"", ""url"": ""https://www.manyosen.co.jp/timetable/profit/""}, {""text"": ""たかおか道しるべ"", ""url"": ""https://www.takaoka.or.jp/service/#post-2839""}]",,https://www2s.biglobe.ne.jp/~t_aoyagi/railway/free/manyo04.htm,manyo04.htm,58,2026/8/10 1:30,高岡まちなか乗り放題１日フリーきっぷ,,,,https://www2s.biglobe.ne.jp/~t_aoyagi/railway/free/manyo04.htm
manyo05,新湊グルメ＆万葉線フリーきっぷ,万葉線,"[""万葉線""]",1,False,hokusinetu,北信越,北信越,"[""北信越""]",tunen,通年発売タイプ,全年发售,"[""デジタル""]",False,True,on_sale,発売中,,,2300.0,1900.0,1900.0,"大人：2,300円 小人：1,900円",1天,1.0,全年,全年,,"[""https://www2s.biglobe.ne.jp/~t_aoyagi/railway/free/map/manyo01.gif""]",,地方私鉄,[],0.0,我的路线,万叶线电话：0766-25-4139,,https://toyama-city.myroute.fun/info/500/,"[{""text"": ""富山myroute推進協議会"", ""url"": ""https://toyama-city.myroute.fun/info/500/""}]",,https://www2s.biglobe.ne.jp/~t_aoyagi/railway/free/manyo05.htm,manyo05.htm,59,2026/8/10 1:30,新湊グルメ＆万葉線フリーきっぷ,,,,https://www2s.biglobe.ne.jp/~t_aoyagi/railway/free/manyo05.htm
ishikawa04,トレインパーク白山 IR・シャトルバスフリー乗車券,IRいしかわ鉄道,"[""IRいしかわ鉄道""]",1,False,hokusinetu,北信越,北信越,"[""北信越""]",tunen,通年発売タイプ,全年发售,"[""デジタル""]",False,True,on_sale,発売中,,,600.0,300.0,300.0,大人：600円／小人：300円,1天,1.0,全年,全年,,"[""https://www2s.biglobe.ne.jp/~t_aoyagi/railway/free/map/irishikawa04.gif""]",,地方私鉄,[],0.0,RYDE PASS tabiwa by WESTER,IR 石川铁道 TEL:076-256-0560,,http://www.ishikawa-railway.jp/ticket/ticket_plan.html,"[{""text"": ""IRいしかわ鉄道"", ""url"": ""http://www.ishikawa-railway.jp/ticket/ticket_plan.html""}, {""text"": ""RYDE PASS"", ""url"": ""https://pass.ryde-go.com/products/QV804YSZZ7R9""}, {""text"": ""tabiwa by WESTER"", ""url"": ""https://app.tabi-wester.westjr.co.jp/eticketDetails?ticket_id=NH002900""}]",,https://www2s.biglobe.ne.jp/~t_aoyagi/railway/free/ishikawa04.htm,ishikawa04.htm,61,2026/8/10 1:30,トレインパーク白山 IR・シャトルバスフリー乗車券,,,,https://www2s.biglobe.ne.jp/~t_aoyagi/railway/free/ishikawa04.htm
ishikawa01,IRいしかわ(金沢・倶利伽羅)１日フリーきっぷ,IRいしかわ鉄道,"[""IRいしかわ鉄道""]",1,False,hokusinetu,北信越,北信越,"[""北信越""]",holiday,週末限定タイプ,周末限定,"[""実券"", ""デジタル""]",True,True,on_sale,発売中,,,500.0,,500.0,大人：500円／小人：---円,1天,1.0,全年,"周六及节假日
 5/1~5/2, 7/24~8/31, 12/25~1/5)",,"[""https://www2s.biglobe.ne.jp/~t_aoyagi/railway/free/map/irishikawa01.gif""]",,地方私鉄,[],0.0,"加贺温泉、小松、松户、金泽、津田
 西莱德通行证 (WESTER RYDE PASS) 的 tabiwa",IR 石川铁道 TEL:076-256-0560,,http://www.ishikawa-railway.jp/ticket/ticket_plan.html,"[{""text"": ""IRいしかわ鉄道"", ""url"": ""http://www.ishikawa-railway.jp/ticket/ticket_plan.html""}, {""text"": ""RYDE PASS"", ""url"": ""https://pass.ryde-go.com/products/1N8XL4SYYW8Q""}, {""text"": ""tabiwa by WESTER"", ""url"": ""https://app.tabi-wester.westjr.co.jp/eticketDetails?ticket_id=NH001800""}]",,https://www2s.biglobe.ne.jp/~t_aoyagi/railway/free/ishikawa01.htm,ishikawa01.htm,62,2026/8/10 1:30,IRいしかわ(金沢・倶利伽羅) １日フリーきっぷ,,,,https://www2s.biglobe.ne.jp/~t_aoyagi/railway/free/ishikawa01.htm
ishikawa02,IRいしかわ(金沢・大聖寺)１日フリーきっぷ,IRいしかわ鉄道,"[""IRいしかわ鉄道""]",1,False,hokusinetu,北信越,北信越,"[""北信越""]",holiday,週末限定タイプ,周末限定,"[""実券"", ""デジタル""]",True,True,on_sale,発売中,,,1000.0,,1000.0,"大人：1,000円／小人：---円",1天,1.0,全年,"周六及节假日
 5/1~5/2, 7/24~8/31, 12/25~1/5)",,"[""https://www2s.biglobe.ne.jp/~t_aoyagi/railway/free/map/irishikawa02.gif""]",,地方私鉄,[],0.0,"加贺温泉、小松、松户、金泽、津田
 莱德通行证",IR 石川铁道 TEL:076-256-0560,,http://www.ishikawa-railway.jp/ticket/ticket_plan.html,"[{""text"": ""IRいしかわ鉄道"", ""url"": ""http://www.ishikawa-railway.jp/ticket/ticket_plan.html""}, {""text"": ""RYDE PASS"", ""url"": ""https://pass.ryde-go.com/products/DV8DYDSJ918X""}]",,https://www2s.biglobe.ne.jp/~t_aoyagi/railway/free/ishikawa02.htm,ishikawa02.htm,63,2026/8/10 1:30,IRいしかわ(大聖寺・金沢) １日フリーきっぷ,,,,https://www2s.biglobe.ne.jp/~t_aoyagi/railway/free/ishikawa02.htm
ishikawa03,IRいしかわ(全線)１日フリーきっぷ,IRいしかわ鉄道,"[""IRいしかわ鉄道""]",1,False,hokusinetu,北信越,北信越,"[""北信越""]",holiday,週末限定タイプ,周末限定,"[""実券"", ""デジタル""]",True,True,on_sale,発売中,,,1500.0,,1500.0,"大人：1,500円／小人：---円",1天,1.0,全年,"周六及节假日
 5/1~5/2, 7/24~8/31, 12/25~1/5)",,"[""https://www2s.biglobe.ne.jp/~t_aoyagi/railway/free/map/irishikawa03.gif""]",,地方私鉄,[],0.0,"加贺温泉、小松、松户、金泽、津田
 莱德通行证",IR 石川铁道 TEL:076-256-0560,,http://www.ishikawa-railway.jp/ticket/ticket_plan.html,"[{""text"": ""IRいしかわ鉄道"", ""url"": ""http://www.ishikawa-railway.jp/ticket/ticket_plan.html""}, {""text"": ""RYDE PASS"", ""url"": ""https://pass.ryde-go.com/products/MW849MS54P37""}]",,https://www2s.biglobe.ne.jp/~t_aoyagi/railway/free/ishikawa03.htm,ishikawa03.htm,64,2026/8/10 1:30,IRいしかわ(全線) １日フリーきっぷ,,,,https://www2s.biglobe.ne.jp/~t_aoyagi/railway/free/ishikawa03.htm
ishikawa11,子育て応援・金沢スマイルきっぷ,IRいしかわ鉄道,"[""IRいしかわ鉄道""]",1,False,hokusinetu,北信越,北信越,"[""北信越""]",kikan,期間限定タイプ,期间限定,"[""デジタル""]",False,True,period,2025/7/11  〜2027/3/31,2025/7/11,2027/3/31,400.0,100.0,100.0,大人：400円／小人：100円／中学生：200円,1天,1.0,2026年4月1日 - 2027年3月31日,"2026年4月1日至2027年3月31日期间的周六、周日和节假日
 
2026年4月1日 - 2026年4月6日
 
2026年4月27日 - 2026年5月1日
 
2026年7月21日 - 2026年8月31日
 
2026年12月21日 - 2027年1月6日
 
2027年3月22日 - 2027年3月31日",,"[""https://www2s.biglobe.ne.jp/~t_aoyagi/railway/free/map/irishikawa11.gif""]",,地方私鉄,"[""成人票仅限小学生或初中生使用。""]",1.0,"加贺温泉、小松、松户、金泽、津田
 tabiwa by WESTER RYDE PASS JORDAN “换乘指南” 我的路线
 安装了多功能复印机的7-11便利店",IR 石川铁道 TEL:076-256-0560,,http://www.ishikawa-railway.jp/ticket/ticket_plan.html,"[{""text"": ""IRいしかわ鉄道"", ""url"": ""http://www.ishikawa-railway.jp/ticket/ticket_plan.html""}, {""text"": ""RYDE PASS"", ""url"": ""https://pass.ryde-go.com/products/078W0DS1458Z""}, {""text"": ""tabiwa by WESTER"", ""url"": ""https://app.tabi-wester.westjr.co.jp/eticketDetails?ticket_id=N3001300""}]",,https://www2s.biglobe.ne.jp/~t_aoyagi/railway/free/ishikawa11.htm,ishikawa11.htm,68,2026/8/10 1:30,子育て応援・金沢スマイルきっぷ,,,,https://www2s.biglobe.ne.jp/~t_aoyagi/railway/free/ishikawa11.htm
ishikawa12,子育て応援・白山スマイルきっぷ,IRいしかわ鉄道,"[""IRいしかわ鉄道""]",1,False,hokusinetu,北信越,北信越,"[""北信越""]",kikan,期間限定タイプ,期间限定,"[""デジタル""]",False,True,period,2025/7/11  〜2027/3/31,2025/7/11,2027/3/31,400.0,100.0,100.0,大人：400円／小人：100円／中学生：200円,1天,1.0,2026年4月1日 - 2027年3月31日,"2026年4月1日至2027年3月31日期间的周六、周日和节假日
 
2026年4月1日 - 2026年4月6日
 
2026年4月27日 - 2026年5月1日
 
2026年7月21日 - 2026年8月31日
 
2026年12月21日 - 2027年1月6日
 
2027年3月22日 - 2027年3月31日",,"[""https://www2s.biglobe.ne.jp/~t_aoyagi/railway/free/map/irishikawa12.gif""]",,地方私鉄,"[""成人票仅限小学生或初中生使用。""]",1.0,"加贺温泉、小松、松户、金泽、津田
 tabiwa by WESTER RYDE PASS JORDAN “换乘指南” 我的路线
 安装了多功能复印机的7-11便利店",IR 石川铁道 TEL:076-256-0560,,http://www.ishikawa-railway.jp/ticket/ticket_plan.html,"[{""text"": ""IRいしかわ鉄道"", ""url"": ""http://www.ishikawa-railway.jp/ticket/ticket_plan.html""}, {""text"": ""RYDE PASS"", ""url"": ""https://pass.ryde-go.com/products/1N3XL4SYMV3Q""}, {""text"": ""tabiwa by WESTER"", ""url"": ""https://app.tabi-wester.westjr.co.jp/ticketList/?prefecture_id=9&category_id=transportation&region_id=20""}]",,https://www2s.biglobe.ne.jp/~t_aoyagi/railway/free/ishikawa12.htm,ishikawa12.htm,69,2026/8/10 1:30,子育て応援・白山スマイルきっぷ,,,,https://www2s.biglobe.ne.jp/~t_aoyagi/railway/free/ishikawa12.htm
ishikawa13,子育て応援・南加賀スマイルきっぷ,IRいしかわ鉄道,"[""IRいしかわ鉄道""]",1,False,hokusinetu,北信越,北信越,"[""北信越""]",kikan,期間限定タイプ,期间限定,"[""デジタル""]",False,True,period,2025/7/11  〜2027/3/31,2025/7/11,2027/3/31,400.0,100.0,100.0,大人：400円／小人：100円／中学生：200円,1天,1.0,2026年4月1日 - 2027年3月31日,"2026年4月1日至2027年3月31日期间的周六、周日和节假日
 
2026年4月1日 - 2026年4月6日
 
2026年4月27日 - 2026年5月1日
 
2026年7月21日 - 2026年8月31日
 
2026年12月21日 - 2027年1月6日
 
2027年3月22日 - 2027年3月31日",,"[""https://www2s.biglobe.ne.jp/~t_aoyagi/railway/free/map/irishikawa13.gif""]",,地方私鉄,"[""成人票仅限小学生或初中生使用。""]",1.0,"加贺温泉、小松、松户、金泽、津田
 tabiwa RYDE PASS 约旦“换乘指南”我的路线
 安装了多功能复印机的7-11便利店",IR 石川铁道 TEL:076-256-0560,,https://www.ishikawa-railway.jp/ticket/ticket_plan/,"[{""text"": ""IRいしかわ鉄道"", ""url"": ""https://www.ishikawa-railway.jp/ticket/ticket_plan/""}, {""text"": ""RYDE PASS"", ""url"": ""https://pass.ryde-go.com/products/VGRJ2QSK6MRW""}, {""text"": ""tabiwa by WESTER"", ""url"": ""https://app.tabi-wester.westjr.co.jp/eticketDetails?ticket_id=N3001200""}]",,https://www2s.biglobe.ne.jp/~t_aoyagi/railway/free/ishikawa13.htm,ishikawa13.htm,70,2026/8/10 1:30,子育て応援・南加賀スマイルきっぷ,,,,https://www2s.biglobe.ne.jp/~t_aoyagi/railway/free/ishikawa13.htm
ishikawa14,子育て応援・全線スマイルきっぷ,IRいしかわ鉄道,"[""IRいしかわ鉄道""]",1,False,hokusinetu,北信越,北信越,"[""北信越""]",kikan,期間限定タイプ,期间限定,"[""デジタル""]",False,True,period,2025/7/11  〜2027/3/31,2025/7/11,2027/3/31,800.0,200.0,200.0,大人：800円／小人：200円／中学生：400円,1天,1.0,2026年4月1日 - 2027年3月31日,"2026年4月1日至2027年3月31日期间的周六、周日和节假日
 
2026年4月1日 - 2026年4月6日
 
2026年4月27日 - 2026年5月1日
 
2026年7月21日 - 2026年8月31日
 
2026年12月21日 - 2027年1月6日
 
2027年3月22日 - 2027年3月31日",,"[""https://www2s.biglobe.ne.jp/~t_aoyagi/railway/free/map/irishikawa03.gif""]",,地方私鉄,"[""成人票仅限小学生或初中生使用。""]",1.0,"加贺温泉、小松、松户、金泽、津田
 tabiwa by WESTER RYDE PASS JORDAN “换乘指南” 我的路线
 安装了多功能复印机的7-11便利店",IR 石川铁道 TEL:076-256-0560,,http://www.ishikawa-railway.jp/ticket/ticket_plan.html,"[{""text"": ""IRいしかわ鉄道"", ""url"": ""http://www.ishikawa-railway.jp/ticket/ticket_plan.html""}, {""text"": ""RYDE PASS"", ""url"": ""https://pass.ryde-go.com/products/Q7RG1MS2Y28V""}, {""text"": ""tabiwa by WESTER"", ""url"": ""https://app.tabi-wester.westjr.co.jp/eticketDetails?ticket_id=N3001100""}]",,https://www2s.biglobe.ne.jp/~t_aoyagi/railway/free/ishikawa14.htm,ishikawa14.htm,71,2026/8/10 1:30,子育て応援・全線スマイルきっぷ,,,,https://www2s.biglobe.ne.jp/~t_aoyagi/railway/free/ishikawa14.htm
ishikawa102,鉄道の日お出かけ１日フリーきっぷ(能美根上〜金沢),IRいしかわ鉄道,"[""IRいしかわ鉄道""]",1,False,hokusinetu,北信越,北信越,"[""北信越""]",kikan,期間限定タイプ,期间限定,"[""デジタル""]",False,True,ended,終了,,,400.0,200.0,200.0,大人：400円／小人：200円,1天,1.0,2024年9月17日 - 2024年10月14日,2024年10月12日 - 2024年10月14日,,"[""https://www2s.biglobe.ne.jp/~t_aoyagi/railway/free/map/irishikawa102.gif""]",,地方私鉄,[],0.0,RYDE PASS,IR 石川铁道 TEL:076-256-0560,,https://pass.ryde-go.com/products/QV304YSZEK89,"[{""text"": ""RYDE PASS"", ""url"": ""https://pass.ryde-go.com/products/QV304YSZEK89""}]",,https://www2s.biglobe.ne.jp/~t_aoyagi/railway/free/ishikawa102.htm,ishikawa102.htm,72,2026/8/10 1:30,鉄道の日お出かけ１日フリーきっぷ（能美根上〜金沢）,,,,https://www2s.biglobe.ne.jp/~t_aoyagi/railway/free/ishikawa102.htm
ishikawa103,鉄道の日お出かけ１日フリーきっぷ(能美根上〜大聖寺),IRいしかわ鉄道,"[""IRいしかわ鉄道""]",1,False,hokusinetu,北信越,北信越,"[""北信越""]",kikan,期間限定タイプ,期间限定,"[""デジタル""]",False,True,ended,終了,,,400.0,200.0,200.0,大人：400円／小人：200円,1天,1.0,2024年9月17日 - 2024年10月14日,2024年10月12日 - 2024年10月14日,,"[""https://www2s.biglobe.ne.jp/~t_aoyagi/railway/free/map/irishikawa103.gif""]",,地方私鉄,[],0.0,RYDE PASS,IR 石川铁道 TEL:076-256-0560,,https://pass.ryde-go.com/products/Z7RQWVS4Q4RN,"[{""text"": ""RYDE PASS"", ""url"": ""https://pass.ryde-go.com/products/Z7RQWVS4Q4RN""}]",,https://www2s.biglobe.ne.jp/~t_aoyagi/railway/free/ishikawa103.htm,ishikawa103.htm,73,2026/8/10 1:30,鉄道の日お出かけ１日フリーきっぷ（大聖寺〜能美根上）,,,,https://www2s.biglobe.ne.jp/~t_aoyagi/railway/free/ishikawa103.htm
ishikawa121,ゴールデンウィークお出かけ1日フリーきっぷ(野々市〜倶利伽羅),IRいしかわ鉄道,"[""IRいしかわ鉄道""]",1,False,hokusinetu,北信越,北信越,"[""北信越""]",kikan,期間限定タイプ,期间限定,"[""デジタル""]",False,True,ended,終了,,,400.0,,400.0,大人：400円／小人：-円,1天,1.0,2025年4月25日 - 2025年5月11日,2025年4月26日 - 2025年5月11日,,"[""https://www2s.biglobe.ne.jp/~t_aoyagi/railway/free/map/irishikawa101.gif""]",,地方私鉄,[],0.0,RYDE PASS,IR 石川铁道 TEL:076-256-0560,,https://www.ishikawa-railway.jp/news/983,"[{""text"": ""IRいしかわ鉄道"", ""url"": ""https://www.ishikawa-railway.jp/news/983""}, {""text"": ""RYDE PASS"", ""url"": ""https://pass.ryde-go.com/products/D132L4SWLWRV""}]",,https://www2s.biglobe.ne.jp/~t_aoyagi/railway/free/ishikawa121.htm,ishikawa121.htm,74,2026/8/10 1:30,ゴールデンウィークお出かけ1日フリーきっぷ（野々市〜倶利伽羅）,,,,https://www2s.biglobe.ne.jp/~t_aoyagi/railway/free/ishikawa121.htm
ishikawa122,ゴールデンウィークお出かけ1日フリーきっぷ(能美根上〜金沢),IRいしかわ鉄道,"[""IRいしかわ鉄道""]",1,False,hokusinetu,北信越,北信越,"[""北信越""]",kikan,期間限定タイプ,期间限定,"[""デジタル""]",False,True,ended,終了,,,400.0,,400.0,大人：400円／小人：-円,1天,1.0,2025年4月25日 - 2025年5月11日,2025年4月26日 - 2025年5月11日,,"[""https://www2s.biglobe.ne.jp/~t_aoyagi/railway/free/map/irishikawa102.gif""]",,地方私鉄,[],0.0,RYDE PASS,IR 石川铁道 TEL:076-256-0560,,https://www.ishikawa-railway.jp/news/983,"[{""text"": ""IRいしかわ鉄道"", ""url"": ""https://www.ishikawa-railway.jp/news/983""}, {""text"": ""RYDE PASS"", ""url"": ""https://pass.ryde-go.com/products/KGR5L0SZQ48J""}]",,https://www2s.biglobe.ne.jp/~t_aoyagi/railway/free/ishikawa122.htm,ishikawa122.htm,75,2026/8/10 1:30,ゴールデンウィークお出かけ1日フリーきっぷ（能美根上〜金沢）,,,,https://www2s.biglobe.ne.jp/~t_aoyagi/railway/free/ishikawa122.htm
ishikawa123,ゴールデンウィークお出かけ1日フリーきっぷ(能美根上〜大聖寺),IRいしかわ鉄道,"[""IRいしかわ鉄道""]",1,False,hokusinetu,北信越,北信越,"[""北信越""]",kikan,期間限定タイプ,期间限定,"[""デジタル""]",False,True,ended,終了,,,400.0,,400.0,大人：400円／小人：-円,1天,1.0,2025年4月25日 - 2025年5月11日,2025年4月26日 - 2025年5月11日,,"[""https://www2s.biglobe.ne.jp/~t_aoyagi/railway/free/map/irishikawa102.gif""]",,地方私鉄,[],0.0,RYDE PASS,IR 石川铁道 TEL:076-256-0560,,https://www.ishikawa-railway.jp/news/983,"[{""text"": ""IRいしかわ鉄道"", ""url"": ""https://www.ishikawa-railway.jp/news/983""}, {""text"": ""RYDE PASS"", ""url"": ""https://pass.ryde-go.com/products/G98P5JSGPZ85""}]",,https://www2s.biglobe.ne.jp/~t_aoyagi/railway/free/ishikawa123.htm,ishikawa123.htm,76,2026/8/10 1:30,ゴールデンウィークお出かけ1日フリーきっぷ（大聖寺〜能美根上）,,,,https://www2s.biglobe.ne.jp/~t_aoyagi/railway/free/ishikawa123.htm
ishikawa97,ツエーゲン応援1日フリーきっぷ(東金沢〜能美根上),IRいしかわ鉄道,"[""IRいしかわ鉄道""]",1,False,hokusinetu,北信越,北信越,"[""北信越""]",kikan,期間限定タイプ,期间限定,"[""デジタル""]",False,True,ended,終了,,,500.0,,500.0,大人：500円／小人：-円,1天,1.0,2026年2月20日 - 2026年5月24日,"主场比赛日期
 3/1、3/8、3/22、4/12、4/25、5/3、5/6、5/10、5/24",,"[""https://www2s.biglobe.ne.jp/~t_aoyagi/railway/free/map/irishikawa97.gif""]",,地方私鉄,[],0.0,RYDE PASS,IR 石川铁道 TEL:076-256-0560,,https://www.ishikawa-railway.jp/ticket/ticket_plan/,"[{""text"": ""IRいしかわ鉄道"", ""url"": ""https://www.ishikawa-railway.jp/ticket/ticket_plan/""}, {""text"": ""RYDE PASS"", ""url"": ""https://pass.ryde-go.com/products/VG3J2QSZ743W""}]",,https://www2s.biglobe.ne.jp/~t_aoyagi/railway/free/ishikawa97.htm,ishikawa97.htm,77,2026/8/10 1:30,ツエーゲン応援1日フリーきっぷ(東金沢〜能美根上),,,,https://www2s.biglobe.ne.jp/~t_aoyagi/railway/free/ishikawa97.htm
ishikawa98,ツエーゲン応援1日フリーきっぷ(東金沢〜大聖寺),IRいしかわ鉄道,"[""IRいしかわ鉄道""]",1,False,hokusinetu,北信越,北信越,"[""北信越""]",kikan,期間限定タイプ,期间限定,"[""デジタル""]",False,True,ended,終了,,,1000.0,,1000.0,"大人：1,000円／小人：-円",1天,1.0,2026年2月20日 - 2026年5月24日,"主场比赛日期
 3/1、3/8、3/22、4/12、4/25、5/3、5/6、5/10、5/24",,"[""https://www2s.biglobe.ne.jp/~t_aoyagi/railway/free/map/irishikawa98.gif""]",,地方私鉄,[],0.0,RYDE PASS,IR 石川铁道 TEL:076-256-0560,,https://www.ishikawa-railway.jp/ticket/ticket_plan/,"[{""text"": ""IRいしかわ鉄道"", ""url"": ""https://www.ishikawa-railway.jp/ticket/ticket_plan/""}, {""text"": ""RYDE PASS"", ""url"": ""https://pass.ryde-go.com/products/DV8DYDS6468X""}]",,https://www2s.biglobe.ne.jp/~t_aoyagi/railway/free/ishikawa98.htm,ishikawa98.htm,78,2026/8/10 1:30,ツエーゲン応援1日フリーきっぷ(東金沢〜大聖寺),,,,https://www2s.biglobe.ne.jp/~t_aoyagi/railway/free/ishikawa98.htm
ishikawa99,Link to the ラブライブ！蓮ノ空女学院スクールアイドルクラブ×IRいしかわ鉄道 花咲くいしかわ旅きっぷ,IRいしかわ鉄道,"[""IRいしかわ鉄道""]",1,False,hokusinetu,北信越,北信越,"[""北信越""]",kikan,期間限定タイプ,期间限定,"[""実券""]",True,False,period,2026/8/10  〜12/6,2026/8/10,2026/12/6,2000.0,,2000.0,"大人：2,000円／小人：---円",1天,1.0,2026年8月10日 - 2026年12月6日,发售日,,"[""https://www2s.biglobe.ne.jp/~t_aoyagi/railway/free/map/irishikawa03.gif""]",,地方私鉄,[],0.0,加贺温泉、小松、松户、金泽、津田的IR站柜台,IR 石川铁道 TEL:076-256-0560,,https://www.ishikawa-railway.jp/news/1212,"[{""text"": ""IRいしかわ鉄道"", ""url"": ""https://www.ishikawa-railway.jp/news/1212""}]",,https://www2s.biglobe.ne.jp/~t_aoyagi/railway/free/ishikawa99.htm,ishikawa99.htm,79,2026/8/10 1:30,Link to the ラブライブ！蓮ノ空女学院スクールアイドルクラブ×IRいしかわ鉄道 花咲くいしかわ旅きっぷ,？枚,,,https://www2s.biglobe.ne.jp/~t_aoyagi/railway/free/ishikawa99.htm
ishikawa100,加賀温泉駅前広場完成記念フリーきっぷ,IRいしかわ鉄道,"[""IRいしかわ鉄道""]",1,False,hokusinetu,北信越,北信越,"[""北信越""]",kikan,期間限定タイプ,期间限定,"[""実券""]",True,False,period,2026/8/29  〜8/30,2026/8/29,2026/8/30,200.0,50.0,50.0,大人：200円／中学生：100円／小人：50円,1天,1.0,2026年8月29日 - 2026年8月30日,2026 年 8 月 30 日,,"[""https://www2s.biglobe.ne.jp/~t_aoyagi/railway/free/map/irishikawa100.gif""]",,地方私鉄,[],0.0,RYDE PASS,IR 石川铁道 TEL:076-256-0560,,https://www.ishikawa-railway.jp/news/1203,"[{""text"": ""IRいしかわ鉄道"", ""url"": ""https://www.ishikawa-railway.jp/news/1203""}]",,https://www2s.biglobe.ne.jp/~t_aoyagi/railway/free/ishikawa100.htm,ishikawa100.htm,80,2026/8/10 1:30,加賀温泉駅前広場完成記念フリーきっぷ,,,,https://www2s.biglobe.ne.jp/~t_aoyagi/railway/free/ishikawa100.htm
noto02,奥能登まるごとフリーきっぷ,のと鉄道,"[""のと鉄道""]",1,False,hokusinetu,北信越,北信越,"[""北信越""]",tunen,通年発売タイプ,全年发售,"[""実券""]",True,False,on_sale,発売中,,,3000.0,,3000.0,"大人：3,000円／小人：1、500円",2天,2.0,全年,全年,,"[""https://www2s.biglobe.ne.jp/~t_aoyagi/railway/free/map/noto02.gif""]",,地方私鉄,"[""特急巴士仅在穴水～轮岛之间、穴水～珠洲之间运行。"", ""无法乘坐JR特急列车。"", ""能登铁道的观光列车“能登里山-里海”需要额外收费500日元。""]",3.0,"北铁奥能登巴士轮岛旅游中心（轮岛平访问梦）
 Tabista（Consale Noto（诺托市政厅前））
 饭田分店
 
 能登铁道 七尾、穴水","北铁奥能登巴士 TEL:0768-22-2314
 能登铁道电话：0768-52-0900",,http://www.nototetsu.co.jp/tokuticket.html,"[{""text"": ""のと鉄道"", ""url"": ""http://www.nototetsu.co.jp/tokuticket.html""}, {""text"": ""北陸鉄道"", ""url"": ""http://www.hokutetsu.co.jp/tourism-bus/okunoto-freekippu""}]",,https://www2s.biglobe.ne.jp/~t_aoyagi/railway/free/noto02.htm,noto02.htm,81,2026/8/10 1:30,奥能登まるごとフリーきっぷ,,,,https://www2s.biglobe.ne.jp/~t_aoyagi/railway/free/noto02.htm
noto01,つこうてくだしフリーきっぷ,のと鉄道,"[""のと鉄道""]",1,False,hokusinetu,北信越,北信越,"[""北信越""]",holiday,週末限定タイプ,周末限定,"[""実券""]",True,False,on_sale,発売中,,,1000.0,500.0,500.0,"大人：1,000円／小人：500円",1天,1.0,全年,周六、节假日、12月29日～1月3日,,"[""https://www2s.biglobe.ne.jp/~t_aoyagi/railway/free/map/noto01.gif""]",,地方私鉄,[],0.0,"穴水、中岛能登、田鹤滨、七尾
 车内",能登铁道电话：0768-52-0900,,https://nototetsu.jp/fare/,"[{""text"": ""のと鉄道"", ""url"": ""https://nototetsu.jp/fare/""}]",,https://www2s.biglobe.ne.jp/~t_aoyagi/railway/free/noto01.htm,noto01.htm,82,2026/8/10 1:30,つこうてくだしフリーきっぷ,,,,https://www2s.biglobe.ne.jp/~t_aoyagi/railway/free/noto01.htm
noto95,1DAYフリーきっぷ(ポケモンデザイン),のと鉄道,"[""のと鉄道""]",1,False,hokusinetu,北信越,北信越,"[""北信越""]",kikan,期間限定タイプ,期间限定,"[""実券""]",True,False,period,2026/8/8〜,2026/8/8,,1000.0,500.0,500.0,"大人：1,000円／小人：500円",1天,1.0,从 2026 年 8 月 8 日起,"2026 年 8 月 8 日起的周六、周日和节假日
 2026年8月8日至2026年8月31日每天",,"[""https://www2s.biglobe.ne.jp/~t_aoyagi/railway/free/map/noto01.gif""]",,地方私鉄,[],0.0,"穴水、中岛能登、田鹤滨、七尾
 火车内",能登铁道穴水站 TEL:0768-52-0073,,https://nototetsu.jp/uncategorized/%e4%bc%91%e6%97%a5%e9%99%90%e5%ae%9a%ef%bc%91%e6%97%a5%e3%83%95%e3%83%aa%e3%83%bc%e4%b9%97%e8%bb%8a%e5%88%b8%ef%bc%88%e3%83%9d%e3%82%b1%e3%83%a2%e3%83%b3%e3%83%87%e3%82%b6%e3%82%a4%e3%83%b3%ef%bc%89/,"[{""text"": ""のと鉄道"", ""url"": ""https://nototetsu.jp/uncategorized/%e4%bc%91%e6%97%a5%e9%99%90%e5%ae%9a%ef%bc%91%e6%97%a5%e3%83%95%e3%83%aa%e3%83%bc%e4%b9%97%e8%bb%8a%e5%88%b8%ef%bc%88%e3%83%9d%e3%82%b1%e3%83%a2%e3%83%b3%e3%83%87%e3%82%b6%e3%82%a4%e3%83%b3%ef%bc%89/""}]",,https://www2s.biglobe.ne.jp/~t_aoyagi/railway/free/noto95.htm,noto95.htm,83,2026/8/10 1:30,1DAYフリーきっぷ(ポケモンデザイン),,,,https://www2s.biglobe.ne.jp/~t_aoyagi/railway/free/noto95.htm
hokuriku01,石川線・浅野川線共通一日フリー乗車券,北陸鉄道,"[""北陸鉄道""]",1,False,hokusinetu,北信越,北信越,"[""北信越""]",tunen,通年発売タイプ,全年发售,"[""実券"", ""デジタル""]",True,True,on_sale,発売中,,,1100.0,550.0,550.0,"大人：1,100円／小人：550円",1天,1.0,全年,全年,,"[""https://www2s.biglobe.ne.jp/~t_aoyagi/railway/free/map/hokutetu.gif""]",,地方私鉄,"[""不能乘坐特殊列车""]",1.0,"硬票类型：新西金泽、北铁金泽、北铁站前中心
 自动售票机：野町、剑、内田
 数字类型：Norimmasshi Kanazawa","北陆铁道/铁道部 TEL:076-272-2221
 北陆铁道电话服务中心 TEL:076-237-5115",,https://www.hokutetsu.co.jp/ticket/train-free/,"[{""text"": ""北陸鉄道"", ""url"": ""https://www.hokutetsu.co.jp/ticket/train-free/""}, {""text"": ""のりまっし金沢"", ""url"": ""https://norimasshi.city.kanazawa.ishikawa.jp/main/detail.html?seq=3""}]",,https://www2s.biglobe.ne.jp/~t_aoyagi/railway/free/hokuriku01.htm,hokuriku01.htm,85,2026/8/10 1:30,鉄道線全線1日フリー乗車券,,,,https://www2s.biglobe.ne.jp/~t_aoyagi/railway/free/hokuriku01.htm
hokuriku05,金沢市内１日フリー乗車券,北陸鉄道,"[""北陸鉄道""]",1,False,hokusinetu,北信越,北信越,"[""北信越""]",tunen,通年発売タイプ,全年发售,"[""実券"", ""デジタル""]",True,True,on_sale,発売中,,,800.0,400.0,400.0,大人：800円／小人：400円,1天,1.0,全年,全年,,"[""https://www2s.biglobe.ne.jp/~t_aoyagi/railway/free/map/hokutetu05.gif""]",,地方私鉄,[],0.0,"野町、金泽新西、金泽北铁
 北陆铁道票务中心
 金泽站东口巴士总站 北铁集团咨询中心
 北铁巴士服务中心武藏Mza店
 数字交通服务“Norimashi Kanazawa”",北陆铁道电话服务中心 TEL: 076-237-5115 (8:00-19:00),,http://www.hokutetsu.co.jp/tourism-bus/oneday,"[{""text"": ""北陸鉄道"", ""url"": ""http://www.hokutetsu.co.jp/tourism-bus/oneday""}, {""text"": ""のりまっし金沢"", ""url"": ""https://norimasshi.city.kanazawa.ishikawa.jp/main/detail.html?seq=1""}]",,https://www2s.biglobe.ne.jp/~t_aoyagi/railway/free/hokuriku05.htm,hokuriku05.htm,86,2026/8/10 1:30,金沢市内１日フリー乗車券,,,,https://www2s.biglobe.ne.jp/~t_aoyagi/railway/free/hokuriku05.htm
hokuriku93,浅野川線平日限定シルバー1日フリーエコきっぷ,北陸鉄道,"[""北陸鉄道""]",1,False,hokusinetu,北信越,北信越,"[""北信越""]",tunen,通年発売タイプ,全年发售,"[""実券""]",True,False,on_sale,発売中,,,500.0,,500.0,大人：500円,1天,1.0,全年,工作日,,"[""https://www2s.biglobe.ne.jp/~t_aoyagi/railway/free/map/hokutetu03.gif""]",,地方私鉄,"[""70岁以上"", ""购买时需要政府颁发的身份证件""]",2.0,内滩、海出、金泽北铁,北陆铁道/铁道部电话：076-272-2221 (9:00-17:00),,https://www.hokutetsu.co.jp/ticket/silver-free-eco/,"[{""text"": ""北陸鉄道"", ""url"": ""https://www.hokutetsu.co.jp/ticket/silver-free-eco/""}]",,https://www2s.biglobe.ne.jp/~t_aoyagi/railway/free/hokuriku93.htm,hokuriku93.htm,87,2026/8/10 1:30,浅野川線平日限定シルバー1日フリーエコきっぷ,,,,https://www2s.biglobe.ne.jp/~t_aoyagi/railway/free/hokuriku93.htm
hokuriku92,石川線平日限定シルバー1日フリーエコきっぷ,北陸鉄道,"[""北陸鉄道""]",1,False,hokusinetu,北信越,北信越,"[""北信越""]",tunen,通年発売タイプ,全年发售,"[""実券""]",True,False,on_sale,発売中,,,600.0,,600.0,大人：600円,1天,1.0,全年,工作日,,"[""https://www2s.biglobe.ne.jp/~t_aoyagi/railway/free/map/hokutetu04.gif""]",,地方私鉄,"[""70岁以上"", ""购买时需要政府颁发的身份证件""]",2.0,野町、剑、西金泽新,北陆铁道/铁道部电话：076-272-2221 (9:00-17:00),,https://www.hokutetsu.co.jp/ticket/silver-free-eco/,"[{""text"": ""北陸鉄道"", ""url"": ""https://www.hokutetsu.co.jp/ticket/silver-free-eco/""}]",,https://www2s.biglobe.ne.jp/~t_aoyagi/railway/free/hokuriku92.htm,hokuriku92.htm,88,2026/8/10 1:30,石川線平日限定シルバー1日フリーエコきっぷ,,,,https://www2s.biglobe.ne.jp/~t_aoyagi/railway/free/hokuriku92.htm
hokuriku03,浅野川線土日祝限定1日フリーエコきっぷ,北陸鉄道,"[""北陸鉄道""]",1,False,hokusinetu,北信越,北信越,"[""北信越""]",holiday,週末限定タイプ,周末限定,"[""実券"", ""デジタル""]",True,True,on_sale,発売中,,,500.0,250.0,250.0,大人：500円／小人：250円,1天,1.0,全年,"周六、周日、节假日
 12月31日-1月3日除外",,"[""https://www2s.biglobe.ne.jp/~t_aoyagi/railway/free/map/hokutetu03.gif""]",,地方私鉄,[],0.0,"北铁金泽、内田
 数字版：金泽规范",北陆铁道电话服务中心 TEL:076-237-5115,,https://www.hokutetsu.co.jp/ticket/free-eco/,"[{""text"": ""北陸鉄道"", ""url"": ""https://www.hokutetsu.co.jp/ticket/free-eco/""}, {""text"": ""のりまっし金沢"", ""url"": ""https://norimasshi.city.kanazawa.ishikawa.jp/main/detail.html?seq=5""}]",,https://www2s.biglobe.ne.jp/~t_aoyagi/railway/free/hokuriku03.htm,hokuriku03.htm,89,2026/8/10 1:30,浅野川線 土日祝限定1日フリーエコきっぷ,,,,https://www2s.biglobe.ne.jp/~t_aoyagi/railway/free/hokuriku03.htm
hokuriku04,石川線土日祝限定1日フリーエコきっぷ,北陸鉄道,"[""北陸鉄道""]",1,False,hokusinetu,北信越,北信越,"[""北信越""]",holiday,週末限定タイプ,周末限定,"[""実券"", ""デジタル""]",True,True,on_sale,発売中,,,600.0,300.0,300.0,大人：600円／小人：300円,1天,1.0,全年,"周六、周日、节假日
 12月31日-1月3日除外",,"[""https://www2s.biglobe.ne.jp/~t_aoyagi/railway/free/map/hokutetu04.gif""]",,地方私鉄,[],0.0,"野町、剑、西金泽新
 数字版：金泽规范",北陆铁道电话服务中心 TEL:076-237-5115,,https://www.hokutetsu.co.jp/ticket/free-eco/,"[{""text"": ""北陸鉄道"", ""url"": ""https://www.hokutetsu.co.jp/ticket/free-eco/""}, {""text"": ""のりまっし金沢"", ""url"": ""https://norimasshi.city.kanazawa.ishikawa.jp/main/detail.html?seq=4""}]",,https://www2s.biglobe.ne.jp/~t_aoyagi/railway/free/hokuriku04.htm,hokuriku04.htm,90,2026/8/10 1:30,石川線 土日祝限定1日フリーエコきっぷ,,,,https://www2s.biglobe.ne.jp/~t_aoyagi/railway/free/hokuriku04.htm
hokuriku91,コロプラ☆石川線・浅野川線1日フリーきっぷ,北陸鉄道,"[""北陸鉄道""]",1,False,hokusinetu,北信越,北信越,"[""北信越""]",kikan,期間限定タイプ,期间限定,"[""実券""]",True,False,period,〜2027/3/31,,2027/3/31,1600.0,,1600.0,"大人：1,600円",1天,1.0,2012年12月13日 - 2027年3月31日,2012年12月13日 - 2027年3月31日,,"[""https://www2s.biglobe.ne.jp/~t_aoyagi/railway/free/map/hokutetu.gif""]",,地方私鉄,[],0.0,金泽北铁,北陆铁道/铁道部电话：076-204-9605 (9:00-17:00),,https://www.hokutetsu.co.jp/ticket/colopl/,"[{""text"": ""北陸鉄道"", ""url"": ""https://www.hokutetsu.co.jp/ticket/colopl/""}, {""text"": ""コロプラ"", ""url"": ""https://colopl.co.jp/service/other/coloca/transport/area03/norimono_hokuriku/""}]",,https://www2s.biglobe.ne.jp/~t_aoyagi/railway/free/hokuriku91.htm,hokuriku91.htm,91,2026/8/10 1:30,コロプラ☆石川線・浅野川線1日フリーきっぷ,,,,https://www2s.biglobe.ne.jp/~t_aoyagi/railway/free/hokuriku91.htm
hapilinefukui01,ハピラインふくい１日フリーきっぷ,ハピラインふくい,"[""ハピラインふくい""]",1,False,hokusinetu,北信越,北信越,"[""北信越""]",holiday,週末限定タイプ,周末限定,"[""実券"", ""デジタル""]",True,True,period,〜2027/3/31,,2027/3/31,1500.0,750.0,750.0,"大人：1,500円／小人：750円",1天,1.0,2024年3月16日 - 2027年3月28日,"2024年3月16日至2027年3月28日周六及节假日
 2026年4月27日 - 2026年5月6日
 2026年8月10日 - 2026年8月14日
 2026年12月28日 - 2026年12月31日",,"[""https://www2s.biglobe.ne.jp/~t_aoyagi/railway/free/map/hapilinefukui01.gif""]",,地方私鉄,[],0.0,"敦贺、武生、鲭江、福井、芦原温泉
 tabiwa、Fuku 应用程序 (Fukui MaaS)",幸福线福井：0776-20-0294,,https://www.hapi-line.co.jp/ticket/ticket_plan/,"[{""text"": ""ハピラインふくい"", ""url"": ""https://www.hapi-line.co.jp/ticket/ticket_plan/""}, {""text"": ""tabiwa"", ""url"": ""https://app.tabi-wester.westjr.co.jp/eticketDetails?ticket_id=N3002400""}]",,https://www2s.biglobe.ne.jp/~t_aoyagi/railway/free/hapilinefukui01.htm,hapilinefukui01.htm,93,2026/8/10 1:30,ハピラインふくい 1日フリーきっぷ,,,,https://www2s.biglobe.ne.jp/~t_aoyagi/railway/free/hapilinefukui01.htm
etizen03,えちぜん鉄道１日フリーきっぷ(恐竜博物館セット券),えちぜん鉄道,"[""えちぜん鉄道""]",1,False,hokusinetu,北信越,北信越,"[""北信越""]",tunen,通年発売タイプ,全年发售,"[""実券""]",True,False,on_sale,発売中,,,1700.0,900.0,900.0,"大人：1,700円／小人：900円 
 ※特別展開催時は値段が変わります。",1天,1.0,全年,发售日,,"[""https://www2s.biglobe.ne.jp/~t_aoyagi/railway/free/map/etizen03.gif""]",,地方私鉄,"[""三国花火大会（8 月 11 日）当天以及恐龙博物馆闭馆期间不开放。""]",1.0,福井铁道有人值守的车站（部分除外）,越前铁道电话：0120-840-508,,https://www.echizen-tetudo.co.jp/fare/special.html,"[{""text"": ""えちぜん鉄道"", ""url"": ""https://www.echizen-tetudo.co.jp/fare/special.html""}]",,https://www2s.biglobe.ne.jp/~t_aoyagi/railway/free/etizen03.htm,etizen03.htm,94,2026/8/10 1:30,えちぜん鉄道１日フリーきっぷ (恐竜博物館セット券),,,,https://www2s.biglobe.ne.jp/~t_aoyagi/railway/free/etizen03.htm
etizen04,あわら温泉宿泊フリーきっぷ,えちぜん鉄道,"[""えちぜん鉄道""]",1,False,hokusinetu,北信越,北信越,"[""北信越""]",tunen,通年発売タイプ,全年发售,"[""実券""]",True,False,on_sale,発売中,,,2500.0,,2500.0,"大人：2,500円",2天,2.0,全年,全年,,"[""https://www2s.biglobe.ne.jp/~t_aoyagi/railway/free/map/etizen01.gif""]",,地方私鉄,"[""没有旅馆印章的物品第二天无效。"", ""不适用于三国烟火大会（8/10-8/11）""]",2.0,福井铁道有人车站（部分除外）、乘务员,越前铁道电话：0776-52-8888,,https://www.echizen-tetudo.co.jp/fare/special.html,"[{""text"": ""えちぜん鉄道"", ""url"": ""https://www.echizen-tetudo.co.jp/fare/special.html""}]",,https://www2s.biglobe.ne.jp/~t_aoyagi/railway/free/etizen04.htm,etizen04.htm,95,2026/8/10 1:30,あわら温泉宿泊フリーきっぷ,,,,https://www2s.biglobe.ne.jp/~t_aoyagi/railway/free/etizen04.htm
fukui_maas01,ふくふくきっぷ,えちぜん鉄道,"[""えちぜん鉄道"", ""福井鉄道""]",2,True,hokusinetu,北信越,北信越,"[""北信越""]",tunen,通年発売タイプ,全年发售,"[""デジタル""]",False,True,on_sale,発売中,,,2900.0,1450.0,1450.0,"大人：2,900円／小人：1,450円",使用开始后 29 小时,,全年,周五、周六、周日,,"[""https://www2s.biglobe.ne.jp/~t_aoyagi/railway/free/map/fukuimaas01.gif""]",,地方私鉄,[],0.0,福井MaaS,,,https://fukui-maas.jp/#ticket,"[{""text"": ""ふくいMaaS"", ""url"": ""https://fukui-maas.jp/#ticket""}]",,https://www2s.biglobe.ne.jp/~t_aoyagi/railway/free/fukui_maas01.htm,fukui_maas01.htm,96,2026/8/10 1:30,ふくふくきっぷ,,,,https://www2s.biglobe.ne.jp/~t_aoyagi/railway/free/fukui_maas01.htm
etizen01,一日フリーきっぷ,えちぜん鉄道,"[""えちぜん鉄道""]",1,False,hokusinetu,北信越,北信越,"[""北信越""]",holiday,週末限定タイプ,周末限定,"[""実券"", ""デジタル""]",True,True,on_sale,発売中,,,1000.0,500.0,500.0,"大人：1,200円／小人：600円 
 えちてつサポーターズクラブ会員 
 ゴールド会員：900円／大人：1,000円／小人：500円",1天,1.0,全年,周六、周日、节假日,,"[""https://www2s.biglobe.ne.jp/~t_aoyagi/railway/free/map/etizen01.gif""]",,地方私鉄,"[""三国花火大会（8月11日）当天不可使用。""]",1.0,"福井、福井口、越前开发、越前新房、观音町、松冈、永平寺口、西别院、田原町、福大前西福井、新田冢、芦原汤之町、三国、胜山
 莱德通行证",越前铁道电话：0776-52-8888,,https://www.echizen-tetudo.co.jp/fare/1day.html,"[{""text"": ""えちぜん鉄道"", ""url"": ""https://www.echizen-tetudo.co.jp/fare/1day.html""}, {""text"": ""RYDE PASS"", ""url"": ""https://pass.ryde-go.com/products/9Q73G1MSP9RV""}]",,https://www2s.biglobe.ne.jp/~t_aoyagi/railway/free/etizen01.htm,etizen01.htm,97,2026/8/10 1:30,一日フリーきっぷ,,,,https://www2s.biglobe.ne.jp/~t_aoyagi/railway/free/etizen01.htm
etizenfukui01,福井鐵道・えちぜん鉄道共通１日フリーきっぷ,えちぜん鉄道,"[""えちぜん鉄道"", ""福井鉄道""]",2,True,hokusinetu,北信越,北信越,"[""北信越""]",holiday,週末限定タイプ,周末限定,"[""実券"", ""デジタル""]",True,True,on_sale,発売中,,,1700.0,850.0,850.0,"大人：1,700円／小人：850円",1天,1.0,全年,周六、周日、节假日及公司指定日期,,"[""https://www2s.biglobe.ne.jp/~t_aoyagi/railway/free/map/echifuku.gif""]",,地方私鉄,"[""三国花火大会（8月11日）当天不可使用。""]",1.0,"福井铁道、越前铁道有人值守的车站及乘务员
 莱德通行证","福井铁道/铁道部 TEL:0778-21-0706
 越前铁道电话：0120-840-508",,https://www.echizen-tetudo.co.jp/fare/special.html,"[{""text"": ""えちぜん鉄道"", ""url"": ""https://www.echizen-tetudo.co.jp/fare/special.html""}, {""text"": ""福井鉄道"", ""url"": ""https://fukutetsu.jp/train/tickets1.php#collapse3""}, {""text"": ""RYDE PASS（ライドパス）"", ""url"": ""https://pass.ryde-go.com/products/GQV304YS6D89""}]",,https://www2s.biglobe.ne.jp/~t_aoyagi/railway/free/etizenfukui01.htm,etizenfukui01.htm,98,2026/8/10 1:30,福井鉄道・えちぜん鉄道共通１日フリーきっぷ,,,,https://www2s.biglobe.ne.jp/~t_aoyagi/railway/free/etizenfukui01.htm
etizen91,カイリュー１日フリーきっぷ,えちぜん鉄道,"[""えちぜん鉄道""]",1,False,hokusinetu,北信越,北信越,"[""北信越""]",kikan,期間限定タイプ,期间限定,"[""実券""]",True,False,ended,終了,,,1800.0,1000.0,1000.0,"大人：1,800円／小人：1,000円",1天,1.0,2025年8月2日 - 2025年12月31日,2025年8月2日 - 2025年12月31日,,"[""https://www2s.biglobe.ne.jp/~t_aoyagi/railway/free/map/etizen01.gif""]",,地方私鉄,"[""越铁线旅游印章拉力赛套件产品""]",1.0,福井、芦汤之町、三国、胜山,越前铁道电话：0776-52-8888,,https://www.echizen-tetudo.co.jp/news/2025/07/3026199.html,"[{""text"": ""えちぜん鉄道"", ""url"": ""https://www.echizen-tetudo.co.jp/news/2025/07/3026199.html""}]",,https://www2s.biglobe.ne.jp/~t_aoyagi/railway/free/etizen91.htm,etizen91.htm,99,2026/8/10 1:30,カイリュー１日フリーきっぷ,,,,https://www2s.biglobe.ne.jp/~t_aoyagi/railway/free/etizen91.htm
fukutetu73,福福茶屋食事券付１日フリー乗車券,福井鉄道,"[""福井鉄道""]",1,False,hokusinetu,北信越,北信越,"[""北信越""]",tunen,通年発売タイプ,全年发售,"[""実券"", ""デジタル""]",True,True,on_sale,発売中,,,,,2200.0,"2,200円",1天,1.0,全年,全年,,"[""https://www2s.biglobe.ne.jp/~t_aoyagi/railway/free/map/fukui.gif""]",,地方私鉄,"[""福井站前Hapilin 2楼福福茶屋含餐券""]",1.0,"武不信、神明、浅水、田原町
 町中信息中心
 福井观光咨询中心",武生新站 TEL:0778-22-0617,,https://fukutetsu.jp/train/tickets1.php#collapse18,"[{""text"": ""福井鉄道"", ""url"": ""https://fukutetsu.jp/train/tickets1.php#collapse18""}]",,https://www2s.biglobe.ne.jp/~t_aoyagi/railway/free/fukutetu73.htm,fukutetu73.htm,101,2026/8/10 1:30,福福茶屋食事券付 １日フリー乗車券,,,,https://www2s.biglobe.ne.jp/~t_aoyagi/railway/free/fukutetu73.htm
etizenfukui02,恐竜博物館交通フリー乗車券,福井鉄道,"[""福井鉄道""]",1,False,hokusinetu,北信越,北信越,"[""北信越""]",tunen,通年発売タイプ,全年发售,"[""実券""]",True,False,on_sale,発売中,,,2100.0,1100.0,1100.0,"大人：2,100円／小人：1,100円",1天,1.0,全年,全年,,"[""https://www2s.biglobe.ne.jp/~t_aoyagi/railway/free/map/echifuku02.gif""]",,地方私鉄,"[""恐龙博物馆闭馆期间不提供服务。"", ""门票必须提前在福井县立恐龙博物馆官方网站购买。"", ""越前铁道“恐龙列车”不能乘坐。"", ""越前铁道胜山站～恐龙博物馆巴士往返""]",4.0,"武不信、神明、浅水、田原町车站柜台
 町中信息中心、福井观光信息中心",福井铁道/铁道部 TEL:0778-21-0706,,https://fukutetsu.jp/train/tickets1.php#collapse26,"[{""text"": ""福井鉄道"", ""url"": ""https://fukutetsu.jp/train/tickets1.php#collapse26""}]",,https://www2s.biglobe.ne.jp/~t_aoyagi/railway/free/etizenfukui02.htm,etizenfukui02.htm,102,2026/8/10 1:30,恐竜博物館交通フリー乗車券,,,,https://www2s.biglobe.ne.jp/~t_aoyagi/railway/free/etizenfukui02.htm
fukutetu01,土・日・祝日１日フリー乗車券,福井鉄道,"[""福井鉄道""]",1,False,hokusinetu,北信越,北信越,"[""北信越""]",holiday,週末限定タイプ,周末限定,"[""実券"", ""デジタル""]",True,True,on_sale,発売中,,,600.0,300.0,300.0,大人：600円／小人：300円,1天,1.0,全年,周六、周日、节假日、福井铁道指定日期,,"[""https://www2s.biglobe.ne.jp/~t_aoyagi/railway/free/map/fukui.gif""]",,地方私鉄,[],0.0,"[专柜] 武不信、神明、浅水、田原町
 [自动售票机]武生新、北府、西鲭江、神明、浅水、红十字会、福井站、田原町
 【车内】司机出售
 [智能手机] RYDE PASS 应用程序",福井铁道/铁道部 TEL:0778-21-0706,,https://fukutetsu.jp/train/tickets1.php#collapse12,"[{""text"": ""福井鉄道"", ""url"": ""https://fukutetsu.jp/train/tickets1.php#collapse12""}, {""text"": ""RYDE PASS(ライドパス)"", ""url"": ""https://pass.ryde-go.com/products/52X3KWESJV30""}]",,https://www2s.biglobe.ne.jp/~t_aoyagi/railway/free/fukutetu01.htm,fukutetu01.htm,103,2026/8/10 1:30,土・日・祝日１日フリー乗車券,,,,https://www2s.biglobe.ne.jp/~t_aoyagi/railway/free/fukutetu01.htm
fukutetu05,電車・バス休日フリーきっぷ,福井鉄道,"[""福井鉄道""]",1,False,hokusinetu,北信越,北信越,"[""北信越""]",holiday,週末限定タイプ,周末限定,"[""実券"", ""デジタル""]",True,True,on_sale,発売中,,,1300.0,650.0,650.0,"大人：1,300円／小人：650円 
 ファミリー(大人2名または大人1名小人2名)：2,400円",自发布之日起3个月内1天,1.0,全年,周六、周日、节假日、12月30日～1月3日,,"[""https://www2s.biglobe.ne.jp/~t_aoyagi/railway/free/map/fukui02.gif""]",,地方私鉄,[],0.0,[专柜] 武不信、神明、浅水、田原町,"武生新站 TEL:0778-22-0617
 福铁巴士售票中心 TEL:0778-21-3330",,https://fukutetsu.jp/train/tickets1.php#collapse17,"[{""text"": ""福井鉄道"", ""url"": ""https://fukutetsu.jp/train/tickets1.php#collapse17""}]",,https://www2s.biglobe.ne.jp/~t_aoyagi/railway/free/fukutetu05.htm,fukutetu05.htm,104,2026/8/10 1:30,電車・バス休日フリーきっぷ,,,,https://www2s.biglobe.ne.jp/~t_aoyagi/railway/free/fukutetu05.htm
fukutetu77,ご家族フリーきっぷ,福井鉄道,"[""福井鉄道""]",1,False,hokusinetu,北信越,北信越,"[""北信越""]",holiday,週末限定タイプ,周末限定,"[""実券""]",True,False,on_sale,発売中,,,,,1200.0,"大人2名＋小人2名：1,200円 
 大人1名＋小人2名：800円",1天,1.0,全年,"周六、周日、节假日
 暑假期间（7月21日至8月31日）
 寒假期间（12月24日至1月7日）",,"[""https://www2s.biglobe.ne.jp/~t_aoyagi/railway/free/map/fuktetsu98.gif""]",,地方私鉄,[],0.0,"武不信、神明、浅水、田原町
 福井站西口机械问讯处","福井铁道武生新站 TEL:0778-22-0617
 福井铁道/铁道营业部 TEL:0778-21-0706",,https://fukutetsu.jp/train/tickets1.php#collapse20,"[{""text"": ""福井鉄道"", ""url"": ""https://fukutetsu.jp/train/tickets1.php#collapse20""}]",,https://www2s.biglobe.ne.jp/~t_aoyagi/railway/free/fukutetu77.htm,fukutetu77.htm,106,2026/8/10 1:30,ご家族フリーきっぷ,,,,https://www2s.biglobe.ne.jp/~t_aoyagi/railway/free/fukutetu77.htm
fukutetu04,プレミア1日フリー乗車券,福井鉄道,"[""福井鉄道""]",1,False,hokusinetu,北信越,北信越,"[""北信越""]",kaiin,会員限定タイプ,会员限定,"[""実券""]",True,False,on_sale,発売中,,,500.0,,500.0,大人：500円,1天,1.0,"全年
 发售日前 3 个月开始预售",全年,,"[""https://www2s.biglobe.ne.jp/~t_aoyagi/railway/free/map/fukui.gif""]",,地方私鉄,"[""越前市、鲭江市、福井市的 65 岁以上居民或已归还驾驶执照的人。"", ""高级会员需提前注册""]",2.0,"[专柜] 武不信、神明、浅水、田原町
 [自动售票机] 武房新、北府、西鲭江、神明、浅水、红十字会、福井站、田原町
 [智能手机] RYDE PASS",福井铁道/铁道部 TEL:0778-21-0706,,https://fukutetsu.jp/train/tickets1.php#collapse1,"[{""text"": ""福井鉄道"", ""url"": ""https://fukutetsu.jp/train/tickets1.php#collapse1""}, {""text"": ""RYDE PASS"", ""url"": ""https://pass.ryde-go.com/products/9Z78QWVS028N""}]",,https://www2s.biglobe.ne.jp/~t_aoyagi/railway/free/fukutetu04.htm,fukutetu04.htm,107,2026/8/10 1:30,プレミア1日フリー乗車券,,,,https://www2s.biglobe.ne.jp/~t_aoyagi/railway/free/fukutetu04.htm
fukutetu90,888 1日フリー乗車券,福井鉄道,"[""福井鉄道""]",1,False,hokusinetu,北信越,北信越,"[""北信越""]",kikan,期間限定タイプ,期间限定,"[""実券""]",True,False,period,2026/8/10  〜2027/12/31,2026/8/10,2027/12/31,,,880.0,880円,1天,1.0,"2026年8月8日 - 2027年12月31日
 售完即止",2026年8月8日 - 2027年12月31日,,"[""https://www2s.biglobe.ne.jp/~t_aoyagi/railway/free/map/fukui.gif""]",,地方私鉄,[],0.0,越前武生站、神明站、麻美站、田原町站,福井铁道 越前武生站 TEL:0778-22-0617,,https://fukutetsu.jp/newsDetail.php?num=721,"[{""text"": ""福井鉄道"", ""url"": ""https://fukutetsu.jp/newsDetail.php?num=721""}]",,https://www2s.biglobe.ne.jp/~t_aoyagi/railway/free/fukutetu90.htm,fukutetu90.htm,108,2026/8/10 1:30,888 1日フリー乗車券,"1,000枚",,,https://www2s.biglobe.ne.jp/~t_aoyagi/railway/free/fukutetu90.htm
fukutetu92,合格祈願１日フリーきっぷ,福井鉄道,"[""福井鉄道""]",1,False,hokusinetu,北信越,北信越,"[""北信越""]",kikan,期間限定タイプ,期间限定,"[""実券""]",True,False,ended,終了,,,1100.0,,1100.0,"大人：1,100円",1天,1.0,2024年1月6日 - 2024年2月28日,2024年1月6日 - 2024年3月31日,,"[""https://www2s.biglobe.ne.jp/~t_aoyagi/railway/free/map/fukui.gif""]",,地方私鉄,[],0.0,"武不信、神明、浅水、田原町
 福井铁道商品销售",福井铁道武生新站 TEL:0778-22-0617,,https://fukutetsu.jp/newsDetail.php?num=427,"[{""text"": ""福井鉄道"", ""url"": ""https://fukutetsu.jp/newsDetail.php?num=427""}]",,https://www2s.biglobe.ne.jp/~t_aoyagi/railway/free/fukutetu92.htm,fukutetu92.htm,109,2026/8/10 1:30,合格祈願１日フリーきっぷ,,,,https://www2s.biglobe.ne.jp/~t_aoyagi/railway/free/fukutetu92.htm
fukutetu74,サンドームふくいコンサートフリーきっぷ,福井鉄道,"[""福井鉄道""]",1,False,hokusinetu,北信越,北信越,"[""北信越""]",kikan,期間限定タイプ,期间限定,"[""デジタル""]",False,True,period,2026/8/4  〜8/9,2026/8/4,2026/8/9,500.0,250.0,250.0,大人：500円／小人：250円,1天,1.0,"2026年8月4日、5日、8日、9日
 2026 年 5 月 16 日
 2026 年 3 月 14 日
 2026年2月7日至8日
 2026 年 1 月 24 日
 2025年12月6日至7日
 2025年11月15日至16日
 2025 年 10 月 18 日
 2025年9月6日至7日","2026年8月4日、5日、8日、9日
 2026 年 5 月 16 日
 2026 年 3 月 14 日
 2026年2月7日至8日
 2026 年 1 月 24 日
 2025年12月6日至7日
 2025年11月15日至16日
 2025 年 10 月 18 日
 2025年9月6日至7日",,"[""https://www2s.biglobe.ne.jp/~t_aoyagi/railway/free/map/fukui.gif""]",,地方私鉄,[],0.0,福井MaaS,武生新站 TEL:0778-22-0617,,https://fukutetsu.jp/newsDetail.php?num=569,"[{""text"": ""福井鉄道"", ""url"": ""https://fukutetsu.jp/newsDetail.php?num=569""}]",,https://www2s.biglobe.ne.jp/~t_aoyagi/railway/free/fukutetu74.htm,fukutetu74.htm,110,2026/8/10 1:30,サンドームふくいコンサートフリーきっぷ,,,,https://www2s.biglobe.ne.jp/~t_aoyagi/railway/free/fukutetu74.htm
fukutetu75,ハーモニーホールふくい公演フリーきっぷ,福井鉄道,"[""福井鉄道""]",1,False,hokusinetu,北信越,北信越,"[""北信越""]",kikan,期間限定タイプ,期间限定,"[""デジタル""]",False,True,ended,終了,,,500.0,250.0,250.0,大人：500円／小人：250円,1天,1.0,"2026年8月8日、18日、19日、21日、22日、23日、29日
 2026年5月1日、6日、30日
 2026年3月20日、21日、22日
 2026年2月20日、21日、22日、23日
 2026 年 1 月 10 日 18 日
 2025 年 12 月 5 日、13 日
 2025年11月9日、11日、22日、29日、30日
 2025 年 10 月 5 日 24 日
 2025年9月6日、9日、21日、24日","2026年8月8日、18日、19日、21日、22日、23日、29日
 2026年5月1日、6日、30日
 2026年3月20日、21日、22日
 2026年2月20日、21日、22日、23日
 2026 年 1 月 10 日 18 日
 2025 年 12 月 5 日、13 日
 2025年11月9日、11日、22日、29日、30日
 2025 年 10 月 5 日 24 日
 2025年9月6日、9日、21日、24日",,"[""https://www2s.biglobe.ne.jp/~t_aoyagi/railway/free/map/fukui.gif""]",,地方私鉄,[],0.0,福井MaaS,武生新站 TEL:0778-22-0617,,https://fukutetsu.jp/newsDetail.php?num=569,"[{""text"": ""福井鉄道"", ""url"": ""https://fukutetsu.jp/newsDetail.php?num=569""}]",,https://www2s.biglobe.ne.jp/~t_aoyagi/railway/free/fukutetu75.htm,fukutetu75.htm,111,2026/8/10 1:30,ハーモニーホールふくい公演フリーきっぷ,,,,https://www2s.biglobe.ne.jp/~t_aoyagi/railway/free/fukutetu75.htm
fukutetu76,ふくいまちなかイベントフリーきっぷ,福井鉄道,"[""福井鉄道""]",1,False,hokusinetu,北信越,北信越,"[""北信越""]",kikan,期間限定タイプ,期间限定,"[""デジタル""]",False,True,period,2026/8/14  〜8/21,2026/8/14,2026/8/21,300.0,150.0,150.0,大人：300円／小人：150円,1天,1.0,"2026年8月14日、20日、21日
 2026 年 5 月 1 日 31 日
 2026 年 3 月 1 日 29 日
 2025 年 12 月 20 日
 2025 年 11 月 5 日 23 日
 2025年10月5日、18日、19日
 2025年9月4日、10日、21日、23日","2026年8月14日、20日、21日
 2026 年 5 月 1 日 31 日
 2026 年 3 月 1 日 29 日
 2025 年 12 月 20 日
 2025 年 11 月 5 日 23 日
 2025年10月5日、18日、19日
 2025年9月4日、10日、21日、23日",,"[""https://www2s.biglobe.ne.jp/~t_aoyagi/railway/free/map/fuktetsu98.gif""]",,地方私鉄,[],0.0,福井MaaS,"福井铁道武生新站 TEL:0778-22-0617
 福井铁道/铁道营业部 TEL:0778-21-0706",,https://fukutetsu.jp/newsDetail.php?num=569,"[{""text"": ""福井鉄道"", ""url"": ""https://fukutetsu.jp/newsDetail.php?num=569""}, {""text"": ""ふくいMaaS"", ""url"": ""https://fukui-maas.jp/#ticket""}]",,https://www2s.biglobe.ne.jp/~t_aoyagi/railway/free/fukutetu76.htm,fukutetu76.htm,112,2026/8/10 1:30,ふくいまちなかイベントフリーきっぷ,,,,https://www2s.biglobe.ne.jp/~t_aoyagi/railway/free/fukutetu76.htm
fukutetu78,西山公園イベントフリーきっぷ,福井鉄道,"[""福井鉄道""]",1,False,hokusinetu,北信越,北信越,"[""北信越""]",kikan,期間限定タイプ,期间限定,"[""デジタル""]",False,True,ended,終了,,,500.0,250.0,250.0,大人：500円／小人：250円,1天,1.0,"2026年5月3-5日
 十月 18, 19, 2025","2026年5月3-5日
 十月 18, 19, 2025",,"[""https://www2s.biglobe.ne.jp/~t_aoyagi/railway/free/map/fuktetsu98.gif""]",,地方私鉄,[],0.0,福井MaaS,"福井铁道武生新站 TEL:0778-22-0617
 福井铁道/铁道营业部 TEL:0778-21-0706",,https://fukutetsu.jp/newsDetail.php?num=569,"[{""text"": ""福井鉄道"", ""url"": ""https://fukutetsu.jp/newsDetail.php?num=569""}, {""text"": ""ふくいMaaS"", ""url"": ""https://fukui-maas.jp/#ticket""}]",,https://www2s.biglobe.ne.jp/~t_aoyagi/railway/free/fukutetu78.htm,fukutetu78.htm,113,2026/8/10 1:30,西山公園イベントフリーきっぷ,,,,https://www2s.biglobe.ne.jp/~t_aoyagi/railway/free/fukutetu78.htm
jrwest154,ONE KANSAI 奈良デジタル周遊フリーパス,JR西日本,"[""ＪＲ西日本"", ""近畿日本鉄道""]",2,True,kinki,关西/近畿,关西/近畿,"[""近畿""]",kikan,期間限定タイプ,期间限定,"[""デジタル""]",False,True,period,2026/3/20  〜2027/3/30,2026/3/20,2027/3/30,3600.0,,3600.0,"大人：3,600円",2天,2.0,2026年3月20日 - 2027年3月30日,2026年4月1日 - 2027年3月31日,,"[""https://www2s.biglobe.ne.jp/~t_aoyagi/railway/free/map/jrwest165.gif""]","{""columns"": [""绿色车厢 (头等座)"", ""普通车自由席车指定席席"", ""普通车自由席车自由席席"", ""专线列车 (Liner)"", ""特急"", ""急行"", ""快速"", ""普通车自由席"", ""指定席"", ""自由席"", ""其他的"", ""绿色车厢 (头等座)"", ""普通车自由席车指定席席"", ""普通车自由席车自由席席"", ""专线列车 (Liner)"", ""特急"", ""急行"", ""快速""], ""status_rows"": [{""label"": null, ""symbols"": [{""symbol"": ""×"", ""note"": null}, {""symbol"": ""×"", ""note"": null}, {""symbol"": ""×"", ""note"": null}, {""symbol"": ""×"", ""note"": null}, {""symbol"": ""×"", ""note"": null}, {""symbol"": ""×"", ""note"": null}, {""symbol"": ""×"", ""note"": null}, {""symbol"": ""×"", ""note"": null}, {""symbol"": ""×"", ""note"": null}, {""symbol"": ""▲"", ""note"": null}, {""symbol"": ""▲"", ""note"": null}, {""symbol"": ""▲"", ""note"": null}, {""symbol"": ""▲"", ""note"": null}, {""symbol"": ""×"", ""note"": null}, {""symbol"": ""×"", ""note"": null}, {""symbol"": ""×"", ""note"": null}, {""symbol"": ""▲"", ""note"": null}, {""symbol"": ""○"", ""note"": null}]}], ""legend"": {""○"": ""可乘车"", ""▲"": ""仅乘车券有效"", ""×"": ""不可乘车""}, ""notes"": [""*1：「サンライズ瀬戸」「サンライズ出雲」「WEST EXPRESS 銀河」「はなあかり」は全設備不可""]}",JR,"[""连续骑行有效期至午夜后第一站。有效期至特定列车区间内的最后一趟列车。""]",1.0,“关西 MaaS”,西日本旅客铁道：,,https://app.kansai-maas.jp/tickets/KMKT100500,"[{""text"": ""KANSAI MaaS"", ""url"": ""https://app.kansai-maas.jp/tickets/KMKT100500""}, {""text"": ""ＪＲ西日本"", ""url"": ""https://tickets.jr-odekake.net/shohindb/view/consumer/tokutoku/detail.html?shnId=126000087""}]",,https://www2s.biglobe.ne.jp/~t_aoyagi/railway/free/jrwest154.htm,jrwest154.htm,1,2026/8/10 1:30,ONE KANSAI 奈良デジタル周遊フリーパス,,,,https://www2s.biglobe.ne.jp/~t_aoyagi/railway/free/jrwest154.htm
osaka_maas_01,ONE KANSAI 大阪スマートアクセスパス,JR西日本,"[""ＪＲ西日本"", ""大阪市高速電気軌道 (大阪メトロ)""]",2,True,kinki,关西/近畿,关西/近畿,"[""近畿""]",kikan,期間限定タイプ,期间限定,"[""デジタル""]",False,True,period,2025/10/17  〜2026/5/31,2025/10/17,2026/5/31,1000.0,,1000.0,"大人：1,000円",1天,1.0,2025年10月17日 - 2027年3月31日,2025年11月1日 - 2027年3月31日,,"[""https://www2s.biglobe.ne.jp/~t_aoyagi/railway/free/map/osaka_maas01.gif""]",,JR,[],0.0,KANSAI MaaS,Osaka Metro TEL:050-3355-8208,,https://subway.osakametro.co.jp/guide/fare/category_digital_tickets/digital_tickets/digital_joshaken.php#onekansai,"[{""text"": ""Osaka Metro"", ""url"": ""https://subway.osakametro.co.jp/guide/fare/category_digital_tickets/digital_tickets/digital_joshaken.php#onekansai""}, {""text"": ""JR西日本"", ""url"": ""https://www.jr-odekake.net/ticket/tokutoku/osaka-smart_om/""}]",,https://www2s.biglobe.ne.jp/~t_aoyagi/railway/free/osaka_maas_01.htm,osaka_maas_01.htm,2,2026/8/10 1:30,ONE KANSAI 大阪スマートアクセスパス,,,,https://www2s.biglobe.ne.jp/~t_aoyagi/railway/free/osaka_maas_01.htm
jrwest159,ONE KANSAI 京都満喫3wayパス,JR西日本,"[""ＪＲ西日本"", ""京阪電気鉄道"", ""阪急電鉄""]",3,True,kinki,关西/近畿,关西/近畿,"[""近畿""]",kikan,期間限定タイプ,期间限定,"[""デジタル""]",False,True,period,2026/3/20  〜2027/3/31,2026/3/20,2027/3/31,1800.0,,1800.0,"大人：1,800円",1天,1.0,2026年3月20日 - 2027年3月31日,2026年4月1日 - 2027年3月31日,,"[""https://www2s.biglobe.ne.jp/~t_aoyagi/railway/free/map/jrwest159.gif""]","{""columns"": [""東海道新干线 (希望号 (Nozomi))"", ""東海道新干线 (光号/回声号)"", ""东北/上越新干线"", ""在来线特急/急行"", ""快速/普通车自由席列车 (绿色车厢)"", ""快速/普通车自由席列车 (专线列车 (Liner))"", ""快速/普通车自由席列车 (指定席)"", ""快速/普通车自由席列车 (自由席)"", ""东京单轨电车"", ""临海线""], ""status_rows"": [{""label"": null, ""symbols"": [{""symbol"": ""×"", ""note"": null}, {""symbol"": ""×"", ""note"": null}, {""symbol"": ""▲"", ""note"": null}, {""symbol"": ""▲"", ""note"": null}, {""symbol"": ""▲"", ""note"": null}, {""symbol"": ""▲"", ""note"": null}, {""symbol"": ""▲"", ""note"": null}, {""symbol"": ""▲"", ""note"": null}, {""symbol"": ""○"", ""note"": null}, {""symbol"": ""－"", ""note"": null}]}], ""legend"": {""○"": ""可乘车"", ""▲"": ""仅乘车券有效"", ""×"": ""不可乘车""}, ""notes"": null}",JR,[],0.0,KANSAI MaaS,JR西日本电话：,,https://tickets.jr-odekake.net/shohindb/view/consumer/tokutoku/detail.html?shnId=126000086,"[{""text"": ""ＪＲ西日本"", ""url"": ""https://tickets.jr-odekake.net/shohindb/view/consumer/tokutoku/detail.html?shnId=126000086""}, {""text"": ""京阪電鉄"", ""url"": ""https://www.keihan.co.jp/traffic/valueticket/detail/kyotomankitsu-3way.html""}, {""text"": ""阪急電鉄"", ""url"": ""https://www.hankyu.co.jp/ticket/otoku/013943.html""}]",,https://www2s.biglobe.ne.jp/~t_aoyagi/railway/free/jrwest159.htm,jrwest159.htm,3,2026/8/10 1:30,ONE KANSAI 京都満喫3wayパス,,,,https://www2s.biglobe.ne.jp/~t_aoyagi/railway/free/jrwest159.htm
jrwest161,ONE KANSAI 和歌山2wayパス,JR西日本,"[""ＪＲ西日本""]",1,False,kinki,关西/近畿,关西/近畿,"[""近畿""]",kikan,期間限定タイプ,期间限定,"[""デジタル""]",False,True,period,2026/3/20  〜9/30,2026/3/20,2026/9/30,3600.0,,3600.0,"大人：3,600円",1天,1.0,2026年3月20日 - 2026年9月30日,2026年4月1日 - 2026年9月30日,,"[""https://www2s.biglobe.ne.jp/~t_aoyagi/railway/free/map/jrwest161.gif""]","{""columns"": [""東海道新干线 (希望号 (Nozomi))"", ""東海道新干线 (光号/回声号)"", ""东北/上越新干线"", ""在来线特急/急行"", ""快速/普通车自由席列车 (绿色车厢)"", ""快速/普通车自由席列车 (专线列车 (Liner))"", ""快速/普通车自由席列车 (指定席)"", ""快速/普通车自由席列车 (自由席)"", ""东京单轨电车"", ""临海线""], ""status_rows"": [{""label"": null, ""symbols"": [{""symbol"": ""×"", ""note"": null}, {""symbol"": ""×"", ""note"": null}, {""symbol"": ""▲"", ""note"": null}, {""symbol"": ""▲"", ""note"": null}, {""symbol"": ""▲"", ""note"": null}, {""symbol"": ""▲"", ""note"": null}, {""symbol"": ""▲"", ""note"": null}, {""symbol"": ""▲"", ""note"": null}, {""symbol"": ""○"", ""note"": null}, {""symbol"": ""－"", ""note"": null}]}], ""legend"": {""○"": ""可乘车"", ""▲"": ""仅乘车券有效"", ""×"": ""不可乘车""}, ""notes"": null}",JR,[],0.0,KANSAI MaaS,JR西日本电话：,含神户须磨海洋世界门票,https://tickets.jr-odekake.net/shohindb/view/consumer/tokutoku/detail.html?shnId=126000088,"[{""text"": ""ＪＲ西日本"", ""url"": ""https://tickets.jr-odekake.net/shohindb/view/consumer/tokutoku/detail.html?shnId=126000088""}, {""text"": ""KANSAI MaaS"", ""url"": ""https://app.kansai-maas.jp/tickets/KMJW104200""}]",,https://www2s.biglobe.ne.jp/~t_aoyagi/railway/free/jrwest161.htm,jrwest161.htm,4,2026/8/10 1:30,ONE KANSAI 和歌山2wayパス,,,,https://www2s.biglobe.ne.jp/~t_aoyagi/railway/free/jrwest161.htm
jrwest202,JR西日本QR2dayパス,JR西日本,"[""ＪＲ西日本""]",1,False,kinki,关西/近畿,关西/近畿,"[""近畿""]",kikan,期間限定タイプ,期间限定,"[""デジタル""]",False,True,period,2025/9/5  〜2027/3/30,2025/9/5,2027/3/30,4000.0,2000.0,2000.0,"大人：4,000円／小人：2,000円",2天,2.0,2026年3月1日 - 2027年3月30日,2026年4月1日 - 2027年3月31日,,"[""https://www2s.biglobe.ne.jp/~t_aoyagi/railway/free/map/jrwest202.gif""]","{""columns"": [""绿色车厢 (头等座)"", ""普通车自由席车指定席席"", ""普通车自由席车自由席席"", ""专线列车 (Liner)"", ""特急"", ""急行"", ""快速"", ""普通车自由席"", ""指定席"", ""自由席"", ""其他的"", ""绿色车厢 (头等座)"", ""普通车自由席车指定席席"", ""普通车自由席车自由席席"", ""专线列车 (Liner)""], ""status_rows"": [{""label"": null, ""symbols"": [{""symbol"": ""×"", ""note"": null}, {""symbol"": ""×"", ""note"": null}, {""symbol"": ""×"", ""note"": null}, {""symbol"": ""×"", ""note"": null}, {""symbol"": ""×"", ""note"": null}, {""symbol"": ""×"", ""note"": null}, {""symbol"": ""×"", ""note"": null}, {""symbol"": ""▲"", ""note"": null}, {""symbol"": ""▲"", ""note"": null}, {""symbol"": ""▲"", ""note"": null}, {""symbol"": ""○"", ""note"": null}, {""symbol"": ""－"", ""note"": null}, {""symbol"": ""▲"", ""note"": null}, {""symbol"": ""▲"", ""note"": null}, {""symbol"": ""○"", ""note"": null}]}], ""legend"": {""○"": ""可乘车"", ""▲"": ""仅乘车券有效"", ""×"": ""不可乘车""}, ""notes"": null}",JR,"[""二维码门票""]",1.0,KANSAI MaaS,JR西日本电话：,,https://app.kansai-maas.jp/tickets/KMJW103600,"[{""text"": ""KANSAI MaaS"", ""url"": ""https://app.kansai-maas.jp/tickets/KMJW103600""}, {""text"": ""JR西日本"", ""url"": ""https://tickets.jr-odekake.net/shohindb/view/consumer/tokutoku/detail.html?shnId=126000061""}]",,https://www2s.biglobe.ne.jp/~t_aoyagi/railway/free/jrwest202.htm,jrwest202.htm,5,2026/8/10 1:30,JR西日本QR2dayパス,,,,https://www2s.biglobe.ne.jp/~t_aoyagi/railway/free/jrwest202.htm
jrwest201,ひらパーGo！Go！チケット【JR西日本版】,JR西日本,"[""ＪＲ西日本""]",1,False,kinki,关西/近畿,关西/近畿,"[""近畿""]",kikan,期間限定タイプ,期间限定,"[""デジタル""]",False,True,period,〜2027/3/31,,2027/3/31,2500.0,1300.0,1300.0,"大人：2,500円／小人：1,300円",1天,1.0,2026年3月1日 - 2027年3月31日,2026年4月1日 - 2027年3月31日,,"[""https://www2s.biglobe.ne.jp/~t_aoyagi/railway/free/map/jrwest201.gif""]","{""columns"": [""绿色车厢 (头等座)"", ""普通车自由席车指定席席"", ""普通车自由席车自由席席"", ""专线列车 (Liner)"", ""特急"", ""急行"", ""快速"", ""普通车自由席"", ""指定席"", ""自由席"", ""其他的"", ""绿色车厢 (头等座)"", ""普通车自由席车指定席席"", ""普通车自由席车自由席席"", ""专线列车 (Liner)""], ""status_rows"": [{""label"": null, ""symbols"": [{""symbol"": ""×"", ""note"": null}, {""symbol"": ""×"", ""note"": null}, {""symbol"": ""×"", ""note"": null}, {""symbol"": ""×"", ""note"": null}, {""symbol"": ""×"", ""note"": null}, {""symbol"": ""×"", ""note"": null}, {""symbol"": ""×"", ""note"": null}, {""symbol"": ""▲"", ""note"": null}, {""symbol"": ""▲"", ""note"": null}, {""symbol"": ""▲"", ""note"": null}, {""symbol"": ""○"", ""note"": null}, {""symbol"": ""－"", ""note"": null}, {""symbol"": ""▲"", ""note"": null}, {""symbol"": ""▲"", ""note"": null}, {""symbol"": ""○"", ""note"": null}]}], ""legend"": {""○"": ""可乘车"", ""▲"": ""仅乘车券有效"", ""×"": ""不可乘车""}, ""notes"": null}",JR,[],0.0,KANSAI MaaS,JR西日本电话：,,https://app.kansai-maas.jp/tickets/KMKH100600,"[{""text"": ""KANSAI MaaS"", ""url"": ""https://app.kansai-maas.jp/tickets/KMKH100600""}, {""text"": ""ＪＲ九州"", ""url"": ""https://tickets.jr-odekake.net/shohindb/view/consumer/tokutoku/detail.html?shnId=126000059""}]",,https://www2s.biglobe.ne.jp/~t_aoyagi/railway/free/jrwest201.htm,jrwest201.htm,6,2026/8/10 1:30,ひらパーGo！Go！チケット【JR西日本版】,,,,https://www2s.biglobe.ne.jp/~t_aoyagi/railway/free/jrwest201.htm
nankai101,堺おでかけフリーパス,JR西日本,"[""ＪＲ西日本"", ""南海電気鉄道""]",2,True,kinki,关西/近畿,关西/近畿,"[""近畿""]",kikan,期間限定タイプ,期间限定,"[""デジタル""]",False,True,ended,終了,,,1500.0,,1500.0,"大人：1,500円",1天,1.0,2026年4月24日 - 2026年6月30日,2026年4月25日 - 2026年6月30日,,"[""https://www2s.biglobe.ne.jp/~t_aoyagi/railway/free/map/nankai101.gif""]",,JR,[],0.0,KANSAI MaaS,南海电铁南海呼叫中心：050-3090-2608（8:00-21:00）,,https://www.nankai.co.jp/traffic/otoku/sakaifree.html,"[{""text"": ""南海電気鉄道"", ""url"": ""https://www.nankai.co.jp/traffic/otoku/sakaifree.html""}, {""text"": ""JR西日本"", ""url"": ""https://tickets.jr-odekake.net/shohindb/view/consumer/tokutoku/detail.html?shnId=126000095""}]",,https://www2s.biglobe.ne.jp/~t_aoyagi/railway/free/nankai101.htm,nankai101.htm,7,2026/8/10 1:30,堺おでかけフリーパス,,,,https://www2s.biglobe.ne.jp/~t_aoyagi/railway/free/nankai101.htm
jrwest151,城崎温泉・天橋立周遊パス,JR西日本,"[""ＪＲ西日本""]",1,False,kinki,关西/近畿,关西/近畿,"[""近畿""]",kikan,期間限定タイプ,期间限定,"[""デジタル""]",False,True,period,2026/3/25  〜2027/3/30,2026/3/25,2027/3/30,3900.0,1800.0,1800.0,"大人：3,900円／小人：1,800円",2天,2.0,2026年3月1日 - 2027年3月31日,2026年4月1日 - 2027年3月31日,,"[""https://www2s.biglobe.ne.jp/~t_aoyagi/railway/free/map/jrwest151.gif""]","{""columns"": [""東海道新干线 (希望号 (Nozomi))"", ""東海道新干线 (光号/回声号)"", ""东北/上越新干线"", ""在来线特急/急行"", ""快速/普通车自由席列车 (绿色车厢)"", ""快速/普通车自由席列车 (专线列车 (Liner))"", ""快速/普通车自由席列车 (指定席)"", ""快速/普通车自由席列车 (自由席)"", ""东京单轨电车"", ""临海线""], ""status_rows"": [{""label"": null, ""symbols"": [{""symbol"": ""×"", ""note"": null}, {""symbol"": ""×"", ""note"": null}, {""symbol"": ""▲"", ""note"": null}, {""symbol"": ""▲"", ""note"": null}, {""symbol"": ""▲"", ""note"": null}, {""symbol"": ""▲"", ""note"": null}, {""symbol"": ""▲"", ""note"": null}, {""symbol"": ""▲"", ""note"": null}, {""symbol"": ""○"", ""note"": null}, {""symbol"": ""－"", ""note"": null}]}], ""legend"": {""○"": ""可乘车"", ""▲"": ""仅乘车券有效"", ""×"": ""不可乘车""}, ""notes"": null}",JR,"[""花明号、丹后黑松号不能乘坐。""]",1.0,tabiwa by WESTER KANSAI MaaS,JR西日本电话：,,https://tickets.jr-odekake.net/shohindb/view/consumer/tokutoku/detail.html?shnId=126000089,"[{""text"": ""ＪＲ西日本"", ""url"": ""https://tickets.jr-odekake.net/shohindb/view/consumer/tokutoku/detail.html?shnId=126000089""}, {""text"": ""tabiwa by WESTER"", ""url"": ""https://app.tabi-wester.westjr.co.jp/eticketDetails?ticket_id=J0002100""}]",,https://www2s.biglobe.ne.jp/~t_aoyagi/railway/free/jrwest151.htm,jrwest151.htm,8,2026/8/10 1:30,城崎温泉・天橋立周遊パス,,,,https://www2s.biglobe.ne.jp/~t_aoyagi/railway/free/jrwest151.htm
jrwest160,京阪・JR西日本 神戸須磨シーワールド1dayパス,JR西日本,"[""ＪＲ西日本""]",1,False,kinki,关西/近畿,关西/近畿,"[""近畿""]",kikan,期間限定タイプ,期间限定,"[""デジタル""]",False,True,period,2026/3/1  〜2027/3/31,2026/3/1,2027/3/31,4400.0,,4400.0,"大人：4,400円",1天,1.0,2026年3月1日 - 2027年3月31日,2026年4月1日 - 2027年3月31日,,"[""https://www2s.biglobe.ne.jp/~t_aoyagi/railway/free/map/jrwest160.gif""]","{""columns"": [""東海道新干线 (希望号 (Nozomi))"", ""東海道新干线 (光号/回声号)"", ""东北/上越新干线"", ""在来线特急/急行"", ""快速/普通车自由席列车 (绿色车厢)"", ""快速/普通车自由席列车 (专线列车 (Liner))"", ""快速/普通车自由席列车 (指定席)"", ""快速/普通车自由席列车 (自由席)"", ""东京单轨电车"", ""临海线""], ""status_rows"": [{""label"": null, ""symbols"": [{""symbol"": ""×"", ""note"": null}, {""symbol"": ""×"", ""note"": null}, {""symbol"": ""▲"", ""note"": null}, {""symbol"": ""▲"", ""note"": null}, {""symbol"": ""▲"", ""note"": null}, {""symbol"": ""▲"", ""note"": null}, {""symbol"": ""▲"", ""note"": null}, {""symbol"": ""▲"", ""note"": null}, {""symbol"": ""○"", ""note"": null}, {""symbol"": ""－"", ""note"": null}]}], ""legend"": {""○"": ""可乘车"", ""▲"": ""仅乘车券有效"", ""×"": ""不可乘车""}, ""notes"": null}",JR,[],0.0,KANSAI MaaS,JR西日本电话：,含神户须磨海洋世界门票,https://www.jr-odekake.net/ticket/tokutoku/kobesuma_seaworld/,"[{""text"": ""ＪＲ西日本"", ""url"": ""https://www.jr-odekake.net/ticket/tokutoku/kobesuma_seaworld/""}, {""text"": ""ＪＲ西日本"", ""url"": ""https://tickets.jr-odekake.net/shohindb/view/consumer/tokutoku/detail.html?shnId=126000060""}, {""text"": ""京阪電鉄"", ""url"": ""https://www.keihan.co.jp/traffic/valueticket/detail/kobesuma-seaworld.html""}]",,https://www2s.biglobe.ne.jp/~t_aoyagi/railway/free/jrwest160.htm,jrwest160.htm,9,2026/8/10 1:30,京阪・JR西日本 神戸須磨シーワールド1dayパス,,,,https://www2s.biglobe.ne.jp/~t_aoyagi/railway/free/jrwest160.htm
jrwest162,「全国都市緑化フェアin京都丹波」応援1DAYパス,JR西日本,"[""ＪＲ西日本""]",1,False,kinki,关西/近畿,关西/近畿,"[""近畿""]",kikan,期間限定タイプ,期间限定,"[""デジタル""]",False,True,period,2016/3/19  〜11/30,2016/3/19,2016/11/30,1200.0,600.0,600.0,"大人：1,200円／小人：600円",1天,1.0,2026年3月19日 - 2026年11月30日,2026年3月20日 - 2026年11月30日,,"[""https://www2s.biglobe.ne.jp/~t_aoyagi/railway/free/map/jrwest162.gif""]","{""columns"": [""東海道新干线 (希望号 (Nozomi))"", ""東海道新干线 (光号/回声号)"", ""东北/上越新干线"", ""在来线特急/急行"", ""快速/普通车自由席列车 (绿色车厢)"", ""快速/普通车自由席列车 (专线列车 (Liner))"", ""快速/普通车自由席列车 (指定席)"", ""快速/普通车自由席列车 (自由席)"", ""东京单轨电车"", ""临海线""], ""status_rows"": [{""label"": null, ""symbols"": [{""symbol"": ""×"", ""note"": null}, {""symbol"": ""×"", ""note"": null}, {""symbol"": ""▲"", ""note"": null}, {""symbol"": ""▲"", ""note"": null}, {""symbol"": ""▲"", ""note"": null}, {""symbol"": ""▲"", ""note"": null}, {""symbol"": ""▲"", ""note"": null}, {""symbol"": ""▲"", ""note"": null}, {""symbol"": ""○"", ""note"": null}, {""symbol"": ""－"", ""note"": null}]}], ""legend"": {""○"": ""可乘车"", ""▲"": ""仅乘车券有效"", ""×"": ""不可乘车""}, ""notes"": null}",JR,[],0.0,KANSAI MaaS,JR西日本电话：,,https://tickets.jr-odekake.net/shohindb/view/consumer/tokutoku/detail.html?shnId=126000052,"[{""text"": ""ＪＲ西日本"", ""url"": ""https://tickets.jr-odekake.net/shohindb/view/consumer/tokutoku/detail.html?shnId=126000052""}]",,https://www2s.biglobe.ne.jp/~t_aoyagi/railway/free/jrwest162.htm,jrwest162.htm,10,2026/8/10 1:30,「全国都市緑化フェアin京都丹波」 応援1DAYパス,不明,,,https://www2s.biglobe.ne.jp/~t_aoyagi/railway/free/jrwest162.htm
jrwest204,tabiwa関西エリアQR1dayパス,JR西日本,"[""ＪＲ西日本""]",1,False,kinki,关西/近畿,关西/近畿,"[""近畿""]",kikan,期間限定タイプ,期间限定,"[""デジタル""]",False,True,period,2026/3/1  〜2027/3/31,2026/3/1,2027/3/31,,,,"大人：2,000ポイント／小人：1,000ポイント",1天,1.0,2026年3月1日 - 2027年3月31日,2026年4月1日 - 2027年3月31日,,"[""https://www2s.biglobe.ne.jp/~t_aoyagi/railway/free/map/jrwest202.gif""]","{""columns"": [""绿色车厢 (头等座)"", ""普通车自由席车指定席席"", ""普通车自由席车自由席席"", ""专线列车 (Liner)"", ""特急"", ""急行"", ""快速"", ""普通车自由席"", ""指定席"", ""自由席"", ""其他的"", ""绿色车厢 (头等座)"", ""普通车自由席车指定席席"", ""普通车自由席车自由席席"", ""专线列车 (Liner)""], ""status_rows"": [{""label"": null, ""symbols"": [{""symbol"": ""×"", ""note"": null}, {""symbol"": ""×"", ""note"": null}, {""symbol"": ""×"", ""note"": null}, {""symbol"": ""×"", ""note"": null}, {""symbol"": ""×"", ""note"": null}, {""symbol"": ""×"", ""note"": null}, {""symbol"": ""×"", ""note"": null}, {""symbol"": ""▲"", ""note"": null}, {""symbol"": ""▲"", ""note"": null}, {""symbol"": ""▲"", ""note"": null}, {""symbol"": ""○"", ""note"": null}, {""symbol"": ""－"", ""note"": null}, {""symbol"": ""▲"", ""note"": null}, {""symbol"": ""▲"", ""note"": null}, {""symbol"": ""○"", ""note"": null}]}], ""legend"": {""○"": ""可乘车"", ""▲"": ""仅乘车券有效"", ""×"": ""不可乘车""}, ""notes"": null}",JR,"[""二维码门票""]",1.0,tabiwa,JR西日本电话：,,https://app.tabi-wester.westjr.co.jp/eticketDetails?ticket_id=J0001900,"[{""text"": ""JR西日本"", ""url"": ""https://app.tabi-wester.westjr.co.jp/eticketDetails?ticket_id=J0001900""}]",,https://www2s.biglobe.ne.jp/~t_aoyagi/railway/free/jrwest204.htm,jrwest204.htm,11,2026/8/10 1:30,tabiwa関西エリアQR1dayパス,,,,https://www2s.biglobe.ne.jp/~t_aoyagi/railway/free/jrwest204.htm
jrwest152,JR西日本リアル謎解きゲーム 城之内レイコの大阪なぞガイド,JR西日本,"[""ＪＲ西日本""]",1,False,kinki,关西/近畿,关西/近畿,"[""近畿""]",kikan,期間限定タイプ,期间限定,"[""デジタル""]",False,True,ended,終了,,,2500.0,,2500.0,"大人：2,500円",1天,1.0,2025年4月5日 - 2025年12月28日,2025年4月5日 - 2025年12月28日,,"[""https://www2s.biglobe.ne.jp/~t_aoyagi/railway/free/map/jrwest152.gif""]","{""columns"": [""東海道新干线 (希望号 (Nozomi))"", ""東海道新干线 (光号/回声号)"", ""东北/上越新干线"", ""在来线特急/急行"", ""快速/普通车自由席列车 (绿色车厢)"", ""快速/普通车自由席列车 (专线列车 (Liner))"", ""快速/普通车自由席列车 (指定席)"", ""快速/普通车自由席列车 (自由席)"", ""东京单轨电车"", ""临海线""], ""status_rows"": [{""label"": null, ""symbols"": [{""symbol"": ""×"", ""note"": null}, {""symbol"": ""×"", ""note"": null}, {""symbol"": ""▲"", ""note"": null}, {""symbol"": ""▲"", ""note"": null}, {""symbol"": ""▲"", ""note"": null}, {""symbol"": ""▲"", ""note"": null}, {""symbol"": ""▲"", ""note"": null}, {""symbol"": ""▲"", ""note"": null}, {""symbol"": ""○"", ""note"": null}, {""symbol"": ""－"", ""note"": null}]}], ""legend"": {""○"": ""可乘车"", ""▲"": ""仅乘车券有效"", ""×"": ""不可乘车""}, ""notes"": null}",JR,[],0.0,KANSAI MaaS,JR西日本电话：,,https://nazotoki-zepets.com/jr-nazo2025/,"[{""text"": ""ＪＲ西日本"", ""url"": ""https://nazotoki-zepets.com/jr-nazo2025/""}]",,https://www2s.biglobe.ne.jp/~t_aoyagi/railway/free/jrwest152.htm,jrwest152.htm,12,2026/8/10 1:30,JR西日本リアル謎解きゲーム 城之内レイコの大阪なぞガイド,,,,https://www2s.biglobe.ne.jp/~t_aoyagi/railway/free/jrwest152.htm
jrwest156,JR西日本×京都丹後鉄道 北近畿おでかけパス,JR西日本,"[""ＪＲ西日本"", ""京都丹後鉄道""]",2,True,kinki,关西/近畿,关西/近畿,"[""近畿""]",kikan,期間限定タイプ,期间限定,"[""デジタル""]",False,True,ended,終了,,,4800.0,2400.0,2400.0,"大人：4,800円／小人：2,400円",3天,3.0,2025年4月1日 - 2026年3月29日,2025年4月1日 - 2026年3月31日,,"[""https://www2s.biglobe.ne.jp/~t_aoyagi/railway/free/map/jrwest156.gif""]","{""columns"": [""東海道新干线 (希望号 (Nozomi))"", ""東海道新干线 (光号/回声号)"", ""东北/上越新干线"", ""在来线特急/急行"", ""快速/普通车自由席列车 (绿色车厢)"", ""快速/普通车自由席列车 (专线列车 (Liner))"", ""快速/普通车自由席列车 (指定席)"", ""快速/普通车自由席列车 (自由席)"", ""东京单轨电车"", ""临海线""], ""status_rows"": [{""label"": null, ""symbols"": [{""symbol"": ""×"", ""note"": null}, {""symbol"": ""×"", ""note"": null}, {""symbol"": ""▲"", ""note"": null}, {""symbol"": ""▲"", ""note"": null}, {""symbol"": ""▲"", ""note"": null}, {""symbol"": ""▲"", ""note"": null}, {""symbol"": ""▲"", ""note"": null}, {""symbol"": ""▲"", ""note"": null}, {""symbol"": ""○"", ""note"": null}, {""symbol"": ""－"", ""note"": null}]}], ""legend"": {""○"": ""可乘车"", ""▲"": ""仅乘车券有效"", ""×"": ""不可乘车""}, ""notes"": null}",JR,[],0.0,KANSAI MaaS,JR西日本电话：,,https://tickets.jr-odekake.net/shohindb/view/consumer/tokutoku/detail.html?shnId=125000161,"[{""text"": ""ＪＲ西日本"", ""url"": ""https://tickets.jr-odekake.net/shohindb/view/consumer/tokutoku/detail.html?shnId=125000161""}]",,https://www2s.biglobe.ne.jp/~t_aoyagi/railway/free/jrwest156.htm,jrwest156.htm,13,2026/8/10 1:30,JR西日本×京都丹後鉄道 北近畿おでかけパス,,,,https://www2s.biglobe.ne.jp/~t_aoyagi/railway/free/jrwest156.htm
jrwest203,秋の京都丹波お出かけきっぷ,JR西日本,"[""ＪＲ西日本""]",1,False,kinki,关西/近畿,关西/近畿,"[""近畿""]",kikan,期間限定タイプ,期间限定,"[""デジタル""]",False,True,ended,終了,,,1200.0,,1200.0,"大人：1,200円／小人：---円",1天,1.0,2025年10月22日 - 2025年11月30日,2025年10月23日 - 2025年11月30日,,"[""https://www2s.biglobe.ne.jp/~t_aoyagi/railway/free/map/jrwest203.gif""]","{""columns"": [""绿色车厢 (头等座)"", ""普通车自由席车指定席席"", ""普通车自由席车自由席席"", ""专线列车 (Liner)"", ""特急"", ""急行"", ""快速"", ""普通车自由席"", ""指定席"", ""自由席"", ""其他的"", ""绿色车厢 (头等座)""], ""status_rows"": [{""label"": null, ""symbols"": [{""symbol"": ""×"", ""note"": null}, {""symbol"": ""×"", ""note"": null}, {""symbol"": ""×"", ""note"": null}, {""symbol"": ""×"", ""note"": null}, {""symbol"": ""×"", ""note"": null}, {""symbol"": ""×"", ""note"": null}, {""symbol"": ""×"", ""note"": null}, {""symbol"": ""▲"", ""note"": null}, {""symbol"": ""▲"", ""note"": null}, {""symbol"": ""▲"", ""note"": null}, {""symbol"": ""○"", ""note"": null}, {""symbol"": ""－"", ""note"": null}]}], ""legend"": {""○"": ""可乘车"", ""▲"": ""仅乘车券有效"", ""×"": ""不可乘车""}, ""notes"": null}",JR,"[""二维码门票""]",1.0,KANSAI MaaS,JR西日本电话：,,https://tickets.jr-odekake.net/shohindb/view/consumer/tokutoku/detail.html?shnId=125000323,"[{""text"": ""JR西日本"", ""url"": ""https://tickets.jr-odekake.net/shohindb/view/consumer/tokutoku/detail.html?shnId=125000323""}]",,https://www2s.biglobe.ne.jp/~t_aoyagi/railway/free/jrwest203.htm,jrwest203.htm,14,2026/8/10 1:30,秋の京都丹波お出かけきっぷ,,,,https://www2s.biglobe.ne.jp/~t_aoyagi/railway/free/jrwest203.htm
hankyu102,阪急・ＪＲ西日本 京都2wayパス,JR西日本,"[""ＪＲ西日本"", ""阪急電鉄""]",2,True,kinki,关西/近畿,关西/近畿,"[""近畿""]",kikan,期間限定タイプ,期间限定,"[""デジタル""]",False,True,ended,終了,,,1300.0,,1300.0,"大人 1,300円",1天,1.0,2025年4月1日 - 2025年10月31日,2025年4月1日 - 2025年10月31日,,"[""https://www2s.biglobe.ne.jp/~t_aoyagi/railway/free/map/hankyu102.gif""]",,JR,[],0.0,KANSAI MaaS,阪急梅田站电话中心 TEL: 06-6373-5290 (9:00-19:00),,https://www.hankyu.co.jp/ticket/otoku/013764.html,"[{""text"": ""阪急電鉄"", ""url"": ""https://www.hankyu.co.jp/ticket/otoku/013764.html""}, {""text"": ""JR西日本"", ""url"": ""https://www.jr-odekake.net/railroad/ticket/tokutoku/kyoto_2-way_pass/""}]",,https://www2s.biglobe.ne.jp/~t_aoyagi/railway/free/hankyu102.htm,hankyu102.htm,15,2026/8/10 1:30,阪急・ＪＲ西日本 京都２wayパス,,,,https://www2s.biglobe.ne.jp/~t_aoyagi/railway/free/hankyu102.htm
jrwest158,京都 京阪・JR西日本 QRパス,JR西日本,"[""ＪＲ西日本"", ""京阪電気鉄道""]",2,True,kinki,关西/近畿,关西/近畿,"[""近畿""]",kikan,期間限定タイプ,期间限定,"[""デジタル""]",False,True,ended,終了,,,800.0,,800.0,大人：800円,1天,1.0,2025年4月1日 - 2025年10月31日,2025年4月1日 - 2025年10月31日,,"[""https://www2s.biglobe.ne.jp/~t_aoyagi/railway/free/map/jrwest158.gif""]","{""columns"": [""東海道新干线 (希望号 (Nozomi))"", ""東海道新干线 (光号/回声号)"", ""东北/上越新干线"", ""在来线特急/急行"", ""快速/普通车自由席列车 (绿色车厢)"", ""快速/普通车自由席列车 (专线列车 (Liner))"", ""快速/普通车自由席列车 (指定席)"", ""快速/普通车自由席列车 (自由席)"", ""东京单轨电车"", ""临海线""], ""status_rows"": [{""label"": null, ""symbols"": [{""symbol"": ""×"", ""note"": null}, {""symbol"": ""×"", ""note"": null}, {""symbol"": ""▲"", ""note"": null}, {""symbol"": ""▲"", ""note"": null}, {""symbol"": ""▲"", ""note"": null}, {""symbol"": ""▲"", ""note"": null}, {""symbol"": ""▲"", ""note"": null}, {""symbol"": ""▲"", ""note"": null}, {""symbol"": ""○"", ""note"": null}, {""symbol"": ""－"", ""note"": null}]}], ""legend"": {""○"": ""可乘车"", ""▲"": ""仅乘车券有效"", ""×"": ""不可乘车""}, ""notes"": null}",JR,[],0.0,KANSAI MaaS,JR西日本电话：,,https://www.jr-odekake.net/railroad/ticket/tokutoku/kyoto_qrpass/,"[{""text"": ""ＪＲ西日本"", ""url"": ""https://www.jr-odekake.net/railroad/ticket/tokutoku/kyoto_qrpass/""}]",,https://www2s.biglobe.ne.jp/~t_aoyagi/railway/free/jrwest158.htm,jrwest158.htm,16,2026/8/10 1:30,JR西・京阪 京都QRパス,,,,https://www2s.biglobe.ne.jp/~t_aoyagi/railway/free/jrwest158.htm
jrwest157,阪神・JR西日本 おでかけ1dayパス,JR西日本,"[""ＪＲ西日本""]",1,False,kinki,关西/近畿,关西/近畿,"[""近畿""]",kikan,期間限定タイプ,期间限定,"[""デジタル""]",False,True,ended,終了,,,1400.0,,1400.0,"大人：1,400円",1天,1.0,2025年4月1日 - 2025年10月31日,2025年4月1日 - 2025年10月31日,,"[""https://www2s.biglobe.ne.jp/~t_aoyagi/railway/free/map/jrwest157.gif""]","{""columns"": [""東海道新干线 (希望号 (Nozomi))"", ""東海道新干线 (光号/回声号)"", ""东北/上越新干线"", ""在来线特急/急行"", ""快速/普通车自由席列车 (绿色车厢)"", ""快速/普通车自由席列车 (专线列车 (Liner))"", ""快速/普通车自由席列车 (指定席)"", ""快速/普通车自由席列车 (自由席)"", ""东京单轨电车"", ""临海线""], ""status_rows"": [{""label"": null, ""symbols"": [{""symbol"": ""×"", ""note"": null}, {""symbol"": ""×"", ""note"": null}, {""symbol"": ""▲"", ""note"": null}, {""symbol"": ""▲"", ""note"": null}, {""symbol"": ""▲"", ""note"": null}, {""symbol"": ""▲"", ""note"": null}, {""symbol"": ""▲"", ""note"": null}, {""symbol"": ""▲"", ""note"": null}, {""symbol"": ""○"", ""note"": null}, {""symbol"": ""－"", ""note"": null}]}], ""legend"": {""○"": ""可乘车"", ""▲"": ""仅乘车券有效"", ""×"": ""不可乘车""}, ""notes"": null}",JR,[],0.0,KANSAI MaaS,JR西日本电话：,,https://www.jr-odekake.net/railroad/ticket/tokutoku/meguri-freepass/,"[{""text"": ""ＪＲ西日本"", ""url"": ""https://www.jr-odekake.net/railroad/ticket/tokutoku/meguri-freepass/""}]",,https://www2s.biglobe.ne.jp/~t_aoyagi/railway/free/jrwest157.htm,jrwest157.htm,17,2026/8/10 1:30,阪神・JR西日本 おでかけ1dayパス,,,,https://www2s.biglobe.ne.jp/~t_aoyagi/railway/free/jrwest157.htm
jrwest153,ひょうごアクセス2dayパス,JR西日本,"[""ＪＲ西日本"", ""神戸新交通"", ""神戸市交通局"", ""神戸電鉄""]",4,True,kinki,关西/近畿,关西/近畿,"[""近畿""]",kikan,期間限定タイプ,期间限定,"[""デジタル""]",False,True,ended,終了,,,4600.0,,4600.0,"大人：4,600円",2天,2.0,2025年4月11日 - 2025年10月30日,2025年4月11日 - 2025年10月31日,,"[""https://www2s.biglobe.ne.jp/~t_aoyagi/railway/free/map/jrwest153.gif""]","{""columns"": [""東海道新干线 (希望号 (Nozomi))"", ""東海道新干线 (光号/回声号)"", ""东北/上越新干线"", ""在来线特急/急行"", ""快速/普通车自由席列车 (绿色车厢)"", ""快速/普通车自由席列车 (专线列车 (Liner))"", ""快速/普通车自由席列车 (指定席)"", ""快速/普通车自由席列车 (自由席)"", ""东京单轨电车"", ""临海线""], ""status_rows"": [{""label"": null, ""symbols"": [{""symbol"": ""×"", ""note"": null}, {""symbol"": ""×"", ""note"": null}, {""symbol"": ""▲"", ""note"": null}, {""symbol"": ""▲"", ""note"": null}, {""symbol"": ""▲"", ""note"": null}, {""symbol"": ""▲"", ""note"": null}, {""symbol"": ""▲"", ""note"": null}, {""symbol"": ""▲"", ""note"": null}, {""symbol"": ""○"", ""note"": null}, {""symbol"": ""－"", ""note"": null}]}], ""legend"": {""○"": ""可乘车"", ""▲"": ""仅乘车券有效"", ""×"": ""不可乘车""}, ""notes"": null}",JR,[],0.0,KANSAI MaaS,JR西日本电话：,,https://www.jr-odekake.net/railroad/ticket/tokutoku/hyogo_access_2daypass/,"[{""text"": ""ＪＲ西日本"", ""url"": ""https://www.jr-odekake.net/railroad/ticket/tokutoku/hyogo_access_2daypass/""}]",,https://www2s.biglobe.ne.jp/~t_aoyagi/railway/free/jrwest153.htm,jrwest153.htm,18,2026/8/10 1:30,ひょうごアクセス2dayパス,,,,https://www2s.biglobe.ne.jp/~t_aoyagi/railway/free/jrwest153.htm
jrwest155,ぶらり加古川線tabiwa 1Dayパス,JR西日本,"[""ＪＲ西日本""]",1,False,kinki,关西/近畿,关西/近畿,"[""近畿""]",kikan,期間限定タイプ,期间限定,"[""デジタル""]",False,True,ended,終了,,,1200.0,,1200.0,"大人：1,200円",1天,1.0,2025年4月13日 - 2025年10月13日,2025年4月13日 - 2025年10月13日,,"[""https://www2s.biglobe.ne.jp/~t_aoyagi/railway/free/map/jrwest155.gif""]","{""columns"": [""東海道新干线 (希望号 (Nozomi))"", ""東海道新干线 (光号/回声号)"", ""东北/上越新干线"", ""在来线特急/急行"", ""快速/普通车自由席列车 (绿色车厢)"", ""快速/普通车自由席列车 (专线列车 (Liner))"", ""快速/普通车自由席列车 (指定席)"", ""快速/普通车自由席列车 (自由席)"", ""东京单轨电车"", ""临海线""], ""status_rows"": [{""label"": null, ""symbols"": [{""symbol"": ""×"", ""note"": null}, {""symbol"": ""×"", ""note"": null}, {""symbol"": ""▲"", ""note"": null}, {""symbol"": ""▲"", ""note"": null}, {""symbol"": ""▲"", ""note"": null}, {""symbol"": ""▲"", ""note"": null}, {""symbol"": ""▲"", ""note"": null}, {""symbol"": ""▲"", ""note"": null}, {""symbol"": ""○"", ""note"": null}, {""symbol"": ""－"", ""note"": null}]}], ""legend"": {""○"": ""可乘车"", ""▲"": ""仅乘车券有效"", ""×"": ""不可乘车""}, ""notes"": null}",JR,[],0.0,tabiwa by WESTER,JR西日本电话：,,https://www.westjr.co.jp/press/article/items/250403_00_press_Kakogawaline_WESTERstamprally.pdf,"[{""text"": ""ＪＲ西日本"", ""url"": ""https://www.westjr.co.jp/press/article/items/250403_00_press_Kakogawaline_WESTERstamprally.pdf""}]",,https://www2s.biglobe.ne.jp/~t_aoyagi/railway/free/jrwest155.htm,jrwest155.htm,19,2026/8/10 1:30,ぶらり加古川線tabiwa 1Dayパス,,,,https://www2s.biglobe.ne.jp/~t_aoyagi/railway/free/jrwest155.htm
jrwest205,ONE KANSAI 伊勢志摩デジタル周遊フリーパス,JR西日本,"[""ＪＲ西日本"", ""近畿日本鉄道""]",2,True,kinki,关西/近畿,关西/近畿,"[""近畿""]",kikan,期間限定タイプ,期间限定,"[""デジタル""]",False,True,period,2026/8/10  〜2027/3/29,2026/8/10,2027/3/29,6200.0,,6200.0,"大人：6,200円／小人：----円",3天,3.0,2026年8月10日 - 2027年3月29日,2026年8月10日 - 2027年3月31日,,"[""https://www2s.biglobe.ne.jp/~t_aoyagi/railway/free/map/jrwest205.gif""]","{""columns"": [""绿色车厢 (头等座)"", ""普通车自由席车指定席席"", ""普通车自由席车自由席席"", ""专线列车 (Liner)"", ""特急"", ""急行"", ""快速"", ""普通车自由席"", ""指定席"", ""自由席"", ""其他的"", ""绿色车厢 (头等座)"", ""普通车自由席车指定席席"", ""普通车自由席车自由席席"", ""专线列车 (Liner)""], ""status_rows"": [{""label"": null, ""symbols"": [{""symbol"": ""×"", ""note"": null}, {""symbol"": ""×"", ""note"": null}, {""symbol"": ""×"", ""note"": null}, {""symbol"": ""×"", ""note"": null}, {""symbol"": ""×"", ""note"": null}, {""symbol"": ""×"", ""note"": null}, {""symbol"": ""×"", ""note"": null}, {""symbol"": ""▲"", ""note"": null}, {""symbol"": ""▲"", ""note"": null}, {""symbol"": ""▲"", ""note"": null}, {""symbol"": ""○"", ""note"": null}, {""symbol"": ""－"", ""note"": null}, {""symbol"": ""▲"", ""note"": null}, {""symbol"": ""▲"", ""note"": null}, {""symbol"": ""○"", ""note"": null}]}], ""legend"": {""○"": ""可乘车"", ""▲"": ""仅乘车券有效"", ""×"": ""不可乘车""}, ""notes"": null}",JR,"[""二维码门票""]",1.0,KANSAI MaaS,JR西日本电话：,,https://www.jr-odekake.net/ticket/tokutoku/iseshima_dp/,"[{""text"": ""JR西日本"", ""url"": ""https://www.jr-odekake.net/ticket/tokutoku/iseshima_dp/""}]",,https://www2s.biglobe.ne.jp/~t_aoyagi/railway/free/jrwest205.htm,jrwest205.htm,20,2026/8/10 1:30,ONE KANSAI 伊勢志摩デジタル周遊フリーパス,,,,https://www2s.biglobe.ne.jp/~t_aoyagi/railway/free/jrwest205.htm
iga01,伊賀鉄道一日フリー乗車券,伊賀鉄道,"[""伊賀鉄道""]",1,False,kinki,关西/近畿,关西/近畿,"[""近畿""]",tunen,通年発売タイプ,全年发售,"[""実券"", ""デジタル""]",True,True,on_sale,発売中,,,800.0,400.0,400.0,大人：800円／小人：400円,1天,1.0,现已发售,现已发售,,"[""https://www2s.biglobe.ne.jp/~t_aoyagi/railway/free/map/iga.gif""]",,地方私鉄,[],0.0,"上野市、蒲町、伊贺神户
 莱德通行证",伊贺铁道上野市站 TEL:0595-21-3231,,https://www.igatetsu.co.jp/?p=804,"[{""text"": ""伊賀鉄道"", ""url"": ""https://www.igatetsu.co.jp/?p=804""}, {""text"": ""RYDE PASS"", ""url"": ""https://pass.ryde-go.com/products/DG98P5JSWD85""}]",,https://www2s.biglobe.ne.jp/~t_aoyagi/railway/free/iga01.htm,iga01.htm,21,2026/8/10 1:30,伊賀鉄道一日フリー乗車券,,,,https://www2s.biglobe.ne.jp/~t_aoyagi/railway/free/iga01.htm
iga96,１日フリー乗車券(伊賀鉄道全線),伊賀鉄道,"[""伊賀鉄道""]",1,False,kinki,关西/近畿,关西/近畿,"[""近畿""]",kikan,期間限定タイプ,期间限定,"[""デジタル""]",False,True,ended,終了,,,700.0,350.0,350.0,大人：700円／小人：350円,1天,1.0,2025年3月1日 - 2026年2月28日,2025年3月1日 - 2026年2月28日,,"[""https://www2s.biglobe.ne.jp/~t_aoyagi/railway/free/map/iga.gif""]",,地方私鉄,[],0.0,KANSAI MaaS,伊贺铁道上野市站 TEL:0595-21-3231,,https://app.kansai-maas.jp/tickets/KMJW102500,"[{""text"": ""KANSAI MaaS"", ""url"": ""https://app.kansai-maas.jp/tickets/KMJW102500""}]",,https://www2s.biglobe.ne.jp/~t_aoyagi/railway/free/iga96.htm,iga96.htm,22,2026/8/10 1:30,１日フリー乗車券(伊賀鉄道全線),,,,https://www2s.biglobe.ne.jp/~t_aoyagi/railway/free/iga96.htm
iga97,デジタル割引一日フリー乗車券,伊賀鉄道,"[""伊賀鉄道""]",1,False,kinki,关西/近畿,关西/近畿,"[""近畿""]",kikan,期間限定タイプ,期间限定,"[""デジタル""]",False,True,ended,終了,,,600.0,300.0,300.0,大人：600円／小人：300円,1天,1.0,2025年8月9日 - 2025年8月23日,2025年8月9日、10日、23日,,"[""https://www2s.biglobe.ne.jp/~t_aoyagi/railway/free/map/iga.gif""]",,地方私鉄,[],0.0,RYDE PASS,伊贺铁道上野市站 TEL:0595-21-3231,,https://www.igatetsu.co.jp/?p=2672,"[{""text"": ""伊賀鉄道"", ""url"": ""https://www.igatetsu.co.jp/?p=2672""}, {""text"": ""RYDE PASS"", ""url"": ""https://pass.ryde-go.com/products/Q73G1MSP0XRV""}]",,https://www2s.biglobe.ne.jp/~t_aoyagi/railway/free/iga97.htm,iga97.htm,23,2026/8/10 1:30,デジタル割引一日フリー乗車券,,,,https://www2s.biglobe.ne.jp/~t_aoyagi/railway/free/iga97.htm
iga41,【手裏剣体験＆ほうじ茶サービス付き】伊賀鉄道一日フリー乗車券,伊賀鉄道,"[""伊賀鉄道""]",1,False,kinki,关西/近畿,关西/近畿,"[""近畿""]",kikan,期間限定タイプ,期间限定,"[""デジタル""]",False,True,on_sale,発売中,,,800.0,400.0,400.0,大人：800円／小人：400円,1天,1.0,现已发售,现已发售,,"[""https://www2s.biglobe.ne.jp/~t_aoyagi/railway/free/map/iga.gif""]",,地方私鉄,[],0.0,RYDE PASS,伊贺铁道上野市站 TEL:0595-21-3231,,https://www.igatetsu.co.jp/?p=419,"[{""text"": ""伊賀鉄道"", ""url"": ""https://www.igatetsu.co.jp/?p=419""}, {""text"": ""RYDE PASS"", ""url"": ""https://pass.ryde-go.com/products/617394ZSQN80""}]",,https://www2s.biglobe.ne.jp/~t_aoyagi/railway/free/iga41.htm,iga41.htm,24,2026/8/10 1:30,【手裏剣体験＆ほうじ茶サービス付き】 伊賀鉄道一日フリー乗車券,,,,https://www2s.biglobe.ne.jp/~t_aoyagi/railway/free/iga41.htm
iga42,【忍者ラテアートサービス付き】伊賀鉄道一日フリー乗車券,伊賀鉄道,"[""伊賀鉄道""]",1,False,kinki,关西/近畿,关西/近畿,"[""近畿""]",kikan,期間限定タイプ,期间限定,"[""デジタル""]",False,True,on_sale,発売中,,,800.0,400.0,400.0,大人：800円／小人：400円,1天,1.0,现已发售,现已发售,,"[""https://www2s.biglobe.ne.jp/~t_aoyagi/railway/free/map/iga.gif""]",,地方私鉄,[],0.0,RYDE PASS,伊贺铁道上野市站 TEL:0595-21-3231,,https://www.igatetsu.co.jp/?p=419,"[{""text"": ""伊賀鉄道"", ""url"": ""https://www.igatetsu.co.jp/?p=419""}, {""text"": ""RYDE PASS"", ""url"": ""https://pass.ryde-go.com/products/L2DRYQGSL03E""}]",,https://www2s.biglobe.ne.jp/~t_aoyagi/railway/free/iga42.htm,iga42.htm,25,2026/8/10 1:30,【忍者ラテアートサービス付き】 伊賀鉄道一日フリー乗車券,,,,https://www2s.biglobe.ne.jp/~t_aoyagi/railway/free/iga42.htm
iga43,【花咲かりん1.000円以上お買上げ特典付き】伊賀鉄道一日フリー乗車券,伊賀鉄道,"[""伊賀鉄道""]",1,False,kinki,关西/近畿,关西/近畿,"[""近畿""]",kikan,期間限定タイプ,期间限定,"[""デジタル""]",False,True,on_sale,発売中,,,800.0,400.0,400.0,大人：800円／小人：400円,1天,1.0,现已发售,现已发售,,"[""https://www2s.biglobe.ne.jp/~t_aoyagi/railway/free/map/iga.gif""]",,地方私鉄,[],0.0,RYDE PASS,伊贺铁道上野市站 TEL:0595-21-3231,,https://www.igatetsu.co.jp/?p=419,"[{""text"": ""伊賀鉄道"", ""url"": ""https://www.igatetsu.co.jp/?p=419""}, {""text"": ""RYDE PASS"", ""url"": ""https://pass.ryde-go.com/products/GQVR04YSED39""}]",,https://www2s.biglobe.ne.jp/~t_aoyagi/railway/free/iga43.htm,iga43.htm,26,2026/8/10 1:30,【花咲かりん1.000円以上お買上げ特典付き】 伊賀鉄道一日フリー乗車券,,,,https://www2s.biglobe.ne.jp/~t_aoyagi/railway/free/iga43.htm
iga44,【電車型マグネット付き】伊賀鉄道一日フリー乗車券,伊賀鉄道,"[""伊賀鉄道""]",1,False,kinki,关西/近畿,关西/近畿,"[""近畿""]",kikan,期間限定タイプ,期间限定,"[""デジタル""]",False,True,on_sale,発売中,,,1100.0,700.0,700.0,"大人：1,100円／小人：700円",1天,1.0,现已发售,现已发售,,"[""https://www2s.biglobe.ne.jp/~t_aoyagi/railway/free/map/iga.gif""]",,地方私鉄,[],0.0,RYDE PASS,伊贺铁道上野市站 TEL:0595-21-3231,,https://pass.ryde-go.com/products/EPY36LKSGZ81,"[{""text"": ""RYDE PASS"", ""url"": ""https://pass.ryde-go.com/products/EPY36LKSGZ81""}]",,https://www2s.biglobe.ne.jp/~t_aoyagi/railway/free/iga44.htm,iga44.htm,27,2026/8/10 1:30,【電車型マグネット付き】 伊賀鉄道一日フリー乗車券,,,,https://www2s.biglobe.ne.jp/~t_aoyagi/railway/free/iga44.htm
iga45,【伊賀酒試飲コイン付き】伊賀鉄道一日フリー乗車券,伊賀鉄道,"[""伊賀鉄道""]",1,False,kinki,关西/近畿,关西/近畿,"[""近畿""]",kikan,期間限定タイプ,期间限定,"[""デジタル""]",False,True,on_sale,発売中,,,800.0,400.0,400.0,大人：800円／小人：400円,1天,1.0,现已发售,现已发售,,"[""https://www2s.biglobe.ne.jp/~t_aoyagi/railway/free/map/iga.gif""]",,地方私鉄,"[""品尝券只能在菊野商店营业日及营业时间内使用。"", ""儿童不得取样。""]",2.0,RYDE PASS,伊贺铁道上野市站 TEL:0595-21-3231,,https://pass.ryde-go.com/products/DMW849MSJW37,"[{""text"": ""RYDE PASS"", ""url"": ""https://pass.ryde-go.com/products/DMW849MSJW37""}]",,https://www2s.biglobe.ne.jp/~t_aoyagi/railway/free/iga45.htm,iga45.htm,28,2026/8/10 1:30,【伊賀酒試飲コイン付き】 伊賀鉄道一日フリー乗車券,,,,https://www2s.biglobe.ne.jp/~t_aoyagi/railway/free/iga45.htm
iga49,【★伊賀流忍者博物館★入場券付き】伊賀鉄道一日フリー乗車券,伊賀鉄道,"[""伊賀鉄道""]",1,False,kinki,关西/近畿,关西/近畿,"[""近畿""]",kikan,期間限定タイプ,期间限定,"[""デジタル""]",False,True,on_sale,発売中,,,,,1200.0,"上忍：1,900円(高校生以上) 
 中忍：1,600円(中学生) 
 下忍：1,200円(小学生)",1天,1.0,现已发售,现已发售,,"[""https://www2s.biglobe.ne.jp/~t_aoyagi/railway/free/map/iga.gif""]",,地方私鉄,[],0.0,RYDE PASS,伊贺铁道上野市站 TEL:0595-21-3231,,https://pass.ryde-go.com/products/Q73G1MS2GWRV,"[{""text"": ""RYDE PASS"", ""url"": ""https://pass.ryde-go.com/products/Q73G1MS2GWRV""}]",,https://www2s.biglobe.ne.jp/~t_aoyagi/railway/free/iga49.htm,iga49.htm,29,2026/8/10 1:30,【★伊賀流忍者博物館★入場券付き】 伊賀鉄道一日フリー乗車券,,,,https://www2s.biglobe.ne.jp/~t_aoyagi/railway/free/iga49.htm
iga95,★ワンコイン★１日フリー乗車券,伊賀鉄道,"[""伊賀鉄道""]",1,False,kinki,关西/近畿,关西/近畿,"[""近畿""]",kikan,期間限定タイプ,期间限定,"[""デジタル""]",False,True,ended,終了,,,500.0,250.0,250.0,大人：500円 小人：250円,1天,1.0,"2024年7月29日 - 2024年8月24日
 2024年9月27日 - 2024年10月20日
 2024年9月27日 - 2024年10月14日","八月 11, 2024, 八月 11, 八月 24, 2024",,"[""https://www2s.biglobe.ne.jp/~t_aoyagi/railway/free/map/iga.gif""]",,地方私鉄,[],0.0,"2024年7月29日 - 2024年8月24日：RYDE PASS
 
2024年9月27日 - 2024年10月20日：RYDE PASS
 
2024年9月27日 - 2024年10月14日：RYDE PASS",伊贺铁道 TEL:0595-21-3231,,https://www.igatetsu.co.jp/?p=2060,"[{""text"": ""伊賀鉄道"", ""url"": ""https://www.igatetsu.co.jp/?p=2060""}, {""text"": ""RYDE PASS"", ""url"": ""https://pass.ryde-go.com/products/DG9RP5JSM2R5""}, {""text"": ""RYDE PASS"", ""url"": ""https://pass.ryde-go.com/products/DG9RP5JSM2R5""}]",,https://www2s.biglobe.ne.jp/~t_aoyagi/railway/free/iga95.htm,iga95.htm,30,2026/8/10 1:30,★ワンコイン★１日フリー乗車券,,,,https://www2s.biglobe.ne.jp/~t_aoyagi/railway/free/iga95.htm
omi11,１デイ・スマイルチケット,近江鉄道,"[""近江鉄道""]",1,False,kinki,关西/近畿,关西/近畿,"[""近畿""]",tunen,通年発売タイプ,全年发售,"[""デジタル""]",False,True,on_sale,発売中,,,1500.0,,1500.0,"大人：1,500円／中高生：1,000円",1天,1.0,全年,全年,,"[""https://www2s.biglobe.ne.jp/~t_aoyagi/railway/free/map/omi.gif""]",,地方私鉄,"[""12月30日至1月3日期间不可用""]",1.0,"成人：莱德通行证
 初高中生：iCONPASS",近江铁道 TEL:0749-22-3303,,https://www.ohmitetudo.co.jp/railway/ride/ticket/1day/,"[{""text"": ""近江鉄道"", ""url"": ""https://www.ohmitetudo.co.jp/railway/ride/ticket/1day/""}, {""text"": ""RYDE PASS"", ""url"": ""https://pass.ryde-go.com/products/DV8DYDSJME8X""}]",,https://www2s.biglobe.ne.jp/~t_aoyagi/railway/free/omi11.htm,omi11.htm,31,2026/8/10 1:30,１デイ・スマイルチケット,,,,https://www2s.biglobe.ne.jp/~t_aoyagi/railway/free/omi11.htm
omi95,お〜み満喫パス,近江鉄道,"[""近江鉄道""]",1,False,kinki,关西/近畿,关西/近畿,"[""近畿""]",tunen,通年発売タイプ,全年发售,"[""デジタル""]",False,True,on_sale,発売中,,,2500.0,,2500.0,"おとな：2,500円",1天,1.0,全年,全年,,"[""https://www2s.biglobe.ne.jp/~t_aoyagi/railway/free/map/omi95.gif""]",,地方私鉄,[],0.0,RYDE PASS,"近江铁道/铁道部交通课 TEL:0749-22-3303
 （8:30-17:30，周六、周日、节假日除外）",,https://www.ohmitetudo.co.jp/railway/ride/ticket/mankitsu/,"[{""text"": ""近江鉄道"", ""url"": ""https://www.ohmitetudo.co.jp/railway/ride/ticket/mankitsu/""}, {""text"": ""RYDE PASS"", ""url"": ""https://pass.ryde-go.com/products/9E3N25SXQVR7""}]",,https://www2s.biglobe.ne.jp/~t_aoyagi/railway/free/omi95.htm,omi95.htm,32,2026/8/10 1:30,お〜み満喫パス,,,,https://www2s.biglobe.ne.jp/~t_aoyagi/railway/free/omi95.htm
biwakokeihanna,びわこ京阪奈線フリーキップ,近江鉄道,"[""近江鉄道"", ""信楽高原鐵道""]",2,True,kinki,关西/近畿,关西/近畿,"[""近畿""]",holiday,週末限定タイプ,周末限定,"[""デジタル""]",False,True,on_sale,発売中,,,2000.0,,2000.0,"大人：2,000円",1天（仅发布当天有效）,1.0,周六、周日、节假日,周六、周日、节假日,,"[""https://www2s.biglobe.ne.jp/~t_aoyagi/railway/free/map/biwakokeihanna.gif""]",,地方私鉄,[],0.0,RYDE PASS（近江铁道） RYDE PASS（信乐高原铁道）,"近江铁道/铁道部交通课 TEL:0749-22-3303
 信乐高原铁道 TEL:0748-82-3391",,https://www.ohmitetudo.co.jp/railway/ride/ticket/biwako-keihannna/,"[{""text"": ""近江鉄道"", ""url"": ""https://www.ohmitetudo.co.jp/railway/ride/ticket/biwako-keihannna/""}, {""text"": ""信楽高原鐵道"", ""url"": ""http://koka-skr.co.jp/keihanna.html""}, {""text"": ""RYDE PASS(近江鉄道)"", ""url"": ""https://pass.ryde-go.com/products/DG98P5JSLK85""}, {""text"": ""RYDE PASS(信楽高原鐵道)"", ""url"": ""https://pass.ryde-go.com/products/DG9RP5JS9KR5""}]",,https://www2s.biglobe.ne.jp/~t_aoyagi/railway/free/biwakokeihanna.htm,biwakokeihanna.htm,33,2026/8/10 1:30,びわこ京阪奈線フリーきっぷ,,,,https://www2s.biglobe.ne.jp/~t_aoyagi/railway/free/biwakokeihanna.htm
omi90,ワンコインスマイルきっぷ,近江鉄道,"[""近江鉄道""]",1,False,kinki,关西/近畿,关西/近畿,"[""近畿""]",kikan,期間限定タイプ,期间限定,"[""実券""]",True,False,ended,終了,,,500.0,100.0,100.0,大人：500円／小人：100円,1天,1.0,2023年9月15日 - 2023年11月26日,2023年9月15日至2023年11月26日期间的周五、周六、周日和节假日,,"[""https://www2s.biglobe.ne.jp/~t_aoyagi/railway/free/map/omi.gif""]",,地方私鉄,[],0.0,"近江铁道有人值守的车站、车内
 莱德通行证应用程序",近江铁道株式会社铁道部交通课 TEL: 0749-22-3303,,https://www.ohmitetudo.co.jp/railway/ride/ticket/one-coin2023/,"[{""text"": ""近江鉄道"", ""url"": ""https://www.ohmitetudo.co.jp/railway/ride/ticket/one-coin2023/""}, {""text"": ""RYDE PASS（ライドパス）アプリ"", ""url"": ""https://pass.ryde-go.com/products/EPY36LKS4W81""}]",,https://www2s.biglobe.ne.jp/~t_aoyagi/railway/free/omi90.htm,omi90.htm,34,2026/8/10 1:30,ワンコインスマイルきっぷ,,,,https://www2s.biglobe.ne.jp/~t_aoyagi/railway/free/omi90.htm
omi85,八日市線ワンコインきっぷ,近江鉄道,"[""近江鉄道""]",1,False,kinki,关西/近畿,关西/近畿,"[""近畿""]",kikan,期間限定タイプ,期间限定,"[""実券""]",True,False,ended,終了,,,500.0,,500.0,おとな：500円 こども：---円,1天,1.0,2020年10月1日 - 2020年11月2日,周一至周四，2020年10月1日至2020年11月2日,,"[""https://www2s.biglobe.ne.jp/~t_aoyagi/railway/free/map/omi85.gif""]",,地方私鉄,[],0.0,八日一、近江八幡,东近江市城市整备部/公共交通政策课 TEL: 0748-24-5658,,http://www.ohmitetudo.co.jp/railway/31855/index.html/,"[{""text"": ""近江鉄道"", ""url"": ""http://www.ohmitetudo.co.jp/railway/31855/index.html/""}]",,https://www2s.biglobe.ne.jp/~t_aoyagi/railway/free/omi85.htm,omi85.htm,35,2026/8/10 1:30,八日市線ワンコインきっぷ,,,,https://www2s.biglobe.ne.jp/~t_aoyagi/railway/free/omi85.htm
omi81,びわこジャズ東近江コラボ １デイ・スマイルチケット,近江鉄道,"[""近江鉄道""]",1,False,kinki,关西/近畿,关西/近畿,"[""近畿""]",kikan,期間限定タイプ,期间限定,"[""実券""]",True,False,ended,終了,,,900.0,450.0,450.0,大人：900円／小人：450円,1天,1.0,2024年4月27日 - 2024年4月28日,2024年4月27日 - 2024年4月28日,,"[""https://www2s.biglobe.ne.jp/~t_aoyagi/railway/free/map/omi.gif""]",,地方私鉄,[],0.0,米原、彦根、高宫、八日市、近江八幡、日野、纪生川,近江铁道 TEL:0749-22-3303,,http://www.ohmitetudo.co.jp/railway/biwakojazz2024,"[{""text"": ""近江鉄道"", ""url"": ""http://www.ohmitetudo.co.jp/railway/biwakojazz2024""}]",,https://www2s.biglobe.ne.jp/~t_aoyagi/railway/free/omi81.htm,omi81.htm,36,2026/8/10 1:30,びわこジャズ東近江コラボ １デイ・スマイルチケット,,,,https://www2s.biglobe.ne.jp/~t_aoyagi/railway/free/omi81.htm
omi82,ガチャコンまつり500円フリーきっぷ,近江鉄道,"[""近江鉄道""]",1,False,kinki,关西/近畿,关西/近畿,"[""近畿""]",kikan,期間限定タイプ,期间限定,"[""実券""]",True,False,ended,終了,,,500.0,,500.0,大人：500円,1天,1.0,2023 年 6 月 24 日,2023 年 6 月 24 日,,"[""https://www2s.biglobe.ne.jp/~t_aoyagi/railway/free/map/omi.gif""]",,地方私鉄,[],0.0,米原、彦根、高宫、八日市、近江八幡、日野、纪生川,近江铁道 TEL:0749-22-3303,,http://www.ohmitetudo.co.jp/railway/icoico/event/gatyakonmatsuri2023,"[{""text"": ""近江鉄道"", ""url"": ""http://www.ohmitetudo.co.jp/railway/icoico/event/gatyakonmatsuri2023""}]",,https://www2s.biglobe.ne.jp/~t_aoyagi/railway/free/omi82.htm,omi82.htm,37,2026/8/10 1:30,ガチャコンまつり500円フリーきっぷ,,,,https://www2s.biglobe.ne.jp/~t_aoyagi/railway/free/omi82.htm
omi86,ガチャフェス乗車券,近江鉄道,"[""近江鉄道""]",1,False,kinki,关西/近畿,关西/近畿,"[""近畿""]",kikan,期間限定タイプ,期间限定,"[""実券""]",True,False,ended,終了,,,100.0,,100.0,大人：100円／小人：無料,1天,1.0,2024 年 10 月 19 日,2024 年 10 月 19 日,,"[""https://www2s.biglobe.ne.jp/~t_aoyagi/railway/free/map/omi.gif""]",,地方私鉄,[],0.0,"近江铁道线车站
 
米原、彦根、彦根口、高宫、爱知川、八日市、日野、水口、水口城南、吉生川、银幕、新八日市、平田、近江八幡",近江铁道 TEL:0749-22-3303,,https://www.ohmitetudo.co.jp/file.jsp?id=13233,"[{""text"": ""近江鉄道"", ""url"": ""https://www.ohmitetudo.co.jp/file.jsp?id=13233""}]",,https://www2s.biglobe.ne.jp/~t_aoyagi/railway/free/omi86.htm,omi86.htm,38,2026/8/10 1:30,ガチャフェス乗車券,,,,https://www2s.biglobe.ne.jp/~t_aoyagi/railway/free/omi86.htm
omi87,ハッピーライドパス,近江鉄道,"[""近江鉄道""]",1,False,kinki,关西/近畿,关西/近畿,"[""近畿""]",kikan,期間限定タイプ,期间限定,"[""デジタル""]",False,True,ended,終了,,,400.0,10.0,10.0,大人：400円／小人：10円,1天,1.0,2024年10月25日 - 2025年1月13日,"2024年10月25日至2025年1月13日周五、周六和节假日
 2024年12月30日 - 2025年1月2日",,"[""https://www2s.biglobe.ne.jp/~t_aoyagi/railway/free/map/omi.gif""]",,地方私鉄,"[""不能只为儿童购买""]",1.0,"近江铁道线车站
 
米原、彦根、彦根口、高宫、爱知川、八日市、日野、水口、水口城南、高部川、屏风、多贺大社（仅限新年参拜期间）、
新洋日一、平田、近江八幡
 
火车上（从火车乘务员处购买）",近江铁道 TEL:0749-22-3303,,https://www.ohmitetudo.co.jp/file.jsp?id=13539,"[{""text"": ""近江鉄道"", ""url"": ""https://www.ohmitetudo.co.jp/file.jsp?id=13539""}]",,https://www2s.biglobe.ne.jp/~t_aoyagi/railway/free/omi87.htm,omi87.htm,39,2026/8/10 1:30,1DAYエンジョイパス,,,,https://www2s.biglobe.ne.jp/~t_aoyagi/railway/free/omi87.htm
omi88,1DAYエンジョイパス,近江鉄道,"[""近江鉄道""]",1,False,kinki,关西/近畿,关西/近畿,"[""近畿""]",kikan,期間限定タイプ,期间限定,"[""実券""]",True,False,ended,終了,,,,,,,,,,,,,,地方私鉄,,,,,,,,,https://www2s.biglobe.ne.jp/~t_aoyagi/railway/free/omi88.htm,omi88.htm,40,2026/8/10 1:30,,,,,https://www2s.biglobe.ne.jp/~t_aoyagi/railway/free/omi88.htm
omi96,春休みこども10円1デイパス,近江鉄道,"[""近江鉄道""]",1,False,kinki,关西/近畿,关西/近畿,"[""近畿""]",spring,春期間限定タイプ,春季限定,"[""実券""]",True,False,ended,終了,,,,10.0,10.0,小人：10円,1天,1.0,2025年3月22日 - 2025年4月6日,2025年3月22日 - 2025年4月6日,,"[""https://www2s.biglobe.ne.jp/~t_aoyagi/railway/free/map/omi.gif""]",,地方私鉄,[],0.0,米原、彦根、彦根口、高宫、爱知川、八日市、日野、水口、水口城南、高布川、新八日一、平田、近江八幡、屏风,"近江铁道 TEL:0749-22-3303
 （8:30-17:30，周六、周日、节假日除外）",,https://www.ohmitetudo.co.jp/file.jsp?id=15021,"[{""text"": ""近江鉄道"", ""url"": ""https://www.ohmitetudo.co.jp/file.jsp?id=15021""}]",,https://www2s.biglobe.ne.jp/~t_aoyagi/railway/free/omi96.htm,omi96.htm,41,2026/8/10 1:30,春休みこども10円1デイパス,,,,https://www2s.biglobe.ne.jp/~t_aoyagi/railway/free/omi96.htm
omi92,夏休みこども10円1デイパス,近江鉄道,"[""近江鉄道""]",1,False,kinki,关西/近畿,关西/近畿,"[""近畿""]",summer,夏限定タイプ,夏季限定,"[""実券""]",True,False,ended,終了,,,,10.0,10.0,小人：10円,1天,1.0,2025年7月19日 - 2025年8月31日,2025年7月19日 - 2025年8月31日,,"[""https://www2s.biglobe.ne.jp/~t_aoyagi/railway/free/map/omi.gif""]",,地方私鉄,[],0.0,近江铁道有人值守的车站,"近江铁道 TEL:0749-22-3303
 （8:30-17:30，周六、周日、节假日除外）",,https://www.ohmitetudo.co.jp/file.jsp?id=16086,"[{""text"": ""近江鉄道"", ""url"": ""https://www.ohmitetudo.co.jp/file.jsp?id=16086""}]",,https://www2s.biglobe.ne.jp/~t_aoyagi/railway/free/omi92.htm,omi92.htm,42,2026/8/10 1:30,夏休みこども10円1デイパス,,,,https://www2s.biglobe.ne.jp/~t_aoyagi/railway/free/omi92.htm
omi12,１デイ・スマイルチケット【年末年始特別発売】,近江鉄道,"[""近江鉄道""]",1,False,kinki,关西/近畿,关西/近畿,"[""近畿""]",winter,年末年始限定タイプ,年末年初限定,"[""実券""]",True,False,ended,終了,,,900.0,450.0,450.0,大人：900円／小人：450円,1天,1.0,2025年12月30日 - 2026年1月4日,2025年12月30日 - 2026年1月4日,,"[""https://www2s.biglobe.ne.jp/~t_aoyagi/railway/free/map/omi.gif""]",,地方私鉄,[],0.0,近江铁道（米原、彦根、八日市、近江八幡、贵部川、高宫、日野）有人值守的车站,近江铁道 TEL:0749-22-3303,,https://www.ohmitetudo.co.jp/file.jsp?id=17537,"[{""text"": ""近江鉄道"", ""url"": ""https://www.ohmitetudo.co.jp/file.jsp?id=17537""}]",,https://www2s.biglobe.ne.jp/~t_aoyagi/railway/free/omi12.htm,omi12.htm,43,2026/8/10 1:30,１デイ・スマイルチケット 【年末年始特別発売】,,,,https://www2s.biglobe.ne.jp/~t_aoyagi/railway/free/omi12.htm
shigaraki11,信楽高原鐵道フリー乗車券,信楽高原鐵道,"[""信楽高原鐵道""]",1,False,kinki,关西/近畿,关西/近畿,"[""近畿""]",tunen,通年発売タイプ,全年发售,"[""デジタル""]",False,True,on_sale,発売中,,,940.0,480.0,480.0,大人：940円／小人：480円,1天,1.0,现已发售,现已发售,,"[""https://www2s.biglobe.ne.jp/~t_aoyagi/railway/free/map/shigaraki.gif""]",,地方私鉄,[],0.0,RYDE PASS,信乐高原铁道 TEL:0748-82-3391,,https://pass.ryde-go.com/products/EPY86LKS2WR1,"[{""text"": ""RYDE PASS"", ""url"": ""https://pass.ryde-go.com/products/EPY86LKS2WR1""}, {""text"": ""信楽高原鐵道"", ""url"": ""https://koka-skr.co.jp/news/archives/1504""}]",,https://www2s.biglobe.ne.jp/~t_aoyagi/railway/free/shigaraki11.htm,shigaraki11.htm,44,2026/8/10 1:30,信楽高原鐵道フリー乗車券,,,,https://www2s.biglobe.ne.jp/~t_aoyagi/railway/free/shigaraki11.htm
shigaraki12,ＳＫＲコミバス共通フリー乗車券,信楽高原鐵道,"[""信楽高原鐵道""]",1,False,kinki,关西/近畿,关西/近畿,"[""近畿""]",tunen,通年発売タイプ,全年发售,"[""実券""]",True,False,on_sale,発売中,,,1200.0,600.0,600.0,"大人：1,200円／小人：600円",1天,1.0,现已发售,现已发售,,"[""https://www2s.biglobe.ne.jp/~t_aoyagi/railway/free/map/shigaraki12.gif""]",,地方私鉄,[],0.0,"甲贺市役所水口大楼、23个市民中心、水口医疗护理中心
 
滋贺巴士株式会社营业所（湖西营业所、信乐营业所、水口营业所）
 
滋贺代理系统有限公司（近江土山站）
 
信乐高原铁道信乐站
 
 莱德通行证",信乐高原铁道 TEL:0748-82-3391,,https://www.city.koka.lg.jp/7956.htm,"[{""text"": ""甲賀市"", ""url"": ""https://www.city.koka.lg.jp/7956.htm""}, {""text"": ""RYDE PASS"", ""url"": ""https://pass.ryde-go.com/products/X078W0DSDG8Z""}]",,https://www2s.biglobe.ne.jp/~t_aoyagi/railway/free/shigaraki12.htm,shigaraki12.htm,45,2026/8/10 1:30,ＳＫＲコミバス共通フリー乗車券,,,,https://www2s.biglobe.ne.jp/~t_aoyagi/railway/free/shigaraki12.htm
shigaraki94,たぬきっぷ,信楽高原鐵道,"[""信楽高原鐵道""]",1,False,kinki,关西/近畿,关西/近畿,"[""近畿""]",kikan,期間限定タイプ,期间限定,"[""実券""]",True,False,ended,終了,,,940.0,480.0,480.0,大人：940円／小人：480円,1天,1.0,2025年10月1日 - 2025年12月31日,2025年10月1日 - 2025年12月31日,,"[""https://www2s.biglobe.ne.jp/~t_aoyagi/railway/free/map/shigaraki.gif""]",,地方私鉄,[],0.0,信乐站,信乐高原铁道 TEL:0748-82-3391,,https://koka-skr.co.jp/news/archives/2509,"[{""text"": ""信楽高原鉄道"", ""url"": ""https://koka-skr.co.jp/news/archives/2509""}]",,https://www2s.biglobe.ne.jp/~t_aoyagi/railway/free/shigaraki94.htm,shigaraki94.htm,47,2026/8/10 1:30,たぬきっぷ,,,,https://www2s.biglobe.ne.jp/~t_aoyagi/railway/free/shigaraki94.htm
kyoto12,地下鉄・バス一日券,京都市交通局,"[""京都市交通局""]",1,False,kinki,关西/近畿,关西/近畿,"[""近畿""]",tunen,通年発売タイプ,全年发售,"[""実券"", ""デジタル""]",True,True,on_sale,発売中,,,1100.0,550.0,550.0,"大人：1,100円／小人：550円",1天,1.0,现已发售,现已发售,,"[""https://www2s.biglobe.ne.jp/~t_aoyagi/railway/free/map/kyoto03.gif""]",,地方私鉄,[],0.0,"京都市交通局：市营巴士·地铁信息中心、月票销售处、地铁站柜台、市营巴士营业所
 京都巴士：出町柳咨询中心、岚山/高野营业所
 京阪巴士：山科站、京都站八条口咨询中心、山科事务所
 关西MaaS","京都市交通局 TEL:075-801-2561
 京都巴士 TEL:075-871-7521",,https://oneday-pass.kyoto/,"[{""text"": ""地下鉄・バス一日券"", ""url"": ""https://oneday-pass.kyoto/""}, {""text"": ""京都市交通局"", ""url"": ""https://www.city.kyoto.lg.jp/kotsu/page/0000028378.html""}, {""text"": ""KANSAI MaaS"", ""url"": ""https://app.kansai-maas.jp/tickets/KMJW309400""}]",,https://www2s.biglobe.ne.jp/~t_aoyagi/railway/free/kyoto12.htm,kyoto12.htm,48,2026/8/10 1:30,地下鉄・バス一日券,,,,https://www2s.biglobe.ne.jp/~t_aoyagi/railway/free/kyoto12.htm
kyoto11,地下鉄一日券,京都市交通局,"[""京都市交通局""]",1,False,kinki,关西/近畿,关西/近畿,"[""近畿""]",tunen,通年発売タイプ,全年发售,"[""実券""]",True,False,on_sale,発売中,,,800.0,400.0,400.0,大人：800円／小人：400円,1天,1.0,全年,全年,,"[""https://www2s.biglobe.ne.jp/~t_aoyagi/railway/free/map/kyoto.gif""]",,地方私鉄,[],0.0,地铁站、城市公交/地铁信息中心、月票销售处、地铁站商店,京都市交通局 TEL:075-801-2561,,http://www.city.kyoto.lg.jp/kotsu/page/0000028376.html,"[{""text"": ""京都市交通局"", ""url"": ""http://www.city.kyoto.lg.jp/kotsu/page/0000028376.html""}]",,https://www2s.biglobe.ne.jp/~t_aoyagi/railway/free/kyoto11.htm,kyoto11.htm,49,2026/8/10 1:30,地下鉄一日券,,,,https://www2s.biglobe.ne.jp/~t_aoyagi/railway/free/kyoto11.htm
naraikaruga,奈良・斑鳩1dayチケット,京都市交通局,"[""京都市交通局"", ""京阪電気鉄道"", ""阪急電鉄"", ""能勢電鉄"", ""阪神電気鉄道"", ""大阪市高速電気軌道 (大阪メトロ)"", ""北大阪急行電鉄"", ""大阪高速鉄道"", ""神戸市交通局"", ""神戸電鉄"", ""神戸高速鉄道"", ""山陽電気鉄道""]",12,True,kinki,关西/近畿,关西/近畿,"[""近畿""]",tunen,通年発売タイプ,全年发售,"[""実券""]",True,False,period,〜2027/3/31,,2027/3/31,,,2100.0,"発売社局 発売形態 発売額 
 京都市交通局 2,200円 
 京阪電気鉄道 2,200円 
 阪急電鉄 2,450円 
 阪神電気鉄道 2,100円 
 大阪市高速電気軌道 2,200円 
 能勢電鉄 2,850円 
 北大阪急行電鉄 2,300円 
 大阪高速鉄道 3,600円 
 神戸高速鉄道 2,300円 
 山陽版① 2,800円 
 山陽版② 3,100円 
 神戸市交通局 2,700円 
 神戸電鉄 3,000円",1天,1.0,2026年4月1日 - 2027年3月31日,2026年4月1日 - 2027年3月31日,"出版局有效区域
 京都市交通局公共免费课
 京都市营地铁全线
 京阪电铁公共免费区间
 京阪电铁全线（钢索线、大津线除外）
 阪急电铁共同免费区间
 阪急电铁的所有线路（神户快速线除外）
 大阪地铁全线（梦岛站无法上下车）
 阪神电铁公共免费区间
 阪神电铁全线（神户快速线除外，经阪神难波线）
 大阪市高速电车公共免费区间
 公共免费部分
 Osaka Metro巴士全线（梦岛站无法上下车）
 北大阪特快公共免费区间
 北大阪急行全线
 大阪地铁全线（梦岛站无法上下车）
 
 大阪快速铁路公共免费区间
 大阪单轨电车全线
 北大阪特快（江坂千里中央）
 大阪地铁全线（梦岛站无法上下车）
 
 鼻子电铁公共免费区间
 所有鼻子电气铁路线
 阪急电铁的所有线路（神户快速线除外）
 大阪地铁全线（梦岛站无法上下车）
 山阳电铁
 三洋版①普通免费版块（上图）
 山阳电铁（明石～西台）
 神户高速铁路（西台～阪神元町）
 阪神电铁全线（经阪神难波线）
 山阳电铁
 三洋版② 普通免费区间（上图）
 山阳电铁全线
 神户高速铁路（西台～阪神元町）
 阪神电铁全线（经阪神难波线）
 神户高速铁路公共免费区间
 阪神电铁全线（经阪神难波线）
 神户快速线所有线路
 神户市交通局公共免费科
 阪神电铁全线（神户快速线除外，经阪神难波线）
 神户市营地铁全线（经过三宫）
 神户电铁公共免费区间
 神户电铁全线
 阪神电铁全线（经阪神难波线）
 神户快速线（凑川～新开地～阪神元町）","[""https://www2s.biglobe.ne.jp/~t_aoyagi/railway/free/map/naraikaruga.gif""]",,地方私鉄,"[""乘坐付费特快列车时，需要另行购买特快车票。""]",1.0,"门票名称 售票地点
 京都市交通局市营巴士·地铁信息中心、月票销售处
 京阪电铁淀屋桥、天满桥、京桥、守口市、寝屋川市、古连市、枚方市、葛叶、中书岛、四条、三条、出町柳
 阪急电车版车站服务中心、梅田站信息展示室
 阪神电铁各站版本
 山阳电铁版①西台、板宿、东须磨、须磨、垂海、明石
 板宿、垂水、明石月票销售处、咨询中心（明石）
 山阳电铁版② 明石、东二见、高砂、押尾、鹿间、姬路、网干
 明石、东二见、高砂、鹿间、姬路月票销售处、咨询中心（明石）
 大阪市交通局地铁站正规营业所、市内交通信息角、市内交通访问指南
 仙北高速铁道版车站月票销售处、月票预订处
 能势电铁版平野、山下、川西能势口站服务中心
 北大阪特快版千里中央、桃山台、绿地公园
 大阪单轨电车版各站柜台
 神户高铁版神户高速、新开地高速、永田高速
 神户市交通局版 神户市营地铁车站柜台/车站信息亭
 神户电铁版 神户电铁主要车站、车站商店、新铁集团综合问讯处、寄售销售处、特别售票机",,,http://www.city.kyoto.lg.jp/kotsu/page/0000033599.html,"[{""text"": ""京都市交通局"", ""url"": ""http://www.city.kyoto.lg.jp/kotsu/page/0000033599.html""}, {""text"": ""近畿日本鉄道"", ""url"": ""https://www.kintetsu.co.jp/senden/Railway/Ticket/ikaruga/""}, {""text"": ""阪急電鉄"", ""url"": ""https://www.hankyu.co.jp/ticket/otoku/013811.html""}, {""text"": ""能勢電鉄"", ""url"": ""https://noseden.hankyu.co.jp/ticket/gain_detail/c678b0f4a9253cd.html""}, {""text"": ""京阪電気鉄道"", ""url"": ""https://www.keihan.co.jp/traffic/valueticket/ticket/nara1day/""}, {""text"": ""大阪市高速電気軌道"", ""url"": ""https://subway.osakametro.co.jp/guide/fare/category_digital_tickets/digital_tickets/digital_joshaken.php#nara-ikaruga""}, {""text"": ""阪神電気鉄道"", ""url"": ""https://www.hanshin.co.jp/ticket/otoku/detail/004411.html""}, {""text"": ""北大阪急行"", ""url"": ""https://www.kita-kyu.co.jp/train/ticket/value/#plan""}, {""text"": ""大阪高速鉄道"", ""url"": ""https://www.osaka-monorail.co.jp/ticket/value/36""}, {""text"": ""山陽電気鉄道"", ""url"": ""http://www.sanyo-railway.co.jp/railway/untin/ticket09.html""}, {""text"": ""神戸電鉄"", ""url"": ""https://www.shintetsu.co.jp/railway/ticket/detail/nara_ikaruga.html""}, {""text"": ""神戸市交通局"", ""url"": ""https://kotsu.city.kobe.lg.jp/ensen-navi/bus-railway/nara-ikaruga1day/""}]",,https://www2s.biglobe.ne.jp/~t_aoyagi/railway/free/naraikaruga.htm,naraikaruga.htm,50,2026/8/10 1:30,奈良・斑鳩1dayチケット,,,,https://www2s.biglobe.ne.jp/~t_aoyagi/railway/free/naraikaruga.htm
kyotoaraden,京都地下鉄・嵐電1dayチケット,京都市交通局,"[""京都市交通局"", ""京福電気鉄道 (嵐電)""]",2,True,kinki,关西/近畿,关西/近畿,"[""近畿""]",tunen,通年発売タイプ,全年发售,"[""実券""]",True,False,period,〜2027/3/31,,2027/3/31,1300.0,,1300.0,"大人：1,300円",1天,1.0,2026年4月1日 - 2027年3月31日,2026年4月1日 - 2027年4月30日,,"[""https://www2s.biglobe.ne.jp/~t_aoyagi/railway/free/map/kyotoaraden.gif""]",,地方私鉄,[],0.0,"京都市交通局 地铁站柜台、市营巴士·地铁咨询处（京都站前站、京都琴近站、北大路站、乌丸御池站）、月票销售处（北大路站、四条站、京都站前站、武田站、三条京阪站、六地藏站、山科站、二条站）、地铁站商店
 京福电铁四条大宫、岚山、北野白梅町、龟辻","京都市交通局 TEL:075-863-5200
 京福电铁/铁道部交通课 TEL: 075-801-2511",,https://www.city.kyoto.lg.jp/kotsu/page/0000034406.html,"[{""text"": ""京都市交通局"", ""url"": ""https://www.city.kyoto.lg.jp/kotsu/page/0000034406.html""}, {""text"": ""京福電気鉄道"", ""url"": ""https://www.keifuku.co.jp/cms/randen_ticket/""}]",,https://www2s.biglobe.ne.jp/~t_aoyagi/railway/free/kyotoaraden.htm,kyotoaraden.htm,51,2026/8/10 1:30,京都地下鉄・嵐電1dayチケット,,,,https://www2s.biglobe.ne.jp/~t_aoyagi/railway/free/kyotoaraden.htm
eiden51,地下鉄＆えいでん 鞍馬・貴船日帰りきっぷ,京都市交通局,"[""京都市交通局"", ""叡山電鉄"", ""京阪電気鉄道""]",3,True,kinki,关西/近畿,关西/近畿,"[""近畿""]",kikan,期間限定タイプ,期间限定,"[""実券""]",True,False,period,〜2027/3/31,,2027/3/31,2100.0,,2100.0,"大人：2,100円",1天,1.0,2026年4月1日 - 2027年3月31日,2026年4月1日 - 2027年3月31日,,"[""https://www2s.biglobe.ne.jp/~t_aoyagi/railway/free/map/eiden51.gif""]",,地方私鉄,[],0.0,"京都市交通局市营巴士·地铁问讯处
 京都市交通局月票销售处
 京都综合旅游信息中心“Kyonavi”
 睿山电铁：出町柳站","京阪电铁客户中心电话：06-6945-4560
 睿山电铁营业部电话：075-702-8111
 京都市交通局 市营巴士·地铁导航盘 TEL：0570-666-846",,https://eizandensha.co.jp/good-value/subway_eiden/,"[{""text"": ""叡山電鉄"", ""url"": ""https://eizandensha.co.jp/good-value/subway_eiden/""}, {""text"": ""京阪電鉄"", ""url"": ""https://www.keihan.co.jp/traffic/valueticket/detail/kuramakifune.html""}, {""text"": ""京都市交通局"", ""url"": ""https://www.city.kyoto.lg.jp/kotsu/page/0000320964.html""}]",,https://www2s.biglobe.ne.jp/~t_aoyagi/railway/free/eiden51.htm,eiden51.htm,52,2026/8/10 1:30,地下鉄＆えいでん 鞍馬・貴船日帰りきっぷ,,,,https://www2s.biglobe.ne.jp/~t_aoyagi/railway/free/eiden51.htm
kyoto81,ポストカード型地下鉄1日券,京都市交通局,"[""京都市交通局""]",1,False,kinki,关西/近畿,关西/近畿,"[""近畿""]",kikan,期間限定タイプ,期间限定,"[""実券""]",True,False,ended,終了,,,800.0,,800.0,大人：800円,1天,1.0,2025年8月22日 - 2025年9月22日,2025年8月22日 - 2025年9月31日,,"[""https://www2s.biglobe.ne.jp/~t_aoyagi/railway/free/map/kyoto.gif""]",,地方私鉄,[],0.0,"城市公交/地铁信息中心
 
 Kotochika京都（京都地铁站中央1检票口旁）
 
 月票销售处
 
 四条",京都市交通局 TEL:075-801-2561,,https://www.city.kyoto.lg.jp/kotsu/page/0000343883.html,"[{""text"": ""京都市交通局"", ""url"": ""https://www.city.kyoto.lg.jp/kotsu/page/0000343883.html""}]",,https://www2s.biglobe.ne.jp/~t_aoyagi/railway/free/kyoto81.htm,kyoto81.htm,53,2026/8/10 1:30,ポストカード型地下鉄1日券,不明,,,https://www2s.biglobe.ne.jp/~t_aoyagi/railway/free/kyoto81.htm
kyoto82,ナゾトキ街歩きゲーム『京都謎解き列車旅』地下鉄1日券,京都市交通局,"[""京都市交通局""]",1,False,kinki,关西/近畿,关西/近畿,"[""近畿""]",kikan,期間限定タイプ,期间限定,"[""実券""]",True,False,period,2026/1/29  〜8/31,2026/1/29,2026/8/31,2900.0,1450.0,1450.0,"大人：2,900円 小人：1,450円",1天,1.0,2026年1月29日 - 2026年8月31日,2026年1月29日 - 2026年8月31日,,"[""https://www2s.biglobe.ne.jp/~t_aoyagi/railway/free/map/kyoto.gif""]",,地方私鉄,[],0.0,"城市公交/地铁信息中心
 
 
 京都琴亲、京都站、乌丸御池、北大路
 交通运输局
 
 月票销售处
 
 四条、山科、京阪三条
 
废料永久存储

 
 真正的逃脱游戏
 京都店、大阪心斋桥店、大阪惠美须町店、大阪南堀江店",京都市交通局 TEL:075-801-2561,,https://www.city.kyoto.lg.jp/kotsu/page/0000349091.html,"[{""text"": ""京都市交通局"", ""url"": ""https://www.city.kyoto.lg.jp/kotsu/page/0000349091.html""}]",,https://www2s.biglobe.ne.jp/~t_aoyagi/railway/free/kyoto82.htm,kyoto82.htm,54,2026/8/10 1:30,ナゾトキ街歩きゲーム 『京都謎解き列車旅』 地下鉄1日券,不明,,,https://www2s.biglobe.ne.jp/~t_aoyagi/railway/free/kyoto82.htm
eiden01,えぇきっぷ,叡山電鉄,"[""叡山電鉄""]",1,False,kinki,关西/近畿,关西/近畿,"[""近畿""]",tunen,通年発売タイプ,全年发售,"[""実券""]",True,False,on_sale,発売中,,,1200.0,600.0,600.0,"大人：1,200円／小人：600円",1天,1.0,全年,全年,,"[""https://www2s.biglobe.ne.jp/~t_aoyagi/railway/free/map/eiden00.gif""]",,地方私鉄,[],0.0,出町柳、修学院、鞍马,睿山电铁 TEL:075-781-5121,,https://eizandensha.co.jp/good-value/eekippu/,"[{""text"": ""叡山電鉄"", ""url"": ""https://eizandensha.co.jp/good-value/eekippu/""}]",,https://www2s.biglobe.ne.jp/~t_aoyagi/railway/free/eiden01.htm,eiden01.htm,55,2026/8/10 1:30,えぇきっぷ,,,,https://www2s.biglobe.ne.jp/~t_aoyagi/railway/free/eiden01.htm
eiden91,京都洛北・森と水のきっぷ,叡山電鉄,"[""叡山電鉄""]",1,False,kinki,关西/近畿,关西/近畿,"[""近畿""]",tunen,通年発売タイプ,全年发售,"[""実券""]",True,False,on_sale,発売中,,,1800.0,,1800.0,"大人：1,800円",1天,1.0,全年,全年,,"[""https://www2s.biglobe.ne.jp/~t_aoyagi/railway/free/map/eiden91.gif""]",,地方私鉄,[],0.0,"睿山电铁：出町柳、修学院、鞍马
 京都巴士：高野营业所","睿山电铁/铁道部交通课 TEL: 075-702-8111
 京都巴士 TEL:075-871-7521",,https://eizandensha.co.jp/good-value/,"[{""text"": ""叡山電鉄"", ""url"": ""https://eizandensha.co.jp/good-value/""}, {""text"": ""京都バス"", ""url"": ""http://www.kyotobus.jp/route/fare/discount/free/cat110/post-21.html""}]",,https://www2s.biglobe.ne.jp/~t_aoyagi/railway/free/eiden91.htm,eiden91.htm,56,2026/8/10 1:30,京都洛北・森と水のきっぷ,,,,https://www2s.biglobe.ne.jp/~t_aoyagi/railway/free/eiden91.htm
eiden95,比叡山日帰りきっぷ,叡山電鉄,"[""叡山電鉄""]",1,False,kinki,关西/近畿,关西/近畿,"[""近畿""]",kikan,期間限定タイプ,期间限定,"[""実券""]",True,False,period,2026/3/20  〜12/6,2026/3/20,2026/12/6,3100.0,1600.0,1600.0,"大人：3,100円／小人：1,600円",1天,1.0,2026年3月20日 - 2026年12月6日,2026年3月20日 - 2026年12月6日,,"[""https://www2s.biglobe.ne.jp/~t_aoyagi/railway/free/map/eiden95.gif""]",,地方私鉄,[],0.0,出町柳,睿山电铁 TEL:075-781-5121,,https://eizandensha.co.jp/good-value/hieizan_higaeri/,"[{""text"": ""叡山電鉄"", ""url"": ""https://eizandensha.co.jp/good-value/hieizan_higaeri/""}]",,https://www2s.biglobe.ne.jp/~t_aoyagi/railway/free/eiden95.htm,eiden95.htm,58,2026/8/10 1:30,比叡山日帰りきっぷ,,,,https://www2s.biglobe.ne.jp/~t_aoyagi/railway/free/eiden95.htm
eiden97,比叡山フリーパス,叡山電鉄,"[""叡山電鉄""]",1,False,kinki,关西/近畿,关西/近畿,"[""近畿""]",kikan,期間限定タイプ,期间限定,"[""実券""]",True,False,period,2026/3/20  〜12/6,2026/3/20,2026/12/6,3500.0,1800.0,1800.0,"大人：3,500円／小人：1,800円",1天,1.0,2026年3月20日 - 2026年12月6日,2026年3月20日 - 2026年12月6日,,"[""https://www2s.biglobe.ne.jp/~t_aoyagi/railway/free/map/eiden97.gif""]",,地方私鉄,"[""[公吨。比睿延历寺]参观各个殿堂需要单独购买门票""]",1.0,"出町柳站
 坂本观光信息中心
 七票专线",睿山电铁 TEL:075-702-8111,,https://eizandensha.co.jp/good-value/hieizan_freepass/,"[{""text"": ""叡山電鉄"", ""url"": ""https://eizandensha.co.jp/good-value/hieizan_freepass/""}]",,https://www2s.biglobe.ne.jp/~t_aoyagi/railway/free/eiden97.htm,eiden97.htm,59,2026/8/10 1:30,比叡山フリーパス,,,,https://www2s.biglobe.ne.jp/~t_aoyagi/railway/free/eiden97.htm
eiden81,京都一乗寺らーめん切符,叡山電鉄,"[""叡山電鉄""]",1,False,kinki,关西/近畿,关西/近畿,"[""近畿""]",kikan,期間限定タイプ,期间限定,"[""実券"", ""デジタル""]",True,True,period,〜2027/3/31,,2027/3/31,2000.0,,2000.0,"大人：2,000円／小人：-円",1天,1.0,2026年4月1日 - 2027年3月31日,2026年4月1日 - 2027年3月31日,,"[""https://www2s.biglobe.ne.jp/~t_aoyagi/railway/free/map/eiden00.gif""]",,地方私鉄,[],0.0,出町柳我的路线,睿山电铁 TEL:075-781-5121,,https://eizandensha.co.jp/good-value/ramen/,"[{""text"": ""叡山電鉄"", ""url"": ""https://eizandensha.co.jp/good-value/ramen/""}]",,https://www2s.biglobe.ne.jp/~t_aoyagi/railway/free/eiden81.htm,eiden81.htm,60,2026/8/10 1:30,京都一乗寺らーめん切符,,,,https://www2s.biglobe.ne.jp/~t_aoyagi/railway/free/eiden81.htm
eiden83,えいでんと、温泉きっぷ,叡山電鉄,"[""叡山電鉄""]",1,False,kinki,关西/近畿,关西/近畿,"[""近畿""]",kikan,期間限定タイプ,期间限定,"[""実券"", ""デジタル""]",True,True,period,2026/4/1  〜2027/3/31,2026/4/1,2027/3/31,2200.0,,2200.0,"大人：2,200円／小人：-円",1天,1.0,2026年4月1日 - 2027年3月31日,2026年4月1日 - 2027年3月31日,,"[""https://www2s.biglobe.ne.jp/~t_aoyagi/railway/free/map/eiden00.gif""]",,地方私鉄,[],0.0,出町柳我的路线,睿山电铁 TEL:075-781-5121,,https://eizandensha.co.jp/good-value/onsen/,"[{""text"": ""叡山電鉄"", ""url"": ""https://eizandensha.co.jp/good-value/onsen/""}]",,https://www2s.biglobe.ne.jp/~t_aoyagi/railway/free/eiden83.htm,eiden83.htm,61,2026/8/10 1:30,えいでんと、温泉きっぷ,,,,https://www2s.biglobe.ne.jp/~t_aoyagi/railway/free/eiden83.htm
eiden104,京都八瀬にゃんにゃんきっぷ,叡山電鉄,"[""叡山電鉄""]",1,False,kinki,关西/近畿,关西/近畿,"[""近畿""]",kikan,期間限定タイプ,期间限定,"[""実券""]",True,False,period,2026/4/1  〜2027/3/31,2026/4/1,2027/3/31,2200.0,,2200.0,"大人 2,200円",1天,1.0,2026年4月1日 - 2027年3月31日,2026年4月1日 - 2027年3月31日,,"[""https://www2s.biglobe.ne.jp/~t_aoyagi/railway/free/map/eiden00.gif""]",,地方私鉄,[],0.0,出町柳站信息,睿山电铁 TEL:075-781-5121,,https://eizandensha.co.jp/good-value/nyannyan/,"[{""text"": ""叡山電鉄"", ""url"": ""https://eizandensha.co.jp/good-value/nyannyan/""}]",,https://www2s.biglobe.ne.jp/~t_aoyagi/railway/free/eiden104.htm,eiden104.htm,62,2026/8/10 1:30,京都八瀬にゃんにゃんきっぷ,,,,https://www2s.biglobe.ne.jp/~t_aoyagi/railway/free/eiden104.htm
randen01,嵐電1日フリーきっぷ,京福電気鉄道 (嵐電),"[""京福電気鉄道 (嵐電)""]",1,False,kinki,关西/近畿,关西/近畿,"[""近畿""]",tunen,通年発売タイプ,全年发售,"[""実券""]",True,False,on_sale,発売中,,,700.0,350.0,350.0,大人：700円／小人：350円,1天,1.0,全年,全年,,"[""https://www2s.biglobe.ne.jp/~t_aoyagi/railway/free/map/keifuku01.gif""]",,地方私鉄,[],0.0,四条大宫、龟辻、岚山、北野白梅町,京福电铁铁道部电话：075-801-2511,,https://www.keifuku.co.jp/cms/randen_ticket/,"[{""text"": ""京福電気鉄道"", ""url"": ""https://www.keifuku.co.jp/cms/randen_ticket/""}]",,https://www2s.biglobe.ne.jp/~t_aoyagi/railway/free/randen01.htm,randen01.htm,63,2026/8/10 1:30,嵐電１日フリーきっぷ,,,,https://www2s.biglobe.ne.jp/~t_aoyagi/railway/free/randen01.htm
randen02,癒しの嵐電１日フリーきっぷ,京福電気鉄道 (嵐電),"[""京福電気鉄道 (嵐電)""]",1,False,kinki,关西/近畿,关西/近畿,"[""近畿""]",kisetu,季節発売タイプ,季节发售,"[""実券""]",True,False,ended,終了,,,1700.0,,1700.0,"大人：1,700円",1天,1.0,"春季：2026年3月14日 - 2026年6月30日
 秋季：2025年10月4日 - 2025年12月14日","春季：2026年3月14日 - 2026年6月30日
 秋季：2025年10月9日 - 2025年12月14日",,"[""https://www2s.biglobe.ne.jp/~t_aoyagi/railway/free/map/keifuku01.gif""]",,地方私鉄,[],0.0,四条大宫、龟辻、岚山、北野白梅町,京福电铁铁道部电话：075-801-2511,,https://www.keifuku.co.jp/cms/randen_ticket/,"[{""text"": ""京福電気鉄道"", ""url"": ""https://www.keifuku.co.jp/cms/randen_ticket/""}]",,https://www2s.biglobe.ne.jp/~t_aoyagi/railway/free/randen02.htm,randen02.htm,65,2026/8/10 1:30,癒しの嵐電１日フリーきっぷ,,,,https://www2s.biglobe.ne.jp/~t_aoyagi/railway/free/randen02.htm
hankyu04,京都・嵐山1dayパス,京福電気鉄道 (嵐電),"[""京福電気鉄道 (嵐電)"", ""阪急電鉄"", ""能勢電鉄"", ""神戸市交通局"", ""山陽電気鉄道""]",5,True,kinki,关西/近畿,关西/近畿,"[""近畿""]",kisetu,季節発売タイプ,季节发售,"[""デジタル""]",False,True,period,2026/10/1  〜12/20,2026/10/1,2026/12/20,1400.0,,1400.0,"阪急版 大人：1,400円 
 能勢版 大人：1,800円 
 神戸電鉄版：2,500円 
 山陽・明石以東版：2,200円 
 山陽全線版：2,700円 
 神戸市営地下鉄版：2,000円 
 北神線・神鉄版：2,400円",1天,1.0,"2026年3月20日 - 2026年5月24日
 2026年10月1日-12月20日","2026年3月20日 - 2026年5月24日
 2026年10月1日-12月20日","公共部分
 
 
 阪急版共同部分
 
 鼻版普通款
 所有鼻子电气铁路线
 。
 神户电铁版公共区间
 神户电铁全线
 神户高速线（凑川～阪急神户三宫）
 
 山阳/明石以东的公共区域
 山阳电铁全线
 神户快速线（西台～阪急神户三宫）
 
 三洋全线版普通款
 山阳电铁（山阳明石～西台）
 神户快速线（西台～阪急神户三宫）
 
 神户市营地铁版公共区间
 神户市营地铁全线
 
 北信线/近铁版共同区间
 神户电铁（铃兰台～有马温泉）、三田线、小圆通线
 神户市营地下铁（谷上、三宫）","[""https://www2s.biglobe.ne.jp/~t_aoyagi/railway/free/map/hankyu04.gif""]",,地方私鉄,[],0.0,"阪急版 Surutto QRtto
 鼻子版本 Surutto QRtto
 三洋/明石和东版 Surutto QRtto
 三洋全线版 Surutto QRtto
 神户市营地铁版 Surutto QRtto",,,https://www.hankyu.co.jp/ticket/otoku/013931.html,"[{""text"": ""阪急電鉄"", ""url"": ""https://www.hankyu.co.jp/ticket/otoku/013931.html""}, {""text"": ""能勢電鉄"", ""url"": ""https://noseden.hankyu.co.jp/railway/gain.html""}, {""text"": ""神戸電鉄"", ""url"": ""https://www.shintetsu.co.jp/railway/ticket/detail/kyo_ara_1day.html""}, {""text"": ""山陽電鉄"", ""url"": ""https://www.sanyo-railway.co.jp/railway/untin/kyoto-arashiyama1day.html""}, {""text"": ""神戸市交通局"", ""url"": ""https://kotsu.city.kobe.lg.jp/ensen-navi/bus-railway/kyoto-arashiyama/""}, {""text"": ""京福電気鉄道"", ""url"": ""https://www.keifuku.co.jp/cms/randen_ticket/""}]",,https://www2s.biglobe.ne.jp/~t_aoyagi/railway/free/hankyu04.htm,hankyu04.htm,66,2026/8/10 1:30,京都・嵐山1dayパス,,,,https://www2s.biglobe.ne.jp/~t_aoyagi/railway/free/hankyu04.htm
randen04,嵐山・高雄ぐるっとパス,京福電気鉄道 (嵐電),"[""京福電気鉄道 (嵐電)""]",1,False,kinki,关西/近畿,关西/近畿,"[""近畿""]",kikan,期間限定タイプ,期间限定,"[""実券"", ""デジタル""]",True,True,period,〜2027/3/30,,2027/3/30,1000.0,500.0,500.0,"大人：1,000円／小人：500円",1天,1.0,~2027 年 3 月 30 日,~2027 年 3 月 31 日,,"[""https://www2s.biglobe.ne.jp/~t_aoyagi/railway/free/map/randen04.gif""]",,地方私鉄,[],0.0,"岚电：四条大宫、岚山、梶野辻、北野白梅町
 西日本 JR 巴士：京都站巴士售票中心
 连接关西 MaaS","西日本JR巴士：0570-00-2424
 京福电铁铁道部电话：075-801-2511",,https://www.keifuku.co.jp/cms/%e7%a7%8b%e3%81%ae%e5%b5%90%e5%b1%b1%e3%83%bb%e9%ab%98%e9%9b%84%e3%81%b8-%ef%bd%9e-%e8%a5%bf%e6%97%a5%e6%9c%ac%ef%bd%8a%ef%bd%92%e3%83%90%e3%82%b9%ef%bc%86%e5%b5%90%e9%9b%bb%e3%80%8c%e5%b5%90%e5%b1%b1/,"[{""text"": ""京福電気鉄道"", ""url"": ""https://www.keifuku.co.jp/cms/%e7%a7%8b%e3%81%ae%e5%b5%90%e5%b1%b1%e3%83%bb%e9%ab%98%e9%9b%84%e3%81%b8-%ef%bd%9e-%e8%a5%bf%e6%97%a5%e6%9c%ac%ef%bd%8a%ef%bd%92%e3%83%90%e3%82%b9%ef%bc%86%e5%b5%90%e9%9b%bb%e3%80%8c%e5%b5%90%e5%b1%b1/""}, {""text"": ""西日本ジェイアールバス"", ""url"": ""https://www.nishinihonjrbus.co.jp/news/detail/1785""}, {""text"": ""KANSAI MaaS"", ""url"": ""https://app.kansai-maas.jp/tickets/KMJW101400""}]",,https://www2s.biglobe.ne.jp/~t_aoyagi/railway/free/randen04.htm,randen04.htm,67,2026/8/10 1:30,嵐山・高雄ぐるっとパス,,,,https://www2s.biglobe.ne.jp/~t_aoyagi/railway/free/randen04.htm
tantetsu70,海の京都 天橋立・伊根フリーパス,京都丹後鉄道,"[""京都丹後鉄道"", ""丹後海陸交通""]",2,True,kinki,关西/近畿,关西/近畿,"[""近畿""]",tunen,通年発売タイプ,全年发售,"[""実券""]",True,False,on_sale,発売中,,,3550.0,1780.0,1780.0,"1日間 大人：3,550円／小人：1,780円 
 2日間 大人：4,550円／小人：2,280円",1天/2天,1.0,全年,全年,,"[""https://www2s.biglobe.ne.jp/~t_aoyagi/railway/free/map/tantetsu70.gif""]","{""columns"": [""绿色车厢 (头等座)"", ""普通车自由席车指定席席"", ""普通车自由席车自由席席"", ""专线列车 (Liner)"", ""特急"", ""急行""], ""status_rows"": [{""label"": null, ""symbols"": [{""symbol"": ""▲"", ""note"": null}, {""symbol"": ""▲"", ""note"": null}, {""symbol"": ""○"", ""note"": null}, {""symbol"": ""▲"", ""note"": null}, {""symbol"": ""▲"", ""note"": null}, {""symbol"": ""○"", ""note"": null}]}], ""legend"": {""○"": ""可乘车"", ""▲"": ""仅乘车券有效""}, ""notes"": null}",地方私鉄,"[""天桥立笠松公园的缆车和电梯是往返的。""]",1.0,"京都丹后铁道：福知山、西舞鹤、宫津、天桥立、峰山、网野、木津温泉、丰冈
 
 丹后海陆交通：宫津信息中心、天桥立观光船码头
 
 
互联网：
 
 
1日票：Willer Travel
 
2日票：Willer Travel",WILLER公关秘书处电话：03-5572-6068,,https://trains.willer.co.jp/planned_ticket/,"[{""text"": ""京都丹後鉄道"", ""url"": ""https://trains.willer.co.jp/planned_ticket/""}, {""text"": ""丹後海陸交通（一日券）"", ""url"": ""https://www.tankai.jp/tourist_tickets/#uminokyoto1day""}, {""text"": ""丹後海陸交通(二日券)"", ""url"": ""https://www.tankai.jp/tourist_tickets/#uminokyoto2days""}]",,https://www2s.biglobe.ne.jp/~t_aoyagi/railway/free/tantetsu70.htm,tantetsu70.htm,68,2026/8/10 1:30,海の京都 天橋立・伊根フリーパス,,,,https://www2s.biglobe.ne.jp/~t_aoyagi/railway/free/tantetsu70.htm
tantetsu11,京都丹後鉄道ワンデーパス,京都丹後鉄道,"[""京都丹後鉄道""]",1,False,kinki,关西/近畿,关西/近畿,"[""近畿""]",tunen,通年発売タイプ,全年发售,"[""実券"", ""デジタル""]",True,True,on_sale,発売中,,,2500.0,1250.0,1250.0,"通常 大人：2,500円／小人：1,250円",1天,1.0,全年,全年,,"[""https://www2s.biglobe.ne.jp/~t_aoyagi/railway/free/map/kitakinkitango.gif""]",,地方私鉄,"[""普通列车、快速列车、通勤列车、特快列车的指定席和自由席均可乘坐。"", ""4/25 至 5/10、8/10 至 8/20 和 12/20 至 1/15 期间不可用。""]",2.0,"福知山、大江、西舞鹤、丹后由良、栗田、宫津、天桥立、与谢野、京丹后大宫、
网野、夕日浦木津温泉、小天桥、久美滨、丰冈
 威勒关西马斯",WILLER TRAVEL 咨询台（导航拨号） TEL:0570-666-447,,https://trains.willer.co.jp/planned_ticket/,"[{""text"": ""京都丹後鉄道"", ""url"": ""https://trains.willer.co.jp/planned_ticket/""}, {""text"": ""KANSAI MaaS"", ""url"": ""https://app.kansai-maas.jp/tickets/KMJW307000""}]",,https://www2s.biglobe.ne.jp/~t_aoyagi/railway/free/tantetsu11.htm,tantetsu11.htm,69,2026/8/10 1:30,京都丹後鉄道ワンデーパス,,,,https://www2s.biglobe.ne.jp/~t_aoyagi/railway/free/tantetsu11.htm
tantetsu61,幸福パス,京都丹後鉄道,"[""京都丹後鉄道""]",1,False,kinki,关西/近畿,关西/近畿,"[""近畿""]",tunen,通年発売タイプ,全年发售,"[""実券""]",True,False,on_sale,発売中,,,5800.0,2900.0,2900.0,"大人：5,800円 小人：2,900円",3天,3.0,全年,全年,,"[""https://www2s.biglobe.ne.jp/~t_aoyagi/railway/free/map/tantetsu61.gif""]","{""columns"": [""绿色车厢 (头等座)"", ""普通车自由席车指定席席"", ""普通车自由席车自由席席"", ""专线列车 (Liner)"", ""特急"", ""急行""], ""status_rows"": [{""label"": null, ""symbols"": [{""symbol"": ""▲"", ""note"": null}, {""symbol"": ""▲"", ""note"": null}, {""symbol"": ""▲"", ""note"": null}, {""symbol"": ""▲"", ""note"": null}, {""symbol"": ""▲"", ""note"": null}, {""symbol"": ""○"", ""note"": null}]}], ""legend"": {""○"": ""可乘车"", ""▲"": ""仅乘车券有效""}, ""notes"": null}",地方私鉄,"[""京丹后铁道：可乘坐普通列车和快速列车的自由席。乘坐特急列车需另外购买特快车票。"", ""京都交通：不能乘坐高速巴士"", ""全丹巴士：不能乘坐特快巴士、丰冈市内的 Cobus 以及社区巴士。"", ""丹后海陆交通：高速巴士、登山巴士、社区巴士除外。""]",4.0,"京丹后铁道
 福知山、大江、西舞鹤、宫津、天桥立、与谢野、京丹后大宫、峰山、网野、夕日浦木津温泉、小天桥、久美滨、丰冈
 互联网
 京都交通
 福知山站问讯处、西舞鹤站问讯处、东舞鹤售票处
 全丹巴士
 城崎温泉观光问询处SOZORO、城崎事务所、丰冈事务所、丰冈车站支店、出石支店
 探戈海运
 总公司办公室、宫津信息中心、天桥立观光船码头",WILLER TRAVEL 咨询台（导航拨号） TEL:0570-666-447,,https://trains.willer.co.jp/planned_ticket/,"[{""text"": ""京都丹後鉄道"", ""url"": ""https://trains.willer.co.jp/planned_ticket/""}]",,https://www2s.biglobe.ne.jp/~t_aoyagi/railway/free/tantetsu61.htm,tantetsu61.htm,70,2026/8/10 1:30,幸福パス,,,,https://www2s.biglobe.ne.jp/~t_aoyagi/railway/free/tantetsu61.htm
tantetsu02,家族お出かけきっぷ,京都丹後鉄道,"[""京都丹後鉄道""]",1,False,kinki,关西/近畿,关西/近畿,"[""近畿""]",holiday,週末限定タイプ,周末限定,"[""実券""]",True,False,on_sale,発売中,,,1650.0,,1650.0,"通常 大人：1,850円 
 インターネット割引 大人：1,650円",1天,1.0,全年,周六、周日、节假日,,"[""https://www2s.biglobe.ne.jp/~t_aoyagi/railway/free/map/kitakinkitango.gif""]",,地方私鉄,"[""仅限同一旅程的成人和儿童使用"", ""乘坐特急列车时需要另行购买特快车票。""]",2.0,"福知山、大江、西舞鹤、宫津、天桥立、与谢野、京丹后大宫、峰山、网野、夕日浦木津温泉、小天桥、久美滨、丰冈
 互联网",京丹后铁道电话：,,https://trains.willer.co.jp/planned_ticket/,"[{""text"": ""京丹後鉄道"", ""url"": ""https://trains.willer.co.jp/planned_ticket/""}]",,https://www2s.biglobe.ne.jp/~t_aoyagi/railway/free/tantetsu02.htm,tantetsu02.htm,71,2026/8/10 1:30,家族お出かけきっぷ,,,,https://www2s.biglobe.ne.jp/~t_aoyagi/railway/free/tantetsu02.htm
tankai11,丹後天橋立伊根フリー,丹後海陸交通,"[""丹後海陸交通""]",1,False,kinki,关西/近畿,关西/近畿,"[""近畿""]",tunen,通年発売タイプ,全年发售,"[""実券""]",True,False,on_sale,発売中,,,2500.0,1250.0,1250.0,"窓口：大人：2,600円 小人：1,300円 
 RYDE PASS：大人：2,500円 小人：1,250円",2天,2.0,全年,全年,,"[""https://www2s.biglobe.ne.jp/~t_aoyagi/railway/free/map/tankai11.gif""]",,地方私鉄,[],0.0,"丹后海陆交通：天桥立码头、一宫码头、成庄营业所府中站、巴士营业所总店柜台
 莱德通行证",丹后海运宫津信息中心/宫津码头 TEL:0772-22-3231,,https://www.tankai.jp/tourist_tickets/#tangoamainefree,"[{""text"": ""丹後海陸交通"", ""url"": ""https://www.tankai.jp/tourist_tickets/#tangoamainefree""}, {""text"": ""RYDE PASS"", ""url"": ""https://pass.ryde-go.com/products/0P231MDSYQ8X""}]",,https://www2s.biglobe.ne.jp/~t_aoyagi/railway/free/tankai11.htm,tankai11.htm,74,2026/8/10 1:30,丹後天橋立伊根フリー,,,,https://www2s.biglobe.ne.jp/~t_aoyagi/railway/free/tankai11.htm
surukan07,神戸街めぐり1dayクーポン,近畿日本鉄道,"[""近畿日本鉄道"", ""阪急電鉄"", ""阪神電気鉄道"", ""神戸新交通"", ""神戸市交通局"", ""神戸電鉄"", ""神戸高速鉄道"", ""山陽電気鉄道""]",8,True,kinki,关西/近畿,关西/近畿,"[""近畿""]",tunen,通年発売タイプ,全年发售,"[""デジタル""]",False,True,period,〜2027/3/31,,2027/3/31,1500.0,,1500.0,"神戸エリア版 大人：1,500円 
 阪急拡大版 大人：2,300円 
 阪神拡大版 大人：2,150円 
 山陽拡大版① 大人：2,100円 
 山陽拡大版② 大人：2,700円 
 近鉄拡大版① 大人：2,800円 
 近鉄拡大版② 大人：3,200円",1天,1.0,2026年4月1日 - 2027年3月31日,2026年4月1日 - 2027年3月31日,"【神户地区版】
 
 
 
 阪急扩大版【神户地区版】+阪急电铁全线
 阪神扩大版【神户地区版】+阪神全线
 山阳放大版①【神户地区版】+山阳电铁（西台～明石）
 山阳放大版②【神户地区版】+山阳电铁全线
 近铁扩大版①【神户地区版】+阪神电铁全线+近铁大阪府线（道明寺线、京阪奈线、电缆除外）
 近铁扩大版②【神户地区版】+阪神电铁全线
 + 大阪府和奈良县内的近铁路线
 （京阪名线[永田～新石切之间]、道明寺线、田原本线、吉野线一尾以南（电缆、索道除外）","[""https://www2s.biglobe.ne.jp/~t_aoyagi/railway/free/map/surukan07.gif""]",,大手私鉄,[],0.0,"门票名称 售票地点
 基本免费版 Surutto QRtto
 
 阪急扩展版 Surutto QRtto
 阪神扩展版 Surutto QRtto
 三洋放大版① Surutto QRtto
 三洋放大版② Surutto QRtto
 近铁放大版① Surutto QRtto
 近铁放大版② Surutto QRtto",Surutto关西协议会事务局：06-6258-3636,,https://www.feel-kobe.jp/tickets/machimeguri1day/,"[{""text"": ""神戸公式観光サイト"", ""url"": ""https://www.feel-kobe.jp/tickets/machimeguri1day/""}, {""text"": ""神戸市交通局"", ""url"": ""https://kotsu.city.kobe.lg.jp/ensen-navi/bus-railway/machimeguri1day/""}, {""text"": ""神戸新交通"", ""url"": ""https://www.knt-liner.co.jp/ticketinfo/8563/""}, {""text"": ""阪急電鉄"", ""url"": ""https://www.hankyu.co.jp/ticket/otoku/014065.html""}, {""text"": ""阪神電気鉄道"", ""url"": ""https://rail.hanshin.co.jp/ticket/otoku/?mode=detail&seq=2""}, {""text"": ""山陽電気鉄道"", ""url"": ""http://www.sanyo-railway.co.jp/railway/untin/ticket12.html""}, {""text"": ""近畿日本鉄道"", ""url"": ""http://www.kintetsu.co.jp/senden/Railway/Ticket/kobe1day/index.html""}]",,https://www2s.biglobe.ne.jp/~t_aoyagi/railway/free/surukan07.htm,surukan07.htm,75,2026/8/10 1:30,神戸街めぐり1dayクーポン,,,,https://www2s.biglobe.ne.jp/~t_aoyagi/railway/free/surukan07.htm
koyasan,高野山おでかけきっぷ,近畿日本鉄道,"[""近畿日本鉄道"", ""京阪電気鉄道"", ""阪急電鉄"", ""阪神電気鉄道"", ""大阪市高速電気軌道 (大阪メトロ)"", ""北大阪急行電鉄"", ""神戸高速鉄道"", ""山陽電気鉄道""]",8,True,kinki,关西/近畿,关西/近畿,"[""近畿""]",kisetu,季節発売タイプ,季节发售,"[""デジタル""]",False,True,period,2026/4/1  〜11/30,2026/4/1,2026/11/30,,,4300.0,"発売社局 発売額 発売社局 発売額 
 阪急電鉄 4,400円 阪神電気鉄道 4,300円 
 神戸高速鉄道 4,350円 大阪メトロ 4,300円 
 山陽版(全線) 4,950円 山陽版(明石以東) 4,650円 
 京阪版 4,500円 近鉄版 4,600円 
 北大阪急行電鉄 4,400円",1天,1.0,2026年4月1日 - 2026年11月30日,2026年4月1日 - 2026年11月30日,"出版局有效区域
 阪急电铁公共免费区域（上图）
 所有线路（神户快速线除外）
 大阪地铁全线
 大阪地铁公共免费区间（上图）
 大阪地铁、大阪市营巴士全线
 近畿日本铁道公共免费区间（上图）
 大阪府、京都府、奈良县内的近铁全线
 山阳电铁
 （明石以东）公共免费区域（上图）
 山阳电铁：明石～西大路之间
 神户高速铁道：西台～阪神元町
 阪神电铁全线
 山阳电铁
 三洋版（全线） 公共免费区间（上图）
 山阳电铁全线
 神户高速铁道：西台～阪神元町
 阪神电铁全线
 北大阪急行铁道公共免费区间（上图）
 北大阪急行全线
 大阪地铁全线
 大阪快速铁路公共免费区间（上图）
 大阪单轨电车全线
 北大阪急行全线
 大阪地铁全线
 神户快速铁道公共免费区间（上图）
 神户高速铁路全线
 阪神电铁全线","[""https://www2s.biglobe.ne.jp/~t_aoyagi/railway/free/map/koyasan.gif""]",,大手私鉄,"[""仅成人票设置"", ""乘坐南海/高野线的特急“高野号”时，需要另外购买特快车票。""]",2.0,"阪急电铁 Surutto QRtto
 阪神电铁 Surutto QRtto
 神户高铁 Surutto QRtto
 大阪地铁 Surutto QRtto
 山阳电铁
 山阳版（明石以东）Surutto QRtto
 山阳电铁
 三洋版（全线） Surutto QRtto
 北大阪急行铁道 Surutto QRtto
 
 
 京阪电车 Surutto QRtto
 近畿日本铁道 Surutto QRtto",,,https://www.nankai.co.jp/traffic/digital/koyasan_odekake.html,"[{""text"": ""南海電気鉄道"", ""url"": ""https://www.nankai.co.jp/traffic/digital/koyasan_odekake.html""}, {""text"": ""阪急電鉄"", ""url"": ""https://www.hankyu.co.jp/ticket/otoku/013814.html""}, {""text"": ""大阪市高速電気軌道"", ""url"": ""https://subway.osakametro.co.jp/guide/fare/category_digital_tickets/digital_tickets/digital_joshaken.php#kouyasan""}, {""text"": ""阪神電気鉄道"", ""url"": ""https://www.hanshin.co.jp/ticket/otoku/#koyasan""}, {""text"": ""山陽電気鉄道"", ""url"": ""https://www.sanyo-railway.co.jp/railway/untin/ticket11.html""}, {""text"": ""北大阪急行電鉄"", ""url"": ""https://www.kita-kyu.co.jp/train/ticket/value/#plan_digital""}]",,https://www2s.biglobe.ne.jp/~t_aoyagi/railway/free/koyasan.htm,koyasan.htm,77,2026/8/10 1:30,高野山おでかけきっぷ,,,,https://www2s.biglobe.ne.jp/~t_aoyagi/railway/free/koyasan.htm
kintetu75,きんてつ きっずぱす,近畿日本鉄道,"[""近畿日本鉄道""]",1,False,kinki,关西/近畿,关西/近畿,"[""近畿""]",kikan,期間限定タイプ,期间限定,"[""実券""]",True,False,ended,終了,,,,100.0,100.0,小人：100円,1天,1.0,2026年4月27日 - 2026年5月4日,2026 年 5 月 5 日,,"[""https://www2s.biglobe.ne.jp/~t_aoyagi/railway/free/map/kintetu01.gif""]",,大手私鉄,"[""搭乘特急列车时，需另行购买特快车票。""]",1.0,"近铁全线特快车票销售柜台
 特快车票等自动售票机","近铁旅客咨询电话中心
 电话：050-3536-3957",,https://www.kintetsu.co.jp/senden/Railway/Ticket/kintetsu_pass/,"[{""text"": ""近畿日本鉄道"", ""url"": ""https://www.kintetsu.co.jp/senden/Railway/Ticket/kintetsu_pass/""}]",,https://www2s.biglobe.ne.jp/~t_aoyagi/railway/free/kintetu75.htm,kintetu75.htm,79,2026/8/10 1:30,きんてつ きっずぱす,,,,https://www2s.biglobe.ne.jp/~t_aoyagi/railway/free/kintetu75.htm
surukan10,大阪周遊パス,近畿日本鉄道,"[""近畿日本鉄道"", ""京阪電気鉄道"", ""阪急電鉄"", ""阪神電気鉄道"", ""大阪市高速電気軌道 (大阪メトロ)"", ""南海電気鉄道""]",6,True,kinki,关西/近畿,关西/近畿,"[""近畿""]",kikan,期間限定タイプ,期间限定,"[""デジタル""]",False,True,period,2026/3/25  〜2027/3/31,2026/3/25,2027/3/31,3500.0,,3500.0,"1日 大人：3,500円 
 2日 大人：5,000円",第一/第二,1.0,2026年3月25日 - 2027年3月31日,"一日票：2026年3月25日-2027年3月31日
 2日票：2026年3月25日-2027年4月1日",,"[""https://www2s.biglobe.ne.jp/~t_aoyagi/railway/free/map/surukan06.gif""]",,大手私鉄,"[""无法使用宜家鹤滨巴士、USJ接驳巴士。""]",1.0,"1日票：Surutto QRtto
 
2日票：Surutto QRtto",Surutto关西株式会社：06-7730-9171,,https://osaka-amazing-pass.com/info.html#info-2,"[{""text"": ""大阪周遊パス"", ""url"": ""https://osaka-amazing-pass.com/info.html#info-2""}]",,https://www2s.biglobe.ne.jp/~t_aoyagi/railway/free/surukan10.htm,surukan10.htm,80,2026/8/10 1:30,大阪周遊パス,,,,https://www2s.biglobe.ne.jp/~t_aoyagi/railway/free/surukan10.htm
osakamono87,大阪周遊パス(大阪伊丹空港版),近畿日本鉄道,"[""近畿日本鉄道"", ""京阪電気鉄道"", ""阪急電鉄"", ""阪神電気鉄道"", ""大阪市高速電気軌道 (大阪メトロ)"", ""北大阪急行電鉄"", ""大阪高速鉄道"", ""南海電気鉄道""]",8,True,kinki,关西/近畿,关西/近畿,"[""近畿""]",kikan,期間限定タイプ,期间限定,"[""デジタル""]",False,True,period,2026/3/25  〜2027/3/31,2026/3/25,2027/3/31,3800.0,,3800.0,"1日 大人：3,800円 
 2日 大人：5,400円",第一/第二,1.0,2026年3月25日 - 2027年3月31日,"一日票：2026年3月25日-2027年3月31日
 2日票：2026年3月25日-2027年4月1日",,"[""https://www2s.biglobe.ne.jp/~t_aoyagi/railway/free/map/osakamono87.gif""]",,大手私鉄,"[""无法使用宜家鹤滨巴士、USJ接驳巴士。""]",1.0,"1日票：Surutto QRtto
 
2日票：Surutto QRtto",Surutto关西株式会社：06-7730-9171,,https://osaka-amazing-pass.com/info.html#info-2,"[{""text"": ""大阪周遊パス"", ""url"": ""https://osaka-amazing-pass.com/info.html#info-2""}]",,https://www2s.biglobe.ne.jp/~t_aoyagi/railway/free/osakamono87.htm,osakamono87.htm,81,2026/8/10 1:30,大阪周遊パス(大阪伊丹空港版),,,,https://www2s.biglobe.ne.jp/~t_aoyagi/railway/free/osakamono87.htm
kintetu67,近鉄電車ナゾだらけの列車旅(大阪線編)オリジナルデザイン1日乗車券,近畿日本鉄道,"[""近畿日本鉄道""]",1,False,kinki,关西/近畿,关西/近畿,"[""近畿""]",kikan,期間限定タイプ,期间限定,"[""実券""]",True,False,ended,終了,,,2800.0,,2800.0,"大人：2,800円 小人：----円",1天,1.0,2025年9月12日 - 2026年5月31日,2025年9月12日 - 2026年5月31日,,"[""https://www2s.biglobe.ne.jp/~t_aoyagi/railway/free/map/kintetsu67.gif""]",,大手私鉄,"[""搭乘特急列车时，需另行购买特快车票。""]",1.0,苏鲁托 QRtto,"近铁铁路电话中心
 电话：050-3536-3957",,https://www.kintetsu.co.jp/senden/Railway/Ticket/nazotoki_osaka/,"[{""text"": ""近畿日本鉄道"", ""url"": ""https://www.kintetsu.co.jp/senden/Railway/Ticket/nazotoki_osaka/""}]",,https://www2s.biglobe.ne.jp/~t_aoyagi/railway/free/kintetu67.htm,kintetu67.htm,84,2026/8/10 1:30,近鉄電車ナゾだらけの列車旅【大阪線編】 オリジナルデザイン1日乗車券,,,,https://www2s.biglobe.ne.jp/~t_aoyagi/railway/free/kintetu67.htm
kintetu93,近鉄新春おでかけきっぷ,近畿日本鉄道,"[""近畿日本鉄道""]",1,False,kinki,关西/近畿,关西/近畿,"[""近畿""]",winter,年末年始限定タイプ,年末年初限定,"[""実券""]",True,False,ended,終了,,,1300.0,,1300.0,"大人：1,300円",1天,1.0,"特急车票销售柜台：2021年12月1日～2020年12月31日
 定期票/特快票自动售票机：2021年12月1日～2020年12月24日","2021年12月31日 - 2020年1月31日
 *如果12月31日使用，第二天1月1日也可以使用。",,"[""https://www2s.biglobe.ne.jp/~t_aoyagi/railway/free/map/kintetu81.gif""]",,大手私鉄,"[""无法乘坐葛城索道和巴士路线。""]",1.0,大阪府、京都府、奈良县的近铁主要车站,"近铁旅客咨询电话中心（8:00-21:00）
 大阪电话：06-6771-3105",,https://www.kintetsu.co.jp/senden/Railway/Ticket/sinshun/sinshun1day.html,"[{""text"": ""近畿日本鉄道"", ""url"": ""https://www.kintetsu.co.jp/senden/Railway/Ticket/sinshun/sinshun1day.html""}]",,https://www2s.biglobe.ne.jp/~t_aoyagi/railway/free/kintetu93.htm,kintetu93.htm,85,2026/8/10 1:30,近鉄新春おでかけきっぷ,,,,https://www2s.biglobe.ne.jp/~t_aoyagi/railway/free/kintetu93.htm
kintetu97,新春おでかけ京阪奈1dayパス,近畿日本鉄道,"[""近畿日本鉄道""]",1,False,kinki,关西/近畿,关西/近畿,"[""近畿""]",winter,年末年始限定タイプ,年末年初限定,"[""実券""]",True,False,ended,終了,,,1600.0,,1600.0,"大人：1,600円",1天,1.0,2025年11月15日 - 2025年12月31日,2025年12月31日 - 2026年1月15日,,"[""https://www2s.biglobe.ne.jp/~t_aoyagi/railway/free/map/kintetu81.gif""]",,大手私鉄,"[""搭乘特急列车时，需另行购买特快车票。"", ""如果12月31日使用的话，1月1日也可以使用。""]",2.0,大阪、京都、奈良县近铁主要车站的车站柜台（特急售票处）及MT型特急售票机,近畿日本铁道电话：06-771-3105/052-561-1604,,https://www.kintetsu.co.jp/senden/Railway/Ticket/hatsumoude2026/keihanna.html,"[{""text"": ""近畿日本鉄道"", ""url"": ""https://www.kintetsu.co.jp/senden/Railway/Ticket/hatsumoude2026/keihanna.html""}]",,https://www2s.biglobe.ne.jp/~t_aoyagi/railway/free/kintetu97.htm,kintetu97.htm,86,2026/8/10 1:30,新春おでかけ京阪奈1dayパス,,,,https://www2s.biglobe.ne.jp/~t_aoyagi/railway/free/kintetu97.htm
kintetu98,阪神・近鉄初詣1dayチケット,近畿日本鉄道,"[""近畿日本鉄道"", ""阪神電気鉄道"", ""神戸高速鉄道""]",3,True,kinki,关西/近畿,关西/近畿,"[""近畿""]",winter,年末年始限定タイプ,年末年初限定,"[""実券""]",True,False,ended,終了,,,1700.0,,1700.0,"大人：1,700円",1天,1.0,2025年12月20日 - 2026年1月11日,2025年12月20日 - 2026年1月11日,,"[""https://www2s.biglobe.ne.jp/~t_aoyagi/railway/free/map/kintetu98.gif""]",,大手私鉄,[],0.0,公司名称 销售地点 阪神电铁 大阪梅田、尼崎、甲子园、御影、神户三宫站长室、各站检票口、阪神电铁服务中心（神户三宫） 神户快速铁道 新开地 近铁电车 大阪难波、大阪上本町、鹤桥、布施、东花园、生驹、学园前、西大寺大和、奈良近铁。,"近畿日本铁道株式会社 铁道本部 企划部 营业企划部
 电话：06-6457-2258
 阪神电铁株式会社 运输部/营业部
 电话：06-6775-3505",,https://www.kintetsu.co.jp/senden/Railway/Ticket/hatsumoude2026/hanshin_kintetsu_1day.html,"[{""text"": ""近畿日本鉄道"", ""url"": ""https://www.kintetsu.co.jp/senden/Railway/Ticket/hatsumoude2026/hanshin_kintetsu_1day.html""}, {""text"": ""阪神電気鉄道"", ""url"": ""https://www.hanshin.co.jp/ticket/otoku/detail/004292.html""}]",,https://www2s.biglobe.ne.jp/~t_aoyagi/railway/free/kintetu98.htm,kintetu98.htm,87,2026/8/10 1:30,阪神・近鉄 新春1dayチケット,,,,https://www2s.biglobe.ne.jp/~t_aoyagi/railway/free/kintetu98.htm
keihan05,京阪電車 大阪・京都1日乗車券,京阪電気鉄道,"[""京阪電気鉄道""]",1,False,kinki,关西/近畿,关西/近畿,"[""近畿""]",tunen,通年発売タイプ,全年发售,"[""デジタル""]",False,True,on_sale,発売中,,,1650.0,830.0,830.0,"大人：1,650円／小人：830円",1天,1.0,全年,全年,,"[""https://www2s.biglobe.ne.jp/~t_aoyagi/railway/free/map/keihan01.gif""]",,大手私鉄,[],0.0,苏鲁托 QRtto,京阪电车：TEL 06-6945-4560,,https://www.keihan.co.jp/traffic/valueticket/detail/osaka-kyoto1day.html,"[{""text"": ""京阪電鉄"", ""url"": ""https://www.keihan.co.jp/traffic/valueticket/detail/osaka-kyoto1day.html""}]",,https://www2s.biglobe.ne.jp/~t_aoyagi/railway/free/keihan05.htm,keihan05.htm,88,2026/8/10 1:30,京阪電車 大阪・京都1日乗車券,,,,https://www2s.biglobe.ne.jp/~t_aoyagi/railway/free/keihan05.htm
keihan06,京阪電車 京都1日乗車券,京阪電気鉄道,"[""京阪電気鉄道""]",1,False,kinki,关西/近畿,关西/近畿,"[""近畿""]",tunen,通年発売タイプ,全年发售,"[""デジタル""]",False,True,on_sale,発売中,,,1100.0,550.0,550.0,"大人：1,100円／小人：550円",1天,1.0,全年,全年,,"[""https://www2s.biglobe.ne.jp/~t_aoyagi/railway/free/map/keihan06.gif""]",,大手私鉄,[],0.0,苏鲁托 QRtto,京阪电车：TEL 06-6945-4560,,https://www.keihan.co.jp/traffic/valueticket/detail/kyoto1day.html,"[{""text"": ""京阪電鉄"", ""url"": ""https://www.keihan.co.jp/traffic/valueticket/detail/kyoto1day.html""}]",,https://www2s.biglobe.ne.jp/~t_aoyagi/railway/free/keihan06.htm,keihan06.htm,89,2026/8/10 1:30,京阪電車 京都1日乗車券,,,,https://www2s.biglobe.ne.jp/~t_aoyagi/railway/free/keihan06.htm
keihan83,叡山電車・京阪電車1日乗車券,京阪電気鉄道,"[""京阪電気鉄道""]",1,False,kinki,关西/近畿,关西/近畿,"[""近畿""]",tunen,通年発売タイプ,全年发售,"[""デジタル""]",False,True,period,2026/3/20  〜2027/3/31,2026/3/20,2027/3/31,2100.0,1050.0,1050.0,"大人：2,100円 小人：1,050円",1天,1.0,2026年3月20日 - 2027年3月31日,自购买之日起3个月内,,"[""https://www2s.biglobe.ne.jp/~t_aoyagi/railway/free/map/keihan83.gif""]",,大手私鉄,[],0.0,苏鲁托 QRtto,京阪电车客户中心：TEL 06-6945-4560,,https://www.keihan.co.jp/traffic/valueticket/detail/eizan1day.html,"[{""text"": ""京阪電気鉄道"", ""url"": ""https://www.keihan.co.jp/traffic/valueticket/detail/eizan1day.html""}]",,https://www2s.biglobe.ne.jp/~t_aoyagi/railway/free/keihan83.htm,keihan83.htm,90,2026/8/10 1:30,叡山電車・京阪電車1日乗車券,,,,https://www2s.biglobe.ne.jp/~t_aoyagi/railway/free/keihan83.htm
keihan04,京阪電車 大津線 湖都古都1日乗車券,京阪電気鉄道,"[""京阪電気鉄道""]",1,False,kinki,关西/近畿,关西/近畿,"[""近畿""]",tunen,通年発売タイプ,全年发售,"[""実券"", ""デジタル""]",True,True,period,2026/4/1  〜2027/3/31,2026/4/1,2027/3/31,800.0,400.0,400.0,大人：800円／小人：400円,1天,1.0,2026年4月1日 - 2027年3月31日,2026年4月1日 - 2027年4月30日,,"[""https://www2s.biglobe.ne.jp/~t_aoyagi/railway/free/map/otsu01.gif""]",,大手私鉄,[],0.0,"山科京阪、四宫、石山京阪、泽泽京阪、滨大津琵琶子、大津京京阪、近江神宫前、坂本比睿山口
 Surutto QRtto（需兑换磁票）",京阪电车客户中心电话：06-6945-4560,,https://www.keihan.co.jp/traffic/valueticket/detail/kotokoto-1day.html,"[{""text"": ""京阪電気鉄道"", ""url"": ""https://www.keihan.co.jp/traffic/valueticket/detail/kotokoto-1day.html""}]",,https://www2s.biglobe.ne.jp/~t_aoyagi/railway/free/keihan04.htm,keihan04.htm,91,2026/8/10 1:30,京阪電車 大津線 湖都古都1日乗車券,,,,https://www2s.biglobe.ne.jp/~t_aoyagi/railway/free/keihan04.htm
keihan02,ひらパーGo!Go!チケット,京阪電気鉄道,"[""京阪電気鉄道""]",1,False,kinki,关西/近畿,关西/近畿,"[""近畿""]",tunen,通年発売タイプ,全年发售,"[""デジタル""]",False,True,period,〜2027/3/31,,2027/3/31,2200.0,1250.0,1250.0,"大人：2,200円 小人：1,250円",1天,1.0,2026年3月20日 - 2027年3月31日,2026年4月1日～2027年3月31日（不包括休息日）,,"[""https://www2s.biglobe.ne.jp/~t_aoyagi/railway/free/map/keihan01.gif""]",,大手私鉄,[],0.0,苏鲁托 QRtto,京阪电车：TEL 06-6945-4560,,https://www.keihan.co.jp/traffic/valueticket/detail/hirapagogo.html,"[{""text"": ""京阪電鉄"", ""url"": ""https://www.keihan.co.jp/traffic/valueticket/detail/hirapagogo.html""}]",,https://www2s.biglobe.ne.jp/~t_aoyagi/railway/free/keihan02.htm,keihan02.htm,93,2026/8/10 1:30,ひらパーGo!Go!チケット,,,,https://www2s.biglobe.ne.jp/~t_aoyagi/railway/free/keihan02.htm
keihan15,チームラボ バイオヴォルテックス 京都＋京阪電車 KYOTO-OSAKA SIGHTSEEING PASS 1day,京阪電気鉄道,"[""京阪電気鉄道""]",1,False,kinki,关西/近畿,关西/近畿,"[""近畿""]",tunen,通年発売タイプ,全年发售,"[""デジタル""]",False,True,on_sale,発売中,,,5050.0,,5050.0,"大人：5,050円〜",1天,1.0,全年,自购买之日起3个月内1天,,"[""https://www2s.biglobe.ne.jp/~t_aoyagi/railway/free/map/keihan01.gif""]",,大手私鉄,"[""购买时指定 teamLab 入场日期和时间\n *价格根据指定的入场日期和时间而有所不同。""]",1.0,trip.KANSAI,京阪电车客户中心电话：06-6945-4560,,https://www.keihan.co.jp/traffic/valueticket/detail/teamlab-kyoto.html,"[{""text"": ""京阪電気鉄道"", ""url"": ""https://www.keihan.co.jp/traffic/valueticket/detail/teamlab-kyoto.html""}]",,https://www2s.biglobe.ne.jp/~t_aoyagi/railway/free/keihan15.htm,keihan15.htm,94,2026/8/10 1:30,チームラボ バイオヴォルテックス 京都＋京阪電車 KYOTO-OSAKA SIGHTSEEING PASS 1day,,,,https://www2s.biglobe.ne.jp/~t_aoyagi/railway/free/keihan15.htm
keihan68,京都洛北 大原・鞍馬・貴船まるごと1日きっぷ,京阪電気鉄道,"[""京阪電気鉄道""]",1,False,kinki,关西/近畿,关西/近畿,"[""近畿""]",kikan,期間限定タイプ,期间限定,"[""デジタル""]",False,True,period,2026/5/1  〜2027/3/31,2026/5/1,2027/3/31,2600.0,,2600.0,"大人：2,600円 小人：---円",1天,1.0,2026年5月1日 - 2027年3月31日,2026年5月1日 - 2027年3月31日,,"[""https://www2s.biglobe.ne.jp/~t_aoyagi/railway/free/map/keihan68.gif""]",,大手私鉄,[],0.0,苏鲁托 QRtto,京阪电车客户中心：TEL 06-6945-4560,,https://www.keihan.co.jp/traffic/valueticket/detail/kyouto_rakuhoku.html,"[{""text"": ""京阪電気鉄道"", ""url"": ""https://www.keihan.co.jp/traffic/valueticket/detail/kyouto_rakuhoku.html""}]",,https://www2s.biglobe.ne.jp/~t_aoyagi/railway/free/keihan68.htm,keihan68.htm,96,2026/8/10 1:30,京都洛北 大原・鞍馬・貴船まるごと1日きっぷ,,,,https://www2s.biglobe.ne.jp/~t_aoyagi/railway/free/keihan68.htm
keihan11,京阪・Osaka Metro1日フリーチケット,京阪電気鉄道,"[""京阪電気鉄道"", ""大阪市高速電気軌道 (大阪メトロ)""]",2,True,kinki,关西/近畿,关西/近畿,"[""近畿""]",kikan,期間限定タイプ,期间限定,"[""デジタル""]",False,True,period,〜2027/3/31,,2027/3/31,2160.0,,2160.0,"大人：2,160円",1天,1.0,2026年4月1日 - 2027年3月31日,2026年4月1日 - 2027年3月31日,,"[""https://www2s.biglobe.ne.jp/~t_aoyagi/railway/free/map/keihan_metro.gif""]",,大手私鉄,[],0.0,苏鲁托 QRtto,京阪电车：TEL 06-6945-4560,,https://www.keihan.co.jp/traffic/valueticket/detail/osakametro.html,"[{""text"": ""京阪電鉄"", ""url"": ""https://www.keihan.co.jp/traffic/valueticket/detail/osakametro.html""}, {""text"": ""大阪市高速電気軌道"", ""url"": ""https://subway.osakametro.co.jp/guide/fare/category_digital_tickets/digital_tickets/digital_joshaken.php#keihan""}]",,https://www2s.biglobe.ne.jp/~t_aoyagi/railway/free/keihan11.htm,keihan11.htm,97,2026/8/10 1:30,京阪・Osaka Metro1日フリーチケット,,,,https://www2s.biglobe.ne.jp/~t_aoyagi/railway/free/keihan11.htm
keihan99,比叡山・大津線きっぷ,京阪電気鉄道,"[""京阪電気鉄道""]",1,False,kinki,关西/近畿,关西/近畿,"[""近畿""]",kikan,期間限定タイプ,期间限定,"[""実券""]",True,False,period,2026/3/20  〜2027/3/31,2026/3/20,2027/3/31,3100.0,1550.0,1550.0,"大人：3,100円／小人：1,550円",1天,1.0,2026年3月20日 - 2026年12月6日,2026年3月20日 - 2026年12月6日,,"[""https://www2s.biglobe.ne.jp/~t_aoyagi/railway/free/map/keihan99.gif""]",,大手私鉄,"[""不包括前往比睿山延历寺参拜。""]",1.0,山科京阪、石山京阪、泽泽京阪、滨大津琵琶子、大津京京阪、坂本比睿山口,京阪电车客户中心：TEL 06-6945-4560,,https://www.keihan.co.jp/traffic/valueticket/detail/hieizan-otsu.html,"[{""text"": ""京阪電鉄"", ""url"": ""https://www.keihan.co.jp/traffic/valueticket/detail/hieizan-otsu.html""}]",,https://www2s.biglobe.ne.jp/~t_aoyagi/railway/free/keihan99.htm,keihan99.htm,99,2026/8/10 1:30,比叡山・大津線きっぷ,,,,https://www2s.biglobe.ne.jp/~t_aoyagi/railway/free/keihan99.htm
keihan14,京阪電車「免許自主返納」応援！大津線 湖都古都1日乗車券,京阪電気鉄道,"[""京阪電気鉄道""]",1,False,kinki,关西/近畿,关西/近畿,"[""近畿""]",kikan,期間限定タイプ,期间限定,"[""実券""]",True,False,period,2026/4/1  〜2027/3/31,2026/4/1,2027/3/31,650.0,,650.0,大人：650円,1天,1.0,2026年4月1日 - 2027年3月31日,2026年4月1日 - 2027年3月31日,,"[""https://www2s.biglobe.ne.jp/~t_aoyagi/railway/free/map/otsu01.gif""]",,大手私鉄,"[""仅限居住在滋贺县并自愿归还驾驶执照的顾客。"", ""购买时需出示“身份验证文件”。""]",2.0,山科京阪、石山京阪、泽泽京阪、滨大津琵琶子、大津京京阪、坂本比睿山口,京阪电车客户中心电话：06-6945-4560,,https://www.keihan.co.jp/traffic/valueticket/detail/kotokoto1day-hennou.html,"[{""text"": ""京阪電気鉄道"", ""url"": ""https://www.keihan.co.jp/traffic/valueticket/detail/kotokoto1day-hennou.html""}]",,https://www2s.biglobe.ne.jp/~t_aoyagi/railway/free/keihan14.htm,keihan14.htm,100,2026/8/10 1:30,京阪電車「免許自主返納」応援！ 大津線 湖都古都1日乗車券,,,,https://www2s.biglobe.ne.jp/~t_aoyagi/railway/free/keihan14.htm
keihan90,京阪電車ナゾ巡り1日乗車券,京阪電気鉄道,"[""京阪電気鉄道""]",1,False,kinki,关西/近畿,关西/近畿,"[""近畿""]",kikan,期間限定タイプ,期间限定,"[""デジタル""]",False,True,period,2025/10/1  〜2026/6/30,2025/10/1,2026/6/30,2600.0,,2600.0,"大人：2,600円",1天,1.0,2025年10月1日 - 2026年6月30日,2025年10月1日 - 2026年6月30日,,"[""https://www2s.biglobe.ne.jp/~t_aoyagi/railway/free/map/keihan01.gif""]",,大手私鉄,[],0.0,苏鲁托 QRtto,京阪电车客户中心：TEL 06-6945-4560,,https://www.keihan.co.jp/traffic/valueticket/detail/nazomeguri.html,"[{""text"": ""京阪電鉄"", ""url"": ""https://www.keihan.co.jp/traffic/valueticket/detail/nazomeguri.html""}]",,https://www2s.biglobe.ne.jp/~t_aoyagi/railway/free/keihan90.htm,keihan90.htm,104,2026/8/10 1:30,京阪電車ナゾ巡り1日乗車券,,,,https://www2s.biglobe.ne.jp/~t_aoyagi/railway/free/keihan90.htm
keihan86,「京阪電車×響け！ユーフォニアム2026」大津線フリーチケット,京阪電気鉄道,"[""京阪電気鉄道""]",1,False,kinki,关西/近畿,关西/近畿,"[""近畿""]",kikan,期間限定タイプ,期间限定,"[""実券""]",True,False,period,2026/9/1  〜2027/3/31,2026/9/1,2027/3/31,1700.0,,1700.0,"大人：1,700円",1天×2次,1.0,2026年9月1日 - 2027年3月31日,2026年9月1日 - 2027年3月31日,,"[""https://www2s.biglobe.ne.jp/~t_aoyagi/railway/free/map/otsu01.gif""]",,大手私鉄,[],0.0,滨大津琵琶子,京阪电车：TEL 06-6945-4560,,https://www.keihan.co.jp/euphonium/#link_event1,"[{""text"": ""京阪電鉄"", ""url"": ""https://www.keihan.co.jp/euphonium/#link_event1""}]",,https://www2s.biglobe.ne.jp/~t_aoyagi/railway/free/keihan86.htm,keihan86.htm,105,2026/8/10 1:30,「京阪電車×響け！ユーフォニアム2026秋」 大津線フリーチケット,,,,https://www2s.biglobe.ne.jp/~t_aoyagi/railway/free/keihan86.htm
keihan88,「京阪電車×響け！ユーフォニアム2026」京阪線フリーチケット,京阪電気鉄道,"[""京阪電気鉄道""]",1,False,kinki,关西/近畿,关西/近畿,"[""近畿""]",kikan,期間限定タイプ,期间限定,"[""実券""]",True,False,period,2026/10/17  〜2027/3/31,2026/10/17,2027/3/31,1700.0,,1700.0,"大人：1,700円",1天,1.0,2026年10月17日 - 2027年3月31日,2 2026年10月17日 - 2027年3月31日,,"[""https://www2s.biglobe.ne.jp/~t_aoyagi/railway/free/map/keihan01.gif""]",,大手私鉄,[],0.0,淀屋桥、京桥、枚方市、中书岛、丹波桥、三条,京阪电车：TEL 06-6945-4560,,https://www.keihan.co.jp/euphonium/#link_event1,"[{""text"": ""京阪電鉄"", ""url"": ""https://www.keihan.co.jp/euphonium/#link_event1""}]",,https://www2s.biglobe.ne.jp/~t_aoyagi/railway/free/keihan88.htm,keihan88.htm,106,2026/8/10 1:30,「京阪電車×響け！ユーフォニアム2026秋」 京阪線フリーチケット,,,,https://www2s.biglobe.ne.jp/~t_aoyagi/railway/free/keihan88.htm
keihan104,フェルメール《真珠の耳飾りの少女》展 記念乗車券,京阪電気鉄道,"[""京阪電気鉄道""]",1,False,kinki,关西/近畿,关西/近畿,"[""近畿""]",kikan,期間限定タイプ,期间限定,"[""実券""]",True,False,period,2026/8/21  〜12/30,2026/8/21,2026/12/30,4000.0,,4000.0,"大人：4,000円(2枚組)",1天,1.0,2026年8月21日 - 2026年12月30日,2026年8月21日 - 2027年3月31日,,"[""https://www2s.biglobe.ne.jp/~t_aoyagi/railway/free/map/keihan01.gif""]",,大手私鉄,[],0.0,淀屋桥、京桥、枚方市、中书岛、丹波桥、三条,京阪电车：TEL 06-6945-4560,,https://www.keihan.co.jp/euphonium/#link_event1,"[{""text"": ""京阪電鉄"", ""url"": ""https://www.keihan.co.jp/euphonium/#link_event1""}]",,https://www2s.biglobe.ne.jp/~t_aoyagi/railway/free/keihan104.htm,keihan104.htm,108,2026/8/10 1:30,フェルメール《真珠の耳飾りの少女》展 記念乗車券,,,,https://www2s.biglobe.ne.jp/~t_aoyagi/railway/free/keihan104.htm
keihan105,京阪電車ナゾ巡り大津線編1日乗車券,京阪電気鉄道,"[""京阪電気鉄道""]",1,False,kinki,关西/近畿,关西/近畿,"[""近畿""]",kikan,期間限定タイプ,期间限定,"[""実券""]",True,False,period,2026/6/27  〜2027/3/31,2026/6/27,2027/3/31,2500.0,,2500.0,"大人：2,500円",1天,1.0,2026年6月27日 - 2027年3月31日,2026年6月27日 - 2027年3月31日,,"[""https://www2s.biglobe.ne.jp/~t_aoyagi/railway/free/map/otsu01.gif""]",,大手私鉄,"[""配有解谜套件""]",1.0,山科京阪、四宫、石山京阪、泽泽京阪、滨大津琵琶子、大津京京阪、近江神宫前、坂本比睿山口,京阪电车客户中心电话：06-6945-4560,,https://www.keihan.co.jp/otsu_kotokoto/ticket/#link_ticket2,"[{""text"": ""京阪電気鉄道"", ""url"": ""https://www.keihan.co.jp/otsu_kotokoto/ticket/#link_ticket2""}]",,https://www2s.biglobe.ne.jp/~t_aoyagi/railway/free/keihan105.htm,keihan105.htm,109,2026/8/10 1:30,京阪電車ナゾ巡り大津線編1日乗車券,,,,https://www2s.biglobe.ne.jp/~t_aoyagi/railway/free/keihan105.htm
keihan102,京阪電車 冬のおでかけ応援きっぷ,京阪電気鉄道,"[""京阪電気鉄道""]",1,False,kinki,关西/近畿,关西/近畿,"[""近畿""]",kikan,期間限定タイプ,期间限定,"[""デジタル""]",False,True,ended,終了,,,500.0,,500.0,大人：500円,1天,1.0,2026年1月26日 - 2026年2月8日,2026年2月1日、2月7日、2月8日,,"[""https://www2s.biglobe.ne.jp/~t_aoyagi/railway/free/map/keihan01.gif""]",,大手私鉄,[],0.0,苏鲁托 QRtto,京阪电车：TEL 06-6945-4560,,https://www.keihan.co.jp/traffic/valueticket/detail/fuyunoodekake.html,"[{""text"": ""京阪電鉄"", ""url"": ""https://www.keihan.co.jp/traffic/valueticket/detail/fuyunoodekake.html""}]",,https://www2s.biglobe.ne.jp/~t_aoyagi/railway/free/keihan102.htm,keihan102.htm,110,2026/8/10 1:30,京阪電車 冬のおでかけ応援きっぷ,,,,https://www2s.biglobe.ne.jp/~t_aoyagi/railway/free/keihan102.htm
keihan89,京阪電車「敬老の日」びわ湖チケット,京阪電気鉄道,"[""京阪電気鉄道""]",1,False,kinki,关西/近畿,关西/近畿,"[""近畿""]",autumn,秋限定タイプ,秋季限定,"[""実券""]",True,False,ended,終了,,,500.0,,500.0,大人：500円,1天,1.0,2019年9月14日 - 2019年10月14日,2019年9月14日 - 2019年10月14日,,"[""https://www2s.biglobe.ne.jp/~t_aoyagi/railway/free/map/otsu01.gif""]",,大手私鉄,"[""65岁以上（需要年龄证明文件）""]",1.0,山科京阪、四宫、石山寺、石山京阪、泽泽京阪、滨大津琵琶子、大津京京阪、近江神宫前、坂本比睿山口,京阪电车客户中心电话：06-6945-4560,,https://www.keihan.co.jp/traffic/valueticket/ticket/biwako_keirou/,"[{""text"": ""京阪電気鉄道"", ""url"": ""https://www.keihan.co.jp/traffic/valueticket/ticket/biwako_keirou/""}]",,https://www2s.biglobe.ne.jp/~t_aoyagi/railway/free/keihan89.htm,keihan89.htm,111,2026/8/10 1:30,京阪電車「敬老の日」びわ湖チケット,,,,https://www2s.biglobe.ne.jp/~t_aoyagi/railway/free/keihan89.htm
keihan91,年末年始フリーデジタル２dayチケット,京阪電気鉄道,"[""京阪電気鉄道""]",1,False,kinki,关西/近畿,关西/近畿,"[""近畿""]",winter,年末年始限定タイプ,年末年初限定,"[""デジタル""]",False,True,ended,終了,,,1500.0,,1500.0,"大人：1,500円／小人：---円",2天,2.0,2024年12月9日 - 2024年12月29日,2024年12月30日 - 2025年1月5日,,"[""https://www2s.biglobe.ne.jp/~t_aoyagi/railway/free/map/keihan01.gif""]",,大手私鉄,[],0.0,苏鲁托 QRtto,京阪电车客户中心：TEL 06-6945-4560,,https://www.keihan.co.jp/traffic/valueticket/detail/ny-2day.html,"[{""text"": ""京阪電鉄"", ""url"": ""https://www.keihan.co.jp/traffic/valueticket/detail/ny-2day.html""}]",,https://www2s.biglobe.ne.jp/~t_aoyagi/railway/free/keihan91.htm,keihan91.htm,112,2026/8/10 1:30,年末年始フリー デジタル２dayチケット,"1,000枚",,,https://www2s.biglobe.ne.jp/~t_aoyagi/railway/free/keihan91.htm
keihan92,京阪電車 年末年始大津線フリーチケット・坂本ケーブルチケット,京阪電気鉄道,"[""京阪電気鉄道""]",1,False,kinki,关西/近畿,关西/近畿,"[""近畿""]",winter,年末年始限定タイプ,年末年初限定,"[""実券""]",True,False,ended,終了,,,1600.0,800.0,800.0,"期間 大人 小人 
 2024年12月1日〜2024年12月7日 1,600円 800円 
 2024年12月8日〜2024年12月14日 1,900円 950円 
 2024年12月15日〜2025年1月5日 2,200円 1,100円",1天,1.0,2024年12月1日 - 2025年1月5日,2024年12月28日 - 2025年1月5日,,"[""https://www2s.biglobe.ne.jp/~t_aoyagi/railway/free/map/keihan92.gif""]",,大手私鉄,[],0.0,苏鲁托 QRtto,京阪电车客户中心：TEL 06-6945-4560,,https://www.keihan.co.jp/traffic/valueticket/detail/ny-otsu_s_cable.html,"[{""text"": ""京阪電鉄"", ""url"": ""https://www.keihan.co.jp/traffic/valueticket/detail/ny-otsu_s_cable.html""}]",,https://www2s.biglobe.ne.jp/~t_aoyagi/railway/free/keihan92.htm,keihan92.htm,113,2026/8/10 1:30,京阪電車 年末年始大津線フリーチケット・坂本ケーブルチケット,,,,https://www2s.biglobe.ne.jp/~t_aoyagi/railway/free/keihan92.htm
hankyuhanshin0,阪急阪神1dayパス,阪急電鉄,"[""阪急電鉄"", ""阪神電気鉄道"", ""神戸高速鉄道""]",3,True,kinki,关西/近畿,关西/近畿,"[""近畿""]",tunen,通年発売タイプ,全年发售,"[""デジタル""]",False,True,period,〜2027/3/31,,2027/3/31,1600.0,,1600.0,"大人：1,600円／小人：---円",1天,1.0,2026年4月1日 - 2027年3月31日,2026年4月1日 - 2027年4月30日,,"[""https://www2s.biglobe.ne.jp/~t_aoyagi/railway/free/map/hankyuhanshin.gif""]",,大手私鉄,[],0.0,Surutto QRtto 阪急线区域应用程序,阪急电铁 TEL:06-6373-5290,,https://www.hankyu.co.jp/ticket/otoku/013806.html,"[{""text"": ""阪急電鉄"", ""url"": ""https://www.hankyu.co.jp/ticket/otoku/013806.html""}, {""text"": ""阪神電気鉄道"", ""url"": ""https://www.hanshin.co.jp/ticket/otoku/detail/004409.html""}]",,https://www2s.biglobe.ne.jp/~t_aoyagi/railway/free/hankyuhanshin0.htm,hankyuhanshin0.htm,114,2026/8/10 1:30,阪急阪神1dayパス,,,,https://www2s.biglobe.ne.jp/~t_aoyagi/railway/free/hankyuhanshin0.htm
hankyu89,阪急1dayパス,阪急電鉄,"[""阪急電鉄""]",1,False,kinki,关西/近畿,关西/近畿,"[""近畿""]",tunen,通年発売タイプ,全年发售,"[""デジタル""]",False,True,period,〜2027/3/31,,2027/3/31,1300.0,,1300.0,"大人：1,300円",1天,1.0,2026年4月1日 - 2027年3月31日,2026年4月1日 - 2027年4月30日,,"[""https://www2s.biglobe.ne.jp/~t_aoyagi/railway/free/map/hankyu.gif""]",,大手私鉄,[],0.0,苏鲁托 QRtto,阪急铁路交通信息中心 TEL: 0570-089-500 (9:00-19:00),,https://www.hankyu.co.jp/ticket/otoku/013812.html,"[{""text"": ""阪急電鉄"", ""url"": ""https://www.hankyu.co.jp/ticket/otoku/013812.html""}]",,https://www2s.biglobe.ne.jp/~t_aoyagi/railway/free/hankyu89.htm,hankyu89.htm,115,2026/8/10 1:30,阪急1dayパス,,,,https://www2s.biglobe.ne.jp/~t_aoyagi/railway/free/hankyu89.htm
kitakyumonorailkyoto,北急・モノレール京都おでかけきっぷ,阪急電鉄,"[""阪急電鉄"", ""北大阪急行電鉄"", ""大阪高速鉄道""]",3,True,kinki,关西/近畿,关西/近畿,"[""近畿""]",kisetu,季節発売タイプ,季节发售,"[""デジタル""]",False,True,ended,終了,,,1500.0,,1500.0,"大人：1,500円",1天,1.0,"2026年4月10日 - 2026年6月14日
 2025年9月12日 - 2025年12月21日","2026年4月10日 - 2026年6月14日
 2025年9月12日 - 2025年12月21日",,"[""https://www2s.biglobe.ne.jp/~t_aoyagi/railway/free/map/kitamonokyoto.gif""]",,大手私鉄,[],0.0,苏鲁托 QRtto,"阪急电铁梅田站电话中心电话：06-6373-5290
 北大阪高速铁道部 TEL:06-6865-0645
 大阪高速铁路客户服务部电话：06-6832-0202",,https://www.hankyu.co.jp/ticket/otoku/014078.html,"[{""text"": ""阪急電鉄"", ""url"": ""https://www.hankyu.co.jp/ticket/otoku/014078.html""}, {""text"": ""北大阪急行"", ""url"": ""https://www.kita-kyu.co.jp/train/ticket/value/#plan_digital""}, {""text"": ""大阪高速鉄道"", ""url"": ""https://www.osaka-monorail.co.jp/ticket/value/37""}]",,https://www2s.biglobe.ne.jp/~t_aoyagi/railway/free/kitakyumonorailkyoto.htm,kitakyumonorailkyoto.htm,120,2026/8/10 1:30,北急・モノレール京都おでかけきっぷ,,,,https://www2s.biglobe.ne.jp/~t_aoyagi/railway/free/kitakyumonorailkyoto.htm
arima_rokko,有馬・六甲周遊1dayパス,阪急電鉄,"[""阪急電鉄"", ""阪神電気鉄道"", ""神戸市交通局"", ""神戸電鉄"", ""山陽電気鉄道""]",5,True,kinki,关西/近畿,关西/近畿,"[""近畿""]",kikan,期間限定タイプ,期间限定,"[""実券""]",True,False,period,2025/8/1  〜2026/5/31,2025/8/1,2026/5/31,2900.0,,2900.0,"基本フリー版 大人：2,900円 
 阪急版 大人：3,100円 
 阪神版 大人：3,000円 
 山陽明石以東版 大人：3,300円 
 山陽全線版 大人：3,800円 
 神鉄拡大版 大人：3,100円",1天,1.0,2025年8月1日 - 2026年5月31日,2025年8月1日 - 2026年5月31日,"[基础免费版]
 
 阪急扩大版【基本免费版】+阪急电铁全线（神户快速线除外）
 阪神扩展版【基本免费版】+阪神全线（神户快速线除外）
 山阳放大版①【基本免费版】+山阳电铁（西台～明石）+神户高速铁道（阪急三宫～西台）
 山阳放大版②【基本免费版】+山阳电铁全线+神户高速铁道（阪急三宫～西台）
 新铁扩充版【基本免费版】+神户高速铁道（凑川～阪急三宫）+神户电铁全线","[""https://www2s.biglobe.ne.jp/~t_aoyagi/railway/free/map/arimarokko.gif""]",,大手私鉄,[],0.0,"门票名称 售票地点
 基本免费版 神户市营地铁：三宫站店、新神户站店
 市营巴士/地铁客服角（三宫）
 
北新急行铁道：谷上站
 
神户电铁：有马温泉站
 
阪急电铁：阪急电铁三宫站五内柜台、六甲站
 阪急版阪急电车五内柜台
 阪神版：梅田、尼崎、甲子园、御影、三宫站长室
 山阳明石站和东版西台站、板宿站、东须磨站、须磨站、垂水站、明石站
 板宿、垂水、明石月票销售处、咨询中心（明石）
 山阳全线版明石站、东二见站、高砂站、押尾站、鹿间站、姬路站、网干站
 明石、东二见、高砂、鹿间、姬路月票销售处、咨询中心（明石）
 神户铁道放大版 神户电铁主要车站、车站商店、寄售营业所
 新铁集团综合信息中心","神户电铁株式会社交通部电话：078-592-4451
 
神户市交通局·事业振兴课 TEL:078-322-5994
 
六甲山旅游株式会社交通部营业部电话：078-861-5288
 
阪急电铁/阪急电铁交通信息中心 TEL: 0570-089-500
 
阪神电铁株式会社运输部营业本部电话：06-6457-2258
 
山阳电铁株式会社铁道营业部营业课电话：078-940-5132",,http://www.shintetsu.co.jp/railway/ticket/detail/arima_rokko.html,"[{""text"": ""神戸電鉄"", ""url"": ""http://www.shintetsu.co.jp/railway/ticket/detail/arima_rokko.html""}, {""text"": ""神戸市交通局"", ""url"": ""https://kotsu.city.kobe.lg.jp/ensen-navi/bus-railway/arima-rokko/""}, {""text"": ""阪神電気鉄道"", ""url"": ""https://www.hanshin.co.jp/ticket/otoku/detail/000084.html""}, {""text"": ""阪急電鉄"", ""url"": ""https://www.hankyu.co.jp/ticket/otoku/013045.html""}, {""text"": ""山陽電気鉄道"", ""url"": ""https://www.sanyo-railway.co.jp/railway/untin/ticket15.html""}]",,https://www2s.biglobe.ne.jp/~t_aoyagi/railway/free/arima_rokko.htm,arima_rokko.htm,122,2026/8/10 1:30,有馬・六甲周遊1dayパス,,,,https://www2s.biglobe.ne.jp/~t_aoyagi/railway/free/arima_rokko.htm
arima_rokko02,有馬・六甲周遊2dayパス,阪急電鉄,"[""阪急電鉄""]",1,False,kinki,关西/近畿,关西/近畿,"[""近畿""]",kikan,期間限定タイプ,期间限定,"[""実券""]",True,False,period,2025/8/1  〜2026/5/30,2025/8/1,2026/5/30,3600.0,,3600.0,"阪急版 大人：3,600円",2天,2.0,2025年8月1日 - 2026年5月30日,2025年8月1日 - 2026年5月31日,,"[""https://www2s.biglobe.ne.jp/~t_aoyagi/railway/free/map/arimarokko02.gif""]",,大手私鉄,[],0.0,"阪急电铁五内柜台
 阪急游客中心 大阪/梅田
 阪急京都旅游咨询中心/河原町",阪急电铁/阪急电铁交通信息中心 TEL: 0570-089-500,,https://www.hankyu.co.jp/ticket/otoku/013046.html,"[{""text"": ""阪急電鉄"", ""url"": ""https://www.hankyu.co.jp/ticket/otoku/013046.html""}]",,https://www2s.biglobe.ne.jp/~t_aoyagi/railway/free/arima_rokko02.htm,arima_rokko02.htm,123,2026/8/10 1:30,有馬・六甲周遊2dayパス,,,,https://www2s.biglobe.ne.jp/~t_aoyagi/railway/free/arima_rokko02.htm
taikonoyu,有馬温泉 太閤の湯クーポン,阪急電鉄,"[""阪急電鉄"", ""阪神電気鉄道"", ""神戸市交通局"", ""神戸電鉄"", ""山陽電気鉄道""]",5,True,kinki,关西/近畿,关西/近畿,"[""近畿""]",kikan,期間限定タイプ,期间限定,"[""デジタル""]",False,True,period,2026/4/1  〜2027/3/31,2026/4/1,2027/3/31,2600.0,,2600.0,"発行会社 大人 発行会社 大人 
 神戸電鉄版 2,600円 山陽電気鉄道版① 3,000円 
 阪急電鉄版 3,250円 山陽電気鉄道版② 3,400円 
 阪神電気鉄道版 3,150円 神戸市交通局版 2,700円",1天,1.0,2026年4月1日 - 2027年3月31日,2026年4月1日 - 2027年3月31日,"神户电铁版本 神户电铁全线
 阪急电铁版 阪急电铁：全线
 
神户市交通局：三宫谷上
 
神户电铁：谷上有马温泉
 
 阪神电铁版 阪神电铁：全线
 
神户市交通局：三宫谷上
 
神户电铁：谷上有马温泉
 
 山阳电铁版本① 山阳电铁：明石～西台
 
 神户高速铁路：西台～凑川
 
 神户电铁：凑川有马温泉
 山阳电铁版② 山阳电铁：全线
 
神户高速铁路：西台～凑川
 
神户电铁：凑川有马温泉
 神户市交通局版 神户市交通局：全线
 
神户电铁：谷上有马温泉","[""https://www2s.biglobe.ne.jp/~t_aoyagi/railway/free/map/taikonoyu.gif""]",,大手私鉄,"[""休馆日（4/7-4/8、7/8-7/9、10/6、1/6、临时休馆日）不可用。""]",1.0,"门票名称 售票地点
 神户电铁版：神户铁道总站柜台、7-11车站商店、特别售票机、寄售销售处
 阪急电车版 Surutto QRtto
 阪神电铁版 Surutto QRtto
 山阳电铁版本① Surutto QRtto
 山阳电铁版② Surutto QRtto
 神户市交通局版 Surutto QRtto","阪急电铁株式会社：
 交通信息中心电话：0570-089-500/06-6133-3473
 
阪神电车：
 交通部营业部电话：06-6457-2258
 
神户市交通局：
 客户服务角电话：078-321-0484
 
三洋电车：
 铁路营业部营业科电话：078-940-5132
 
 信息中心电话：078-913-2880
 
神户电铁：
 综合信息中心电话：078-592-4611",,https://www.shintetsu.co.jp/railway/ticket/detail/taikounoyu.html,"[{""text"": ""神戸電鉄"", ""url"": ""https://www.shintetsu.co.jp/railway/ticket/detail/taikounoyu.html""}, {""text"": ""阪急電鉄"", ""url"": ""https://www.hankyu.co.jp/ticket/otoku/014066.html""}, {""text"": ""阪神電気鉄道"", ""url"": ""https://www.hanshin.co.jp/ticket/otoku/detail/000053.html""}, {""text"": ""山陽電気鉄道"", ""url"": ""http://www.sanyo-railway.co.jp/railway/untin/ticket13.html""}, {""text"": ""神戸市交通局"", ""url"": ""https://kotsu.city.kobe.lg.jp/ensen-navi/bus-railway/taikou-no-yu1day/""}]",,https://www2s.biglobe.ne.jp/~t_aoyagi/railway/free/taikonoyu.htm,taikonoyu.htm,124,2026/8/10 1:30,有馬温泉 太閤の湯クーポン,,,,https://www2s.biglobe.ne.jp/~t_aoyagi/railway/free/taikonoyu.htm
hankyu101,阪急－神戸高速線 神戸市内 土休日フリーきっぷ,阪急電鉄,"[""阪急電鉄""]",1,False,kinki,关西/近畿,关西/近畿,"[""近畿""]",kikan,期間限定タイプ,期间限定,"[""デジタル""]",False,True,period,2026/4/4  〜2027/3/28,2026/4/4,2027/3/28,500.0,,500.0,大人 500円,1天,1.0,2026年4月4日 - 2027年3月28日,2026年4月4日至2027年3月28日周六、周日和节假日时间表,,"[""https://www2s.biglobe.ne.jp/~t_aoyagi/railway/free/map/hankyu101.gif""]",,大手私鉄,[],0.0,苏鲁托 QRtto,阪急梅田站电话中心 TEL: 06-6373-5290 (9:00-19:00),,https://www.hankyu.co.jp/ticket/otoku/013807.html,"[{""text"": ""阪急電鉄"", ""url"": ""https://www.hankyu.co.jp/ticket/otoku/013807.html""}]",,https://www2s.biglobe.ne.jp/~t_aoyagi/railway/free/hankyu101.htm,hankyu101.htm,127,2026/8/10 1:30,阪急－神戸高速線 神戸市内 土休日フリーきっぷ,,,,https://www2s.biglobe.ne.jp/~t_aoyagi/railway/free/hankyu101.htm
hankyu105,王子動物園×阪急神戸線1dayパス,阪急電鉄,"[""阪急電鉄""]",1,False,kinki,关西/近畿,关西/近畿,"[""近畿""]",kikan,期間限定タイプ,期间限定,"[""デジタル""]",False,True,ended,終了,,,1200.0,,1200.0,"大人：1,200円 小人：---円",1天,1.0,"2026年4月17日 - 2026年5月31日
 2025年9月1日 - 2025年11月30日","2026年4月17日 - 2026年5月31日
 周六、周日、节假日时间表适用日期为2025年9月1日至2025年11月30日",,"[""https://www2s.biglobe.ne.jp/~t_aoyagi/railway/free/map/hankyu105.gif""]",,大手私鉄,[],0.0,苏鲁托 QRtto,"阪急电铁交通信息中心
 电话:0570-089-500 (9:00-19:00)",,https://www.hankyu.co.jp/ticket/otoku/014079.html,"[{""text"": ""阪急電鉄"", ""url"": ""https://www.hankyu.co.jp/ticket/otoku/014079.html""}]",,https://www2s.biglobe.ne.jp/~t_aoyagi/railway/free/hankyu105.htm,hankyu105.htm,128,2026/8/10 1:30,王子動物園×阪急神戸線1dayパス,,,,https://www2s.biglobe.ne.jp/~t_aoyagi/railway/free/hankyu105.htm
hankyu103,リアル謎解きゲーム ナゾときっぷ(阪急編),阪急電鉄,"[""阪急電鉄""]",1,False,kinki,关西/近畿,关西/近畿,"[""近畿""]",kikan,期間限定タイプ,期间限定,"[""デジタル""]",False,True,period,2026/3/16  〜12/25,2026/3/16,2026/12/25,2800.0,,2800.0,"大人：2,800円",1天,1.0,2026年3月16日 - 2026年12月25日,2026年3月16日 - 2026年12月25日,,"[""https://www2s.biglobe.ne.jp/~t_aoyagi/railway/free/map/hankyu.gif""]",,大手私鉄,[],0.0,苏鲁托 QRtto,阪急铁路交通信息中心 TEL: 0570-089-500 (9:00-19:00),,https://www.hankyu.co.jp/ticket/otoku/014061.html,"[{""text"": ""阪急電鉄"", ""url"": ""https://www.hankyu.co.jp/ticket/otoku/014061.html""}, {""text"": ""イベント公式ページ"", ""url"": ""https://nazotoki-zepets.com/nazotokippu2026/""}]",,https://www2s.biglobe.ne.jp/~t_aoyagi/railway/free/hankyu103.htm,hankyu103.htm,129,2026/8/10 1:30,リアル謎解きゲーム ナゾときっぷ(阪急編),不明,,,https://www2s.biglobe.ne.jp/~t_aoyagi/railway/free/hankyu103.htm
hankyu94,阪急阪神ニューイヤーチケット,阪急電鉄,"[""阪急電鉄"", ""能勢電鉄"", ""阪神電気鉄道"", ""神戸高速鉄道""]",4,True,kinki,关西/近畿,关西/近畿,"[""近畿""]",winter,年末年始限定タイプ,年末年初限定,"[""デジタル""]",False,True,ended,終了,,,1200.0,,1200.0,"基本版 大人：1,200円 小人：--- 
 能勢版 大人：1,600円 小人：---",1天,1.0,2025年12月20日 - 2026年1月11日,2026年1月1日 - 2026年1月11日,,"[""https://www2s.biglobe.ne.jp/~t_aoyagi/railway/free/map/hankyuhanshin94.gif""]",,大手私鉄,[],0.0,苏鲁托 QRtto,阪急电铁株式会社电话：,,https://www.hankyu.co.jp/ticket/otoku/013975.html,"[{""text"": ""阪急電鉄"", ""url"": ""https://www.hankyu.co.jp/ticket/otoku/013975.html""}, {""text"": ""能勢電鉄"", ""url"": ""https://noseden.hankyu.co.jp/railway/gain.html""}]",,https://www2s.biglobe.ne.jp/~t_aoyagi/railway/free/hankyu94.htm,hankyu94.htm,131,2026/8/10 1:30,阪急阪神ニューイヤーチケット,,,,https://www2s.biglobe.ne.jp/~t_aoyagi/railway/free/hankyu94.htm
hankyu93,ぐるっと初詣パス,阪急電鉄,"[""阪急電鉄""]",1,False,kinki,关西/近畿,关西/近畿,"[""近畿""]",winter,年末年始限定タイプ,年末年初限定,"[""デジタル""]",False,True,ended,終了,,,600.0,,600.0,大人：600円 小人：---,1天,1.0,2025年12月20日 - 2026年1月7日,2026年1月1日 - 2026年1月7日,,"[""https://www2s.biglobe.ne.jp/~t_aoyagi/railway/free/map/hankyu93.gif""]",,大手私鉄,[],0.0,Surutto QRtto 网站,阪急电铁株式会社电话：,,https://www.hankyu.co.jp/ticket/otoku/013728.html,"[{""text"": ""阪急電鉄"", ""url"": ""https://www.hankyu.co.jp/ticket/otoku/013728.html""}]",,https://www2s.biglobe.ne.jp/~t_aoyagi/railway/free/hankyu93.htm,hankyu93.htm,132,2026/8/10 1:30,ぐるっと初詣パス,,,,https://www2s.biglobe.ne.jp/~t_aoyagi/railway/free/hankyu93.htm
nose73,のせでん1dayパス,能勢電鉄,"[""能勢電鉄""]",1,False,kinki,关西/近畿,关西/近畿,"[""近畿""]",kikan,期間限定タイプ,期间限定,"[""デジタル""]",False,True,period,〜2027/3/31,,2027/3/31,800.0,,800.0,大人：800円／小人：---円,1天,1.0,2025年10月1日 - 2026年3月31日,2025年10月1日 - 2026年4月30日,,"[""https://www2s.biglobe.ne.jp/~t_aoyagi/railway/free/map/nose72.gif""]",,地方私鉄,[],0.0,苏鲁托 QRtto,鼻子电气铁路：,,https://noseden.hankyu.co.jp/upload_file/noseden/information/newsrelease202509161.pdf,"[{""text"": ""能勢電鉄"", ""url"": ""https://noseden.hankyu.co.jp/upload_file/noseden/information/newsrelease202509161.pdf""}]",,https://www2s.biglobe.ne.jp/~t_aoyagi/railway/free/nose73.htm,nose73.htm,135,2026/8/10 1:30,のせでん1dayパス,,,,https://www2s.biglobe.ne.jp/~t_aoyagi/railway/free/nose73.htm
nose74,のせでん1dayパス 茜音・藍彩 1 周年記念 ver.,能勢電鉄,"[""能勢電鉄""]",1,False,kinki,关西/近畿,关西/近畿,"[""近畿""]",kikan,期間限定タイプ,期间限定,"[""デジタル""]",False,True,period,2026/3/3  〜5/31,2026/3/3,2026/5/31,800.0,,800.0,大人：800円／小人：---円,1天,1.0,2026年3月3日 - 2026年5月31日,2026年3月3日 - 2026年5月31日,,"[""https://www2s.biglobe.ne.jp/~t_aoyagi/railway/free/map/nose72.gif""]",,地方私鉄,"[""可容纳 1 名成人和 1 名儿童""]",1.0,苏鲁托 QRtto,鼻子电气铁路：,,https://noseden.hankyu.co.jp/ticket/gain_detail/bdbf7a824e305c9.html,"[{""text"": ""能勢電鉄"", ""url"": ""https://noseden.hankyu.co.jp/ticket/gain_detail/bdbf7a824e305c9.html""}]",,https://www2s.biglobe.ne.jp/~t_aoyagi/railway/free/nose74.htm,nose74.htm,136,2026/8/10 1:30,のせでん1dayパス 茜音・藍彩 1 周年記念 ver.,,,,https://www2s.biglobe.ne.jp/~t_aoyagi/railway/free/nose74.htm
hansinsanyo,阪神・山陽シーサイドQR 1dayチケット,阪神電気鉄道,"[""阪神電気鉄道"", ""神戸高速鉄道"", ""山陽電気鉄道""]",3,True,kinki,关西/近畿,关西/近畿,"[""近畿""]",tunen,通年発売タイプ,全年发售,"[""デジタル""]",False,True,period,〜2027/3/31,,2027/3/31,2350.0,,2350.0,"磁気券 大人：2,450円 
 ＱＲ券 大人：2,350円",1天,1.0,2026年4月1日 - 2027年3月31日,2026年4月1日 - 2027年4月30日,,"[""https://www2s.biglobe.ne.jp/~t_aoyagi/railway/free/map/hanshinsanyo.gif""]",,大手私鉄,[],0.0,"磁力票二维码票
 阪神电铁 - Surutto QRtto
 神户高速铁道 -
 山阳电铁板宿、须磨、垂海、明石、东二见、高砂、押尾、鹿间、姬路、网干
 信息中心（明石）",,,https://www.sanyo-railway.co.jp/railway/untin/ticket02.html,"[{""text"": ""山陽電気鉄道"", ""url"": ""https://www.sanyo-railway.co.jp/railway/untin/ticket02.html""}, {""text"": ""阪神電気鉄道"", ""url"": ""https://www.hanshin.co.jp/ticket/otoku/detail/004419.html""}]",,https://www2s.biglobe.ne.jp/~t_aoyagi/railway/free/hansinsanyo.htm,hansinsanyo.htm,139,2026/8/10 1:30,阪神・山陽シーサイド1dayチケット 阪神・山陽シーサイドQR 1dayチケット,,,,https://www2s.biglobe.ne.jp/~t_aoyagi/railway/free/hansinsanyo.htm
sanyo12,阪神・明石市内QR 1dayチケット,阪神電気鉄道,"[""阪神電気鉄道"", ""神戸高速鉄道"", ""山陽電気鉄道""]",3,True,kinki,关西/近畿,关西/近畿,"[""近畿""]",tunen,通年発売タイプ,全年发售,"[""デジタル""]",False,True,period,〜2027/3/31,,2027/3/31,1750.0,,1750.0,"磁気券 大人：1,900円 
 ＱＲ券 大人：1,750円",1天,1.0,2026年4月1日 - 2027年3月31日,2026年4月1日 - 2027年4月30日,,"[""https://www2s.biglobe.ne.jp/~t_aoyagi/railway/free/map/sanyo12.gif""]",,大手私鉄,[],0.0,"磁力票二维码票
 阪神电铁 - Surutto QRtto
 神户高速铁道 -
 山阳电铁大仓谷～西二见站自动售票机
 西台站、板宿站、东须磨站、须磨站、垂水站、明石站、东二见站
 板宿、垂海、明石、东二见月票销售处、咨询中心（明石）","阪神电铁运输部营业本部电话：06-6457-2258
 神户高速铁道运输部营业部 TEL:078-351-0884
 山阳电铁铁道营业部营业课 TEL:078-941-7556
 信息中心（明石）电话：078-913-2880",,http://www.sanyo-railway.co.jp/railway/untin/ticket04.html,"[{""text"": ""山陽電気鉄道"", ""url"": ""http://www.sanyo-railway.co.jp/railway/untin/ticket04.html""}, {""text"": ""阪神電気鉄道"", ""url"": ""https://www.hanshin.co.jp/ticket/otoku/detail/004418.html""}]",,https://www2s.biglobe.ne.jp/~t_aoyagi/railway/free/sanyo12.htm,sanyo12.htm,140,2026/8/10 1:30,阪神・明石市内1dayチケット 阪神・明石市内QR 1dayチケット,,,,https://www2s.biglobe.ne.jp/~t_aoyagi/railway/free/sanyo12.htm
sanyo11,三宮・明石市内QR 1dayチケット,阪神電気鉄道,"[""阪神電気鉄道"", ""神戸高速鉄道"", ""山陽電気鉄道""]",3,True,kinki,关西/近畿,关西/近畿,"[""近畿""]",tunen,通年発売タイプ,全年发售,"[""デジタル""]",False,True,period,〜2027/3/31,,2027/3/31,1120.0,,1120.0,"磁気券 大人：1,200円 
 ＱＲ券 大人：1,120円",1天,1.0,2026年4月1日 - 2027年3月31日,2026年4月1日 - 2027年4月30日,,"[""https://www2s.biglobe.ne.jp/~t_aoyagi/railway/free/map/sanyo11.gif""]",,大手私鉄,[],0.0,"磁力票二维码票
 阪神电铁 - Surutto QRtto
 神户高速铁道 -
 山阳电铁大仓谷～西二见站自动售票机
 西台站、板宿站、东须磨站、须磨站、垂水站、明石站、东二见站
 板宿、垂海、明石、东二见月票销售处、咨询中心（明石）","阪神电铁运输部营业本部电话：06-6457-2258
 神户高速铁道运输部营业部 TEL:078-351-0884
 山阳电铁铁道营业部营业课电话：078-941-7556/信息中心（明石）电话：078-913-2880",,http://www.sanyo-railway.co.jp/railway/untin/ticket03.html,"[{""text"": ""山陽電気鉄道"", ""url"": ""http://www.sanyo-railway.co.jp/railway/untin/ticket03.html""}, {""text"": ""阪神電気鉄道"", ""url"": ""https://www.hanshin.co.jp/ticket/otoku/detail/004416.html""}]",,https://www2s.biglobe.ne.jp/~t_aoyagi/railway/free/sanyo11.htm,sanyo11.htm,141,2026/8/10 1:30,三宮・明石市内1dayチケット 三宮・明石市内QR 1dayチケット,,,,https://www2s.biglobe.ne.jp/~t_aoyagi/railway/free/sanyo11.htm
sanhime,三宮・姫路QR 1dayチケット,阪神電気鉄道,"[""阪神電気鉄道"", ""神戸市交通局"", ""神戸高速鉄道"", ""山陽電気鉄道""]",4,True,kinki,关西/近畿,关西/近畿,"[""近畿""]",tunen,通年発売タイプ,全年发售,"[""デジタル""]",False,True,period,〜2027/3/31,,2027/3/31,1590.0,,1590.0,"磁気券 大人：1,700円 
 ＱＲ券 大人：1,590円",1天,1.0,2026年4月1日 - 2027年3月31日,2026年4月1日 - 2027年4月30日,,"[""https://www2s.biglobe.ne.jp/~t_aoyagi/railway/free/map/sanhime1.gif""]",,大手私鉄,[],0.0,"磁力票二维码票
 神户市交通局 新神户/三宫 Surutto QRtto
 阪神电铁 -
 神户高速铁道 -
 山阳电铁播磨町～山阳姬路、西鹿间～山阳网干站售票机
 西台站、板宿站、东须磨站、须磨站、垂水站、明石站、东二见站、高砂站、押尾站、鹿间站、姬路站、网干站
 板宿、垂海、明石、东二见、高砂、鹿间、姬路月票销售处、咨询中心（明石）","山阳电铁铁道营业部营业课：078-941-7556
 
山阳电铁信息中心（明石）：078-913-2880
 神户高速铁道运输部营业课：078-351-0884",,http://www.sanyo-railway.co.jp/railway/untin/ticket01.html,"[{""text"": ""山陽電気鉄道"", ""url"": ""http://www.sanyo-railway.co.jp/railway/untin/ticket01.html""}, {""text"": ""阪神電気鉄道"", ""url"": ""https://www.hanshin.co.jp/ticket/otoku/#hyogo""}, {""text"": ""神戸市交通局"", ""url"": ""https://kotsu.city.kobe.lg.jp/ensen-navi/bus-railway/sannomiya-himeji/""}]",,https://www2s.biglobe.ne.jp/~t_aoyagi/railway/free/sanhime.htm,sanhime.htm,143,2026/8/10 1:30,三宮・姫路1dayチケット 三宮・姫路QR 1dayチケット,,,,https://www2s.biglobe.ne.jp/~t_aoyagi/railway/free/sanhime.htm
sanyo95,神戸マラソン1dayチケット,阪神電気鉄道,"[""阪神電気鉄道""]",1,False,kinki,关西/近畿,关西/近畿,"[""近畿""]",kikan,期間限定タイプ,期间限定,"[""実券""]",True,False,ended,終了,,,600.0,,600.0,大人：600円,1天,1.0,2019年11月1日 - 2019年11月17日,2019年11月1日 - 2019年11月17日,,"[""https://www2s.biglobe.ne.jp/~t_aoyagi/railway/free/map/sanyo95.gif""]",,大手私鉄,[],0.0,"山阳电铁：西台站、板宿站、东须磨站、山阳须磨站、山阳垂水站、山阳明石站
 
 阪神电铁服务中心（神户三宫）、“神户马拉松博览会2019”会场","山阳电铁铁道营业部营业课 TEL:078-941-5132
 山阳电车信息中心（明石） TEL:078-913-2880",,http://www.sanyo-railway.co.jp/railway/topics/detail.html?topics_id=1727,"[{""text"": ""山陽電気鉄道"", ""url"": ""http://www.sanyo-railway.co.jp/railway/topics/detail.html?topics_id=1727""}]",,https://www2s.biglobe.ne.jp/~t_aoyagi/railway/free/sanyo95.htm,sanyo95.htm,150,2026/8/10 1:30,神戸マラソン1dayチケット,,,,https://www2s.biglobe.ne.jp/~t_aoyagi/railway/free/sanyo95.htm
hanshin93,リアル謎解きゲーム ナゾときっぷ(阪神編),阪神電気鉄道,"[""阪神電気鉄道""]",1,False,kinki,关西/近畿,关西/近畿,"[""近畿""]",kikan,期間限定タイプ,期间限定,"[""デジタル""]",False,True,period,2026/3/16  〜12/25,2026/3/16,2026/12/25,2700.0,,2700.0,"大人：2,700円",1天,1.0,2026年3月14日 - 2026年12月25日,2026年3月14日 - 2026年12月25日,,"[""https://www2s.biglobe.ne.jp/~t_aoyagi/railway/free/map/hanshin91.gif""]",,大手私鉄,[],0.0,苏鲁托 QRtto,阪急铁路交通信息中心 TEL: 0570-089-500 (9:00-19:00),,https://www.hanshin.co.jp/ticket/otoku/detail/005038.html,"[{""text"": ""阪神電気鉄道"", ""url"": ""https://www.hanshin.co.jp/ticket/otoku/detail/005038.html""}, {""text"": ""イベント公式ページ"", ""url"": ""https://nazotoki-zepets.com/nazotokippu2026/""}]",,https://www2s.biglobe.ne.jp/~t_aoyagi/railway/free/hanshin93.htm,hanshin93.htm,151,2026/8/10 1:30,リアル謎解きゲーム ナゾときっぷ(阪神編),不明,,,https://www2s.biglobe.ne.jp/~t_aoyagi/railway/free/hanshin93.htm
kobe11,神戸周遊パス,阪神電気鉄道,"[""阪神電気鉄道"", ""神戸新交通"", ""神戸市交通局"", ""神戸電鉄"", ""神戸高速鉄道"", ""山陽電気鉄道""]",6,True,kinki,关西/近畿,关西/近畿,"[""近畿""]",kikan,期間限定タイプ,期间限定,"[""デジタル""]",False,True,ended,終了,,,3000.0,,3000.0,"大人：3,000円",1天,1.0,2025年4月25日 - 2025年10月31日,2025年4月25日 - 2025年10月31日,,"[""https://www2s.biglobe.ne.jp/~t_aoyagi/railway/free/map/kobe11.gif""]",,大手私鉄,[],0.0,苏鲁托 QRtto,Surutto关西株式会社：06-7730-9171,,https://www.feel-kobe.jp/tickets/神戸周遊パス/,"[{""text"": ""神戸公式観光サイト"", ""url"": ""https://www.feel-kobe.jp/tickets/神戸周遊パス/""}, {""text"": ""阪神電気鉄道"", ""url"": ""https://www.hanshin.co.jp/ticket/otoku/detail/004503.html""}, {""text"": ""神戸市交通局"", ""url"": ""https://kotsu.city.kobe.lg.jp/ensen-navi/bus-railway/kobe-shuyu/""}, {""text"": ""神戸新交通"", ""url"": ""https://www.knt-liner.co.jp/ticketinfo/8105/""}]",,https://www2s.biglobe.ne.jp/~t_aoyagi/railway/free/kobe11.htm,kobe11.htm,152,2026/8/10 1:30,神戸周遊パス,,,,https://www2s.biglobe.ne.jp/~t_aoyagi/railway/free/kobe11.htm
hanshin72,ポートライナー・阪神24時間パス,阪神電気鉄道,"[""阪神電気鉄道"", ""神戸新交通""]",2,True,kinki,关西/近畿,关西/近畿,"[""近畿""]",kikan,期間限定タイプ,期间限定,"[""デジタル""]",False,True,period,2026/4/1  〜2027/3/31,2026/4/1,2027/3/31,1500.0,,1500.0,"大人：1,500円／小人：---",自使用开始24小时内,1.0,2026年4月1日 - 2027年3月31日,2026年4月1日 - 2027年3月31日,,"[""https://www2s.biglobe.ne.jp/~t_aoyagi/railway/free/map/hanshin72.gif""]",,大手私鉄,[],0.0,苏鲁托 QRtto,"阪神电铁/交通部营业部电话：06-6457-2258
 神户新交通电话：0570-003222",,https://www.hanshin.co.jp/ticket/otoku/detail/004603.html,"[{""text"": ""阪神電気鉄道"", ""url"": ""https://www.hanshin.co.jp/ticket/otoku/detail/004603.html""}, {""text"": ""神戸新交通"", ""url"": ""https://www.knt-liner.co.jp/ticketinfo/8562/""}]",,https://www2s.biglobe.ne.jp/~t_aoyagi/railway/free/hanshin72.htm,hanshin72.htm,153,2026/8/10 1:30,ポートライナー・阪神24時間パス,,,,https://www2s.biglobe.ne.jp/~t_aoyagi/railway/free/hanshin72.htm
sanyo91,山陽・高速 新春全線1dayパス,阪神電気鉄道,"[""阪神電気鉄道"", ""神戸高速鉄道"", ""山陽電気鉄道""]",3,True,kinki,关西/近畿,关西/近畿,"[""近畿""]",winter,年末年始限定タイプ,年末年初限定,"[""実券""]",True,False,ended,終了,,,1200.0,,1200.0,"大人：1,200円",1天,1.0,2025年12月20日 - 2026年1月3日,2025年12月31日 - 2026年1月3日,,"[""https://www2s.biglobe.ne.jp/~t_aoyagi/railway/free/map/sanyo91.gif""]",,大手私鉄,[],0.0,"神户高速铁道高速神户、新开地、高速永田
 山阳电铁西台、板宿、东须磨、须磨、垂海、明石、东二见、高砂、押尾、鹿间、姬路、网干
 信息中心（明石）
 山阳电车月票销售处 板宿、垂海、明石、东二见、高砂、鹿间、姬路
 阪神电铁阪神三宫（服务中心）","神户高速铁道运输部营业部 TEL:078-351-0884
 山阳电铁铁道营业部营业课电话：078-941-7556/信息中心（明石）电话：078-913-2880",,https://www.sanyo-railway.co.jp/railway/untin/newyear1day2026.html,"[{""text"": ""山陽電気鉄道"", ""url"": ""https://www.sanyo-railway.co.jp/railway/untin/newyear1day2026.html""}]",,https://www2s.biglobe.ne.jp/~t_aoyagi/railway/free/sanyo91.htm,sanyo91.htm,156,2026/8/10 1:30,山陽・高速 新春全線1dayパス,,,,https://www2s.biglobe.ne.jp/~t_aoyagi/railway/free/sanyo91.htm
osaka03,エンジョイエコカード,大阪市高速電気軌道 (大阪メトロ),"[""大阪市高速電気軌道 (大阪メトロ)""]",1,False,kinki,关西/近畿,关西/近畿,"[""近畿""]",tunen,通年発売タイプ,全年发售,"[""実券""]",True,False,on_sale,発売中,,,620.0,310.0,310.0,"平日 大人：820円／小人：310円 
 土休日 大人：620円／小人：310円",1天,1.0,全年,全年,,"[""https://www2s.biglobe.ne.jp/~t_aoyagi/railway/free/map/osaka01.gif""]",,地方私鉄,"[""梦岛站无法上下车。"", ""无法乘坐开往宜家鹤滨、日本环球影城的巴士、按需巴士以及森宫、京桥的周游巴士。""]",2.0,自动售票机、月票销售处、车站商店,大阪市高速电动轨道 TEL:06-6585-6229,,https://subway.osakametro.co.jp/guide/page/enjoy-eco.php,"[{""text"": ""大阪市高速電気軌道"", ""url"": ""https://subway.osakametro.co.jp/guide/page/enjoy-eco.php""}]",,https://www2s.biglobe.ne.jp/~t_aoyagi/railway/free/osaka03.htm,osaka03.htm,157,2026/8/10 1:30,エンジョイエコカード,,,,https://www2s.biglobe.ne.jp/~t_aoyagi/railway/free/osaka03.htm
osaka04,Osaka Metro・大阪シティバス1日乗車券,大阪市高速電気軌道 (大阪メトロ),"[""大阪市高速電気軌道 (大阪メトロ)""]",1,False,kinki,关西/近畿,关西/近畿,"[""近畿""]",kikan,期間限定タイプ,期间限定,"[""デジタル""]",False,True,period,〜2027/3/31,,2027/3/31,620.0,310.0,310.0,"平日 大人：820円／小人：310円 
 土休日 大人：620円／小人：310円",1天,1.0,2026年4月1日 - 2027年3月31日,2026年4月1日 - 2027年3月31日,,"[""https://www2s.biglobe.ne.jp/~t_aoyagi/railway/free/map/osaka01.gif""]",,地方私鉄,"[""梦岛站无法上下车。"", ""无法乘坐开往宜家鹤滨、日本环球影城的巴士、按需巴士以及森宫、京桥的周游巴士。""]",2.0,"工作日：e METRO Surutto QRtto
 假期：e METRO 应用程序 Surutto QRtto",大阪市高速电动轨道 TEL:06-6585-6229,,https://subway.osakametro.co.jp/guide/fare/category_digital_tickets/digital_tickets/digital_joshaken.php#onedaypass,"[{""text"": ""大阪市高速電気軌道"", ""url"": ""https://subway.osakametro.co.jp/guide/fare/category_digital_tickets/digital_tickets/digital_joshaken.php#onedaypass""}]",,https://www2s.biglobe.ne.jp/~t_aoyagi/railway/free/osaka04.htm,osaka04.htm,160,2026/8/10 1:30,Osaka Metro・大阪シティバス 1日乗車券,,,,https://www2s.biglobe.ne.jp/~t_aoyagi/railway/free/osaka04.htm
osakametoro92,1日乗車券シニア,大阪市高速電気軌道 (大阪メトロ),"[""大阪市高速電気軌道 (大阪メトロ)""]",1,False,kinki,关西/近畿,关西/近畿,"[""近畿""]",kikan,期間限定タイプ,期间限定,"[""実券"", ""デジタル""]",True,True,ended,終了,,,670.0,,670.0,大人：670円,1天,1.0,2025年10月14日 - 2025年12月26日,2025年10月14日 - 2025年12月26日,,"[""https://www2s.biglobe.ne.jp/~t_aoyagi/railway/free/map/osakametoro01.gif""]",,地方私鉄,"[""70岁以上（购买时需出示官方年龄证明（健康保险证、驾驶执照等））"", ""无法乘坐开往宜家鹤滨的巴士、开往日本环球影城的巴士、机场巴士、按需巴士。""]",2.0,"大阪地铁
 梅田、难波、天王寺月票销售处
 大阪地铁
 站长室御堂筋线：江坂、北花田、新金冈、中百舌鸟
 
谷町线：大日、守口、大芝桥今市、八尾南
 
中央线：高井田、长田
 
长堀鹤见绿地线：门真南
 
今里筋线：大芝桥今市
 
 大阪地铁
 问讯处 新大阪问讯处
 e 地铁应用程序",大阪地铁/城市巴士客户中心电话：050-3355-8208,,https://subway.osakametro.co.jp/news/news_release/20250924_1day_pass_senior.php,"[{""text"": ""大阪市高速電気軌道"", ""url"": ""https://subway.osakametro.co.jp/news/news_release/20250924_1day_pass_senior.php""}]",,https://www2s.biglobe.ne.jp/~t_aoyagi/railway/free/osakametoro92.htm,osakametoro92.htm,162,2026/8/10 1:30,1日乗車券シニア,,,,https://www2s.biglobe.ne.jp/~t_aoyagi/railway/free/osakametoro92.htm
osakametoro94,Osaka Metro 26時間券,大阪市高速電気軌道 (大阪メトロ),"[""大阪市高速電気軌道 (大阪メトロ)""]",1,False,kinki,关西/近畿,关西/近畿,"[""近畿""]",kikan,期間限定タイプ,期间限定,"[""デジタル""]",False,True,period,2025/10/14  〜2026/9/30,2025/10/14,2026/9/30,1000.0,500.0,500.0,"大人：1,000円／小人：500円",开始使用后26小时,,2025年10月14日 - 2026年9月30日,自购买之日起 30 天内,,"[""https://www2s.biglobe.ne.jp/~t_aoyagi/railway/free/map/osakametoro01.gif""]",,地方私鉄,"[""今里班轮不可用""]",1.0,"e 地铁应用程序
 
 Surutto QRtto 网站",大阪地铁/城市巴士客户中心电话：050-3355-8208,,https://subway.osakametro.co.jp/guide/fare/category_digital_tickets/digital_tickets/digital_joshaken.php#jikanken,"[{""text"": ""大阪市高速電気軌道"", ""url"": ""https://subway.osakametro.co.jp/guide/fare/category_digital_tickets/digital_tickets/digital_joshaken.php#jikanken""}]",,https://www2s.biglobe.ne.jp/~t_aoyagi/railway/free/osakametoro94.htm,osakametoro94.htm,163,2026/8/10 1:30,Osaka Metro 26時間券,,,,https://www2s.biglobe.ne.jp/~t_aoyagi/railway/free/osakametoro94.htm
osakametoro95,Osaka Metro 48時間券,大阪市高速電気軌道 (大阪メトロ),"[""大阪市高速電気軌道 (大阪メトロ)""]",1,False,kinki,关西/近畿,关西/近畿,"[""近畿""]",kikan,期間限定タイプ,期间限定,"[""デジタル""]",False,True,period,2025/10/14  〜2026/9/30,2025/10/14,2026/9/30,1700.0,850.0,850.0,"大人：1,700円／小人：850円",开始使用后48小时,,2025年10月14日 - 2026年9月30日,自购买之日起 30 天内,,"[""https://www2s.biglobe.ne.jp/~t_aoyagi/railway/free/map/osakametoro01.gif""]",,地方私鉄,"[""今里班轮不可用""]",1.0,"e 地铁应用程序
 
 Surutto QRtto 网站",大阪地铁/城市巴士客户中心电话：050-3355-8208,,https://subway.osakametro.co.jp/guide/fare/category_digital_tickets/digital_tickets/digital_joshaken.php#jikanken,"[{""text"": ""大阪市高速電気軌道"", ""url"": ""https://subway.osakametro.co.jp/guide/fare/category_digital_tickets/digital_tickets/digital_joshaken.php#jikanken""}]",,https://www2s.biglobe.ne.jp/~t_aoyagi/railway/free/osakametoro95.htm,osakametoro95.htm,164,2026/8/10 1:30,Osaka Metro 48時間券,,,,https://www2s.biglobe.ne.jp/~t_aoyagi/railway/free/osakametoro95.htm
osakametoro96,Osaka Metro ＆ 北大阪急行1日乗車券,大阪市高速電気軌道 (大阪メトロ),"[""大阪市高速電気軌道 (大阪メトロ)"", ""北大阪急行電鉄""]",2,True,kinki,关西/近畿,关西/近畿,"[""近畿""]",kikan,期間限定タイプ,期间限定,"[""デジタル""]",False,True,period,2026/4/1  〜2027/3/31,2026/4/1,2027/3/31,1500.0,,1500.0,"大人：1,500円",1天,1.0,2026年4月1日 - 2027年3月31日,2026年4月1日 - 2027年3月31日,,"[""https://www2s.biglobe.ne.jp/~t_aoyagi/railway/free/map/osakametoro96.gif""]",,地方私鉄,"[""今里班轮不可用""]",1.0,"e 地铁应用程序
 
 苏鲁托 QRtto",大阪地铁/城市巴士客户中心电话：050-3355-8208,,https://subway.osakametro.co.jp/guide/fare/category_digital_tickets/digital_tickets/digital_joshaken.php#kitakyu_train_pass,"[{""text"": ""大阪市高速電気軌道"", ""url"": ""https://subway.osakametro.co.jp/guide/fare/category_digital_tickets/digital_tickets/digital_joshaken.php#kitakyu_train_pass""}, {""text"": ""北大阪急行電鉄"", ""url"": ""https://www.kita-kyu.co.jp/train/ticket/value/#plan_digital""}]",,https://www2s.biglobe.ne.jp/~t_aoyagi/railway/free/osakametoro96.htm,osakametoro96.htm,165,2026/8/10 1:30,Osaka Metro ＆ 北大阪急行1日乗車券,,,,https://www2s.biglobe.ne.jp/~t_aoyagi/railway/free/osakametoro96.htm
osakametoro51,ひらパーGo!Go!チケット(Osaka Metro版),大阪市高速電気軌道 (大阪メトロ),"[""大阪市高速電気軌道 (大阪メトロ)""]",1,False,kinki,关西/近畿,关西/近畿,"[""近畿""]",kikan,期間限定タイプ,期间限定,"[""デジタル""]",False,True,period,2025/3/20  〜2027/3/31,2025/3/20,2027/3/31,2660.0,1380.0,1380.0,"大人：2,660円／小人：1,380円",1天,1.0,2026年3月20日 - 2027年3月31日,2026年4月1日 - 2027年3月31日,,"[""https://www2s.biglobe.ne.jp/~t_aoyagi/railway/free/map/osakametoro51.gif""]",,地方私鉄,"[""今里班轮不可用""]",1.0,苏鲁托 QRtto,大阪地铁/城市巴士客户中心电话：050-3355-8208,,https://subway.osakametro.co.jp/guide/fare/category_digital_tickets/digital_tickets/digital_joshaken.php#hirapa,"[{""text"": ""大阪市高速電気軌道"", ""url"": ""https://subway.osakametro.co.jp/guide/fare/category_digital_tickets/digital_tickets/digital_joshaken.php#hirapa""}, {""text"": ""北大阪急行電鉄"", ""url"": ""https://www.kita-kyu.co.jp/train/ticket/value/""}]",,https://www2s.biglobe.ne.jp/~t_aoyagi/railway/free/osakametoro51.htm,osakametoro51.htm,169,2026/8/10 1:30,ひらパーGo!Go!チケット【Osaka Metro版】,,,,https://www2s.biglobe.ne.jp/~t_aoyagi/railway/free/osakametoro51.htm
osakametoro98,「2つの世界と2匹の物語」１日乗車券,大阪市高速電気軌道 (大阪メトロ),"[""大阪市高速電気軌道 (大阪メトロ)""]",1,False,kinki,关西/近畿,关西/近畿,"[""近畿""]",kikan,期間限定タイプ,期间限定,"[""実券""]",True,False,period,2026/6/26  〜2027/1/31,2026/6/26,2027/1/31,2800.0,,2800.0,"大人：2,800円／小人：---円",开始使用后26小时,,2026年6月27日 - 2027年1月31日,2026年6月27日 - 2027年1月31日,,"[""https://www2s.biglobe.ne.jp/~t_aoyagi/railway/free/map/osakametoro01.gif""]",,地方私鉄,"[""今里班轮不可用""]",1.0,月票销售处（难波站、天王寺站）、咨询处（新大阪站）、站内罗森店（12家店铺）,大阪地铁/城市巴士客户中心电话：050-3355-8208,,https://subway.osakametro.co.jp/news/news/other/20260624_2_worlds_2_animals.php?_ga=2.106512259.1617438004.1785061804-750010525.1783783624&_gl=1*10btscu*_gcl_au*ODIyMzY4Mzg5LjE3ODM3ODM2MjQ.*_ga*NzUwMDEwNTI1LjE3ODM3ODM2MjQ.*_ga_LT5TV95QB9*czE3ODUwNjE4MDMkbzMkZzEkdDE3ODUwNjIwODUkajI3JGwwJGgw,"[{""text"": ""大阪市高速電気軌道"", ""url"": ""https://subway.osakametro.co.jp/news/news/other/20260624_2_worlds_2_animals.php?_ga=2.106512259.1617438004.1785061804-750010525.1783783624&_gl=1*10btscu*_gcl_au*ODIyMzY4Mzg5LjE3ODM3ODM2MjQ.*_ga*NzUwMDEwNTI1LjE3ODM3ODM2MjQ.*_ga_LT5TV95QB9*czE3ODUwNjE4MDMkbzMkZzEkdDE3ODUwNjIwODUkajI3JGwwJGgw""}, {""text"": ""特設サイト"", ""url"": ""https://huntersvillage.jp/quest/osakametro""}]",,https://www2s.biglobe.ne.jp/~t_aoyagi/railway/free/osakametoro98.htm,osakametoro98.htm,170,2026/8/10 1:30,「2つの世界と2匹の物語」１日乗車券,,,,https://www2s.biglobe.ne.jp/~t_aoyagi/railway/free/osakametoro98.htm
osakametoro83,映画『8番出口』Osaka Metro 脱出ゲーム謎解きキット1日乗車券,大阪市高速電気軌道 (大阪メトロ),"[""大阪市高速電気軌道 (大阪メトロ)""]",1,False,kinki,关西/近畿,关西/近畿,"[""近畿""]",kikan,期間限定タイプ,期间限定,"[""実券""]",True,False,ended,終了,,,2800.0,,2800.0,"大人：2,800円",1天,1.0,2026年6月26日 - 2027年1月31日,2026年6月26日 - 2027年1月31日,,"[""https://www2s.biglobe.ne.jp/~t_aoyagi/railway/free/map/osaka01.gif""]",,地方私鉄,"[""可以乘坐今里Liner。"", ""不包括开往IKEA鹤滨的巴士、开往日本环球影城TM的巴士、按需巴士以及森宫/京桥的周游巴士。""]",2.0,"Osaka Metro月票销售处（梅田、难波、天王寺）
 
大阪地铁问讯处（新大阪）
 车站内的罗森店（12家）",大阪市高速电车：大阪地铁/城市巴士客户中心电话：050-3355-8208,,https://subway.osakametro.co.jp/news/news/other/20260624_2_worlds_2_animals.php,"[{""text"": ""大阪市高速電気軌道"", ""url"": ""https://subway.osakametro.co.jp/news/news/other/20260624_2_worlds_2_animals.php""}]",,https://www2s.biglobe.ne.jp/~t_aoyagi/railway/free/osakametoro83.htm,osakametoro83.htm,171,2026/8/10 1:30,2つの世界と2匹の物語 謎解きキット1日乗車券,,,,https://www2s.biglobe.ne.jp/~t_aoyagi/railway/free/osakametoro83.htm
osakametoro99,大阪マラソン2day pass,大阪市高速電気軌道 (大阪メトロ),"[""大阪市高速電気軌道 (大阪メトロ)""]",1,False,kinki,关西/近畿,关西/近畿,"[""近畿""]",kikan,期間限定タイプ,期间限定,"[""デジタル""]",False,True,ended,終了,,,1100.0,,1100.0,"大人：1,100円／小人：---円",任意连续两天,2.0,2026年2月16日 - 2026年2月22日,2026年2月20日 - 2026年2月23日,,"[""https://www2s.biglobe.ne.jp/~t_aoyagi/railway/free/map/osakametoro01.gif""]",,地方私鉄,"[""不能乘坐大阪市营巴士、今里 Liner、按需巴士。""]",1.0,苏鲁托 QRtto,大阪地铁/城市巴士客户中心电话：050-3355-8208,,https://www.osakametro.co.jp/news/news/notice/20260201_osakamarathon_cheer.php,"[{""text"": ""大阪市高速電気軌道"", ""url"": ""https://www.osakametro.co.jp/news/news/notice/20260201_osakamarathon_cheer.php""}]",,https://www2s.biglobe.ne.jp/~t_aoyagi/railway/free/osakametoro99.htm,osakametoro99.htm,172,2026/8/10 1:30,大阪マラソン2day pass,,,,https://www2s.biglobe.ne.jp/~t_aoyagi/railway/free/osakametoro99.htm
kitakyu91,リアル謎解きゲーム ナゾときっぷ(北急編),北大阪急行電鉄,"[""北大阪急行電鉄""]",1,False,kinki,关西/近畿,关西/近畿,"[""近畿""]",kikan,期間限定タイプ,期间限定,"[""デジタル""]",False,True,period,2026/3/16  〜12/25,2026/3/16,2026/12/25,2400.0,,2400.0,"大人：2,400円",1天,1.0,2026年4月17日 - 2026年12月25日,2026年4月17日 - 2026年12月25日,,"[""https://www2s.biglobe.ne.jp/~t_aoyagi/railway/free/map/kitakyu01.gif""]",,地方私鉄,[],0.0,苏鲁托 QRtto,北大阪急行铁道电话：,,https://www.kita-kyu.co.jp/event/,"[{""text"": ""北大阪急行電鉄"", ""url"": ""https://www.kita-kyu.co.jp/event/""}, {""text"": ""イベント公式ページ"", ""url"": ""https://nazotoki-zepets.com/nazotokippu2026/""}]",,https://www2s.biglobe.ne.jp/~t_aoyagi/railway/free/kitakyu91.htm,kitakyu91.htm,177,2026/8/10 1:30,リアル謎解きゲーム ナゾときっぷ(北急編),不明,,,https://www2s.biglobe.ne.jp/~t_aoyagi/railway/free/kitakyu91.htm
kitakyu92,ひらパーGo!Go!チケット(北大阪急行版),北大阪急行電鉄,"[""北大阪急行電鉄""]",1,False,kinki,关西/近畿,关西/近畿,"[""近畿""]",kikan,期間限定タイプ,期间限定,"[""デジタル""]",False,True,period,2026/3/20  〜2027/3/31,2026/3/20,2027/3/31,2820.0,1460.0,1460.0,"大人：2,820円／小人：1,460円",1天,1.0,2026年3月20日 - 2027年3月31日,2026年4月1日 - 2027年3月31日,,"[""https://www2s.biglobe.ne.jp/~t_aoyagi/railway/free/map/kitakyu92.gif""]",,地方私鉄,[],0.0,Surutto QRtto 网站,北大阪急行铁道,,https://www.kita-kyu.co.jp/train/ticket/value/,"[{""text"": ""北大阪急行電鉄"", ""url"": ""https://www.kita-kyu.co.jp/train/ticket/value/""}]",,https://www2s.biglobe.ne.jp/~t_aoyagi/railway/free/kitakyu92.htm,kitakyu92.htm,179,2026/8/10 1:30,ひらパーGo!Go!チケット 【北大阪急行版】,,,,https://www2s.biglobe.ne.jp/~t_aoyagi/railway/free/kitakyu92.htm
osakamono96,休日満喫1dayモバイルチケット,大阪高速鉄道,"[""大阪高速鉄道""]",1,False,kinki,关西/近畿,关西/近畿,"[""近畿""]",kikan,期間限定タイプ,期间限定,"[""デジタル""]",False,True,on_sale,発売中,,,700.0,300.0,300.0,大人：700円／小人：300円,1天,1.0,2026年4月1日 - 2027年3月31日,节假日营业时间安排,,"[""https://www2s.biglobe.ne.jp/~t_aoyagi/railway/free/map/osakamono.gif""]",,地方私鉄,[],0.0,苏鲁托 QRtto,大阪高铁/交通部事业本部 TEL:06-6875-3132,,https://www.osaka-monorail.co.jp/ticket/value/33,"[{""text"": ""大阪高速鉄道"", ""url"": ""https://www.osaka-monorail.co.jp/ticket/value/33""}]",,https://www2s.biglobe.ne.jp/~t_aoyagi/railway/free/osakamono96.htm,osakamono96.htm,182,2026/8/10 1:30,休日満喫1dayモバイルチケット,,,,https://www2s.biglobe.ne.jp/~t_aoyagi/railway/free/osakamono96.htm
osakamono97,オフピークモバイルチケット,大阪高速鉄道,"[""大阪高速鉄道""]",1,False,kinki,关西/近畿,关西/近畿,"[""近畿""]",kikan,期間限定タイプ,期间限定,"[""デジタル""]",False,True,on_sale,発売中,,,600.0,,600.0,大人：600円／小人：－,1天,1.0,2026年4月1日 - 2027年3月31日,"工作日时间表运营日
 入场时间为10:00至16:00（入场截止时间为16:45）",,"[""https://www2s.biglobe.ne.jp/~t_aoyagi/railway/free/map/osakamono.gif""]",,地方私鉄,[],0.0,苏鲁托 QRtto,大阪高铁/交通部事业本部 TEL:06-6875-3132,,https://www.osaka-monorail.co.jp/ticket/value/33,"[{""text"": ""大阪高速鉄道"", ""url"": ""https://www.osaka-monorail.co.jp/ticket/value/33""}]",,https://www2s.biglobe.ne.jp/~t_aoyagi/railway/free/osakamono97.htm,osakamono97.htm,183,2026/8/10 1:30,オフピークモバイルチケット,,,,https://www2s.biglobe.ne.jp/~t_aoyagi/railway/free/osakamono97.htm
osakamono90,ニフレル エンジョイパス,大阪高速鉄道,"[""大阪高速鉄道""]",1,False,kinki,关西/近畿,关西/近畿,"[""近畿""]",kikan,期間限定タイプ,期间限定,"[""デジタル""]",False,True,on_sale,発売中,,,,1400.0,1400.0,"高校生以上：2,900円／中学生：1,700円／小人：1,400円",1天,1.0,2026年4月1日 - 2027年3月31日,2026年4月1日 - 2027年3月31日,,"[""https://www2s.biglobe.ne.jp/~t_aoyagi/railway/free/map/osakamono.gif""]",,地方私鉄,[],0.0,苏鲁托 QRtto,大阪高铁/交通部事业本部 TEL:06-6875-3132,,https://www.osaka-monorail.co.jp/ticket/value/23,"[{""text"": ""大阪高速鉄道"", ""url"": ""https://www.osaka-monorail.co.jp/ticket/value/23""}]",,https://www2s.biglobe.ne.jp/~t_aoyagi/railway/free/osakamono90.htm,osakamono90.htm,184,2026/8/10 1:30,ニフレル エンジョイパス,,,,https://www2s.biglobe.ne.jp/~t_aoyagi/railway/free/osakamono90.htm
osakamono98,お得に万博記念公園エンジョイパス,大阪高速鉄道,"[""大阪高速鉄道""]",1,False,kinki,关西/近畿,关西/近畿,"[""近畿""]",kikan,期間限定タイプ,期间限定,"[""デジタル""]",False,True,period,2026/3/20  〜2027/3/31,2026/3/20,2027/3/31,1000.0,,1000.0,"大人：1,000円／小人：－",1天,1.0,2026年4月1日 - 2027年3月31日,2026年4月1日 - 2027年3月31日,,"[""https://www2s.biglobe.ne.jp/~t_aoyagi/railway/free/map/osakamono.gif""]",,地方私鉄,[],0.0,苏鲁托 QRtto,大阪高铁/交通部事业本部 TEL:06-6875-3132,,https://www.osaka-monorail.co.jp/ticket/value/29,"[{""text"": ""大阪高速鉄道"", ""url"": ""https://www.osaka-monorail.co.jp/ticket/value/29""}]",,https://www2s.biglobe.ne.jp/~t_aoyagi/railway/free/osakamono98.htm,osakamono98.htm,185,2026/8/10 1:30,お得に万博記念公園エンジョイパス,,,,https://www2s.biglobe.ne.jp/~t_aoyagi/railway/free/osakamono98.htm
osakamono52,ひらパーGo!Go!チケット(大阪モノレール版),大阪高速鉄道,"[""大阪高速鉄道""]",1,False,kinki,关西/近畿,关西/近畿,"[""近畿""]",kikan,期間限定タイプ,期间限定,"[""デジタル""]",False,True,period,2026/3/20  〜2027/3/31,2026/3/20,2027/3/31,2530.0,1310.0,1310.0,"大人：2,530円／小人：1,310円",1天,1.0,2026年3月20日 - 2027年3月31日,2026年4月1日 - 2027年3月31日,,"[""https://www2s.biglobe.ne.jp/~t_aoyagi/railway/free/map/osakamono52.gif""]",,地方私鉄,[],0.0,Surutto QRtto 网站,大阪高速铁路,,https://www.osaka-monorail.co.jp/ticket/value/31,"[{""text"": ""大阪高速鉄道"", ""url"": ""https://www.osaka-monorail.co.jp/ticket/value/31""}]",,https://www2s.biglobe.ne.jp/~t_aoyagi/railway/free/osakamono52.htm,osakamono52.htm,186,2026/8/10 1:30,ひらパーGo!Go!チケット 【大阪モノレール版】,,,,https://www2s.biglobe.ne.jp/~t_aoyagi/railway/free/osakamono52.htm
nankai102,NANKAI 1DAY PASS,南海電気鉄道,"[""南海電気鉄道""]",1,False,kinki,关西/近畿,关西/近畿,"[""近畿""]",kikan,期間限定タイプ,期间限定,"[""デジタル""]",False,True,ended,終了,,,2500.0,,2500.0,"大人：2,500円",1天,1.0,2025年4月13日 - 2025年10月13日,2025年4月13日 - 2025年10月13日,,"[""https://www2s.biglobe.ne.jp/~t_aoyagi/railway/free/map/nankai102.gif""]",,大手私鉄,"[""只能在设有专用二维码检票口的车站使用。""]",1.0,苏鲁托 QRtto,南海电铁南海呼叫中心：050-3090-2608（8:00-21:00）,,https://www.nankai.co.jp/traffic/digital/nankai_1day_pass.html?utm_source=nankai_official&utm_medium=expo25_lp&utm_campaign=ticket_1daypass,"[{""text"": ""南海電気鉄道"", ""url"": ""https://www.nankai.co.jp/traffic/digital/nankai_1day_pass.html?utm_source=nankai_official&utm_medium=expo25_lp&utm_campaign=ticket_1daypass""}]",,https://www2s.biglobe.ne.jp/~t_aoyagi/railway/free/nankai102.htm,nankai102.htm,190,2026/8/10 1:30,NANKAI 1DAY PASS,,,,https://www2s.biglobe.ne.jp/~t_aoyagi/railway/free/nankai102.htm
nankai104,南海×通天閣きっぷ,南海電気鉄道,"[""南海電気鉄道""]",1,False,kinki,关西/近畿,关西/近畿,"[""近畿""]",kikan,期間限定タイプ,期间限定,"[""デジタル""]",False,True,ended,終了,,,1700.0,,1700.0,"大人：1,700円",1天,1.0,2025年4月25日 - 2025年10月13日,2025年4月25日 - 2025年10月13日,,"[""https://www2s.biglobe.ne.jp/~t_aoyagi/railway/free/map/nankai104.gif""]",,大手私鉄,"[""只能在设有专用二维码检票口的车站使用。""]",1.0,苏鲁托 QRtto,南海电铁南海呼叫中心：050-3090-2608（8:00-21:00）,,https://www.nankai.co.jp/traffic/digital/nankai_tsutenkaku.html,"[{""text"": ""南海電気鉄道"", ""url"": ""https://www.nankai.co.jp/traffic/digital/nankai_tsutenkaku.html""}]",,https://www2s.biglobe.ne.jp/~t_aoyagi/railway/free/nankai104.htm,nankai104.htm,191,2026/8/10 1:30,南海×通天閣きっぷ,,,,https://www2s.biglobe.ne.jp/~t_aoyagi/railway/free/nankai104.htm
nankai100,南海うみまち39きっぷ,南海電気鉄道,"[""南海電気鉄道""]",1,False,kinki,关西/近畿,关西/近畿,"[""近畿""]",kikan,期間限定タイプ,期间限定,"[""実券""]",True,False,period,2026/4/25  〜11/8,2026/4/25,2026/11/8,3900.0,,3900.0,"大人：3,900円",1天,1.0,2026年4月25日 - 2026年11月8日,"2026年4月25日至2026年11月8日星期六和节假日
 2026年8月10日至2026年8月14日每天",,"[""https://www2s.biglobe.ne.jp/~t_aoyagi/railway/free/map/nankai103.gif""]",,大手私鉄,[],0.0,难波、新今宫、天下茶屋、堺、羽衣、泉大津、岸和田、贝冢、泉佐野、尾崎、三崎公园、和歌山市、堺东、三国丘、中百舌鸟、北田、刚果、河内长野、林间田园俊、桥本、泉中央,南海电铁南海呼叫中心：050-3090-2608（8:00-21:00）,,https://www.nankai.co.jp/traffic/otoku/umimachi.html,"[{""text"": ""南海電気鉄道"", ""url"": ""https://www.nankai.co.jp/traffic/otoku/umimachi.html""}]",,https://www2s.biglobe.ne.jp/~t_aoyagi/railway/free/nankai100.htm,nankai100.htm,194,2026/8/10 1:30,南海うみまち39きっぷ,,,,https://www2s.biglobe.ne.jp/~t_aoyagi/railway/free/nankai100.htm
nankai99,南海旅なぞ TRAIN2026 〜謎解きは旅の途中で〜１日フリー乗車券,南海電気鉄道,"[""南海電気鉄道""]",1,False,kinki,关西/近畿,关西/近畿,"[""近畿""]",kikan,期間限定タイプ,期间限定,"[""実券""]",True,False,period,2026/7/17  〜2027/3/20,2026/7/17,2027/3/20,2700.0,500.0,500.0,"大人：2,700円（謎解きキット付き）／小人：500円（謎解きキットなし）",1天,1.0,2026年7月17日 - 2027年3月20日,2026年7月17日 - 2027年3月20日,,"[""https://www2s.biglobe.ne.jp/~t_aoyagi/railway/free/map/nankai98.gif""]",,大手私鉄,"[""解谜套装1套（仅限儿童免票）"", ""儿童票不可单独购买。每张成人票最多可同时购买 2 张门票"", ""乘坐特快指定席车厢时，需要另外购买特急车票或指定座席票。""]",3.0,南开电子票,南海电铁南海呼叫中心：050-3090-2608（8:00-21:00）,,https://www.nankai.co.jp/traffic/digital/nazotoki_2026.html,"[{""text"": ""南海電気鉄道"", ""url"": ""https://www.nankai.co.jp/traffic/digital/nazotoki_2026.html""}]",,https://www2s.biglobe.ne.jp/~t_aoyagi/railway/free/nankai99.htm,nankai99.htm,195,2026/8/10 1:30,南海旅なぞ TRAIN2026 〜謎解きは旅の途中で〜１日フリー乗車券,,,,https://www2s.biglobe.ne.jp/~t_aoyagi/railway/free/nankai99.htm
nankai105,南海電鉄140周年×｢INI｣ WINTER SINGLE記念乗車券,南海電気鉄道,"[""南海電気鉄道""]",1,False,kinki,关西/近畿,关西/近畿,"[""近畿""]",kikan,期間限定タイプ,期间限定,"[""実券""]",True,False,ended,終了,,,2500.0,,2500.0,"大人：2,500円",1天,1.0,2025年10月31日 - 2026年1月31日,2025年10月31日 - 2026年1月31日,,"[""https://www2s.biglobe.ne.jp/~t_aoyagi/railway/free/map/nankai98.gif""]",,大手私鉄,"[""只能在设有专用二维码检票口的车站使用。""]",1.0,"难波、新今宫、天下茶屋、堺、羽衣、泉大津、岸和田、贝冢、泉佐野、尾崎、三崎公园、和歌山市、临空町、关西机场、住吉东、堺东、三国丘、中百舌鸟、北野田、刚果、河内长野、林间田园都市、桥本、高野山、深井、泉丘、津贺/三北、小名池、泉中央 
 南海火车商品网上商店",南海电铁南海呼叫中心：050-3090-2608（8:00-21:00）,,https://www.nankai.co.jp/lib/company/news/pdf/251009_1.pdf,"[{""text"": ""南海電気鉄道"", ""url"": ""https://www.nankai.co.jp/lib/company/news/pdf/251009_1.pdf""}]",,https://www2s.biglobe.ne.jp/~t_aoyagi/railway/free/nankai105.htm,nankai105.htm,196,2026/8/10 1:30,南海電鉄140周年×｢INI｣ WINTER SINGLE記念乗車券,,,,https://www2s.biglobe.ne.jp/~t_aoyagi/railway/free/nankai105.htm
nankai106,YOASOBI×めでたいでんしゃ加太線1dayきっぷ,南海電気鉄道,"[""南海電気鉄道""]",1,False,kinki,关西/近畿,关西/近畿,"[""近畿""]",kikan,期間限定タイプ,期间限定,"[""実券""]",True,False,ended,終了,,,1000.0,,1000.0,"大人：1,000円／小人：---円",1天,1.0,2025年10月1日 - 2025年12月31日,2025年10月1日 - 2025年12月31日,,"[""https://www2s.biglobe.ne.jp/~t_aoyagi/railway/free/map/nankai95.gif""]",,大手私鉄,"[""乘坐特快指定席车厢时，需要另外购买特急车票或指定座席票。""]",1.0,"难波、新今宫、天下茶屋、堺、羽衣、泉大津、岸和田、贝冢、泉佐野、尾崎、三崎公园、和歌山市、临空町、关西机场、住吉东、堺东、三国丘、中百舌鸟、北野田、刚果、河内长野、林间田园都市、桥本、高野山、深井、泉丘、津贺/三北、小名池、泉中央 
 南海火车商品网上商店",南海电铁南海电话中心：06-6643-1005（8:30-18:30）,,https://www.nankai.co.jp/lib/company/news/pdf/250916.pdf,"[{""text"": ""南海電気鉄道"", ""url"": ""https://www.nankai.co.jp/lib/company/news/pdf/250916.pdf""}]",,https://www2s.biglobe.ne.jp/~t_aoyagi/railway/free/nankai106.htm,nankai106.htm,197,2026/8/10 1:30,YOASOBI×めでたいでんしゃ加太線1dayきっぷ,,,,https://www2s.biglobe.ne.jp/~t_aoyagi/railway/free/nankai106.htm
nankai92,敬老の日1dayチケット,南海電気鉄道,"[""南海電気鉄道""]",1,False,kinki,关西/近畿,关西/近畿,"[""近畿""]",autumn,秋限定タイプ,秋季限定,"[""実券""]",True,False,ended,終了,,,1150.0,350.0,350.0,"大人：1,150円／小人：350円",有效期内任意一天,1.0,2019年8月26日 - 2019年9月6日,2019年9月14日 - 2019年9月16日,,"[""https://www2s.biglobe.ne.jp/~t_aoyagi/railway/free/map/nankai91.gif""]","{""columns"": [""绿色车厢 (头等座)"", ""普通车自由席车指定席席""], ""status_rows"": [{""label"": null, ""symbols"": [{""symbol"": ""▲"", ""note"": null}, {""symbol"": ""○"", ""note"": null}]}], ""legend"": {""○"": ""可乘车"", ""▲"": ""仅乘车券有效"", ""×"": ""不可乘车""}, ""notes"": null}",大手私鉄,"[""乘坐特快指定席车厢时，需要另外购买特急车票或指定座席票。"", ""儿童票与成人票同时购买。每张成人票最多可购买 2 张门票。""]",2.0,南海线、高野线各车站（部分车站除外）、仙北高速铁道各车站柜台,"南海电铁南海电话中心：06-6643-1005（8:30-18:30）
 仙北高速铁道运输部运输业务课：0725-57-3000",,http://www.nankai.co.jp/traffic/otoku/keirou_2019.html,"[{""text"": ""南海電気鉄道"", ""url"": ""http://www.nankai.co.jp/traffic/otoku/keirou_2019.html""}, {""text"": ""泉北高速鉄道"", ""url"": ""http://www.semboku.jp/cat_news/8501/""}]",,https://www2s.biglobe.ne.jp/~t_aoyagi/railway/free/nankai92.htm,nankai92.htm,198,2026/8/10 1:30,敬老の日1dayチケット,,,,https://www2s.biglobe.ne.jp/~t_aoyagi/railway/free/nankai92.htm
nankai91,南海・泉北 新春乗り放題きっぷ(2DAY),南海電気鉄道,"[""南海電気鉄道""]",1,False,kinki,关西/近畿,关西/近畿,"[""近畿""]",winter,年末年始限定タイプ,年末年初限定,"[""実券""]",True,False,ended,終了,,,2200.0,,2200.0,"オンライン 大人：2,200円 
 駅売り 大人：2,200円",期间任意两天,2.0,"网上预售：2022年12月12日 - 2022年12月20日
 站发布：2022年12月12日-2022年12月30日",2023年1月1日 - 2023年1月15日,,"[""https://www2s.biglobe.ne.jp/~t_aoyagi/railway/free/map/nankai91.gif""]",,大手私鉄,"[""乘坐特快指定席车厢时，需要另外购买特急车票或指定座席票。""]",1.0,"网上预售
 
 南海电车商品网上商店
 
 南海线、高野线各车站柜台（部分车站除外）
 仙北高速铁路站（深井～泉中央）柜台","南海电铁南海电话中心：06-6643-1005（8:30-18:30）
 
仙北高速铁道运输运营科：0725-57-3000（平日 9:30-17:30）",,https://www.nankai.co.jp/traffic/otoku/senbokushinsyun.html,"[{""text"": ""南海電気鉄道"", ""url"": ""https://www.nankai.co.jp/traffic/otoku/senbokushinsyun.html""}, {""text"": ""泉北高速鉄道"", ""url"": ""http://www.semboku.jp/cat_news/13948/""}]",,https://www2s.biglobe.ne.jp/~t_aoyagi/railway/free/nankai91.htm,nankai91.htm,199,2026/8/10 1:30,南海・泉北 新春乗り放題きっぷ（2DAY）,,,,https://www2s.biglobe.ne.jp/~t_aoyagi/railway/free/nankai91.htm
hankai02,TAKE TAKEきっぷ(１日乗車券),阪堺電気軌道,"[""阪堺電気軌道""]",1,False,kinki,关西/近畿,关西/近畿,"[""近畿""]",tunen,通年発売タイプ,全年发售,"[""実券""]",True,False,on_sale,発売中,,,700.0,350.0,350.0,大人：700円 小人：350円,1天,1.0,全年,全年,,"[""https://www2s.biglobe.ne.jp/~t_aoyagi/railway/free/map/hankai02.gif""]",,地方私鉄,[],0.0,"天王寺站前、南霞町、我孙子路、滨寺站前售票处
 
惠美须町、天王寺站、住吉公园
 
总公司及交通区（我孙子路）",阪堺电车/营业部 TEL:06-6671-3080,,http://www.hankai.co.jp/ticket/#taketake,"[{""text"": ""阪堺電気軌道"", ""url"": ""http://www.hankai.co.jp/ticket/#taketake""}]",,https://www2s.biglobe.ne.jp/~t_aoyagi/railway/free/hankai02.htm,hankai02.htm,200,2026/8/10 1:30,TAKE TAKE(てくてく)きっぷ,,,,https://www2s.biglobe.ne.jp/~t_aoyagi/railway/free/hankai02.htm
hankai03,トリップチケット,阪堺電気軌道,"[""阪堺電気軌道""]",1,False,kinki,关西/近畿,关西/近畿,"[""近畿""]",tunen,通年発売タイプ,全年发售,"[""デジタル""]",False,True,on_sale,発売中,,,680.0,340.0,340.0,大人：680円 小人：340円,1天,1.0,全年,全年,,"[""https://www2s.biglobe.ne.jp/~t_aoyagi/railway/free/map/hankai02.gif""]",,地方私鉄,[],0.0,RYDE PASS,阪堺电车/营业部 TEL:06-6671-3080,,http://www.hankai.co.jp/ticket/#taketake,"[{""text"": ""阪堺電気軌道"", ""url"": ""http://www.hankai.co.jp/ticket/#taketake""}, {""text"": ""RYDE PASS"", ""url"": ""https://pass.ryde-go.com/products/0P231MDSME8X""}]",,https://www2s.biglobe.ne.jp/~t_aoyagi/railway/free/hankai03.htm,hankai03.htm,201,2026/8/10 1:30,トリップチケット,,,,https://www2s.biglobe.ne.jp/~t_aoyagi/railway/free/hankai03.htm
sakai04,堺おもてなしチケット「阪堺拡大版」,阪堺電気軌道,"[""阪堺電気軌道""]",1,False,kinki,关西/近畿,关西/近畿,"[""近畿""]",tunen,通年発売タイプ,全年发售,"[""実券""]",True,False,on_sale,発売中,,,800.0,400.0,400.0,大人：800円 小人：400円,1天,1.0,全年,全年,,"[""https://www2s.biglobe.ne.jp/~t_aoyagi/railway/free/map/sakai04.gif""]",,地方私鉄,[],0.0,"[阪堺铁道] 我孙子高速公路、滨寺站前售票处
 
[南海巴士]堺东信息中心、堺站巴士月票销售处、堺营业所
 
[旅游设施] 堺俊明之森、堺传承馆、百舌鸟古坟游客中心
 
[旅游咨询处] 堺东、堺站的旅游咨询处
 
[便利店] 7-11（堺东站、堺站、三国丘站）
 
[住宿] 大阪堺阿戈尔丽晶酒店、新大滨商务酒店、青云庄城市酒店、石津临海酒店、东横INN堺东站",阪堺电铁营业部 TEL: 06-6671-3080,,http://www.hankai.co.jp/ticket/#sakai,"[{""text"": ""阪堺電気軌道"", ""url"": ""http://www.hankai.co.jp/ticket/#sakai""}, {""text"": ""南海バス"", ""url"": ""http://www.nankaibus.jp/var/rev0/0000/6756/sakai_omotenasi.pdf""}]",,https://www2s.biglobe.ne.jp/~t_aoyagi/railway/free/sakai04.htm,sakai04.htm,202,2026/8/10 1:30,堺おもてなしチケット(阪堺拡大版),,,,https://www2s.biglobe.ne.jp/~t_aoyagi/railway/free/sakai04.htm
sakai03,堺おもてなしチケット「南海バス拡大版」,阪堺電気軌道,"[""阪堺電気軌道""]",1,False,kinki,关西/近畿,关西/近畿,"[""近畿""]",tunen,通年発売タイプ,全年发售,"[""実券""]",True,False,on_sale,発売中,,,600.0,300.0,300.0,大人：600円 小人：300円,1天,1.0,全年,全年,,"[""https://www2s.biglobe.ne.jp/~t_aoyagi/railway/free/map/sakai03.gif""]",,地方私鉄,[],0.0,"[阪堺铁道] 我孙子高速公路、滨寺站前售票处
 
[南海巴士]堺东信息中心、堺站巴士月票销售处、堺营业所
 
[旅游设施] 堺俊明之森、堺传承馆、百舌鸟古坟游客中心
 
[旅游咨询处] 堺东、堺站的旅游咨询处
 
[便利店] 7-11（堺东站、堺站、三国丘站）
 
[住宿] 大阪堺阿戈尔丽晶酒店、新大滨商务酒店、青云庄城市酒店、石津临海酒店、东横INN堺东站",阪堺电铁营业部 TEL: 06-6671-3080,,http://www.hankai.co.jp/ticket/#sakai,"[{""text"": ""阪堺電気軌道"", ""url"": ""http://www.hankai.co.jp/ticket/#sakai""}, {""text"": ""南海バス"", ""url"": ""http://www.nankaibus.jp/var/rev0/0000/6756/sakai_omotenasi.pdf""}]",,https://www2s.biglobe.ne.jp/~t_aoyagi/railway/free/sakai03.htm,sakai03.htm,203,2026/8/10 1:30,堺おもてなしチケット(南海バス拡大版),,,,https://www2s.biglobe.ne.jp/~t_aoyagi/railway/free/sakai03.htm
mizuma01,鉄道１日フリー乗車券,水間鉄道,"[""水間鉄道""]",1,False,kinki,关西/近畿,关西/近畿,"[""近畿""]",tunen,通年発売タイプ,全年发售,"[""実券""]",True,False,on_sale,発売中,,,660.0,330.0,330.0,大人：660円／小人：330円,1天,1.0,现已发售,全年,,"[""https://www2s.biglobe.ne.jp/~t_aoyagi/railway/free/map/mizuma01.gif""]",,地方私鉄,[],0.0,贝冢、三潴观音站,三潴铁道电话：,,,[],,https://www2s.biglobe.ne.jp/~t_aoyagi/railway/free/mizuma01.htm,mizuma01.htm,204,2026/8/10 1:30,鉄道１日フリー乗車券,,,,https://www2s.biglobe.ne.jp/~t_aoyagi/railway/free/mizuma01.htm
mizuma03,昼間割引フリー乗車券,水間鉄道,"[""水間鉄道""]",1,False,kinki,关西/近畿,关西/近畿,"[""近畿""]",tunen,通年発売タイプ,全年发售,"[""実券""]",True,False,on_sale,発売中,,,360.0,,360.0,大人：360円,1天,1.0,全年,全年,,"[""https://www2s.biglobe.ne.jp/~t_aoyagi/railway/free/map/mizuma01.gif""]",,地方私鉄,"[""白天运行时间（10:00 至 16:00（仅限白天折扣列车））""]",1.0,贝冢、三潴观音站,三潴铁道电话：,,http://www.suitetsu.com/event/20201102-3.pdf,"[{""text"": ""水間鉄道"", ""url"": ""http://www.suitetsu.com/event/20201102-3.pdf""}]",,https://www2s.biglobe.ne.jp/~t_aoyagi/railway/free/mizuma03.htm,mizuma03.htm,205,2026/8/10 1:30,昼間割引フリー乗車券,,,,https://www2s.biglobe.ne.jp/~t_aoyagi/railway/free/mizuma03.htm
mizuma93,仮面ライダーガヴ・ゴジュウジャー コラボ 鉄道１日フリー乗車券,水間鉄道,"[""水間鉄道""]",1,False,kinki,关西/近畿,关西/近畿,"[""近畿""]",kikan,期間限定タイプ,期间限定,"[""実券""]",True,False,ended,終了,,,660.0,330.0,330.0,大人：660円／小人：330円,1天,1.0,2025年7月19日 - 2025年8月31日,2025年7月19日 - 2025年8月31日,,"[""https://www2s.biglobe.ne.jp/~t_aoyagi/railway/free/map/mizuma01.gif""]",,地方私鉄,[],0.0,贝冢、三潴观音站,三潴铁道电话：,,https://www.suitetsu.com/event2025/wherodagashi.pdf,"[{""text"": ""水間鉄道"", ""url"": ""https://www.suitetsu.com/event2025/wherodagashi.pdf""}]",,https://www2s.biglobe.ne.jp/~t_aoyagi/railway/free/mizuma93.htm,mizuma93.htm,206,2026/8/10 1:30,仮面ライダーガヴ・ゴジュウジャー コラボ 鉄道１日フリー乗車券,,,,https://www2s.biglobe.ne.jp/~t_aoyagi/railway/free/mizuma93.htm
wakayama01,貴志川線１日乗車券,和歌山電鐵,"[""和歌山電鐵""]",1,False,kinki,关西/近畿,关西/近畿,"[""近畿""]",tunen,通年発売タイプ,全年发售,"[""実券"", ""デジタル""]",True,True,on_sale,発売中,,,800.0,400.0,400.0,大人：800円／小人：400円,1天,1.0,全年,全年,,"[""https://www2s.biglobe.ne.jp/~t_aoyagi/railway/free/map/wakayama.gif""]",,地方私鉄,[],0.0,"和歌山电铁：和歌山站9号站台、板木曾站、贵志站商店、贵志站多摩咖啡厅
 
和歌山巴士：和歌山站巴士月票销售处
 
 和歌山电铁应用程序 RYDE PASS",和歌山电铁 TEL:073-478-0110,,https://wakayama-dentetsu.co.jp/fare/one-day-pass/,"[{""text"": ""和歌山電鐵"", ""url"": ""https://wakayama-dentetsu.co.jp/fare/one-day-pass/""}]",,https://www2s.biglobe.ne.jp/~t_aoyagi/railway/free/wakayama01.htm,wakayama01.htm,207,2026/8/10 1:30,貴志川線１日乗車券,,,,https://www2s.biglobe.ne.jp/~t_aoyagi/railway/free/wakayama01.htm
wakayama94,和歌山電鐵貴志川線 1日乗車券(招き猫みくじ付き),和歌山電鐵,"[""和歌山電鐵""]",1,False,kinki,关西/近畿,关西/近畿,"[""近畿""]",kikan,期間限定タイプ,期间限定,"[""デジタル""]",False,True,period,2025/2/1  〜2026/9/30,2025/2/1,2026/9/30,1500.0,1100.0,1100.0,"大人：1,500円／小人：1,100円",1天,1.0,2025年2月1日 - 2026年9月30日,2025年2月1日 - 2026年9月30日,,"[""https://www2s.biglobe.ne.jp/~t_aoyagi/railway/free/map/wakayama.gif""]",,地方私鉄,[],0.0,KANSAI MaaS,和歌山电铁 TEL:073-478-0110,,https://wakayama-dentetsu.co.jp/info/15486/,"[{""text"": ""和歌山電鐵"", ""url"": ""https://wakayama-dentetsu.co.jp/info/15486/""}]",,https://www2s.biglobe.ne.jp/~t_aoyagi/railway/free/wakayama94.htm,wakayama94.htm,208,2026/8/10 1:30,和歌山電鐵貴志川線 1日乗車券 (招き猫みくじ付き),,,,https://www2s.biglobe.ne.jp/~t_aoyagi/railway/free/wakayama94.htm
kobe01,共通１日乗車券,神戸新交通,"[""神戸新交通""]",1,False,kinki,关西/近畿,关西/近畿,"[""近畿""]",tunen,通年発売タイプ,全年发售,"[""実券""]",True,False,on_sale,発売中,,,1220.0,610.0,610.0,"大人 1,220円／小人 610円",1天,1.0,全年,全年,,"[""https://www2s.biglobe.ne.jp/~t_aoyagi/railway/free/map/kobeshin01.gif""]",,地方私鉄,[],0.0,Port Liner 和 Rokko Liner 车站的自动售票机,神户新交通促销课 TEL:078-302-2503,,https://www.knt-liner.co.jp/ticketinfo/8166/,"[{""text"": ""神戸新交通"", ""url"": ""https://www.knt-liner.co.jp/ticketinfo/8166/""}]",,https://www2s.biglobe.ne.jp/~t_aoyagi/railway/free/kobe01.htm,kobe01.htm,209,2026/8/10 1:30,共通１日乗車券,,,,https://www2s.biglobe.ne.jp/~t_aoyagi/railway/free/kobe01.htm
kobe02,ポートライナー専用１日乗車券,神戸新交通,"[""神戸新交通""]",1,False,kinki,关西/近畿,关西/近畿,"[""近畿""]",tunen,通年発売タイプ,全年发售,"[""実券""]",True,False,on_sale,発売中,,,710.0,360.0,360.0,大人 710円／小人 360円,1天,1.0,全年,全年,,"[""https://www2s.biglobe.ne.jp/~t_aoyagi/railway/free/map/kobeshin02.gif""]",,地方私鉄,[],0.0,每个 Port Liner 车站的自动售票机,神户新交通促销课 TEL:078-302-2503,,https://www.knt-liner.co.jp/ticketinfo/8166/,"[{""text"": ""神戸新交通"", ""url"": ""https://www.knt-liner.co.jp/ticketinfo/8166/""}]",,https://www2s.biglobe.ne.jp/~t_aoyagi/railway/free/kobe02.htm,kobe02.htm,210,2026/8/10 1:30,ポートライナー専用１日乗車券,,,,https://www2s.biglobe.ne.jp/~t_aoyagi/railway/free/kobe02.htm
kobe03,六甲ライナー専用１日乗車券,神戸新交通,"[""神戸新交通""]",1,False,kinki,关西/近畿,关西/近畿,"[""近畿""]",tunen,通年発売タイプ,全年发售,"[""実券""]",True,False,on_sale,発売中,,,550.0,280.0,280.0,大人 550円／小人 280円,1天,1.0,全年,全年,,"[""https://www2s.biglobe.ne.jp/~t_aoyagi/railway/free/map/kobeshin03.gif""]",,地方私鉄,[],0.0,六甲班轮各车站的自动售票机,神户新交通促销课 TEL:078-302-2503,,https://www.knt-liner.co.jp/ticketinfo/8166/,"[{""text"": ""神戸新交通"", ""url"": ""https://www.knt-liner.co.jp/ticketinfo/8166/""}]",,https://www2s.biglobe.ne.jp/~t_aoyagi/railway/free/kobe03.htm,kobe03.htm,211,2026/8/10 1:30,六甲ライナー専用１日乗車券,,,,https://www2s.biglobe.ne.jp/~t_aoyagi/railway/free/kobe03.htm
kobecity04,神戸市営地下鉄QR１日乗車券,神戸市交通局,"[""神戸市交通局""]",1,False,kinki,关西/近畿,关西/近畿,"[""近畿""]",tunen,通年発売タイプ,全年发售,"[""デジタル""]",False,True,on_sale,発売中,,,980.0,,980.0,大人：980円,1天,1.0,全年,全年,,"[""https://www2s.biglobe.ne.jp/~t_aoyagi/railway/free/map/kobe02.gif""]",,地方私鉄,[],0.0,苏鲁托 QRtto,神户市交通局促销课 TEL:078-322-5946/5959,,https://kotsu.city.kobe.lg.jp/ensen-navi/bus-railway/kobecitysubwayqr1dayticket/,"[{""text"": ""神戸市交通局"", ""url"": ""https://kotsu.city.kobe.lg.jp/ensen-navi/bus-railway/kobecitysubwayqr1dayticket/""}]",,https://www2s.biglobe.ne.jp/~t_aoyagi/railway/free/kobecity04.htm,kobecity04.htm,216,2026/8/10 1:30,神戸市営地下鉄QR１日乗車券,,,,https://www2s.biglobe.ne.jp/~t_aoyagi/railway/free/kobecity04.htm
kobecity02,地下鉄１日乗車券,神戸市交通局,"[""神戸市交通局""]",1,False,kinki,关西/近畿,关西/近畿,"[""近畿""]",tunen,通年発売タイプ,全年发售,"[""実券""]",True,False,ended,終了,,,830.0,,830.0,大人：830円,1天,1.0,~2026 年 3 月 31 日,~2026 年 9 月 30 日,,"[""https://www2s.biglobe.ne.jp/~t_aoyagi/railway/free/map/kobe03.gif""]",,地方私鉄,[],0.0,"神户市营地下铁车站柜台（谷上站除外）
 
各月票销售处",神户市交通局促销课 TEL:078-322-5946,,https://kotsu.city.kobe.lg.jp/ensen-navi/bus-railway/subway1day01/,"[{""text"": ""神戸市交通局"", ""url"": ""https://kotsu.city.kobe.lg.jp/ensen-navi/bus-railway/subway1day01/""}]",,https://www2s.biglobe.ne.jp/~t_aoyagi/railway/free/kobecity02.htm,kobecity02.htm,217,2026/8/10 1:30,地下鉄１日乗車券,,,,https://www2s.biglobe.ne.jp/~t_aoyagi/railway/free/kobecity02.htm
kobecity01,市バス・地下鉄共通１日乗車券,神戸市交通局,"[""神戸市交通局""]",1,False,kinki,关西/近畿,关西/近畿,"[""近畿""]",tunen,通年発売タイプ,全年发售,"[""実券""]",True,False,ended,終了,,,1040.0,,1040.0,"大人：1,040円",1天,1.0,~2026 年 3 月 31 日,~2026 年 9 月 30 日,,"[""https://www2s.biglobe.ne.jp/~t_aoyagi/railway/free/map/kobe01.gif""]",,地方私鉄,[],0.0,"神户市营地下铁车站柜台（谷上站除外）
 
各月票销售处",神户市交通局促销课 TEL:078-322-5946/5959,,https://kotsu.city.kobe.lg.jp/ensen-navi/bus-railway/bus-subway1day01/,"[{""text"": ""神戸市交通局"", ""url"": ""https://kotsu.city.kobe.lg.jp/ensen-navi/bus-railway/bus-subway1day01/""}]",,https://www2s.biglobe.ne.jp/~t_aoyagi/railway/free/kobecity01.htm,kobecity01.htm,218,2026/8/10 1:30,市バス・地下鉄共通1日乗車券,,,,https://www2s.biglobe.ne.jp/~t_aoyagi/railway/free/kobecity01.htm
kobecity83,兵庫津ミュージアム観覧券付き海岸線1日乗車券,神戸市交通局,"[""神戸市交通局""]",1,False,kinki,关西/近畿,关西/近畿,"[""近畿""]",kikan,期間限定タイプ,期间限定,"[""実券""]",True,False,period,2026/4/1  〜2027/3/31,2026/4/1,2027/3/31,700.0,,700.0,大人：700円,1天,1.0,2026年4月1日 - 2027年3月31日,2026年4月1日 - 2027年3月31日,,"[""https://www2s.biglobe.ne.jp/~t_aoyagi/railway/free/map/kobe83.gif""]",,地方私鉄,"[""含兵月博物馆门票""]",1.0,神户市营地下铁海岸线车站柜台,神户市交通局促销课 TEL:078-322-5946/5959,,https://kotsu.city.kobe.lg.jp/ensen-navi/bus-railway/hyogonotsu-1day/,"[{""text"": ""神戸市交通局"", ""url"": ""https://kotsu.city.kobe.lg.jp/ensen-navi/bus-railway/hyogonotsu-1day/""}]",,https://www2s.biglobe.ne.jp/~t_aoyagi/railway/free/kobecity83.htm,kobecity83.htm,223,2026/8/10 1:30,兵庫津ミュージアム観覧券付き 海岸線1日乗車券,,,,https://www2s.biglobe.ne.jp/~t_aoyagi/railway/free/kobecity83.htm
kobecity84,海岸線中学生以下フリーパス,神戸市交通局,"[""神戸市交通局""]",1,False,kinki,关西/近畿,关西/近畿,"[""近畿""]",kikan,期間限定タイプ,期间限定,"[""実券""]",True,False,period,〜2027/3/31,,2027/3/31,,,0.0,小中学生：0円,使用期限内,,,"【第一期】2026年4月1日-2026年9月30日
 
【第二期】2026年10月1日-2027年3月31日",,"[""https://www2s.biglobe.ne.jp/~t_aoyagi/railway/free/map/kobe83.gif""]",,地方私鉄,"[""请填写申请表并携带可以验证您身份的物品（资格确认书、学生证、Nobinobi 护照等）前往申请地点。""]",1.0,,神户市交通局促销课 TEL:078-322-5946/5959,,https://kotsu.city.kobe.lg.jp/ensen-navi/bus-railway/freepass/,"[{""text"": ""神戸市交通局"", ""url"": ""https://kotsu.city.kobe.lg.jp/ensen-navi/bus-railway/freepass/""}]",,https://www2s.biglobe.ne.jp/~t_aoyagi/railway/free/kobecity84.htm,kobecity84.htm,224,2026/8/10 1:30,海岸線中学生以下フリーパス,,"【第１期】2026年3月13日〜9月30日 
 
【第２期】2026年9月14日〜2027年3月31日","谷上定期券発売所 
 
三宮定期券発売所 
 
神戸駅前定期券発売所 
 
新長田定期券発売所 
 
名谷定期券発売所 
 
西神中央定期券発売所 
 
イオンモール神戸南（1階インフォメーション） 
 
こべっこランド",https://www2s.biglobe.ne.jp/~t_aoyagi/railway/free/kobecity84.htm
shintetu94,おもてなしきっぷ,神戸市交通局,"[""神戸市交通局"", ""神戸電鉄""]",2,True,kinki,关西/近畿,关西/近畿,"[""近畿""]",kikan,期間限定タイプ,期间限定,"[""実券""]",True,False,ended,終了,,,1400.0,1000.0,1000.0,"神鉄版： 大人：1,400円/小人：1,000円 
 
神戸市営地下鉄・神鉄版： 大人：2,000円",1天,1.0,2026年7月11日 - 2027年1月11日,2026年7月11日 - 2027年1月11日,,"[""https://www2s.biglobe.ne.jp/~t_aoyagi/railway/free/map/shintetsu94.gif""]",,地方私鉄,[],0.0,"新铁主要车站、车站商店、寄售处、特别售票机
 
 
 新铁版 神户市营地铁 / 新铁版
 车站 凑川、铃兰台、北铃兰台、谷上、有马口、有马温泉、冈场、横山、三田、西铃兰台、志善凑川、铃兰台、北铃兰台、谷上、有马口、有马温泉、冈场、横山、三田、西铃兰台、志前
 神户市营地铁站柜台
 特别售票机 唐户台、花城、荣、绿丘、惠比寿、三木、小野
 车站商店 便利店（7-11）
 新开地站店、新铁铃兰台站店、北铃兰台站店、谷上站店、冈场站店、西铃兰台站店
 寄售营业所 美野屋站/Just Chain Mitsuya
 小畑站/佐野店
 荣站/樱丘中央协同组合（烟草店）
 三木上丸站/福利便利店Tanpopo
 三木站/三木市观光协会 不贩售",神户电铁运输部电话：078-592-4451,,https://www.shintetsu.co.jp/railway/ticket/omotenashi/,"[{""text"": ""神戸電鉄"", ""url"": ""https://www.shintetsu.co.jp/railway/ticket/omotenashi/""}, {""text"": ""神戸市交通局"", ""url"": ""https://kotsu.city.kobe.lg.jp/ensen-navi/bus-railway/omotenashi/""}, {""text"": ""おもてなしきっぷ"", ""url"": ""https://shintetsu-omotenashi.com/""}]",,https://www2s.biglobe.ne.jp/~t_aoyagi/railway/free/shintetu94.htm,shintetu94.htm,226,2026/8/10 1:30,おもてなしきっぷ,,,,https://www2s.biglobe.ne.jp/~t_aoyagi/railway/free/shintetu94.htm
sanyo98,神戸西須磨パークスQR 1dayチケット,神戸市交通局,"[""神戸市交通局"", ""山陽電気鉄道""]",2,True,kinki,关西/近畿,关西/近畿,"[""近畿""]",kikan,期間限定タイプ,期间限定,"[""デジタル""]",False,True,period,2026/1/31  〜12/6,2026/1/31,2026/12/6,1510.0,,1510.0,"エリア版 大人：1,510円 
 明石市内版 大人：1,700円 
 山陽全線版 大人：1,950円 
 神戸市営地下鉄版 大人：2,000円",1天,1.0,2026年1月31日 - 2026年12月6日,2026年1月31日 - 2026年12月6日,,"[""https://www2s.biglobe.ne.jp/~t_aoyagi/railway/free/map/sanyo98.gif""]",,地方私鉄,[],0.0,"销售公司 磁力票 二维码票
 
 地区版须磨浦三条游乐园
 (须磨浦店) Surutto QRtto
 明石市版-
 苏鲁托 QRtto
 
 三洋全线版 Surutto QRtto
 
 神户市营地铁版 Surutto QRtto",山阳电铁铁道营业部营业课 TEL:078-940-5132,,https://www.sanyo-railway.co.jp/railway/untin/kobenishisumaparks1day.html,"[{""text"": ""山陽電気鉄道"", ""url"": ""https://www.sanyo-railway.co.jp/railway/untin/kobenishisumaparks1day.html""}, {""text"": ""神戸市交通局"", ""url"": ""https://kotsu.city.kobe.lg.jp/ensen-navi/bus-railway/kobe-nishisuma/""}]",,https://www2s.biglobe.ne.jp/~t_aoyagi/railway/free/sanyo98.htm,sanyo98.htm,229,2026/8/10 1:30,神戸西須磨パークスQR 1dayチケット,,,,https://www2s.biglobe.ne.jp/~t_aoyagi/railway/free/sanyo98.htm
shintetu81,日曜限定 おでかけ4dayきっぷ,神戸電鉄,"[""神戸電鉄"", ""神戸高速鉄道""]",2,True,kinki,关西/近畿,关西/近畿,"[""近畿""]",kikan,期間限定タイプ,期间限定,"[""実券""]",True,False,period,2026/3/25  〜2027/3/28,2026/3/25,2027/3/28,2100.0,,2100.0,"大人：2,100円",每月第一至第四个星期日 4 天,4.0,2026年3月25日 - 2027年3月28日,每月第 1 至第 4 个周日,,"[""https://www2s.biglobe.ne.jp/~t_aoyagi/railway/free/map/shintetsu82.gif""]",,地方私鉄,[],0.0,"神户电铁
 凑川、铃兰台、北铃兰台、谷上、有马口、有马温泉、冈场、横山、三田、西铃兰台、石泉
 
 专用售票机
 唐户台、花之城、荣、绿丘、惠比寿、三木、小野
 
 车站商店（7-11）
 新开一、铃兰台、北铃兰、谷上、冈田、西铃兰台
 
 寄售销售办事处","神户电铁电话：
 神户高速铁路电话：",,http://www.shintetsu.co.jp/railway/ticket/detail/4day.html,"[{""text"": ""神戸電鉄"", ""url"": ""http://www.shintetsu.co.jp/railway/ticket/detail/4day.html""}]",,https://www2s.biglobe.ne.jp/~t_aoyagi/railway/free/shintetu81.htm,shintetu81.htm,236,2026/8/10 1:30,日曜限定 おでかけ4dayきっぷ,,,,https://www2s.biglobe.ne.jp/~t_aoyagi/railway/free/shintetu81.htm
kobecity92,おでかけ乗車券,神戸電鉄,"[""神戸電鉄""]",1,False,kinki,关西/近畿,关西/近畿,"[""近畿""]",kikan,期間限定タイプ,期间限定,"[""実券""]",True,False,ended,終了,,,1000.0,,1000.0,"大人：1,000円",1天,1.0,2020年8月10日 - 2020年10月11日,2020年8月10日 - 2020年10月11日,,"[""https://www2s.biglobe.ne.jp/~t_aoyagi/railway/free/map/kobe92.gif""]",,地方私鉄,"[""对一名持票人有效""]",1.0,"神户市交通局 新神户、三宫、县厅前、三宫、花时溪前、旧村落、大丸前、港元町
 神户电铁铃兰台、北铃兰台、谷上、有马口、有马温泉、冈场、横山、三田
 
专用售票机","神户市交通局促销课 TEL:078-322-5944
 （8:45-17:30 周六、周日、节假日和 12//29-1/3 除外）",,https://www.city.kobe.lg.jp/a90404/20200720.html,"[{""text"": ""神戸市交通局"", ""url"": ""https://www.city.kobe.lg.jp/a90404/20200720.html""}]",,https://www2s.biglobe.ne.jp/~t_aoyagi/railway/free/kobecity92.htm,kobecity92.htm,239,2026/8/10 1:30,おでかけ乗車券,,,,https://www2s.biglobe.ne.jp/~t_aoyagi/railway/free/kobecity92.htm
shintetu92,小野まつり1dayチケット,神戸電鉄,"[""神戸電鉄""]",1,False,kinki,关西/近畿,关西/近畿,"[""近畿""]",kikan,期間限定タイプ,期间限定,"[""実券""]",True,False,ended,終了,,,1000.0,,1000.0,"大人：1,000円",1天,1.0,2023年8月19日 - 2023年8月20日,2023年8月10日 - 2023年8月20日,,"[""https://www2s.biglobe.ne.jp/~t_aoyagi/railway/free/map/shintetsu01.gif""]",,地方私鉄,[],0.0,"凑川、铃兰台、北铃兰台、谷上、有马口、有马温泉、冈场、横山、三田、西铃兰台、石泉
 
7-11车站店（新铁新开地店、铃兰台店、北铃兰台店、谷上店、冈场店、西铃兰台店）
 
寄售售票处、专用售票机",神户电铁运输部电话：078-592-4451,,https://www.shintetsu.co.jp/wp/wp-content/uploads/2023/07/230707.pdf,"[{""text"": ""神戸電鉄"", ""url"": ""https://www.shintetsu.co.jp/wp/wp-content/uploads/2023/07/230707.pdf""}]",,https://www2s.biglobe.ne.jp/~t_aoyagi/railway/free/shintetu92.htm,shintetu92.htm,240,2026/8/10 1:30,小野まつり1dayチケット,,,,https://www2s.biglobe.ne.jp/~t_aoyagi/railway/free/shintetu92.htm
shintetu93,三木金物まつり1dayチケット,神戸電鉄,"[""神戸電鉄""]",1,False,kinki,关西/近畿,关西/近畿,"[""近畿""]",kikan,期間限定タイプ,期间限定,"[""実券""]",True,False,ended,終了,,,930.0,,930.0,大人：930円,1天,1.0,2025年10月25日 - 2025年11月2日,2025年11月1日 - 2025年11月2日,,"[""https://www2s.biglobe.ne.jp/~t_aoyagi/railway/free/map/shintetu.gif""]",,地方私鉄,[],0.0,"神户电铁主要车站
 凑川、铃兰台、北铃兰台、谷上、有马口、有马温泉、冈场、横山、三田、西铃兰台、石泉
 
专用售票机
 唐户台、花之城、荣、绿丘、惠比寿、三木、小野
 
7-11 便利店
 
新开地站店、新铁铃兰台站店、北铃兰台站店、八神站店、冈场站店、西铃兰台站店
 
 寄售销售办事处",神户电铁电话：,,http://www.shintetsu.co.jp/railway/ticket/detail/miki_1day.html,"[{""text"": ""神戸電鉄"", ""url"": ""http://www.shintetsu.co.jp/railway/ticket/detail/miki_1day.html""}]",,https://www2s.biglobe.ne.jp/~t_aoyagi/railway/free/shintetu93.htm,shintetu93.htm,242,2026/8/10 1:30,三木金物まつり1dayチケット,,,,https://www2s.biglobe.ne.jp/~t_aoyagi/railway/free/shintetu93.htm
shintetu82,神鉄・高速全線ゴールデンウィーク1dayパス,神戸電鉄,"[""神戸電鉄"", ""神戸高速鉄道""]",2,True,kinki,关西/近畿,关西/近畿,"[""近畿""]",,,,"[""実券""]",True,False,period,2026/4/22  〜5/6,2026/4/22,2026/5/6,1000.0,,1000.0,"大人：1,000円",1天,1.0,2026年4月22日 - 2026年5月6日,2026年4月29日 - 2026年5月6日,,"[""https://www2s.biglobe.ne.jp/~t_aoyagi/railway/free/map/shintetsu82.gif""]",,地方私鉄,[],0.0,"凑川、铃兰台、北铃兰台、谷上、有马口、有马温泉、冈场、横山、三田、西铃兰台、石泉、新开地
 专用售票机、寄售售票处",神户电铁电话：,附赠使用沿线设施的优惠券（100日元）。,https://www.shintetsu.co.jp/railway/ticket/detail/gw_1day.html,"[{""text"": ""神戸電鉄"", ""url"": ""https://www.shintetsu.co.jp/railway/ticket/detail/gw_1day.html""}]",,https://www2s.biglobe.ne.jp/~t_aoyagi/railway/free/shintetu82.htm,shintetu82.htm,243,2026/8/10 1:30,神鉄・高速全線ゴールデンウィーク1dayパス,,,,https://www2s.biglobe.ne.jp/~t_aoyagi/railway/free/shintetu82.htm
shintetu91,神鉄・高速全線 年末・年始１dayパス,神戸電鉄,"[""神戸電鉄"", ""神戸高速鉄道""]",2,True,kinki,关西/近畿,关西/近畿,"[""近畿""]",winter,年末年始限定タイプ,年末年初限定,"[""実券""]",True,False,ended,終了,,,1100.0,,1100.0,"大人：1,100円",1天,1.0,2025年12月22日 - 2026年1月3日,2025年12月29日 - 2026年1月3日,,"[""https://www2s.biglobe.ne.jp/~t_aoyagi/railway/free/map/shintetsu82.gif""]",,地方私鉄,[],0.0,"神户电铁主要车站、车站商店、寄售销售处、特别售票机
 新开地站长室、高速公路神户、高速公路长田站柜台",神户电铁运输部电话：078-592-4451,,https://www.shintetsu.co.jp/railway/ticket/detail/ny_1day.html,"[{""text"": ""神戸電鉄"", ""url"": ""https://www.shintetsu.co.jp/railway/ticket/detail/ny_1day.html""}]",,https://www2s.biglobe.ne.jp/~t_aoyagi/railway/free/shintetu91.htm,shintetu91.htm,244,2026/8/10 1:30,神鉄・高速全線 年末・年始１dayパス,,,,https://www2s.biglobe.ne.jp/~t_aoyagi/railway/free/shintetu91.htm
sanhime5,三宮・姫路5dayチケット,神戸高速鉄道,"[""神戸高速鉄道"", ""山陽電気鉄道""]",2,True,kinki,关西/近畿,关西/近畿,"[""近畿""]",tunen,通年発売タイプ,全年发售,"[""実券""]",True,False,on_sale,発売中,,,8500.0,,8500.0,"大人：8,500円",任意5天,5.0,2026年4月1日 - 2027年3月31日,2026年4月1日 - 2027年4月30日,,"[""https://www2s.biglobe.ne.jp/~t_aoyagi/railway/free/map/sanhime.gif""]",,地方私鉄,[],0.0,"阪神电铁 -
 神户高速铁道 -
 山阳电铁西台站、板宿站、东须磨站、须磨站、垂海站、明石站、东二见站、高砂站、押尾站、鹿间站、姬路站、网干站
 板宿、垂海、明石、东二见、高砂、鹿间、姬路月票销售处、咨询中心（明石）","山阳电铁铁道营业部营业课：078-941-7556
 
山阳电铁信息中心（明石）：078-913-2880
 神户高速铁道运输部营业课：078-351-0884",,https://www.sanyo-railway.co.jp/railway/untin/ticket07.html,"[{""text"": ""山陽電気鉄道"", ""url"": ""https://www.sanyo-railway.co.jp/railway/untin/ticket07.html""}]",,https://www2s.biglobe.ne.jp/~t_aoyagi/railway/free/sanhime5.htm,sanhime5.htm,247,2026/8/10 1:30,三宮・姫路5dayチケット,,,,https://www2s.biglobe.ne.jp/~t_aoyagi/railway/free/sanhime5.htm
sanyo97,なぞときさんぽ旅 1dayチケット,山陽電気鉄道,"[""山陽電気鉄道""]",1,False,kinki,关西/近畿,关西/近畿,"[""近畿""]",kikan,期間限定タイプ,期间限定,"[""実券""]",True,False,period,2025/8/29  〜2026/5/31,2025/8/29,2026/5/31,2500.0,,2500.0,"大人：2,500円",1天,1.0,2025年8月29日 - 2026年5月31日,2025年8月29日 - 2026年5月31日,,"[""https://www2s.biglobe.ne.jp/~t_aoyagi/railway/free/map/sanyo92.gif""]",,地方私鉄,[],0.0,"西台、板宿、东须磨、山阳须磨、山阳垂海、山阳明石、东二见、高砂、押尾、鹿间、山阳姬路、山阳网干
 
信息中心（明石）","山阳电铁铁道营业部营业课电话：078-940-5132
 皮瓣零α株式会社电话：06-7174-3804",,https://www.sanyo-railway.co.jp/media/1755492500.pdf,"[{""text"": ""山陽電気鉄道"", ""url"": ""https://www.sanyo-railway.co.jp/media/1755492500.pdf""}]",,https://www2s.biglobe.ne.jp/~t_aoyagi/railway/free/sanyo97.htm,sanyo97.htm,272,2026/8/10 1:30,なぞときさんぽ旅 1dayチケット,,,,https://www2s.biglobe.ne.jp/~t_aoyagi/railway/free/sanyo97.htm
sanyo99,山陽 鉄道フェスティバル2025 親子QR1dayチケット,山陽電気鉄道,"[""山陽電気鉄道""]",1,False,kinki,关西/近畿,关西/近畿,"[""近畿""]",kikan,期間限定タイプ,期间限定,"[""デジタル""]",False,True,ended,終了,,,1000.0,0.0,0.0,"大人：1,000円／小人：0円",1天,1.0,2025年10月1日 - 2025年11月1日,2025 年 11 月 1 日,,"[""https://www2s.biglobe.ne.jp/~t_aoyagi/railway/free/map/sanyo99.gif""]",,地方私鉄,[],0.0,Surutto QRtto 网站,山阳电铁铁道营业部营业课 TEL:078-940-5132,,https://www.sanyo-railway.co.jp/railway/untin/festival-qr1day.html,"[{""text"": ""山陽電気鉄道"", ""url"": ""https://www.sanyo-railway.co.jp/railway/untin/festival-qr1day.html""}]",,https://www2s.biglobe.ne.jp/~t_aoyagi/railway/free/sanyo99.htm,sanyo99.htm,275,2026/8/10 1:30,山陽鉄道フェスティバル2025 親子QR1dayチケット,,,,https://www2s.biglobe.ne.jp/~t_aoyagi/railway/free/sanyo99.htm
sanyo90,山陽電車初詣・初売4dayパス,山陽電気鉄道,"[""山陽電気鉄道""]",1,False,kinki,关西/近畿,关西/近畿,"[""近畿""]",winter,年末年始限定タイプ,年末年初限定,"[""実券""]",True,False,ended,終了,,,1600.0,,1600.0,"大人：1,600円",4天,4.0,2025年12月20日 - 2026年1月3日,2025年12月31日 - 2026年1月3日,,"[""https://www2s.biglobe.ne.jp/~t_aoyagi/railway/free/map/sanyo92.gif""]",,地方私鉄,[],0.0,"西台、板宿、东须磨、须磨、垂海、明石、东二见、高砂、押尾、鹿间、姬路、网干
 信息中心（明石）",山阳电铁信息中心（明石） TEL:078-913-2880,,https://www.sanyo-railway.co.jp/railway/untin/newyear4day2026.html,"[{""text"": ""山陽電気鉄道"", ""url"": ""https://www.sanyo-railway.co.jp/railway/untin/newyear4day2026.html""}]",,https://www2s.biglobe.ne.jp/~t_aoyagi/railway/free/sanyo90.htm,sanyo90.htm,277,2026/8/10 1:30,山陽電車初詣・初売4dayパス,,,,https://www2s.biglobe.ne.jp/~t_aoyagi/railway/free/sanyo90.htm
hojo01,１日フリーきっぷ,北条鉄道,"[""北条鉄道""]",1,False,kinki,关西/近畿,关西/近畿,"[""近畿""]",tunen,通年発売タイプ,全年发售,"[""実券"", ""デジタル""]",True,True,on_sale,発売中,,,1000.0,500.0,500.0,"大人：1,000円／小人：500円",1天,1.0,全年,全年,,"[""https://www2s.biglobe.ne.jp/~t_aoyagi/railway/free/map/hojo.gif""]",,地方私鉄,[],0.0,"北条町站
 设有售票终端的 7-11 便利店 RYDE PASS",北条铁道电话：0790-42-0036,,http://www.hojorailway.jp/afare,"[{""text"": ""北条鉄道"", ""url"": ""http://www.hojorailway.jp/afare""}]",,https://www2s.biglobe.ne.jp/~t_aoyagi/railway/free/hojo01.htm,hojo01.htm,278,2026/8/10 1:30,1日フリーきっぷ,,,,https://www2s.biglobe.ne.jp/~t_aoyagi/railway/free/hojo01.htm
jrwest79,岡山・香川ワイドパス,,[],0,False,tyugoku,中国地方,中国地方,"[""中国""]",kikan,期間限定タイプ,期间限定,"[""デジタル""]",False,True,period,〜2027/3/31,,2027/3/31,3600.0,1800.0,1800.0,"大人：3,600円／小人：1,800円",3天,3.0,"2026年3月1日 - 2027年3月31日
 使用开始日期前1个月至使用当天有效",2026年4月1日 - 2027年4月2日,,"[""https://www2s.biglobe.ne.jp/~t_aoyagi/railway/free/map/jrwest79.gif""]","{""columns"": [""绿色车厢 (头等座)"", ""普通车自由席车指定席席"", ""普通车自由席车自由席席"", ""专线列车 (Liner)"", ""特急"", ""急行"", ""快速"", ""普通车自由席"", ""指定席""], ""status_rows"": [{""label"": null, ""symbols"": [{""symbol"": ""×"", ""note"": null}, {""symbol"": ""■"", ""note"": null}, {""symbol"": ""▲"", ""note"": null}, {""symbol"": ""▲"", ""note"": null}, {""symbol"": ""○"", ""note"": null}, {""symbol"": ""▲"", ""note"": null}, {""symbol"": ""▲"", ""note"": null}, {""symbol"": ""▲"", ""note"": null}, {""symbol"": ""○"", ""note"": null}]}], ""legend"": {""○"": ""可乘车"", ""▲"": ""仅乘车券有效"", ""×"": ""不可乘车"", ""■"": ""使用“Nobinobi席”时，仅车票有效，不能乘坐其他设施。""}, ""notes"": null}",JR,[],0.0,tabiwa,JR西日本电话：,,https://app.tabi-wester.westjr.co.jp/eticketDetails?ticket_id=J0000900,"[{""text"": ""tabiwa"", ""url"": ""https://app.tabi-wester.westjr.co.jp/eticketDetails?ticket_id=J0000900""}]",,https://www2s.biglobe.ne.jp/~t_aoyagi/railway/free/jrwest79.htm,jrwest79.htm,1,2026/8/10 1:30,岡山・香川ワイドパス,,,,https://www2s.biglobe.ne.jp/~t_aoyagi/railway/free/jrwest79.htm
jrwest66,岡山ワイドパス,,[],0,False,tyugoku,中国地方,中国地方,"[""中国""]",kikan,期間限定タイプ,期间限定,"[""デジタル""]",False,True,period,〜2027/3/31,,2027/3/31,4300.0,2150.0,2150.0,"大人：4,300円／小人：2,150円",3天,3.0,"2026年3月1日 - 2027年3月31日
 使用开始日期前1个月至使用当天有效",2026年4月1日 - 2027年4月2日,,"[""https://www2s.biglobe.ne.jp/~t_aoyagi/railway/free/map/jrwest66.gif""]","{""columns"": [""東海道新干线 (希望号 (Nozomi))"", ""東海道新干线 (光号/回声号)"", ""东北/上越新干线"", ""在来线特急/急行"", ""快速/普通车自由席列车 (绿色车厢)"", ""快速/普通车自由席列车 (专线列车 (Liner))"", ""快速/普通车自由席列车 (指定席)"", ""快速/普通车自由席列车 (自由席)"", ""东京单轨电车"", ""临海线""], ""status_rows"": [{""label"": null, ""symbols"": [{""symbol"": ""×"", ""note"": null}, {""symbol"": ""×"", ""note"": null}, {""symbol"": ""×"", ""note"": null}, {""symbol"": ""×"", ""note"": null}, {""symbol"": ""×"", ""note"": null}, {""symbol"": ""－"", ""note"": null}, {""symbol"": ""▲"", ""note"": null}, {""symbol"": ""▲"", ""note"": null}, {""symbol"": ""○"", ""note"": null}, {""symbol"": ""－"", ""note"": null}]}], ""legend"": {""○"": ""可乘车"", ""▲"": ""仅乘车券有效"", ""×"": ""不可乘车""}, ""notes"": null}",JR,[],0.0,tabiwa,JR西日本电话：,,https://app.tabi-wester.westjr.co.jp/eticketDetails?ticket_id=J0000700,"[{""text"": ""tabiwa"", ""url"": ""https://app.tabi-wester.westjr.co.jp/eticketDetails?ticket_id=J0000700""}]",,https://www2s.biglobe.ne.jp/~t_aoyagi/railway/free/jrwest66.htm,jrwest66.htm,2,2026/8/10 1:30,岡山ワイドパス,,,,https://www2s.biglobe.ne.jp/~t_aoyagi/railway/free/jrwest66.htm
jrwest49,せとうちパス,,[],0,False,tyugoku,中国地方,中国地方,"[""中国""]",kikan,期間限定タイプ,期间限定,"[""デジタル""]",False,True,period,〜2027/3/31,,2027/3/31,3240.0,1620.0,1620.0,"大人：3,240円／小人：1,620円",2天,2.0,"2026年3月1日 - 2027年3月31日
 使用开始日期前1个月至使用当天有效",2026年4月1日 - 2027年4月1日,,"[""https://www2s.biglobe.ne.jp/~t_aoyagi/railway/free/map/jrwest49.gif""]","{""columns"": [""東海道新干线 (希望号 (Nozomi))"", ""東海道新干线 (光号/回声号)"", ""东北/上越新干线"", ""在来线特急/急行"", ""快速/普通车自由席列车 (绿色车厢)"", ""快速/普通车自由席列车 (专线列车 (Liner))"", ""快速/普通车自由席列车 (指定席)"", ""快速/普通车自由席列车 (自由席)"", ""东京单轨电车"", ""临海线""], ""status_rows"": [{""label"": null, ""symbols"": [{""symbol"": ""×"", ""note"": null}, {""symbol"": ""－"", ""note"": null}, {""symbol"": ""×"", ""note"": null}, {""symbol"": ""×"", ""note"": null}, {""symbol"": ""×"", ""note"": null}, {""symbol"": ""－"", ""note"": null}, {""symbol"": ""▲"", ""note"": null}, {""symbol"": ""▲"", ""note"": null}, {""symbol"": ""○"", ""note"": null}, {""symbol"": ""－"", ""note"": null}]}], ""legend"": {""○"": ""可乘车"", ""▲"": ""仅乘车券有效"", ""×"": ""不可乘车""}, ""notes"": null}",JR,[],0.0,tabiwa,JR西日本电话：,,https://app.tabi-wester.westjr.co.jp/eticketDetails?ticket_id=J0000300,"[{""text"": ""tabiwa"", ""url"": ""https://app.tabi-wester.westjr.co.jp/eticketDetails?ticket_id=J0000300""}]",,https://www2s.biglobe.ne.jp/~t_aoyagi/railway/free/jrwest49.htm,jrwest49.htm,3,2026/8/10 1:30,せとうちパス,,,,https://www2s.biglobe.ne.jp/~t_aoyagi/railway/free/jrwest49.htm
jrwest68,岡山・倉敷tabiwaぐるりんパス,,[],0,False,tyugoku,中国地方,中国地方,"[""中国""]",kikan,期間限定タイプ,期间限定,"[""デジタル""]",False,True,period,〜2027/3/31,,2027/3/31,3800.0,1750.0,1750.0,"大人：3,800円／小人：1,750円",2天,2.0,"2026年3月1日 - 2027年3月31日
 使用开始日期前1个月至使用当天有效",2026年4月1日 - 2027年4月2日,,"[""https://www2s.biglobe.ne.jp/~t_aoyagi/railway/free/map/jrwest68.gif""]","{""columns"": [""東海道新干线 (希望号 (Nozomi))"", ""東海道新干线 (光号/回声号)"", ""东北/上越新干线"", ""在来线特急/急行"", ""快速/普通车自由席列车 (绿色车厢)"", ""快速/普通车自由席列车 (专线列车 (Liner))"", ""快速/普通车自由席列车 (指定席)"", ""快速/普通车自由席列车 (自由席)"", ""东京单轨电车"", ""临海线""], ""status_rows"": [{""label"": null, ""symbols"": [{""symbol"": ""×"", ""note"": null}, {""symbol"": ""×"", ""note"": null}, {""symbol"": ""×"", ""note"": null}, {""symbol"": ""×"", ""note"": null}, {""symbol"": ""×"", ""note"": null}, {""symbol"": ""－"", ""note"": null}, {""symbol"": ""▲"", ""note"": null}, {""symbol"": ""▲"", ""note"": null}, {""symbol"": ""○"", ""note"": null}, {""symbol"": ""－"", ""note"": null}]}], ""legend"": {""○"": ""可乘车"", ""▲"": ""仅乘车券有效"", ""×"": ""不可乘车""}, ""notes"": null}",JR,[],0.0,tabiwa,JR西日本电话：,,https://app.tabi-wester.westjr.co.jp/eticketDetails?ticket_id=J0002400,"[{""text"": ""tabiwa"", ""url"": ""https://app.tabi-wester.westjr.co.jp/eticketDetails?ticket_id=J0002400""}]",,https://www2s.biglobe.ne.jp/~t_aoyagi/railway/free/jrwest68.htm,jrwest68.htm,4,2026/8/10 1:30,岡山・倉敷tabiwaぐるりんパス,,,,https://www2s.biglobe.ne.jp/~t_aoyagi/railway/free/jrwest68.htm
jrwest166,井原・岡山周遊パス,,[],0,False,tyugoku,中国地方,中国地方,"[""中国""]",kikan,期間限定タイプ,期间限定,"[""デジタル""]",False,True,period,2026/3/1  〜2027/3/31,2026/3/1,2027/3/31,2500.0,1250.0,1250.0,"大人：2,500円／小人：1,250円",1天,1.0,"2026年3月1日 - 2027年3月31日
 使用开始日期前1个月至使用当天有效",2026年4月1日 - 2027年3月31日,,"[""https://www2s.biglobe.ne.jp/~t_aoyagi/railway/free/map/jrwest166.gif""]","{""columns"": [""绿色车厢 (头等座)"", ""普通车自由席车指定席席"", ""普通车自由席车自由席席"", ""专线列车 (Liner)"", ""特急"", ""急行"", ""快速"", ""普通车自由席"", ""指定席"", ""自由席"", ""其他的"", ""绿色车厢 (头等座)"", ""普通车自由席车指定席席"", ""普通车自由席车自由席席"", ""专线列车 (Liner)"", ""特急"", ""急行""], ""status_rows"": [{""label"": null, ""symbols"": [{""symbol"": ""×"", ""note"": null}, {""symbol"": ""×"", ""note"": null}, {""symbol"": ""×"", ""note"": null}, {""symbol"": ""×"", ""note"": null}, {""symbol"": ""×"", ""note"": null}, {""symbol"": ""×"", ""note"": null}, {""symbol"": ""×"", ""note"": null}, {""symbol"": ""×"", ""note"": null}, {""symbol"": ""×"", ""note"": null}, {""symbol"": ""×"", ""note"": null}, {""symbol"": ""▲"", ""note"": null}, {""symbol"": ""▲"", ""note"": null}, {""symbol"": ""▲"", ""note"": null}, {""symbol"": ""▲"", ""note"": null}, {""symbol"": ""▲"", ""note"": null}, {""symbol"": ""▲"", ""note"": null}, {""symbol"": ""○"", ""note"": null}]}], ""legend"": {""○"": ""可乘车"", ""▲"": ""仅乘车券有效"", ""×"": ""不可乘车""}, ""notes"": null}",JR,[],0.0,tabiwa,西日本旅客铁道：,,https://app.tabi-wester.westjr.co.jp/eticketDetails?ticket_id=J0001000,"[{""text"": ""tabiwa"", ""url"": ""https://app.tabi-wester.westjr.co.jp/eticketDetails?ticket_id=J0001000""}]",,https://www2s.biglobe.ne.jp/~t_aoyagi/railway/free/jrwest166.htm,jrwest166.htm,5,2026/8/10 1:30,井原・岡山周遊パス,,,,https://www2s.biglobe.ne.jp/~t_aoyagi/railway/free/jrwest166.htm
jrwest61,広島ワイドパス,,[],0,False,tyugoku,中国地方,中国地方,"[""中国""]",kikan,期間限定タイプ,期间限定,"[""デジタル""]",False,True,period,〜2027/3/31,,2027/3/31,4400.0,2200.0,2200.0,"大人：4,400円／小人：2,200円",3天,3.0,"2026年3月1日 - 2027年3月31日
 使用开始日期前1个月至使用当天有效",2026年4月1日 - 2027年4月2日,,"[""https://www2s.biglobe.ne.jp/~t_aoyagi/railway/free/map/jrwest61.gif""]","{""columns"": [""東海道新干线 (希望号 (Nozomi))"", ""東海道新干线 (光号/回声号)"", ""东北/上越新干线"", ""在来线特急/急行"", ""快速/普通车自由席列车 (绿色车厢)"", ""快速/普通车自由席列车 (专线列车 (Liner))"", ""快速/普通车自由席列车 (指定席)"", ""快速/普通车自由席列车 (自由席)"", ""东京单轨电车"", ""临海线""], ""status_rows"": [{""label"": null, ""symbols"": [{""symbol"": ""×"", ""note"": null}, {""symbol"": ""×"", ""note"": null}, {""symbol"": ""×"", ""note"": null}, {""symbol"": ""×"", ""note"": null}, {""symbol"": ""×"", ""note"": null}, {""symbol"": ""－"", ""note"": null}, {""symbol"": ""×"", ""note"": null}, {""symbol"": ""▲"", ""note"": null}, {""symbol"": ""○"", ""note"": null}, {""symbol"": ""○"", ""note"": null}]}], ""legend"": {""○"": ""可乘车"", ""▲"": ""仅乘车券有效"", ""×"": ""不可乘车""}, ""notes"": null}",JR,[],0.0,tabiwa,JR西日本电话：,,https://app.tabi-wester.westjr.co.jp/eticketDetails?ticket_id=J0000000,"[{""text"": ""tabiwa"", ""url"": ""https://app.tabi-wester.westjr.co.jp/eticketDetails?ticket_id=J0000000""}]",,https://www2s.biglobe.ne.jp/~t_aoyagi/railway/free/jrwest61.htm,jrwest61.htm,6,2026/8/10 1:30,広島ワイドパス,,,,https://www2s.biglobe.ne.jp/~t_aoyagi/railway/free/jrwest61.htm
jrwest62,宮島・瀬戸内tabiwaぐるりんパス,,[],0,False,tyugoku,中国地方,中国地方,"[""中国""]",kikan,期間限定タイプ,期间限定,"[""デジタル""]",False,True,period,〜2027/3/31,,2027/3/31,4100.0,2150.0,2150.0,"大人：4,100円／小人：2,150円",3天,3.0,"2026年3月1日 - 2027年3月31日
 使用开始日期前1个月至使用当天有效",2026年4月1日 - 2027年4月2日,,"[""https://www2s.biglobe.ne.jp/~t_aoyagi/railway/free/map/jrwest62.gif""]","{""columns"": [""東海道新干线 (希望号 (Nozomi))"", ""東海道新干线 (光号/回声号)"", ""东北/上越新干线"", ""在来线特急/急行"", ""快速/普通车自由席列车 (绿色车厢)"", ""快速/普通车自由席列车 (专线列车 (Liner))"", ""快速/普通车自由席列车 (指定席)"", ""快速/普通车自由席列车 (自由席)"", ""东京单轨电车"", ""临海线""], ""status_rows"": [{""label"": null, ""symbols"": [{""symbol"": ""×"", ""note"": null}, {""symbol"": ""×"", ""note"": null}, {""symbol"": ""×"", ""note"": null}, {""symbol"": ""×"", ""note"": null}, {""symbol"": ""×"", ""note"": null}, {""symbol"": ""－"", ""note"": null}, {""symbol"": ""×"", ""note"": null}, {""symbol"": ""▲"", ""note"": null}, {""symbol"": ""○"", ""note"": null}, {""symbol"": ""○"", ""note"": null}]}], ""legend"": {""○"": ""可乘车"", ""▲"": ""仅乘车券有效"", ""×"": ""不可乘车""}, ""notes"": null}",JR,[],0.0,tabiwa,JR西日本电话：,,https://app.tabi-wester.westjr.co.jp/eticketDetails?ticket_id=J0000100,"[{""text"": ""tabiwa"", ""url"": ""https://app.tabi-wester.westjr.co.jp/eticketDetails?ticket_id=J0000100""}]",,https://www2s.biglobe.ne.jp/~t_aoyagi/railway/free/jrwest62.htm,jrwest62.htm,7,2026/8/10 1:30,宮島・瀬戸内tabiwaぐるりんパス,,,,https://www2s.biglobe.ne.jp/~t_aoyagi/railway/free/jrwest62.htm
jrwest301,広島・松山周遊パス,,[],0,False,tyugoku,中国地方,中国地方,"[""中国""]",kikan,期間限定タイプ,期间限定,"[""デジタル""]",False,True,ended,終了,,,14500.0,7250.0,7250.0,"大人：14,500円／小人：7,250円",3天,3.0,2025年8月1日 - 2025年12月29日,2025年8月2日 - 2025年12月31日,,"[""https://www2s.biglobe.ne.jp/~t_aoyagi/railway/free/map/jrwest301.gif""]","{""columns"": [""東海道新干线 (希望号 (Nozomi))"", ""東海道新干线 (光号/回声号)"", ""东北/上越新干线"", ""在来线特急/急行"", ""快速/普通车自由席列车 (绿色车厢)"", ""快速/普通车自由席列车 (专线列车 (Liner))"", ""快速/普通车自由席列车 (指定席)"", ""快速/普通车自由席列车 (自由席)"", ""东京单轨电车"", ""临海线""], ""status_rows"": [{""label"": null, ""symbols"": [{""symbol"": ""×"", ""note"": null}, {""symbol"": ""×"", ""note"": null}, {""symbol"": ""×"", ""note"": null}, {""symbol"": ""×"", ""note"": null}, {""symbol"": ""×"", ""note"": null}, {""symbol"": ""－"", ""note"": null}, {""symbol"": ""×"", ""note"": null}, {""symbol"": ""▲"", ""note"": null}, {""symbol"": ""○"", ""note"": null}, {""symbol"": ""○"", ""note"": null}]}], ""legend"": {""○"": ""可乘车"", ""▲"": ""仅乘车券有效"", ""×"": ""不可乘车""}, ""notes"": null}",JR,"[""去程及回程各可使用一次"", ""Super Jet 和 Ferry 都可以使用。"", ""如果您是在广岛港和吴港之间登船，则需要在现场支付差价（仅限现金）。""]",3.0,tabiwa by WESTER,JR西日本电话：,,https://app.tabi-wester.westjr.co.jp/eticketDetails?ticket_id=JK203500,"[{""text"": ""tabiwa by WESTER"", ""url"": ""https://app.tabi-wester.westjr.co.jp/eticketDetails?ticket_id=JK203500""}]",,https://www2s.biglobe.ne.jp/~t_aoyagi/railway/free/jrwest301.htm,jrwest301.htm,8,2026/8/10 1:30,広島・松山周遊パス,,,,https://www2s.biglobe.ne.jp/~t_aoyagi/railway/free/jrwest301.htm
jrwest69,山口セントラルパス,,[],0,False,tyugoku,中国地方,中国地方,"[""中国""]",kikan,期間限定タイプ,期间限定,"[""デジタル""]",False,True,period,〜2027/3/31,,2027/3/31,3500.0,1750.0,1750.0,"大人：3,500円／小人：1,750円",2天,2.0,"2026年3月1日 - 2027年3月31日
 使用开始日期前1个月至使用当天有效",2026年4月1日 - 2027年4月1日,,"[""https://www2s.biglobe.ne.jp/~t_aoyagi/railway/free/map/jrwest69.gif""]","{""columns"": [""東海道新干线 (希望号 (Nozomi))"", ""東海道新干线 (光号/回声号)"", ""东北/上越新干线"", ""在来线特急/急行"", ""快速/普通车自由席列车 (绿色车厢)"", ""快速/普通车自由席列车 (专线列车 (Liner))"", ""快速/普通车自由席列车 (指定席)"", ""快速/普通车自由席列车 (自由席)"", ""东京单轨电车"", ""临海线""], ""status_rows"": [{""label"": null, ""symbols"": [{""symbol"": ""×"", ""note"": null}, {""symbol"": ""×"", ""note"": null}, {""symbol"": ""×"", ""note"": null}, {""symbol"": ""×"", ""note"": null}, {""symbol"": ""×"", ""note"": null}, {""symbol"": ""－"", ""note"": null}, {""symbol"": ""▲"", ""note"": null}, {""symbol"": ""▲"", ""note"": null}, {""symbol"": ""○"", ""note"": null}, {""symbol"": ""－"", ""note"": null}]}], ""legend"": {""○"": ""可乘车"", ""▲"": ""仅乘车券有效"", ""×"": ""不可乘车""}, ""notes"": null}",JR,[],0.0,tabiwa,JR西日本电话：,,https://app.tabi-wester.westjr.co.jp/eticketDetails?ticket_id=J0000500,"[{""text"": ""tabiwa"", ""url"": ""https://app.tabi-wester.westjr.co.jp/eticketDetails?ticket_id=J0000500""}]",,https://www2s.biglobe.ne.jp/~t_aoyagi/railway/free/jrwest69.htm,jrwest69.htm,9,2026/8/10 1:30,山口セントラルパス,,,,https://www2s.biglobe.ne.jp/~t_aoyagi/railway/free/jrwest69.htm
jrwest58,下関・長門tabiwaぐるりんパス,,[],0,False,tyugoku,中国地方,中国地方,"[""中国""]",kikan,期間限定タイプ,期间限定,"[""デジタル""]",False,True,period,〜2027/3/31,,2027/3/31,3500.0,1750.0,1750.0,"大人：3,500円／小人：1,750円",2天,2.0,"2026年3月1日 - 2027年3月31日
 使用开始日期前1个月至使用当天有效",2026年4月1日 - 2027年4月1日,,"[""https://www2s.biglobe.ne.jp/~t_aoyagi/railway/free/map/jrwest58.gif""]","{""columns"": [""東海道新干线 (希望号 (Nozomi))"", ""東海道新干线 (光号/回声号)"", ""东北/上越新干线"", ""在来线特急/急行"", ""快速/普通车自由席列车 (绿色车厢)"", ""快速/普通车自由席列车 (专线列车 (Liner))"", ""快速/普通车自由席列车 (指定席)"", ""快速/普通车自由席列车 (自由席)"", ""东京单轨电车"", ""临海线""], ""status_rows"": [{""label"": null, ""symbols"": [{""symbol"": ""×"", ""note"": null}, {""symbol"": ""－"", ""note"": null}, {""symbol"": ""×"", ""note"": null}, {""symbol"": ""×"", ""note"": null}, {""symbol"": ""×"", ""note"": null}, {""symbol"": ""－"", ""note"": null}, {""symbol"": ""▲"", ""note"": null}, {""symbol"": ""▲"", ""note"": null}, {""symbol"": ""○"", ""note"": null}, {""symbol"": ""－"", ""note"": null}]}], ""legend"": {""○"": ""可乘车"", ""▲"": ""仅乘车券有效"", ""×"": ""不可乘车""}, ""notes"": null}",JR,[],0.0,tabiwa,JR西日本电话：,,https://app.tabi-wester.westjr.co.jp/eticketDetails?ticket_id=J0000600,"[{""text"": ""tabiwa"", ""url"": ""https://app.tabi-wester.westjr.co.jp/eticketDetails?ticket_id=J0000600""}]",,https://www2s.biglobe.ne.jp/~t_aoyagi/railway/free/jrwest58.htm,jrwest58.htm,10,2026/8/10 1:30,下関・長門tabiwaぐるりんパス,,,,https://www2s.biglobe.ne.jp/~t_aoyagi/railway/free/jrwest58.htm
jrwest85,山陰のんびりパス,,[],0,False,tyugoku,中国地方,中国地方,"[""中国""]",kikan,期間限定タイプ,期间限定,"[""デジタル""]",False,True,period,〜2027/3/31,,2027/3/31,5000.0,2500.0,2500.0,"大人：5,000円／小人：2,500円",3天,3.0,"2026年3月1日 - 2027年3月31日
 使用开始日期前1个月至使用当天有效",2026年4月1日 - 2027年4月2日,,"[""https://www2s.biglobe.ne.jp/~t_aoyagi/railway/free/map/jrwest85.gif""]","{""columns"": [""绿色车厢 (头等座)"", ""普通车自由席车指定席席"", ""普通车自由席车自由席席"", ""专线列车 (Liner)"", ""特急"", ""急行"", ""快速"", ""普通车自由席"", ""指定席""], ""status_rows"": [{""label"": null, ""symbols"": [{""symbol"": ""×"", ""note"": null}, {""symbol"": ""■"", ""note"": null}, {""symbol"": ""▲"", ""note"": null}, {""symbol"": ""▲"", ""note"": null}, {""symbol"": ""▲"", ""note"": null}, {""symbol"": ""▲"", ""note"": null}, {""symbol"": ""▲"", ""note"": null}, {""symbol"": ""▲"", ""note"": null}, {""symbol"": ""○"", ""note"": null}]}], ""legend"": {""○"": ""可乘车"", ""▲"": ""仅乘车券有效"", ""×"": ""不可乘车"", ""■"": ""使用“Nobinobi席”时，仅车票有效，不能乘坐其他设施。""}, ""notes"": null}",JR,[],0.0,tabiwa,JR西日本电话：,,https://app.tabi-wester.westjr.co.jp/eticketDetails?ticket_id=J0001700,"[{""text"": ""tabiwa"", ""url"": ""https://app.tabi-wester.westjr.co.jp/eticketDetails?ticket_id=J0001700""}]",,https://www2s.biglobe.ne.jp/~t_aoyagi/railway/free/jrwest85.htm,jrwest85.htm,11,2026/8/10 1:30,山陰のんびりパス,,,,https://www2s.biglobe.ne.jp/~t_aoyagi/railway/free/jrwest85.htm
jrwest132,鳥取のんびりパス,,[],0,False,tyugoku,中国地方,中国地方,"[""中国""]",kikan,期間限定タイプ,期间限定,"[""デジタル""]",False,True,period,2026/4/1  〜2027/3/31,2026/4/1,2027/3/31,3000.0,1500.0,1500.0,"大人：3,000円／小人：1,500円",3天,3.0,"2026年3月1日 - 2027年3月31日
 使用开始日期前1个月至使用当天有效",2026年4月1日 - 2027年4月2日,,"[""https://www2s.biglobe.ne.jp/~t_aoyagi/railway/free/map/jrwest132.gif""]","{""columns"": [""绿色车厢 (头等座)"", ""普通车自由席车指定席席"", ""普通车自由席车自由席席"", ""专线列车 (Liner)"", ""特急"", ""急行"", ""快速"", ""普通车自由席"", ""指定席""], ""status_rows"": [{""label"": null, ""symbols"": [{""symbol"": ""×"", ""note"": null}, {""symbol"": ""■"", ""note"": null}, {""symbol"": ""▲"", ""note"": null}, {""symbol"": ""▲"", ""note"": null}, {""symbol"": ""▲"", ""note"": null}, {""symbol"": ""▲"", ""note"": null}, {""symbol"": ""▲"", ""note"": null}, {""symbol"": ""▲"", ""note"": null}, {""symbol"": ""○"", ""note"": null}]}], ""legend"": {""○"": ""可乘车"", ""▲"": ""仅乘车券有效"", ""×"": ""不可乘车"", ""■"": ""使用“Nobinobi席”时，仅车票有效，不能乘坐其他设施。""}, ""notes"": null}",JR,[],0.0,tabiwa,JR西日本电话：,,https://app.tabi-wester.westjr.co.jp/eticketDetails?ticket_id=J0001800,"[{""text"": ""tabiwa"", ""url"": ""https://app.tabi-wester.westjr.co.jp/eticketDetails?ticket_id=J0001800""}]",,https://www2s.biglobe.ne.jp/~t_aoyagi/railway/free/jrwest132.htm,jrwest132.htm,12,2026/8/10 1:30,鳥取のんびりパス,,,,https://www2s.biglobe.ne.jp/~t_aoyagi/railway/free/jrwest132.htm
jrwest133,松江・出雲tabiwaぐるりんパス,,[],0,False,tyugoku,中国地方,中国地方,"[""中国""]",kikan,期間限定タイプ,期间限定,"[""デジタル""]",False,True,period,〜2027/3/31,,2027/3/31,5000.0,1800.0,1800.0,"大人：5,000円／小人：1,800円",2天,2.0,"2026年3月1日 - 2027年3月31日
 使用开始日期前1个月至使用当天有效",2026年4月1日 - 2027年4月1日,,"[""https://www2s.biglobe.ne.jp/~t_aoyagi/railway/free/map/jrwest133.gif""]","{""columns"": [""绿色车厢 (头等座)"", ""普通车自由席车指定席席"", ""普通车自由席车自由席席"", ""专线列车 (Liner)"", ""特急"", ""急行"", ""快速"", ""普通车自由席"", ""指定席""], ""status_rows"": [{""label"": null, ""symbols"": [{""symbol"": ""×"", ""note"": null}, {""symbol"": ""■"", ""note"": null}, {""symbol"": ""▲"", ""note"": null}, {""symbol"": ""▲"", ""note"": null}, {""symbol"": ""▲"", ""note"": null}, {""symbol"": ""▲"", ""note"": null}, {""symbol"": ""▲"", ""note"": null}, {""symbol"": ""▲"", ""note"": null}, {""symbol"": ""○"", ""note"": null}]}], ""legend"": {""○"": ""可乘车"", ""▲"": ""仅乘车券有效"", ""×"": ""不可乘车"", ""■"": ""使用“Nobinobi席”时，仅车票有效，不能乘坐其他设施。""}, ""notes"": null}",JR,[],0.0,tabiwa,JR西日本电话：,,https://app.tabi-wester.westjr.co.jp/eticketDetails?ticket_id=J0002500,"[{""text"": ""tabiwa"", ""url"": ""https://app.tabi-wester.westjr.co.jp/eticketDetails?ticket_id=J0002500""}]",,https://www2s.biglobe.ne.jp/~t_aoyagi/railway/free/jrwest133.htm,jrwest133.htm,13,2026/8/10 1:30,松江・出雲tabiwaぐるりんパス,,,,https://www2s.biglobe.ne.jp/~t_aoyagi/railway/free/jrwest133.htm
jrwest148,tabiwa 津山因美パス,,[],0,False,tyugoku,中国地方,中国地方,"[""中国""]",kikan,期間限定タイプ,期间限定,"[""デジタル""]",False,True,ended,終了,,,700.0,350.0,350.0,大人：700円／小人：350円,3天,3.0,2025年8月1日 - 2026年3月31日,2025年7月15日 - 2026年3月31日,,"[""https://www2s.biglobe.ne.jp/~t_aoyagi/railway/free/map/jrwest148.gif""]","{""columns"": [""東海道新干线 (希望号 (Nozomi))"", ""東海道新干线 (光号/回声号)"", ""东北/上越新干线"", ""在来线特急/急行"", ""快速/普通车自由席列车 (绿色车厢)"", ""快速/普通车自由席列车 (专线列车 (Liner))"", ""快速/普通车自由席列车 (指定席)"", ""快速/普通车自由席列车 (自由席)"", ""东京单轨电车"", ""临海线""], ""status_rows"": [{""label"": null, ""symbols"": [{""symbol"": ""×"", ""note"": null}, {""symbol"": ""×"", ""note"": null}, {""symbol"": ""×"", ""note"": null}, {""symbol"": ""×"", ""note"": null}, {""symbol"": ""×"", ""note"": null}, {""symbol"": ""－"", ""note"": null}, {""symbol"": ""▲"", ""note"": null}, {""symbol"": ""▲"", ""note"": null}, {""symbol"": ""○"", ""note"": null}, {""symbol"": ""－"", ""note"": null}]}], ""legend"": {""○"": ""可乘车"", ""▲"": ""仅乘车券有效"", ""×"": ""不可乘车""}, ""notes"": null}",JR,[],0.0,tabiwa by WESTER,JR西日本电话：,,https://app.tabi-wester.westjr.co.jp/eticketDetails?ticket_id=JK203400,"[{""text"": ""tabiwa by WESTER"", ""url"": ""https://app.tabi-wester.westjr.co.jp/eticketDetails?ticket_id=JK203400""}]",,https://www2s.biglobe.ne.jp/~t_aoyagi/railway/free/jrwest148.htm,jrwest148.htm,14,2026/8/10 1:30,tabiwa 津山因美パス,,,,https://www2s.biglobe.ne.jp/~t_aoyagi/railway/free/jrwest148.htm
jrwest165,宮島満喫パス,,[],0,False,tyugoku,中国地方,中国地方,"[""中国""]",kikan,期間限定タイプ,期间限定,"[""デジタル""]",False,True,period,〜2027/3/31,,2027/3/31,1500.0,750.0,750.0,"大人：1,500円／小人：750円",2天,2.0,"2026年3月1日 - 2027年3月31日
 使用开始日期前1个月至使用当天有效",2026年4月1日 - 2027年4月1日,,"[""https://www2s.biglobe.ne.jp/~t_aoyagi/railway/free/map/jrwest139.gif""]","{""columns"": [""绿色车厢 (头等座)"", ""普通车自由席车指定席席"", ""普通车自由席车自由席席"", ""专线列车 (Liner)"", ""特急"", ""急行"", ""快速"", ""普通车自由席"", ""指定席"", ""自由席"", ""其他的"", ""绿色车厢 (头等座)"", ""普通车自由席车指定席席"", ""普通车自由席车自由席席"", ""专线列车 (Liner)"", ""特急"", ""急行""], ""status_rows"": [{""label"": null, ""symbols"": [{""symbol"": ""×"", ""note"": null}, {""symbol"": ""×"", ""note"": null}, {""symbol"": ""×"", ""note"": null}, {""symbol"": ""×"", ""note"": null}, {""symbol"": ""×"", ""note"": null}, {""symbol"": ""×"", ""note"": null}, {""symbol"": ""×"", ""note"": null}, {""symbol"": ""×"", ""note"": null}, {""symbol"": ""×"", ""note"": null}, {""symbol"": ""×"", ""note"": null}, {""symbol"": ""▲"", ""note"": null}, {""symbol"": ""▲"", ""note"": null}, {""symbol"": ""▲"", ""note"": null}, {""symbol"": ""▲"", ""note"": null}, {""symbol"": ""▲"", ""note"": null}, {""symbol"": ""▲"", ""note"": null}, {""symbol"": ""○"", ""note"": null}]}], ""legend"": {""○"": ""可乘车"", ""▲"": ""仅乘车券有效"", ""×"": ""不可乘车""}, ""notes"": null}",JR,[],0.0,tabiwa,西日本旅客铁道：,,https://app.tabi-wester.westjr.co.jp/eticketDetails?ticket_id=J0000200,"[{""text"": ""tabiwa"", ""url"": ""https://app.tabi-wester.westjr.co.jp/eticketDetails?ticket_id=J0000200""}]",,https://www2s.biglobe.ne.jp/~t_aoyagi/railway/free/jrwest165.htm,jrwest165.htm,15,2026/8/10 1:30,宮島満喫パス,,,,https://www2s.biglobe.ne.jp/~t_aoyagi/railway/free/jrwest165.htm
jrwest140,tabiwa呉海自カレーきっぷ,,[],0,False,tyugoku,中国地方,中国地方,"[""中国""]",kikan,期間限定タイプ,期间限定,"[""デジタル""]",False,True,period,〜2027/3/31,,2027/3/31,2220.0,1850.0,1850.0,"大人：2,220円／小人：1,850円",1天,1.0,"2026年3月1日 - 2027年3月31日
 使用开始日期前1个月至使用当天有效",2026年4月1日 - 2027年4月2日,,"[""https://www2s.biglobe.ne.jp/~t_aoyagi/railway/free/map/jrwest140.gif""]","{""columns"": [""绿色车厢 (头等座)"", ""普通车自由席车指定席席"", ""普通车自由席车自由席席"", ""专线列车 (Liner)"", ""特急"", ""急行"", ""快速"", ""普通车自由席"", ""指定席"", ""自由席"", ""其他的"", ""绿色车厢 (头等座)"", ""普通车自由席车指定席席"", ""普通车自由席车自由席席"", ""专线列车 (Liner)"", ""特急"", ""急行""], ""status_rows"": [{""label"": null, ""symbols"": [{""symbol"": ""×"", ""note"": null}, {""symbol"": ""×"", ""note"": null}, {""symbol"": ""×"", ""note"": null}, {""symbol"": ""×"", ""note"": null}, {""symbol"": ""×"", ""note"": null}, {""symbol"": ""×"", ""note"": null}, {""symbol"": ""×"", ""note"": null}, {""symbol"": ""×"", ""note"": null}, {""symbol"": ""×"", ""note"": null}, {""symbol"": ""×"", ""note"": null}, {""symbol"": ""▲"", ""note"": null}, {""symbol"": ""▲"", ""note"": null}, {""symbol"": ""▲"", ""note"": null}, {""symbol"": ""▲"", ""note"": null}, {""symbol"": ""▲"", ""note"": null}, {""symbol"": ""▲"", ""note"": null}, {""symbol"": ""○"", ""note"": null}]}], ""legend"": {""○"": ""可乘车"", ""▲"": ""仅乘车券有效"", ""×"": ""不可乘车""}, ""notes"": null}",JR,"[""附赠“吴海上自卫队咖喱”优惠券""]",1.0,tabiwa,西日本旅客铁道：,,https://app.tabi-wester.westjr.co.jp/eticketDetails?ticket_id=J0000400,"[{""text"": ""tabiwa"", ""url"": ""https://app.tabi-wester.westjr.co.jp/eticketDetails?ticket_id=J0000400""}]",,https://www2s.biglobe.ne.jp/~t_aoyagi/railway/free/jrwest140.htm,jrwest140.htm,16,2026/8/10 1:30,tabiwa呉海自カレーきっぷ,,,,https://www2s.biglobe.ne.jp/~t_aoyagi/railway/free/jrwest140.htm
jrwest57,バス＆レール どっちも乗り放題パス２デイ,,[],0,False,tyugoku,中国地方,中国地方,"[""中国""]",kikan,期間限定タイプ,期间限定,"[""デジタル""]",False,True,ended,終了,,,2000.0,1000.0,1000.0,"大人：2,000円／小人：1,000円",连续两天，包括周六、周日和节假日之一,1.0,2025年10月28日 - 2026年3月30日,2025年10月28日 - 2026年3月31日,,"[""https://www2s.biglobe.ne.jp/~t_aoyagi/railway/free/map/jrwest57.gif""]","{""columns"": [""東海道新干线 (希望号 (Nozomi))"", ""東海道新干线 (光号/回声号)"", ""东北/上越新干线"", ""在来线特急/急行"", ""快速/普通车自由席列车 (绿色车厢)"", ""快速/普通车自由席列车 (专线列车 (Liner))"", ""快速/普通车自由席列车 (指定席)"", ""快速/普通车自由席列车 (自由席)"", ""东京单轨电车"", ""临海线""], ""status_rows"": [{""label"": null, ""symbols"": [{""symbol"": ""×"", ""note"": null}, {""symbol"": ""×"", ""note"": null}, {""symbol"": ""×"", ""note"": null}, {""symbol"": ""×"", ""note"": null}, {""symbol"": ""×"", ""note"": null}, {""symbol"": ""－"", ""note"": null}, {""symbol"": ""×"", ""note"": null}, {""symbol"": ""×"", ""note"": null}, {""symbol"": ""○"", ""note"": null}, {""symbol"": ""－"", ""note"": null}]}], ""legend"": {""○"": ""可乘车"", ""▲"": ""仅乘车券有效"", ""×"": ""不可乘车""}, ""notes"": null}",JR,"[""东城～下帝释之间，仅限运营日。""]",1.0,"JR广岛站新干线口1楼巴士售票柜台、
三好市交通观光中心东营交通咨询处（东条店）",JR西日本电话：,,https://tickets.jr-odekake.net/shohindb/view/consumer/tokutoku/detail.html?shnId=123000480,"[{""text"": ""ＪＲ西日本"", ""url"": ""https://tickets.jr-odekake.net/shohindb/view/consumer/tokutoku/detail.html?shnId=123000480""}, {""text"": ""備北交通"", ""url"": ""https://bihoku.co.jp/info/%e3%80%902025%e5%b9%b410%e6%9c%8828%e6%97%a5%ef%bc%88%e7%81%ab%ef%bc%89%e7%99%ba%e5%a3%b2%e9%96%8b%e5%a7%8b%e3%80%91%e3%83%90%e3%82%b9%ef%bc%86%e3%83%ac%e3%83%bc%e3%83%ab%e3%81%a9%e3%81%a3%e3%81%a1/""}]",,https://www2s.biglobe.ne.jp/~t_aoyagi/railway/free/jrwest57.htm,jrwest57.htm,17,2026/8/10 1:30,バス＆レール どっちも乗り放題パス ２デイ”三次⇔”東城”,,,,https://www2s.biglobe.ne.jp/~t_aoyagi/railway/free/jrwest57.htm
jrwest130,宇部周遊1dayパス,,[],0,False,tyugoku,中国地方,中国地方,"[""中国""]",kikan,期間限定タイプ,期间限定,"[""デジタル""]",False,True,ended,終了,,,1500.0,,1500.0,"大人：1,500円",1天,1.0,2024年10月4日 - 2025年1月19日,2024年10月4日 - 2025年1月19日,,"[""https://www2s.biglobe.ne.jp/~t_aoyagi/railway/free/map/jrwest130.gif""]","{""columns"": [""東海道新干线 (希望号 (Nozomi))"", ""東海道新干线 (光号/回声号)"", ""东北/上越新干线"", ""在来线特急/急行"", ""快速/普通车自由席列车 (绿色车厢)"", ""快速/普通车自由席列车 (专线列车 (Liner))"", ""快速/普通车自由席列车 (指定席)"", ""快速/普通车自由席列车 (自由席)"", ""东京单轨电车"", ""临海线""], ""status_rows"": [{""label"": null, ""symbols"": [{""symbol"": ""×"", ""note"": null}, {""symbol"": ""×"", ""note"": null}, {""symbol"": ""▲"", ""note"": null}, {""symbol"": ""▲"", ""note"": null}, {""symbol"": ""▲"", ""note"": null}, {""symbol"": ""▲"", ""note"": null}, {""symbol"": ""▲"", ""note"": null}, {""symbol"": ""▲"", ""note"": null}, {""symbol"": ""○"", ""note"": null}, {""symbol"": ""－"", ""note"": null}]}], ""legend"": {""○"": ""可乘车"", ""▲"": ""仅乘车券有效"", ""×"": ""不可乘车""}, ""notes"": null}",JR,"[""无法乘坐新山口～山口宇部机场之间的机场接驳巴士。""]",1.0,tabiwa by WESTER,JR西日本电话：,,https://www.westjr.co.jp/press/article/items/240924_00_press_MatijyuEvaNo4Ube1daypass.pdf,"[{""text"": ""ＪＲ西日本"", ""url"": ""https://www.westjr.co.jp/press/article/items/240924_00_press_MatijyuEvaNo4Ube1daypass.pdf""}]",,https://www2s.biglobe.ne.jp/~t_aoyagi/railway/free/jrwest130.htm,jrwest130.htm,18,2026/8/10 1:30,宇部周遊1dayパス,,,,https://www2s.biglobe.ne.jp/~t_aoyagi/railway/free/jrwest130.htm
tizukyu11,智頭線普通列車１日乗車券,,[],0,False,tyugoku,中国地方,中国地方,"[""中国""]",tunen,通年発売タイプ,全年发售,"[""実券""]",True,False,on_sale,発売中,,,2000.0,1000.0,1000.0,"大人：2,000円／小人：1,000円",1天,1.0,全年,全年,,"[""https://www2s.biglobe.ne.jp/~t_aoyagi/railway/free/map/tizukyu.gif""]",,地方私鉄,"[""不允许乘坐特快列车""]",1.0,智头急行：上郡、佐用、大原、智头,智头快递电话：0858-75-2595,,https://www.chizukyu.co.jp/chizukyu/tokutoku/x229/,"[{""text"": ""智頭急行"", ""url"": ""https://www.chizukyu.co.jp/chizukyu/tokutoku/x229/""}]",,https://www2s.biglobe.ne.jp/~t_aoyagi/railway/free/tizukyu11.htm,tizukyu11.htm,19,2026/8/10 1:30,智頭線普通列車１日乗車券,,,,https://www2s.biglobe.ne.jp/~t_aoyagi/railway/free/tizukyu11.htm
wakasa01,１日フリー乗車券,,[],0,False,tyugoku,中国地方,中国地方,"[""中国""]",tunen,通年発売タイプ,全年发售,"[""実券""]",True,False,on_sale,発売中,,,500.0,,500.0,"大人：760円 
 大人：500円(2026年7月25日〜2026年8月30日) 
 大人：500円(2025年12月6日〜2026年2月28日)",1天,1.0,全年,全年,,"[""https://www2s.biglobe.ne.jp/~t_aoyagi/railway/free/map/wakasa.gif""]",,地方私鉄,[],0.0,"若狭站、若狭铁道列车组、稻叶船冈站、口下站观光协会 Plat Pia Ayaz
 若狭站、八津町观光协会（口毛站）有折扣销售",若狭铁道电话：0858-82-0919,,https://wakatetsu.co.jp/info#collapse-accordion-7,"[{""text"": ""若桜鉄道"", ""url"": ""https://wakatetsu.co.jp/info#collapse-accordion-7""}, {""text"": ""若桜鉄道"", ""url"": ""https://wakatetsu.co.jp/archives/news/%e8%8b%a5%e6%a1%9c%e9%89%84%e9%81%93-1%e6%97%a5%e3%83%95%e3%83%aa%e3%83%bc%e5%88%87%e7%ac%a6%e3%82%ad%e3%83%a3%e3%83%b3%e3%83%9a%e3%83%bc%e3%83%b3%e3%81%ae%e3%81%8a%e7%9f%a5%e3%82%89%e3%81%9b-4""}]",,https://www2s.biglobe.ne.jp/~t_aoyagi/railway/free/wakasa01.htm,wakasa01.htm,20,2026/8/10 1:30,１日フリー乗車券,,,,https://www2s.biglobe.ne.jp/~t_aoyagi/railway/free/wakasa01.htm
wakasa03,鳥取藩乗放題手形,,[],0,False,tyugoku,中国地方,中国地方,"[""中国""]",tunen,通年発売タイプ,全年发售,"[""実券""]",True,False,on_sale,発売中,,,1800.0,,1800.0,"大人：1,800円",3天,3.0,全年,全年,,"[""https://www2s.biglobe.ne.jp/~t_aoyagi/railway/free/map/wakasa03.gif""]",,地方私鉄,[],0.0,"鸟取站巴士总站、鸟取市观光咨询处（JR鸟取站内）、日之丸自动车鸟取营业部、鸟取机场大厦、日本交通石见营业所、若狭铁道若狭站、八津町观光协会
 三朝温泉观光协会、日本交通仓吉巴士中心、日本交通新町营业所、日之丸汽车仓吉营业所、JR仓吉站旅游咨询中心、仓吉观光MICE协会
 米子站巴士总站、皆生温泉旅馆协会（米子市观光中心内）、米子市国际观光问讯处（米子站内）、大仙町观光问讯处（KOMOREBITO 1楼）、米子机场综合咨询处（米子鬼太郎机场内）、日之丸汽车米子分店","日之丸汽车公司
 
 鸟取 TEL:0857-22-5155、仓吉 TEL:0858-26-4111、米子 TEL:0859-32-2121
 
日本交通
 
 鸟取 TEL:0857-23-1122、仓吉 TEL:0858-26-1115、米子 TEL:0859-33-9116",,https://www.tottori-guide.jp/tourism/tour/view/570,"[{""text"": ""鳥取県観光・旅行情報サイト「とっとり旅」"", ""url"": ""https://www.tottori-guide.jp/tourism/tour/view/570""}, {""text"": ""日本交通"", ""url"": ""https://www.nihonkotsu.jp/bus_local/tegata/index.html""}, {""text"": ""日の丸自動車"", ""url"": ""https://hinomarubus.co.jp/676/""}]",,https://www2s.biglobe.ne.jp/~t_aoyagi/railway/free/wakasa03.htm,wakasa03.htm,21,2026/8/10 1:30,鳥取藩乗放題手形,,,,https://www2s.biglobe.ne.jp/~t_aoyagi/railway/free/wakasa03.htm
wakasa02,親子きっぷ,,[],0,False,tyugoku,中国地方,中国地方,"[""中国""]",holiday,週末限定タイプ,周末限定,"[""実券""]",True,False,on_sale,発売中,,,,,760.0,"760円 (大人１名＋小人１名) 
 2024年1月6日〜2024年2月25日は、380円",1天,1.0,周六、周日、节假日（即日销售）,周六、周日、节假日,,"[""https://www2s.biglobe.ne.jp/~t_aoyagi/railway/free/map/wakasa.gif""]",,地方私鉄,[],0.0,若狭站、若狭铁道列车组、军下站观光协会 Plat Pia Ayaz,若狭铁道电话：0858-82-0919,,https://wakatetsu.co.jp/info#collapse-accordion-7,"[{""text"": ""若桜鉄道"", ""url"": ""https://wakatetsu.co.jp/info#collapse-accordion-7""}, {""text"": ""若桜鉄道"", ""url"": ""https://wakatetsu.co.jp/archives/news/%e8%8b%a5%e6%a1%9c%e9%89%84%e9%81%93-%e8%a6%aa%e5%ad%90%e5%88%87%e7%ac%a6%e5%8d%8a%e9%a1%8d%e3%82%ad%e3%83%a3%e3%83%b3%e3%83%9a%e3%83%bc%e3%83%b3%e3%81%ae%e3%81%8a%e7%9f%a5%e3%82%89%e3%81%9b-2""}]",,https://www2s.biglobe.ne.jp/~t_aoyagi/railway/free/wakasa02.htm,wakasa02.htm,22,2026/8/10 1:30,親子きっぷ,,,,https://www2s.biglobe.ne.jp/~t_aoyagi/railway/free/wakasa02.htm
itibata01,一畑電車フリー乗車券,,[],0,False,tyugoku,中国地方,中国地方,"[""中国""]",tunen,通年発売タイプ,全年发售,"[""実券""]",True,False,on_sale,発売中,,,1800.0,900.0,900.0,"大人：1,800円 小人：900円",1天,1.0,全年,全年,,"[""https://www2s.biglobe.ne.jp/~t_aoyagi/railway/free/map/ichibata01.gif""]",,地方私鉄,[],0.0,松江宍道湖温泉、温州平田、川里、电铁出云市、出云大社,一畑电车交通部营业课 TEL:0853-62-3383,,https://railway.ichibata.co.jp/tichet/free/,"[{""text"": ""一畑電車"", ""url"": ""https://railway.ichibata.co.jp/tichet/free/""}]",,https://www2s.biglobe.ne.jp/~t_aoyagi/railway/free/itibata01.htm,itibata01.htm,23,2026/8/10 1:30,１日フリー乗車券,,,,https://www2s.biglobe.ne.jp/~t_aoyagi/railway/free/itibata01.htm
itibata02,一畑電車シルバーきっぷ,,[],0,False,tyugoku,中国地方,中国地方,"[""中国""]",tunen,通年発売タイプ,全年发售,"[""実券""]",True,False,on_sale,発売中,,,1700.0,,1700.0,"大人：1,700円",1天,1.0,全年,12月31日～1月3日，除松江水乡祭、出云神话祭以外的每天,,"[""https://www2s.biglobe.ne.jp/~t_aoyagi/railway/free/map/ichibata01.gif""]",,地方私鉄,"[""仅限65岁以上人士（需有官方证明）""]",1.0,松江宍道湖温泉、温州平田、川里、电铁出云市、出云大社,一畑列车 TEL:0852-21-2429,,https://railway.ichibata.co.jp/tichet/silver/,"[{""text"": ""一畑電車"", ""url"": ""https://railway.ichibata.co.jp/tichet/silver/""}]",,https://www2s.biglobe.ne.jp/~t_aoyagi/railway/free/itibata02.htm,itibata02.htm,24,2026/8/10 1:30,シルバーきっぷ,,,,https://www2s.biglobe.ne.jp/~t_aoyagi/railway/free/itibata02.htm
itibata04,フォーゲル＆フリーチケット,,[],0,False,tyugoku,中国地方,中国地方,"[""中国""]",tunen,通年発売タイプ,全年发售,"[""実券""]",True,False,on_sale,発売中,,,2300.0,1200.0,1200.0,"大人：2,300円／中学生：1,800円／小人：1,200円",仅限发售当天,,全年,全年,,"[""https://www2s.biglobe.ne.jp/~t_aoyagi/railway/free/map/ichibata04.gif""]",,地方私鉄,[],0.0,松江宍道湖温泉、温州平田、川里、电铁出云市、出云大社,一畑电车交通部营业课 TEL:0853-62-3383,,https://railway.ichibata.co.jp/tichet/vogel/,"[{""text"": ""一畑電車"", ""url"": ""https://railway.ichibata.co.jp/tichet/vogel/""}]",,https://www2s.biglobe.ne.jp/~t_aoyagi/railway/free/itibata04.htm,itibata04.htm,25,2026/8/10 1:30,フォーゲル＆フリーチケット,,,,https://www2s.biglobe.ne.jp/~t_aoyagi/railway/free/itibata04.htm
itibata05,古代出雲歴博入場券＆フリーチケット,,[],0,False,tyugoku,中国地方,中国地方,"[""中国""]",tunen,通年発売タイプ,全年发售,"[""実券""]",True,False,on_sale,発売中,,,1900.0,,1900.0,"大人：1,900円",仅限发售当天,,全年,全年,,"[""https://www2s.biglobe.ne.jp/~t_aoyagi/railway/free/map/ichibata01.gif""]",,地方私鉄,[],0.0,松江宍道湖温泉、温州平田、川里、电铁出云市,一畑列车 TEL:0852-21-2429,,https://railway.ichibata.co.jp/tichet/izm/,"[{""text"": ""一畑電車"", ""url"": ""https://railway.ichibata.co.jp/tichet/izm/""}]",,https://www2s.biglobe.ne.jp/~t_aoyagi/railway/free/itibata05.htm,itibata05.htm,26,2026/8/10 1:30,古代出雲歴博入場券 ＆フリーチケット,,,,https://www2s.biglobe.ne.jp/~t_aoyagi/railway/free/itibata05.htm
itibata06,松江・出雲 旅PASS 2Days,,[],0,False,tyugoku,中国地方,中国地方,"[""中国""]",tunen,通年発売タイプ,全年发售,"[""デジタル""]",False,True,period,2026/4/1  〜2027/3/30,2026/4/1,2027/3/30,3500.0,1750.0,1750.0,"大人：3,500円 小人：1,750円",2天,2.0,2026年4月1日 - 2027年3月30日,2026年4月1日 - 2027年3月31日,,"[""https://www2s.biglobe.ne.jp/~t_aoyagi/railway/free/map/ichibata06.gif""]",,地方私鉄,"[""无法乘坐前往米子机场、出云机场的高速巴士、特殊巴士、接驳巴士。""]",1.0,“足袋”,一畑列车 TEL:0852-21-2429,,https://app.tabi-wester.westjr.co.jp/eticketDetails?ticket_id=N6000700,"[{""text"": ""tabiwa"", ""url"": ""https://app.tabi-wester.westjr.co.jp/eticketDetails?ticket_id=N6000700""}]",,https://www2s.biglobe.ne.jp/~t_aoyagi/railway/free/itibata06.htm,itibata06.htm,27,2026/8/10 1:30,松江・出雲 旅PASS 2Days,,,,https://www2s.biglobe.ne.jp/~t_aoyagi/railway/free/itibata06.htm
itibata92,特別１日フリー乗車券,,[],0,False,tyugoku,中国地方,中国地方,"[""中国""]",kikan,期間限定タイプ,期间限定,"[""実券""]",True,False,ended,終了,,,500.0,250.0,250.0,大人：500円 小人：250円,1天,1.0,2023 年 10 月 15 日,2023 年 10 月 15 日,,"[""https://www2s.biglobe.ne.jp/~t_aoyagi/railway/free/map/ichibata01.gif""]",,地方私鉄,[],0.0,松江宍道湖温泉、温州平田、川里、电铁出云市、出云大社、电车内,一畑电车交通部营业课 TEL:0853-62-3383,,https://www.ichibata.co.jp/railway/newsrelease-new/77/,"[{""text"": ""一畑電鉄"", ""url"": ""https://www.ichibata.co.jp/railway/newsrelease-new/77/""}]",,https://www2s.biglobe.ne.jp/~t_aoyagi/railway/free/itibata92.htm,itibata92.htm,28,2026/8/10 1:30,特別１日フリー乗車券,,,,https://www2s.biglobe.ne.jp/~t_aoyagi/railway/free/itibata92.htm
okaden02,路面電車１日乗車券,,[],0,False,tyugoku,中国地方,中国地方,"[""中国""]",tunen,通年発売タイプ,全年发售,"[""実券"", ""デジタル""]",True,True,on_sale,発売中,,,400.0,200.0,200.0,大人：400円 小人：200円,1天,1.0,全年,全年,,"[""https://www2s.biglobe.ne.jp/~t_aoyagi/railway/free/map/okaden.gif""]",,地方私鉄,[],0.0,"电车内、交通课（德吉町）、冈山站巴士问讯处
 冈山电车总公司（冈山町）
 足袋",冈山电车：,,https://okayama-kido.co.jp/tram/route-map/,"[{""text"": ""岡山電気軌道"", ""url"": ""https://okayama-kido.co.jp/tram/route-map/""}, {""text"": ""tabiwa"", ""url"": ""https://app.tabi-wester.westjr.co.jp/eticketDetails?ticket_id=N4001800""}]",,https://www2s.biglobe.ne.jp/~t_aoyagi/railway/free/okaden02.htm,okaden02.htm,29,2026/8/10 1:30,路面電車１日乗車券,,,,https://www2s.biglobe.ne.jp/~t_aoyagi/railway/free/okaden02.htm
okaden97,路面電車＋岡電バス(一部区間)１日乗車券,,[],0,False,tyugoku,中国地方,中国地方,"[""中国""]",tunen,通年発売タイプ,全年发售,"[""実券"", ""デジタル""]",True,True,period,〜2027/3/31,,2027/3/31,400.0,200.0,200.0,大人：400円 小人：200円,1天,1.0,2026年4月1日 - 2027年3月31日,2026年4月1日 - 2027年3月31日,,"[""https://www2s.biglobe.ne.jp/~t_aoyagi/railway/free/map/okaden97.gif""]",,地方私鉄,[],0.0,"电车内
 奥卡登查金顿博物馆
 冈山站东口问询处
 莱德通行证",利优比集团巴士/火车客户中心：TEL 086-230-2130,,https://okayama-kido.co.jp/tram/tram-status-info/post-3248/,"[{""text"": ""岡山電気軌道"", ""url"": ""https://okayama-kido.co.jp/tram/tram-status-info/post-3248/""}, {""text"": ""RYDE PASS"", ""url"": ""https://pass.ryde-go.com/products/PYR6LKSW6V31""}]",,https://www2s.biglobe.ne.jp/~t_aoyagi/railway/free/okaden97.htm,okaden97.htm,30,2026/8/10 1:30,路面電車＋岡電バス(一部区間)１日乗車券,,,,https://www2s.biglobe.ne.jp/~t_aoyagi/railway/free/okaden97.htm
okaden98,令和８年初参り 路面電車一日乗車券付き「紙絵馬」引換券,,[],0,False,tyugoku,中国地方,中国地方,"[""中国""]",kikan,期間限定タイプ,期间限定,"[""実券""]",True,False,ended,終了,,,800.0,600.0,600.0,大人：800円／小人：600円,1天,1.0,2026年1月1日 - 2026年3月31日,2026年1月1日 - 2026年3月31日,,"[""https://www2s.biglobe.ne.jp/~t_aoyagi/railway/free/map/okaden.gif""]",,地方私鉄,[],0.0,"莱德通行证
 
电车内
 
奥卡登查金顿博物馆
 
冈山站东口问询处",冈山电车 TEL: 086-272-5520,,https://okayama-kido.co.jp/tram/event/post-3119/,"[{""text"": ""岡山電気軌道"", ""url"": ""https://okayama-kido.co.jp/tram/event/post-3119/""}, {""text"": ""RYDE PASS"", ""url"": ""https://pass.ryde-go.com/products/2X8KWESYJ680""}]",,https://www2s.biglobe.ne.jp/~t_aoyagi/railway/free/okaden98.htm,okaden98.htm,31,2026/8/10 1:30,令和８年初参り 路面電車一日乗車券付き 「紙絵馬」引換券,,,,https://www2s.biglobe.ne.jp/~t_aoyagi/railway/free/okaden98.htm
okaden94,サマーキッズパス,,[],0,False,tyugoku,中国地方,中国地方,"[""中国""]",summer,夏限定タイプ,夏季限定,"[""実券""]",True,False,period,2026/7/10  〜8/15,2026/7/10,2026/8/15,,,2100.0,"中学生：3,100円、小学生2,100円",有效期内的所有日期,,2026年7月10日 - 2026年8月15日,2026年7月20日 - 2026年8月31日,,"[""https://www2s.biglobe.ne.jp/~t_aoyagi/railway/free/map/okaden94.gif""]",,地方私鉄,"[""需要哈雷卡卡"", ""购买时必须出示身份证件""]",2.0,冈电巴士月票销售柜台,冈山电车：,,https://okayama-kido.co.jp/bus/others/%e3%82%b5%e3%83%9e%e3%83%bc%e3%82%ad%e3%83%83%e3%82%ba%e3%83%91%e3%82%b9%e3%81%ae%e7%99%ba%e5%a3%b2%e3%81%ab%e3%81%a4%e3%81%84%e3%81%a6-3,"[{""text"": ""岡山電気軌道"", ""url"": ""https://okayama-kido.co.jp/bus/others/%e3%82%b5%e3%83%9e%e3%83%bc%e3%82%ad%e3%83%83%e3%82%ba%e3%83%91%e3%82%b9%e3%81%ae%e7%99%ba%e5%a3%b2%e3%81%ab%e3%81%a4%e3%81%84%e3%81%a6-3""}]",,https://www2s.biglobe.ne.jp/~t_aoyagi/railway/free/okaden94.htm,okaden94.htm,32,2026/8/10 1:30,サマーキッズパス,,,,https://www2s.biglobe.ne.jp/~t_aoyagi/railway/free/okaden94.htm
mizushima01,1日乗り放題乗車券,,[],0,False,tyugoku,中国地方,中国地方,"[""中国""]",tunen,通年発売タイプ,全年发售,"[""デジタル""]",False,True,on_sale,発売中,,,800.0,400.0,400.0,大人：800円 小人：400円,1天,1.0,全年,全年,,"[""https://www2s.biglobe.ne.jp/~t_aoyagi/railway/free/map/mizushima.gif""]",,地方私鉄,[],0.0,约旦,水岛临海铁道：086-446-0931（平日8:30-17:30）,,https://www.mizurin.co.jp/info_detail/index/392.html,"[{""text"": ""水島臨海鉄道"", ""url"": ""https://www.mizurin.co.jp/info_detail/index/392.html""}]",,https://www2s.biglobe.ne.jp/~t_aoyagi/railway/free/mizushima01.htm,mizushima01.htm,33,2026/8/10 1:30,1日乗り放題乗車券,,,,https://www2s.biglobe.ne.jp/~t_aoyagi/railway/free/mizushima01.htm
ibara12,スーパーホリデーパス,,[],0,False,tyugoku,中国地方,中国地方,"[""中国""]",holiday,週末限定タイプ,周末限定,"[""実券"", ""デジタル""]",True,True,period,〜2027/3/31,,2027/3/31,1700.0,850.0,850.0,"大人：1,700円 小人：850円",1天,1.0,2026年4月1日 - 2027年3月31日,"2026年4月1日至2027年3月31日期间的周六、周日和节假日
 2026年4月25日 - 2026年5月6日
 2026年8月8日 - 2026年8月16日
 2026年12月26日 - 2027年1月3日",,"[""https://www2s.biglobe.ne.jp/~t_aoyagi/railway/free/map/ibara.gif""]",,地方私鉄,"[""您不能乘坐总社和清根之间的 JR 列车。""]",1.0,"清音、矢影、井原、神锅、吉备真备[大田文谷]、车内
 莱德通行证",井原站 TEL:0866-62-6669,,https://www.ibara-railway.co.jp/fare/super-holiday/,"[{""text"": ""井原鉄道"", ""url"": ""https://www.ibara-railway.co.jp/fare/super-holiday/""}, {""text"": ""RYDE PASS"", ""url"": ""https://pass.ryde-go.com/products/G93P5JSQEL35""}]",,https://www2s.biglobe.ne.jp/~t_aoyagi/railway/free/ibara12.htm,ibara12.htm,34,2026/8/10 1:30,スーパーホリデーパス,,,,https://www2s.biglobe.ne.jp/~t_aoyagi/railway/free/ibara12.htm
ibara91,井原線１日乗り放題切符,,[],0,False,tyugoku,中国地方,中国地方,"[""中国""]",kikan,期間限定タイプ,期间限定,"[""実券""]",True,False,ended,終了,,,500.0,300.0,300.0,大人：500円 小人：300円,1天,1.0,2025年12月20日 - 2026年1月11日,2026 年 1 月 11 日,,"[""https://www2s.biglobe.ne.jp/~t_aoyagi/railway/free/map/ibara.gif""]",,地方私鉄,"[""您不能乘坐总社和清根之间的 JR 列车。""]",1.0,"清音、矢影、伊原、神锅
 大田文具店（吉备马比站）",井原站 TEL:0866-62-6669,,https://www.ibara-railway.co.jp/wp-content/uploads/2025/12/f2c7b7df7e7c6f425cd3a1dde0ebd0cf.pdf,"[{""text"": ""井原鉄道"", ""url"": ""https://www.ibara-railway.co.jp/wp-content/uploads/2025/12/f2c7b7df7e7c6f425cd3a1dde0ebd0cf.pdf""}]",,https://www2s.biglobe.ne.jp/~t_aoyagi/railway/free/ibara91.htm,ibara91.htm,35,2026/8/10 1:30,井原線１日乗り放題切符,,,,https://www2s.biglobe.ne.jp/~t_aoyagi/railway/free/ibara91.htm
astrum01,一日乗車券,,[],0,False,tyugoku,中国地方,中国地方,"[""中国""]",tunen,通年発売タイプ,全年发售,"[""実券""]",True,False,on_sale,発売中,,,900.0,450.0,450.0,大人：900円／小人：450円,1天,1.0,全年,全年,,"[""https://www2s.biglobe.ne.jp/~t_aoyagi/railway/free/map/astrum.gif""]",,地方私鉄,[],0.0,阿斯特拉姆线车站,广岛捷运（阿斯特拉姆线）电话：082-830-3115,,http://www.astramline.co.jp/card.html#one day,"[{""text"": ""広島高速交通"", ""url"": ""http://www.astramline.co.jp/card.html#one day""}]",,https://www2s.biglobe.ne.jp/~t_aoyagi/railway/free/astrum01.htm,astrum01.htm,36,2026/8/10 1:30,一日乗車券,,,,https://www2s.biglobe.ne.jp/~t_aoyagi/railway/free/astrum01.htm
astrum11,サンフレッチェ応援乗車券,,[],0,False,tyugoku,中国地方,中国地方,"[""中国""]",kikan,期間限定タイプ,期间限定,"[""実券""]",True,False,unknown,公式戦開催日,,,630.0,320.0,320.0,大人：630円／小人：320円,1天,1.0,"广岛三箭与里贾纳三箭在广岛地区公园田径场举行的正式比赛当天
 
开球前4小时至开球时间",三箭比赛日期,,"[""https://www2s.biglobe.ne.jp/~t_aoyagi/railway/free/map/astrum.gif""]",,地方私鉄,[],0.0,Astram 线车站自动售货机,广岛捷运（阿斯特拉姆线）电话：082-830-3115,,https://www.astramline.co.jp/ride-guidance/ticket.html#link03,"[{""text"": ""広島高速交通"", ""url"": ""https://www.astramline.co.jp/ride-guidance/ticket.html#link03""}]",,https://www2s.biglobe.ne.jp/~t_aoyagi/railway/free/astrum11.htm,astrum11.htm,37,2026/8/10 1:30,サンフレッチェ応援乗車券,,,,https://www2s.biglobe.ne.jp/~t_aoyagi/railway/free/astrum11.htm
hiroden01,電車一日乗車券,,[],0,False,tyugoku,中国地方,中国地方,"[""中国""]",tunen,通年発売タイプ,全年发售,"[""実券""]",True,False,on_sale,発売中,,,700.0,350.0,350.0,大人：700円／小人：350円,1天,1.0,全年,全年,,"[""https://www2s.biglobe.ne.jp/~t_aoyagi/railway/free/map/hiroshima01.gif""]",,地方私鉄,[],0.0,"列车乘务员（司机/售票员）
 广岛站列车信息中心（电车站）
 电车月票柜台、广岛市内的主要酒店等",广岛电铁电话：082-243-4848,,http://www.hiroden.co.jp/ticket-pass/bargain-tickets/oneday.html,"[{""text"": ""広島電鉄"", ""url"": ""http://www.hiroden.co.jp/ticket-pass/bargain-tickets/oneday.html""}]",,https://www2s.biglobe.ne.jp/~t_aoyagi/railway/free/hiroden01.htm,hiroden01.htm,38,2026/8/10 1:30,電車一日乗車券,,,,https://www2s.biglobe.ne.jp/~t_aoyagi/railway/free/hiroden01.htm
hiroden03,広電電車乗車券,,[],0,False,tyugoku,中国地方,中国地方,"[""中国""]",tunen,通年発売タイプ,全年发售,"[""デジタル""]",False,True,on_sale,発売中,,,600.0,300.0,300.0,"8時間券 大人：600円／小人：300円 
 24時間券 大人：700円／小人：350円","8小时券：自使用开始起8小时内
 24小时票：自使用开始24小时内",1.0,全年,全年,,"[""https://www2s.biglobe.ne.jp/~t_aoyagi/railway/free/map/hiroshima01.gif""]",,地方私鉄,[],0.0,MOBIRY TRAVEL,广岛电铁电话：082-243-4848,,https://www.mobirytravel.jp/ticket/3f4008_6ds0/,"[{""text"": ""MOBIRY TRAVEL"", ""url"": ""https://www.mobirytravel.jp/ticket/3f4008_6ds0/""}]",,https://www2s.biglobe.ne.jp/~t_aoyagi/railway/free/hiroden03.htm,hiroden03.htm,39,2026/8/10 1:30,広電電車乗車券(デジタルチケット),,,,https://www2s.biglobe.ne.jp/~t_aoyagi/railway/free/hiroden03.htm
hiroden02,一日乗車乗船券,,[],0,False,tyugoku,中国地方,中国地方,"[""中国""]",tunen,通年発売タイプ,全年发售,"[""実券""]",True,False,on_sale,発売中,,,1000.0,550.0,550.0,"大人：1,000円／小人：550円",1天,1.0,全年,全年,,"[""https://www2s.biglobe.ne.jp/~t_aoyagi/railway/free/map/hiroshima02.gif""]",,地方私鉄,"[""宫岛口～宫岛之间的航线只能乘坐宫岛松台观光船。""]",1.0,"列车乘务员（司机/售票员）
 广岛站列车信息中心（电车站）
 电车月票柜台、广岛市内的主要酒店等",广岛电铁电话：082-243-4848,,http://www.hiroden.co.jp/ticket-pass/bargain-tickets/oneday.html,"[{""text"": ""広島電鉄"", ""url"": ""http://www.hiroden.co.jp/ticket-pass/bargain-tickets/oneday.html""}]",,https://www2s.biglobe.ne.jp/~t_aoyagi/railway/free/hiroden02.htm,hiroden02.htm,40,2026/8/10 1:30,一日乗車乗船券,,,,https://www2s.biglobe.ne.jp/~t_aoyagi/railway/free/hiroden02.htm
hiroden04,広電電車乗車乗船券,,[],0,False,tyugoku,中国地方,中国地方,"[""中国""]",tunen,通年発売タイプ,全年发售,"[""デジタル""]",False,True,on_sale,発売中,,,1000.0,550.0,550.0,"大人：1,000円／小人：550円",使用开始后24小时内,1.0,全年,全年,,"[""https://www2s.biglobe.ne.jp/~t_aoyagi/railway/free/map/hiroshima02.gif""]",,地方私鉄,[],0.0,MOBIRY TRAVEL,广岛电铁电话：082-243-4848,,https://www.mobirytravel.jp/ticket/iqiksgeq1/,"[{""text"": ""MOBIRY TRAVEL"", ""url"": ""https://www.mobirytravel.jp/ticket/iqiksgeq1/""}]",,https://www2s.biglobe.ne.jp/~t_aoyagi/railway/free/hiroden04.htm,hiroden04.htm,41,2026/8/10 1:30,広電電車乗車乗船券(デジタルチケット),,,,https://www2s.biglobe.ne.jp/~t_aoyagi/railway/free/hiroden04.htm
hiroshima01,広島たびパス(紙チケット),,[],0,False,tyugoku,中国地方,中国地方,"[""中国""]",tunen,通年発売タイプ,全年发售,"[""実券""]",True,False,on_sale,発売中,,,1000.0,,1000.0,"1dayパス：大人：1,000円 
 2dayパス：大人：1,500円 
 3dayパス：大人：2,000円","1日通行证：1天
 2日通行证：2天
 3日通行证：3天",1.0,全年,全年,,"[""https://www2s.biglobe.ne.jp/~t_aoyagi/railway/free/map/hiroshima11.gif""]",,地方私鉄,"[""[不包括巴士路线]"", ""高速巴士、广岛机场豪华巴士、深夜巴士、社区巴士、活动交通巴士、定期观光巴士""]",2.0,"广岛站南口交通咨询中心
 JR广岛站新干线口1楼巴士售票处（交通信息中心）
 
广岛巴士中心
 广岛电铁：月票办事处、宫岛口营业中心
 广岛巴士：奥州营业所旅游中心
 新广电酒店
 广电中国新闻旅游",●广电电铁巴士电话中心 TEL:0570-550700,,https://www.hiroden.co.jp/ticket-pass/bargain-tickets/travel.html,"[{""text"": ""広島電鉄"", ""url"": ""https://www.hiroden.co.jp/ticket-pass/bargain-tickets/travel.html""}]",,https://www2s.biglobe.ne.jp/~t_aoyagi/railway/free/hiroshima01.htm,hiroshima01.htm,42,2026/8/10 1:30,広島たびパス,,,,https://www2s.biglobe.ne.jp/~t_aoyagi/railway/free/hiroshima01.htm
hiroshima02,広島たびパス(デジタルチケット),,[],0,False,tyugoku,中国地方,中国地方,"[""中国""]",tunen,通年発売タイプ,全年发售,"[""デジタル""]",False,True,on_sale,発売中,,,1000.0,,1000.0,"24時間券：大人：1,000円 
 48時間券：大人：1,500円 
 72時間券：大人：2,000円","24小时票：自使用开始24小时内
 48小时券：使用开始后48小时内
 72小时票：自使用开始起72小时内",1.0,全年,全年,,"[""https://www2s.biglobe.ne.jp/~t_aoyagi/railway/free/map/hiroshima11.gif""]",,地方私鉄,"[""参观宫岛时需要缴纳宫岛参观税（100日元）"", ""[除外巴士路线] 高速巴士、广岛机场豪华巴士、深夜巴士、社区巴士、活动交通巴士、定期观光巴士""]",2.0,MOBIRY数字票务服务,●广电电铁巴士电话中心 TEL:0570-550700,,https://www.hiroden.co.jp/ticket-pass/bargain-tickets/travel.html,"[{""text"": ""広島電鉄"", ""url"": ""https://www.hiroden.co.jp/ticket-pass/bargain-tickets/travel.html""}, {""text"": ""デジタルチケットサービスMOBIRY"", ""url"": ""https://www.mobirytravel.jp/ticket/1vf0m4hys4/""}]",,https://www2s.biglobe.ne.jp/~t_aoyagi/railway/free/hiroshima02.htm,hiroshima02.htm,43,2026/8/10 1:30,広島たびパス(デジタルチケット),,,,https://www2s.biglobe.ne.jp/~t_aoyagi/railway/free/hiroshima02.htm
hiroshima08,広島たびパス(ミドルエリア),,[],0,False,tyugoku,中国地方,中国地方,"[""中国""]",tunen,通年発売タイプ,全年发售,"[""デジタル""]",False,True,on_sale,発売中,,,4500.0,,4500.0,"大人：4,500円",3天,3.0,全年,全年,"郊区巴士 吴、竹原、三原、三好、庄原、东广岛、岩国地区的部分路线巴士
 高速巴士 三段京线（高速）、克莱尔线、辉夜姬（广岛～竹原）、三好庄原线、广岛～岩国线
 
*您可以在目标路线上骑行两次。
 目标路线详情","[""https://www2s.biglobe.ne.jp/~t_aoyagi/railway/free/map/hiroshima11.gif""]",,地方私鉄,"[""[除外巴士路线] 高速巴士、广岛机场豪华巴士、深夜巴士、社区巴士、活动交通巴士、定期观光巴士"", ""宫岛参观税不包含在内。""]",2.0,"广岛站南口交通咨询中心
 JR广岛站新干线口1楼巴士售票处（交通信息中心）
 
广岛巴士中心
 广岛电铁：月票办事处、宫岛口营业中心
 广岛巴士：奥州营业所旅游中心
 新广电酒店
 广电中国新闻旅游
 
 莫比利旅游",●广电电铁巴士电话中心 TEL:0570-550700,,https://www.hiroden.co.jp/ticket-pass/bargain-tickets/travel.html,"[{""text"": ""広島電鉄"", ""url"": ""https://www.hiroden.co.jp/ticket-pass/bargain-tickets/travel.html""}]",,https://www2s.biglobe.ne.jp/~t_aoyagi/railway/free/hiroshima08.htm,hiroshima08.htm,44,2026/8/10 1:30,広島たびパス(ミドルエリア),,,,https://www2s.biglobe.ne.jp/~t_aoyagi/railway/free/hiroshima08.htm
hiroden07,デジタルシティパス,,[],0,False,tyugoku,中国地方,中国地方,"[""中国""]",tunen,通年発売タイプ,全年发售,"[""デジタル""]",False,True,on_sale,発売中,,,440.0,220.0,220.0,大人：440円／小人：220円,1天,1.0,全年,"平日：10:00-16:00
 周六、周日、节假日：使用开始后6小时",,"[""https://www2s.biglobe.ne.jp/~t_aoyagi/railway/free/map/hiroshima07.gif""]",,地方私鉄,[],0.0,数字票务服务 MOBIRY,广岛电铁电话：082-243-4848,,https://www.hiroden.co.jp/ticket-pass/bargain-tickets/digitalcitypass.html,"[{""text"": ""広島電鉄"", ""url"": ""https://www.hiroden.co.jp/ticket-pass/bargain-tickets/digitalcitypass.html""}, {""text"": ""デジタルチケットサービスMOBIRY"", ""url"": ""https://www.mobirytravel.jp/ticket/qjsq52cxa_pr/""}]",,https://www2s.biglobe.ne.jp/~t_aoyagi/railway/free/hiroden07.htm,hiroden07.htm,45,2026/8/10 1:30,デジタルシティパス,,,,https://www2s.biglobe.ne.jp/~t_aoyagi/railway/free/hiroden07.htm
nishikigawa01,１日フリーきっぷ,,[],0,False,tyugoku,中国地方,中国地方,"[""中国""]",tunen,通年発売タイプ,全年发售,"[""実券""]",True,False,on_sale,発売中,,,2000.0,,2000.0,"大人：2,000円",1天,1.0,现已发售,现已发售,,"[""https://www2s.biglobe.ne.jp/~t_aoyagi/railway/free/map/nishikigawa.gif""]",,地方私鉄,"[""岩国和川西之间无法乘坐巴士。""]",1.0,锦川青龙线锦川站内,锦川铁道锦町站 TEL:0827-72-2002,,http://nishikigawa.com/plan/one-day-free/,"[{""text"": ""錦川鉄道"", ""url"": ""http://nishikigawa.com/plan/one-day-free/""}]",,https://www2s.biglobe.ne.jp/~t_aoyagi/railway/free/nishikigawa01.htm,nishikigawa01.htm,46,2026/8/10 1:30,１日フリーきっぷ,,,,https://www2s.biglobe.ne.jp/~t_aoyagi/railway/free/nishikigawa01.htm
jrsikoku01,四国フリーきっぷ,JR四国,"[""ＪＲ四国""]",1,False,sikoku,四国,四国,"[""四国""]",tunen,通年発売タイプ,全年发售,"[""実券"", ""デジタル""]",True,True,on_sale,発売中,,,18000.0,9000.0,9000.0,"大人：18,000円／小人：9,000円",3天,3.0,全年,全年,,"[""https://www2s.biglobe.ne.jp/~t_aoyagi/railway/free/map/jrshikoku01.gif""]","{""columns"": [""绿色车厢 (头等座)"", ""普通车自由席车指定席席"", ""普通车自由席车自由席席"", ""专线列车 (Liner)"", ""特急"", ""急行"", ""快速"", ""普通车自由席"", ""指定席"", ""自由席"", ""其他的"", ""绿色车厢 (头等座)""], ""status_rows"": [{""label"": null, ""symbols"": [{""symbol"": ""▲"", ""note"": null}, {""symbol"": ""▲"", ""note"": null}, {""symbol"": ""×"", ""note"": null}, {""symbol"": ""▲"", ""note"": null}, {""symbol"": ""○"", ""note"": null}, {""symbol"": ""×"", ""note"": null}, {""symbol"": ""▲"", ""note"": null}, {""symbol"": ""▲"", ""note"": null}, {""symbol"": ""▲"", ""note"": null}, {""symbol"": ""○"", ""note"": null}, {""symbol"": ""×"", ""note"": null}, {""symbol"": ""○"", ""note"": null}]}], ""legend"": {""○"": ""可乘车"", ""▲"": ""仅乘车券有效"", ""×"": ""不可乘车""}, ""notes"": null}",JR,[],0.0,"JR四国站Midori no Madoguchi、Midori自动售票机Plus
 JR四国旅游分店、四国各大旅行社
 四国智能车站 tabiwa 四国琉璃",JR四国 电话：,,https://www.jr-eki.com/ticket/brand/2-3V6,"[{""text"": ""ＪＲ四国"", ""url"": ""https://www.jr-eki.com/ticket/brand/2-3V6""}]",,https://www2s.biglobe.ne.jp/~t_aoyagi/railway/free/jrsikoku01.htm,jrsikoku01.htm,1,2026/8/10 1:30,四国フリーきっぷ,,,,https://www2s.biglobe.ne.jp/~t_aoyagi/railway/free/jrsikoku01.htm
jrsikoku02,四国グリーン紀行,JR四国,"[""ＪＲ四国""]",1,False,sikoku,四国,四国,"[""四国""]",tunen,通年発売タイプ,全年发售,"[""実券""]",True,False,on_sale,発売中,,,23000.0,,23000.0,"大人：23,000円",4天,4.0,全年,全年,,"[""https://www2s.biglobe.ne.jp/~t_aoyagi/railway/free/map/jrshikoku02.gif""]","{""columns"": [""绿色车厢 (头等座)"", ""普通车自由席车指定席席"", ""普通车自由席车自由席席"", ""专线列车 (Liner)"", ""特急"", ""急行"", ""快速"", ""普通车自由席"", ""指定席"", ""自由席"", ""其他的"", ""绿色车厢 (头等座)""], ""status_rows"": [{""label"": null, ""symbols"": [{""symbol"": ""○"", ""note"": null}, {""symbol"": ""▲"", ""note"": null}, {""symbol"": ""×"", ""note"": null}, {""symbol"": ""○"", ""note"": null}, {""symbol"": ""○"", ""note"": null}, {""symbol"": ""×"", ""note"": null}, {""symbol"": ""○"", ""note"": null}, {""symbol"": ""▲"", ""note"": null}, {""symbol"": ""○"", ""note"": null}, {""symbol"": ""○"", ""note"": null}, {""symbol"": ""×"", ""note"": null}, {""symbol"": ""○"", ""note"": null}]}], ""legend"": {""○"": ""可乘车"", ""▲"": ""仅乘车券有效"", ""×"": ""不可乘车""}, ""notes"": null}",JR,[],0.0,JR四国站绿窗口、绿窗口自动售票机Plus、JR四国旅游分店、四国各大旅行社,JR四国 电话：,,https://www.jr-eki.com/ticket/brand/2-3UX,"[{""text"": ""ＪＲ四国"", ""url"": ""https://www.jr-eki.com/ticket/brand/2-3UX""}]",,https://www2s.biglobe.ne.jp/~t_aoyagi/railway/free/jrsikoku02.htm,jrsikoku02.htm,2,2026/8/10 1:30,四国グリーン紀行,,,,https://www2s.biglobe.ne.jp/~t_aoyagi/railway/free/jrsikoku02.htm
jrsikoku11,四万十・宇和海フリーきっぷ,JR四国,"[""ＪＲ四国"", ""土佐くろしお鉄道""]",2,True,sikoku,四国,四国,"[""四国""]",tunen,通年発売タイプ,全年发售,"[""実券"", ""デジタル""]",True,True,on_sale,発売中,,,4100.0,2050.0,2050.0,"大人：4,100円／小人：2,050円",3天,3.0,全年,全年,,"[""https://www2s.biglobe.ne.jp/~t_aoyagi/railway/free/map/jrsikoku11.gif""]","{""columns"": [""東海道新干线 (希望号 (Nozomi))"", ""東海道新干线 (光号/回声号)"", ""东北/上越新干线"", ""在来线特急/急行"", ""快速/普通车自由席列车 (绿色车厢)"", ""快速/普通车自由席列车 (专线列车 (Liner))"", ""快速/普通车自由席列车 (指定席)"", ""快速/普通车自由席列车 (自由席)"", ""东京单轨电车"", ""临海线""], ""status_rows"": [{""label"": null, ""symbols"": [{""symbol"": ""▲"", ""note"": null}, {""symbol"": ""▲"", ""note"": null}, {""symbol"": ""○"", ""note"": null}, {""symbol"": ""×"", ""note"": null}, {""symbol"": ""▲"", ""note"": null}, {""symbol"": ""▲"", ""note"": null}, {""symbol"": ""▲"", ""note"": null}, {""symbol"": ""○"", ""note"": null}, {""symbol"": ""×"", ""note"": null}, {""symbol"": ""×"", ""note"": null}]}], ""legend"": {""○"": ""可乘车"", ""▲"": ""仅乘车券有效"", ""×"": ""不可乘车""}, ""notes"": null}",JR,[],0.0,"JR四国站的Midori no Madoguchi、Midori Ticket Vending Machine Plus、Warp Branch以及四国各大旅行社
 土佐黑潮铁道安艺站、中村站、宿毛站
 “四国智能车站”",JR四国 电话：,,https://www.jr-eki.com/ticket/brand/2-5G4,"[{""text"": ""ＪＲ四国"", ""url"": ""https://www.jr-eki.com/ticket/brand/2-5G4""}, {""text"": ""土佐くろしお鉄道"", ""url"": ""https://www.tosakuro.com/discounts-tickets""}]",,https://www2s.biglobe.ne.jp/~t_aoyagi/railway/free/jrsikoku11.htm,jrsikoku11.htm,3,2026/8/10 1:30,四万十・宇和海フリーきっぷ,,,,https://www2s.biglobe.ne.jp/~t_aoyagi/railway/free/jrsikoku11.htm
jrsikoku08,ことでん・JRくるり〜んきっぷ,JR四国,"[""ＪＲ四国"", ""高松琴平電鉄""]",2,True,sikoku,四国,四国,"[""四国""]",tunen,通年発売タイプ,全年发售,"[""実券"", ""デジタル""]",True,True,on_sale,発売中,,,2200.0,1100.0,1100.0,"大人：2,200円／小人：1,100円",1天,1.0,全年,全年,,"[""https://www2s.biglobe.ne.jp/~t_aoyagi/railway/free/map/jrshikoku08.gif""]","{""columns"": [""東海道新干线 (希望号 (Nozomi))"", ""東海道新干线 (光号/回声号)"", ""东北/上越新干线"", ""在来线特急/急行"", ""快速/普通车自由席列车 (绿色车厢)"", ""快速/普通车自由席列车 (专线列车 (Liner))"", ""快速/普通车自由席列车 (指定席)"", ""快速/普通车自由席列车 (自由席)"", ""东京单轨电车"", ""临海线""], ""status_rows"": [{""label"": null, ""symbols"": [{""symbol"": ""▲"", ""note"": null}, {""symbol"": ""▲"", ""note"": null}, {""symbol"": ""▲"", ""note"": null}, {""symbol"": ""×"", ""note"": null}, {""symbol"": ""▲"", ""note"": null}, {""symbol"": ""▲"", ""note"": null}, {""symbol"": ""▲"", ""note"": null}, {""symbol"": ""○"", ""note"": null}, {""symbol"": ""×"", ""note"": null}, {""symbol"": ""×"", ""note"": null}]}], ""legend"": {""○"": ""可乘车"", ""▲"": ""仅乘车券有效"", ""×"": ""不可乘车""}, ""notes"": null}",JR,[],0.0,"JR四国
 Midori no Madoguchi、Midori Ticket Vending Machine Plus、JR 四国旅游店
 高松琴平电铁
 高松筑港、河原町、栗林公园、琴电琴平、长尾、琴电志道
 四国的主要旅行社
 高松机场问讯处
 票务应用程序“Shikoku Smart Eki-chan”",JR四国 电话：,,http://www.jr-eki.com/ticket/brand/1-5EG,"[{""text"": ""ＪＲ四国"", ""url"": ""http://www.jr-eki.com/ticket/brand/1-5EG""}, {""text"": ""高松琴平電鉄"", ""url"": ""http://www.kotoden.co.jp/publichtm/kotoden/ticket/kururin.htm""}]",,https://www2s.biglobe.ne.jp/~t_aoyagi/railway/free/jrsikoku08.htm,jrsikoku08.htm,4,2026/8/10 1:30,ことでん･ＪＲくるり〜んきっぷ,,,,https://www2s.biglobe.ne.jp/~t_aoyagi/railway/free/jrsikoku08.htm
jrsikoku13,内子・大洲町並散策１日パス,JR四国,"[""ＪＲ四国""]",1,False,sikoku,四国,四国,"[""四国""]",tunen,通年発売タイプ,全年发售,"[""実券"", ""デジタル""]",True,True,on_sale,発売中,,,4000.0,2000.0,2000.0,"大人：4,000円／小人：2,000円",1天,1.0,全年,全年,,"[""https://www2s.biglobe.ne.jp/~t_aoyagi/railway/free/map/jrshikoku13.gif""]","{""columns"": [""绿色车厢 (头等座)"", ""普通车自由席车指定席席"", ""普通车自由席车自由席席"", ""专线列车 (Liner)"", ""特急"", ""急行"", ""快速"", ""普通车自由席"", ""指定席"", ""自由席"", ""其他的""], ""status_rows"": [{""label"": null, ""symbols"": [{""symbol"": ""▲"", ""note"": null}, {""symbol"": ""▲"", ""note"": null}, {""symbol"": ""▲"", ""note"": null}, {""symbol"": ""○"", ""note"": null}, {""symbol"": ""×"", ""note"": null}, {""symbol"": ""▲"", ""note"": null}, {""symbol"": ""▲"", ""note"": null}, {""symbol"": ""▲"", ""note"": null}, {""symbol"": ""○"", ""note"": null}, {""symbol"": ""×"", ""note"": null}, {""symbol"": ""×"", ""note"": null}]}], ""legend"": {""○"": ""可乘车"", ""▲"": ""仅乘车券有效"", ""×"": ""不可乘车""}, ""notes"": null}",JR,[],0.0,"JR四国站绿窗口、绿窗口自动售票机Plus、JR四国旅游分店、四国各大旅行社
 
[道后温泉]
 大和屋总店、道后馆、道后王子大饭店、道后大酒店
 
[票务应用程序]
 Klook客路“四国智能车站”",JR四国 电话：,,https://www.jr-eki.com/ticket/brand/1-5FK,"[{""text"": ""ＪＲ四国"", ""url"": ""https://www.jr-eki.com/ticket/brand/1-5FK""}]",,https://www2s.biglobe.ne.jp/~t_aoyagi/railway/free/jrsikoku13.htm,jrsikoku13.htm,5,2026/8/10 1:30,内子・大洲町並散策１日パス,,,,https://www2s.biglobe.ne.jp/~t_aoyagi/railway/free/jrsikoku13.htm
jrsikoku03,週末乗り放題きっぷ,JR四国,"[""ＪＲ四国""]",1,False,sikoku,四国,四国,"[""四国""]",holiday,週末限定タイプ,周末限定,"[""実券"", ""デジタル""]",True,True,on_sale,発売中,,,12000.0,6000.0,6000.0,"大人：12,000円／小人：6,000円",1天,1.0,全年,周六、周日、节假日以及12/31、1/2.1/3,,"[""https://www2s.biglobe.ne.jp/~t_aoyagi/railway/free/map/jrshikoku01.gif""]","{""columns"": [""绿色车厢 (头等座)"", ""普通车自由席车指定席席"", ""普通车自由席车自由席席"", ""专线列车 (Liner)"", ""特急"", ""急行"", ""快速"", ""普通车自由席"", ""指定席"", ""自由席"", ""其他的"", ""绿色车厢 (头等座)""], ""status_rows"": [{""label"": null, ""symbols"": [{""symbol"": ""▲"", ""note"": null}, {""symbol"": ""▲"", ""note"": null}, {""symbol"": ""×"", ""note"": null}, {""symbol"": ""▲"", ""note"": null}, {""symbol"": ""○"", ""note"": null}, {""symbol"": ""×"", ""note"": null}, {""symbol"": ""▲"", ""note"": null}, {""symbol"": ""▲"", ""note"": null}, {""symbol"": ""▲"", ""note"": null}, {""symbol"": ""○"", ""note"": null}, {""symbol"": ""×"", ""note"": null}, {""symbol"": ""○"", ""note"": null}]}], ""legend"": {""○"": ""可乘车"", ""▲"": ""仅乘车券有效"", ""×"": ""不可乘车""}, ""notes"": null}",JR,[],0.0,"JR四国站Midori no Madoguchi、Midori自动售票机Plus
 JR四国旅游分店、四国各大旅行社
 “四国智能车站”",JR四国 电话：,,https://www.jr-eki.com/ticket/brand/2-3VQ,"[{""text"": ""ＪＲ四国"", ""url"": ""https://www.jr-eki.com/ticket/brand/2-3VQ""}]",,https://www2s.biglobe.ne.jp/~t_aoyagi/railway/free/jrsikoku03.htm,jrsikoku03.htm,6,2026/8/10 1:30,週末乗り放題きっぷ,,,,https://www2s.biglobe.ne.jp/~t_aoyagi/railway/free/jrsikoku03.htm
jrsikoku16,四国再発見早トクきっぷ,JR四国,"[""ＪＲ四国""]",1,False,sikoku,四国,四国,"[""四国""]",holiday,週末限定タイプ,周末限定,"[""実券"", ""デジタル""]",True,True,on_sale,発売中,,,2400.0,1200.0,1200.0,"大人：2,400円／小人：1,200円",1天,1.0,全年,周六、周日、节假日、节假日、补休日,,"[""https://www2s.biglobe.ne.jp/~t_aoyagi/railway/free/map/jrshikoku01.gif""]","{""columns"": [""绿色车厢 (头等座)"", ""普通车自由席车指定席席"", ""普通车自由席车自由席席"", ""专线列车 (Liner)"", ""特急"", ""急行"", ""快速"", ""普通车自由席"", ""指定席"", ""自由席"", ""其他的"", ""绿色车厢 (头等座)""], ""status_rows"": [{""label"": null, ""symbols"": [{""symbol"": ""×"", ""note"": null}, {""symbol"": ""×"", ""note"": null}, {""symbol"": ""×"", ""note"": null}, {""symbol"": ""×"", ""note"": null}, {""symbol"": ""×"", ""note"": null}, {""symbol"": ""×"", ""note"": null}, {""symbol"": ""×"", ""note"": null}, {""symbol"": ""▲"", ""note"": null}, {""symbol"": ""▲"", ""note"": null}, {""symbol"": ""○"", ""note"": null}, {""symbol"": ""×"", ""note"": null}, {""symbol"": ""○"", ""note"": null}]}], ""legend"": {""○"": ""可乘车"", ""▲"": ""仅乘车券有效"", ""×"": ""不可乘车""}, ""notes"": null}",JR,[],0.0,"JR四国站Midori no Madoguchi、Midori自动售票机Plus
 JR四国旅游分店、四国各大旅行社
 “四国智能车站”",JR四国 电话：,,http://www.jr-eki.com/service_ticket/htm/shikoku/saihakken-re.htm,"[{""text"": ""ＪＲ四国"", ""url"": ""http://www.jr-eki.com/service_ticket/htm/shikoku/saihakken-re.htm""}]",,https://www2s.biglobe.ne.jp/~t_aoyagi/railway/free/jrsikoku16.htm,jrsikoku16.htm,7,2026/8/10 1:30,四国再発見早トクきっぷ,,,,https://www2s.biglobe.ne.jp/~t_aoyagi/railway/free/jrsikoku16.htm
jrsikoku06,バースデイきっぷ,JR四国,"[""ＪＲ四国""]",1,False,sikoku,四国,四国,"[""四国""]",kikan,期間限定タイプ,期间限定,"[""実券""]",True,False,period,〜2027/3/31,,2027/3/31,12000.0,6000.0,6000.0,"グリーン車用 大人：15,000円 
 
自由席用 大人：12,000円／小人：6,000円",3天,3.0,~2027 年 3 月 31 日,~2027 年 4 月 2 日,,"[""https://www2s.biglobe.ne.jp/~t_aoyagi/railway/free/map/jrshikoku02.gif""]","{""columns"": [""绿色车厢 (头等座)"", ""普通车自由席车指定席席"", ""普通车自由席车自由席席"", ""专线列车 (Liner)"", ""特急"", ""急行"", ""快速"", ""普通车自由席"", ""指定席"", ""自由席"", ""其他的""], ""status_rows"": [{""label"": ""グリーン車用"", ""symbols"": [{""symbol"": ""○"", ""note"": null}, {""symbol"": ""▲"", ""note"": null}, {""symbol"": ""○"", ""note"": null}, {""symbol"": ""○"", ""note"": null}, {""symbol"": ""×"", ""note"": null}, {""symbol"": ""○"", ""note"": null}, {""symbol"": ""▲"", ""note"": null}, {""symbol"": ""○"", ""note"": null}, {""symbol"": ""○"", ""note"": null}, {""symbol"": ""×"", ""note"": null}, {""symbol"": ""○"", ""note"": null}]}, {""label"": ""自由席用"", ""symbols"": [{""symbol"": ""▲"", ""note"": null}, {""symbol"": ""▲"", ""note"": null}, {""symbol"": ""▲"", ""note"": null}, {""symbol"": ""○"", ""note"": null}, {""symbol"": ""×"", ""note"": null}, {""symbol"": ""▲"", ""note"": null}, {""symbol"": ""▲"", ""note"": null}, {""symbol"": ""▲"", ""note"": null}, {""symbol"": ""○"", ""note"": null}, {""symbol"": ""×"", ""note"": null}, {""symbol"": ""○"", ""note"": null}]}], ""legend"": {""○"": ""可乘车"", ""▲"": ""仅乘车券有效"", ""×"": ""不可乘车""}, ""notes"": null}",JR,"[""出生月份期间可用。"", ""您在购买时需要提供身份证件来证明您的出生日期。"", ""最多允许 3 名同伴。仅限于与“个人使用”用户在同一行程中使用。""]",3.0,"JR四国站Midori no Madoguchi、Midori自动售票机Plus
 JR四国旅游分店、四国各大旅行社",JR四国 电话：,,https://www.jr-eki.com/ticket/brand/2-3WM,"[{""text"": ""ＪＲ四国"", ""url"": ""https://www.jr-eki.com/ticket/brand/2-3WM""}, {""text"": ""ＪＲ四国"", ""url"": ""https://www.jr-eki.com/ticket/brand/2-3WN""}]",,https://www2s.biglobe.ne.jp/~t_aoyagi/railway/free/jrsikoku06.htm,jrsikoku06.htm,8,2026/8/10 1:30,バースディきっぷ,,,,https://www2s.biglobe.ne.jp/~t_aoyagi/railway/free/jrsikoku06.htm
jrsikoku87,徳島・室戸・高知55フリーきっぷ,JR四国,"[""ＪＲ四国"", ""土佐くろしお鉄道""]",2,True,sikoku,四国,四国,"[""四国""]",kikan,期間限定タイプ,期间限定,"[""実券"", ""デジタル""]",True,True,period,〜2027/3/31,,2027/3/31,5800.0,2900.0,2900.0,"大人：5,800円／小人：2,900円",3天,3.0,~2027 年 3 月 31 日,~2027 年 4 月 2 日,,"[""https://www2s.biglobe.ne.jp/~t_aoyagi/railway/free/map/jrshikoku87.gif""]","{""columns"": [""東海道新干线 (希望号 (Nozomi))"", ""東海道新干线 (光号/回声号)"", ""东北/上越新干线"", ""在来线特急/急行"", ""快速/普通车自由席列车 (绿色车厢)"", ""快速/普通车自由席列车 (专线列车 (Liner))"", ""快速/普通车自由席列车 (指定席)"", ""快速/普通车自由席列车 (自由席)"", ""东京单轨电车"", ""临海线""], ""status_rows"": [{""label"": null, ""symbols"": [{""symbol"": ""▲"", ""note"": null}, {""symbol"": ""▲"", ""note"": null}, {""symbol"": ""○"", ""note"": null}, {""symbol"": ""×"", ""note"": null}, {""symbol"": ""▲"", ""note"": null}, {""symbol"": ""▲"", ""note"": null}, {""symbol"": ""▲"", ""note"": null}, {""symbol"": ""○"", ""note"": null}, {""symbol"": ""×"", ""note"": null}, {""symbol"": ""×"", ""note"": null}]}], ""legend"": {""○"": ""可乘车"", ""▲"": ""仅乘车券有效"", ""×"": ""不可乘车""}, ""notes"": null}",JR,"[""DMV 不允许您提前预订座位。"", ""DMV 的室户服务在周六、周日和节假日运营，但不提供服务。""]",2.0,"JR四国站Midori no Madoguchi、Midori自动售票机Plus
 JR四国旅游分店、四国各大旅行社
 
阿佐海岸铁道：石石奎站
 土佐黑潮铁道：野市站、安艺站
 奈张站商品中心“无花果”
 高知龙马机场综合咨询中心
 “四国智能车站”",JR四国电话咨询中心 TEL:0570-00-4592,,https://www.jr-eki.com/ticket/brand/2-5HA,"[{""text"": ""ＪＲ四国"", ""url"": ""https://www.jr-eki.com/ticket/brand/2-5HA""}]",,https://www2s.biglobe.ne.jp/~t_aoyagi/railway/free/jrsikoku87.htm,jrsikoku87.htm,9,2026/8/10 1:30,徳島・室戸・高知55フリーきっぷ,,,,https://www2s.biglobe.ne.jp/~t_aoyagi/railway/free/jrsikoku87.htm
jrsikoku81,スマえき若者限定四国フリーきっぷ,JR四国,"[""ＪＲ四国""]",1,False,sikoku,四国,四国,"[""四国""]",kikan,期間限定タイプ,期间限定,"[""デジタル""]",False,True,period,2026/6/18  〜9/11,2026/6/18,2026/9/11,,,12000.0,"12,000円",3天,3.0,"2026年2月21日 - 2026年4月8日
 2026年6月18日 - 2026年9月11日
 2026年11月11日 - 2027年1月9日","2026年3月1日 - 2026年4月10日
 2026年7月18日 - 2026年9月13日
 不包括2026年8月7日至2026年8月16日
 2026年12月11日 - 2027年1月11日
 不包括2026年12月23日至2027年1月4日",,"[""https://www2s.biglobe.ne.jp/~t_aoyagi/railway/free/map/jrshikoku01.gif""]","{""columns"": [""東海道新干线 (希望号 (Nozomi))"", ""東海道新干线 (光号/回声号)"", ""东北/上越新干线"", ""在来线特急/急行"", ""快速/普通车自由席列车 (绿色车厢)"", ""快速/普通车自由席列车 (专线列车 (Liner))"", ""快速/普通车自由席列车 (指定席)"", ""快速/普通车自由席列车 (自由席)"", ""东京单轨电车"", ""临海线""], ""status_rows"": [{""label"": null, ""symbols"": [{""symbol"": ""▲"", ""note"": null}, {""symbol"": ""▲"", ""note"": null}, {""symbol"": ""○"", ""note"": null}, {""symbol"": ""×"", ""note"": null}, {""symbol"": ""▲"", ""note"": null}, {""symbol"": ""▲"", ""note"": null}, {""symbol"": ""▲"", ""note"": null}, {""symbol"": ""○"", ""note"": null}, {""symbol"": ""×"", ""note"": null}, {""symbol"": ""○"", ""note"": null}]}], ""legend"": {""○"": ""可乘车"", ""▲"": ""仅乘车券有效"", ""×"": ""不可乘车""}, ""notes"": null}",JR,"[""购买时您的年龄必须在25岁以下，并且必须出示可确认您出生日期的官方身份证件（学生证等）。"", ""骑行时，请携带官方身份证件以确认您的年龄。""]",2.0,四国智能车站,JR四国 电话：,,https://www.jr-eki.com/ticket/brand/2-3XF,"[{""text"": ""ＪＲ四国"", ""url"": ""https://www.jr-eki.com/ticket/brand/2-3XF""}]",,https://www2s.biglobe.ne.jp/~t_aoyagi/railway/free/jrsikoku81.htm,jrsikoku81.htm,10,2026/8/10 1:30,スマえき若者限定四国フリーきっぷ,,,,https://www2s.biglobe.ne.jp/~t_aoyagi/railway/free/jrsikoku81.htm
tosakuro92,ひがしこうち観光１日フリーきっぷ,JR四国,"[""ＪＲ四国"", ""土佐くろしお鉄道""]",2,True,sikoku,四国,四国,"[""四国""]",kikan,期間限定タイプ,期间限定,"[""実券"", ""デジタル""]",True,True,period,〜2027/3/31,,2027/3/31,2900.0,1450.0,1450.0,"大人：2,900円 小人：1,450円",1天,1.0,~2027 年 3 月 31 日,~2027 年 3 月 31 日,,"[""https://www2s.biglobe.ne.jp/~t_aoyagi/railway/free/map/tosakuro92.gif""]",,JR,[],0.0,"土佐黑潮铁道：安艺站、野市站、奈张站 物产馆 无花果、售票员、网上商店
 
JR四国：车站绿窗口、绿自动售票机Plus、JR四国旅游店
 “四国智能车站”
 高知旅游信息中心和 Satellas",土佐黑潮铁道安艺站 TEL:0887-34-8800,,https://www.tosakuro.com/discounts-tickets,"[{""text"": ""土佐くろしお鉄道"", ""url"": ""https://www.tosakuro.com/discounts-tickets""}, {""text"": ""JR四国"", ""url"": ""https://www.jr-eki.com/ticket/brand/2-5I5""}]",,https://www2s.biglobe.ne.jp/~t_aoyagi/railway/free/tosakuro92.htm,tosakuro92.htm,11,2026/8/10 1:30,ひがしこうち観光1日フリーきっぷ,,,,https://www2s.biglobe.ne.jp/~t_aoyagi/railway/free/tosakuro92.htm
jrsikoku67,やなせたかしさんふるさとの地を巡る高知ものべ周遊パス,JR四国,"[""ＪＲ四国"", ""土佐くろしお鉄道""]",2,True,sikoku,四国,四国,"[""四国""]",kikan,期間限定タイプ,期间限定,"[""実券"", ""デジタル""]",True,True,period,2026/3/1  〜2027/3/31,2026/3/1,2027/3/31,2000.0,1000.0,1000.0,"大人：2,000円 小人：1,000円",1天,1.0,2026年3月1日 - 2027年3月31日,2026年4月1日 - 2027年3月31日,,"[""https://www2s.biglobe.ne.jp/~t_aoyagi/railway/free/map/jrshikoku67.gif""]","{""columns"": [""東海道新干线 (希望号 (Nozomi))"", ""東海道新干线 (光号/回声号)"", ""东北/上越新干线"", ""在来线特急/急行"", ""快速/普通车自由席列车 (绿色车厢)"", ""快速/普通车自由席列车 (专线列车 (Liner))"", ""快速/普通车自由席列车 (指定席)"", ""快速/普通车自由席列车 (自由席)"", ""东京单轨电车"", ""临海线""], ""status_rows"": [{""label"": null, ""symbols"": [{""symbol"": ""▲"", ""note"": null}, {""symbol"": ""▲"", ""note"": null}, {""symbol"": ""▲"", ""note"": null}, {""symbol"": ""×"", ""note"": null}, {""symbol"": ""▲"", ""note"": null}, {""symbol"": ""▲"", ""note"": null}, {""symbol"": ""▲"", ""note"": null}, {""symbol"": ""○"", ""note"": null}, {""symbol"": ""×"", ""note"": null}, {""symbol"": ""○"", ""note"": null}]}], ""legend"": {""○"": ""可乘车"", ""▲"": ""仅乘车券有效"", ""×"": ""不可乘车""}, ""notes"": null}",JR,[],0.0,"JR四国站的Midori no Madoguchi、Midori自动售票机+
 JR四国旅游店
 “四国智能车站”
 四国的主要旅行社",JR四国电话咨询中心 TEL:0570-00-4592,,https://www.jr-eki.com/ticket/brand/2-5IM,"[{""text"": ""ＪＲ四国"", ""url"": ""https://www.jr-eki.com/ticket/brand/2-5IM""}, {""text"": ""土佐くろしお鉄道"", ""url"": ""https://www.tosakuro.com/discounts-tickets""}]",,https://www2s.biglobe.ne.jp/~t_aoyagi/railway/free/jrsikoku67.htm,jrsikoku67.htm,12,2026/8/10 1:30,やなせたかしさんふるさとの地を巡る高知ものべ周遊パス,,,,https://www2s.biglobe.ne.jp/~t_aoyagi/railway/free/jrsikoku67.htm
jrsikoku101,しこく超ドリームパス（愛称：Cho Pass）,JR四国,"[""ＪＲ四国""]",1,False,sikoku,四国,四国,"[""四国""]",kikan,期間限定タイプ,期间限定,"[""デジタル""]",False,True,ended,終了,,,100000.0,,100000.0,"大人：100,000円／小人：---円",连续1个月,,2025年9月1日 - 2025年10月31日,2025年10月1日 - 2025年11月30日,,"[""https://www2s.biglobe.ne.jp/~t_aoyagi/railway/free/map/jrshikoku93.gif""]","{""columns"": [""绿色车厢 (头等座)"", ""普通车自由席车指定席席"", ""普通车自由席车自由席席"", ""专线列车 (Liner)"", ""特急"", ""急行"", ""快速"", ""普通车自由席"", ""指定席"", ""自由席"", ""其他的"", ""绿色车厢 (头等座)""], ""status_rows"": [{""label"": null, ""symbols"": [{""symbol"": ""▲"", ""note"": null}, {""symbol"": ""▲"", ""note"": null}, {""symbol"": ""×"", ""note"": null}, {""symbol"": ""▲"", ""note"": null}, {""symbol"": ""○"", ""note"": null}, {""symbol"": ""×"", ""note"": null}, {""symbol"": ""▲"", ""note"": null}, {""symbol"": ""▲"", ""note"": null}, {""symbol"": ""▲"", ""note"": null}, {""symbol"": ""○"", ""note"": null}, {""symbol"": ""×"", ""note"": null}, {""symbol"": ""○"", ""note"": null}]}], ""legend"": {""○"": ""可乘车"", ""▲"": ""仅乘车券有效"", ""×"": ""不可乘车""}, ""notes"": null}",JR,[],0.0,“四国智能车站”,JR四国 电话：,,https://www.jr-eki.com/ticket/brand/2-5J6,"[{""text"": ""ＪＲ四国"", ""url"": ""https://www.jr-eki.com/ticket/brand/2-5J6""}]",,https://www2s.biglobe.ne.jp/~t_aoyagi/railway/free/jrsikoku101.htm,jrsikoku101.htm,13,2026/8/10 1:30,しこく超ドリームパス（愛称：Cho Pass）,,,,https://www2s.biglobe.ne.jp/~t_aoyagi/railway/free/jrsikoku101.htm
jrsikoku66,こども四国フリーきっぷ,JR四国,"[""ＪＲ四国""]",1,False,sikoku,四国,四国,"[""四国""]",kikan,期間限定タイプ,期间限定,"[""実券""]",True,False,period,2026/7/4  〜8/31,2026/7/4,2026/8/31,12000.0,500.0,500.0,"大人：12,000円／小人：500円",1天,1.0,"2026年3月6日 - 2026年4月6日
 2026年7月4日 - 2026年8月31日
 使用日期前14天至使用当天有效","2026年3月20日 - 2026年4月6日
 2026年7月18日 - 2026年8月31日
 不包括2026年8月7日至2026年8月16日",,"[""https://www2s.biglobe.ne.jp/~t_aoyagi/railway/free/map/jrshikoku01.gif""]","{""columns"": [""東海道新干线 (希望号 (Nozomi))"", ""東海道新干线 (光号/回声号)"", ""东北/上越新干线"", ""在来线特急/急行"", ""快速/普通车自由席列车 (绿色车厢)"", ""快速/普通车自由席列车 (专线列车 (Liner))"", ""快速/普通车自由席列车 (指定席)"", ""快速/普通车自由席列车 (自由席)"", ""东京单轨电车"", ""临海线""], ""status_rows"": [{""label"": null, ""symbols"": [{""symbol"": ""▲"", ""note"": null}, {""symbol"": ""▲"", ""note"": null}, {""symbol"": ""○"", ""note"": null}, {""symbol"": ""×"", ""note"": null}, {""symbol"": ""▲"", ""note"": null}, {""symbol"": ""▲"", ""note"": null}, {""symbol"": ""▲"", ""note"": null}, {""symbol"": ""○"", ""note"": null}, {""symbol"": ""×"", ""note"": null}, {""symbol"": ""○"", ""note"": null}]}], ""legend"": {""○"": ""可乘车"", ""▲"": ""仅乘车券有效"", ""×"": ""不可乘车""}, ""notes"": null}",JR,"[""成人票仅在整个行程与儿童票相同的情况下才有效。""]",1.0,"JR四国主要车站
 JR四国站Midori售票机Plus、指定座席售票机、Midori Window、JR四国旅游分店及四国主要旅行社",JR四国 电话：,,https://www.jr-eki.com/ticket/brand/2-5IW,"[{""text"": ""ＪＲ四国"", ""url"": ""https://www.jr-eki.com/ticket/brand/2-5IW""}]",,https://www2s.biglobe.ne.jp/~t_aoyagi/railway/free/jrsikoku66.htm,jrsikoku66.htm,14,2026/8/10 1:30,こども四国フリーきっぷ,,,,https://www2s.biglobe.ne.jp/~t_aoyagi/railway/free/jrsikoku66.htm
jrsikoku65,香川エリアぐるぐるきっぷ,JR四国,"[""ＪＲ四国""]",1,False,sikoku,四国,四国,"[""四国""]",kikan,期間限定タイプ,期间限定,"[""実券""]",True,False,ended,終了,,,2000.0,,2000.0,"大人：2,000円",1天,1.0,2025年8月16日 - 2025年8月17日,2025年8月16日 - 2025年8月31日,,"[""https://www2s.biglobe.ne.jp/~t_aoyagi/railway/free/map/jrshikoku84.gif""]","{""columns"": [""東海道新干线 (希望号 (Nozomi))"", ""東海道新干线 (光号/回声号)"", ""东北/上越新干线"", ""在来线特急/急行"", ""快速/普通车自由席列车 (绿色车厢)"", ""快速/普通车自由席列车 (专线列车 (Liner))"", ""快速/普通车自由席列车 (指定席)"", ""快速/普通车自由席列车 (自由席)"", ""东京单轨电车"", ""临海线""], ""status_rows"": [{""label"": null, ""symbols"": [{""symbol"": ""▲"", ""note"": null}, {""symbol"": ""▲"", ""note"": null}, {""symbol"": ""▲"", ""note"": null}, {""symbol"": ""×"", ""note"": null}, {""symbol"": ""▲"", ""note"": null}, {""symbol"": ""▲"", ""note"": null}, {""symbol"": ""▲"", ""note"": null}, {""symbol"": ""○"", ""note"": null}, {""symbol"": ""×"", ""note"": null}, {""symbol"": ""×"", ""note"": null}]}], ""legend"": {""○"": ""可乘车"", ""▲"": ""仅乘车券有效"", ""×"": ""不可乘车""}, ""notes"": null}",JR,[],0.0,高松站大厅内特别角,JR四国 电话：,,https://www.jr-shikoku.co.jp/03_news/press/assets/2025/08/07/2025%2008%2007.pdf,"[{""text"": ""ＪＲ四国"", ""url"": ""https://www.jr-shikoku.co.jp/03_news/press/assets/2025/08/07/2025%2008%2007.pdf""}]",,https://www2s.biglobe.ne.jp/~t_aoyagi/railway/free/jrsikoku65.htm,jrsikoku65.htm,15,2026/8/10 1:30,香川エリアぐるぐるきっぷ,"5,000枚",,,https://www2s.biglobe.ne.jp/~t_aoyagi/railway/free/jrsikoku65.htm
kotoden01,ことでん１日フリーきっぷ,高松琴平電鉄,"[""高松琴平電鉄""]",1,False,sikoku,四国,四国,"[""四国""]",tunen,通年発売タイプ,全年发售,"[""実券""]",True,False,on_sale,発売中,,,1600.0,800.0,800.0,"大人：1,600円／小人：800円",1天,1.0,全年,全年,,"[""https://www2s.biglobe.ne.jp/~t_aoyagi/railway/free/map/kotoden.gif""]",,地方私鉄,[],0.0,高松筑港、片原町、河原町、栗林公园、不生石、太田、佛生山、一宫、泷宫、琴电琴平、高田、长尾、矢久里、琴电志道,高松琴平电铁运输服务部：087-863-7300,,https://www.kotoden.co.jp/publichtm/kotoden/ticket/free_ticket2019/index.html,"[{""text"": ""高松琴平電鉄"", ""url"": ""https://www.kotoden.co.jp/publichtm/kotoden/ticket/free_ticket2019/index.html""}]",,https://www2s.biglobe.ne.jp/~t_aoyagi/railway/free/kotoden01.htm,kotoden01.htm,16,2026/8/10 1:30,ことでん１日フリーきっぷ,,,,https://www2s.biglobe.ne.jp/~t_aoyagi/railway/free/kotoden01.htm
kotoden03,ことでんおんせん乗車入浴券,高松琴平電鉄,"[""高松琴平電鉄""]",1,False,sikoku,四国,四国,"[""四国""]",tunen,通年発売タイプ,全年发售,"[""実券""]",True,False,on_sale,発売中,,,1300.0,,1300.0,"大人：1,300円",1天,1.0,全年,全年,,"[""https://www2s.biglobe.ne.jp/~t_aoyagi/railway/free/map/kotoden03.gif""]",,地方私鉄,[],0.0,高松筑港、片原町、河原町、栗林公园、不生石、佛所山,高松琴平电铁运输服务部：087-863-7300,,https://www.kotoden.co.jp/publichtm/kotoden/ticket/kotoden_onsen/index.html,"[{""text"": ""高松琴平電鉄"", ""url"": ""https://www.kotoden.co.jp/publichtm/kotoden/ticket/kotoden_onsen/index.html""}]",,https://www2s.biglobe.ne.jp/~t_aoyagi/railway/free/kotoden03.htm,kotoden03.htm,17,2026/8/10 1:30,ことでんおんせん乗車入浴券,,,,https://www2s.biglobe.ne.jp/~t_aoyagi/railway/free/kotoden03.htm
kotoden04,レール＆リムジンパス,高松琴平電鉄,"[""高松琴平電鉄""]",1,False,sikoku,四国,四国,"[""四国""]",tunen,通年発売タイプ,全年发售,"[""実券""]",True,False,on_sale,発売中,,,3800.0,,3800.0,"大人：3,800円",1 天 x 2 件,1.0,全年,全年,,"[""https://www2s.biglobe.ne.jp/~t_aoyagi/railway/free/map/kotoden.gif""]",,地方私鉄,[],0.0,高松机场1楼国内到达大厅巴士自动售票机,高松琴平电铁运输服务部：087-863-7300,,https://www.kotoden.co.jp/publichtm/kotoden/new/2023/rail_limousines/index.html,"[{""text"": ""高松琴平電鉄"", ""url"": ""https://www.kotoden.co.jp/publichtm/kotoden/new/2023/rail_limousines/index.html""}]",,https://www2s.biglobe.ne.jp/~t_aoyagi/railway/free/kotoden04.htm,kotoden04.htm,19,2026/8/10 1:30,レール＆リムジンパス,,,,https://www2s.biglobe.ne.jp/~t_aoyagi/railway/free/kotoden04.htm
kotoden09,レール＆リムジンデジタルパス,高松琴平電鉄,"[""高松琴平電鉄""]",1,False,sikoku,四国,四国,"[""四国""]",tunen,通年発売タイプ,全年发售,"[""デジタル""]",False,True,on_sale,発売中,,,1700.0,850.0,850.0,"大人：1,700円／小人：850円","高松机场利木津巴士：1次
 
琴电：自使用开始起24小时",1.0,全年,全年,,"[""https://www2s.biglobe.ne.jp/~t_aoyagi/railway/free/map/kotoden.gif""]",,地方私鉄,[],0.0,QUICK TRIP,高松琴平电铁运输服务部：087-863-7300,,https://www.kotoden.co.jp/publichtm/kotoden/ticket/digital_ticket/index.html,"[{""text"": ""高松琴平電鉄"", ""url"": ""https://www.kotoden.co.jp/publichtm/kotoden/ticket/digital_ticket/index.html""}]",,https://www2s.biglobe.ne.jp/~t_aoyagi/railway/free/kotoden09.htm,kotoden09.htm,20,2026/8/10 1:30,レール＆リムジンデジタルパス,,,,https://www2s.biglobe.ne.jp/~t_aoyagi/railway/free/kotoden09.htm
kotoden05,ことでん×NEWレオマワールドセットきっぷ,高松琴平電鉄,"[""高松琴平電鉄""]",1,False,sikoku,四国,四国,"[""四国""]",tunen,通年発売タイプ,全年发售,"[""実券""]",True,False,on_sale,発売中,,,3800.0,2300.0,2300.0,"大人：3,800円 
 
学生：2,800円 
 
小人：2,300円",1天,1.0,全年,全年,,"[""https://www2s.biglobe.ne.jp/~t_aoyagi/railway/free/map/kotoden.gif""]",,地方私鉄,[],0.0,琴电全员值班站,高松琴平电铁运输服务部：087-863-7300,,https://www.kotoden.co.jp/publichtm/kotoden/new/2023/reoma_tiket/index.html,"[{""text"": ""高松琴平電鉄"", ""url"": ""https://www.kotoden.co.jp/publichtm/kotoden/new/2023/reoma_tiket/index.html""}]",,https://www2s.biglobe.ne.jp/~t_aoyagi/railway/free/kotoden05.htm,kotoden05.htm,21,2026/8/10 1:30,ことでん×NEWレオマワールドセットきっぷ,,,,https://www2s.biglobe.ne.jp/~t_aoyagi/railway/free/kotoden05.htm
kotoden07,ことでん24時間フリーきっぷ,高松琴平電鉄,"[""高松琴平電鉄""]",1,False,sikoku,四国,四国,"[""四国""]",tunen,通年発売タイプ,全年发售,"[""デジタル""]",False,True,on_sale,発売中,,,1500.0,750.0,750.0,"大人：1,500円／小人：750円",自使用开始24小时内,1.0,全年,全年,,"[""https://www2s.biglobe.ne.jp/~t_aoyagi/railway/free/map/kotoden.gif""]",,地方私鉄,[],0.0,QUICK TRIP RYDE PASS,高松琴平电铁运输服务部：087-863-7300,,https://www.kotoden.co.jp/publichtm/kotoden/ticket/quicktrip/index.html,"[{""text"": ""高松琴平電鉄"", ""url"": ""https://www.kotoden.co.jp/publichtm/kotoden/ticket/quicktrip/index.html""}]",,https://www2s.biglobe.ne.jp/~t_aoyagi/railway/free/kotoden07.htm,kotoden07.htm,22,2026/8/10 1:30,ことでん24時間フリーきっぷ,,,,https://www2s.biglobe.ne.jp/~t_aoyagi/railway/free/kotoden07.htm
kotoden08,ことでん48時間フリーきっぷ,高松琴平電鉄,"[""高松琴平電鉄""]",1,False,sikoku,四国,四国,"[""四国""]",tunen,通年発売タイプ,全年发售,"[""デジタル""]",False,True,on_sale,発売中,,,2800.0,1400.0,1400.0,"大人：2,800円／小人：1,400円",使用开始后48小时,,全年,全年,,"[""https://www2s.biglobe.ne.jp/~t_aoyagi/railway/free/map/kotoden.gif""]",,地方私鉄,[],0.0,QUICK TRIP RYDE PASS,高松琴平电铁运输服务部：087-863-7300,,https://www.kotoden.co.jp/publichtm/kotoden/ticket/quicktrip/index.html,"[{""text"": ""高松琴平電鉄"", ""url"": ""https://www.kotoden.co.jp/publichtm/kotoden/ticket/quicktrip/index.html""}]",,https://www2s.biglobe.ne.jp/~t_aoyagi/railway/free/kotoden08.htm,kotoden08.htm,23,2026/8/10 1:30,ことでん48時間フリーきっぷ,,,,https://www2s.biglobe.ne.jp/~t_aoyagi/railway/free/kotoden08.htm
kotoden84,やしま四国村・志度線パス,高松琴平電鉄,"[""高松琴平電鉄""]",1,False,sikoku,四国,四国,"[""四国""]",tunen,通年発売タイプ,全年发售,"[""実券"", ""デジタル""]",True,True,on_sale,発売中,,,2500.0,,2500.0,"大人：2,500円",1天,1.0,全年,全年,,"[""https://www2s.biglobe.ne.jp/~t_aoyagi/railway/free/map/kotoden84.gif""]",,地方私鉄,[],0.0,"高松筑港、片原町、河原町、八栗、琴电志道
 快速旅行",高松琴平电铁管理本部区域开发部：087-812-7292,,https://www.kotoden.co.jp/publichtm/kotoden/ticket/shikokumura_ticket/index.html,"[{""text"": ""高松琴平電鉄"", ""url"": ""https://www.kotoden.co.jp/publichtm/kotoden/ticket/shikokumura_ticket/index.html""}]",,https://www2s.biglobe.ne.jp/~t_aoyagi/railway/free/kotoden84.htm,kotoden84.htm,24,2026/8/10 1:30,やしま四国村・志度線パス,,,,https://www2s.biglobe.ne.jp/~t_aoyagi/railway/free/kotoden84.htm
kotoden10,やしま四国村・志度線パス リムジンバスセット券,高松琴平電鉄,"[""高松琴平電鉄""]",1,False,sikoku,四国,四国,"[""四国""]",tunen,通年発売タイプ,全年发售,"[""実券""]",True,False,on_sale,発売中,,,3500.0,,3500.0,"大人：3,500円",1天（购买后7天内）,1.0,2026 年 4 月 1 日 - 全年,2026 年 4 月 1 日 - 全年,,"[""https://www2s.biglobe.ne.jp/~t_aoyagi/railway/free/map/kotoden84.gif""]",,地方私鉄,[],0.0,高松机场1楼国内到达大厅巴士自动售票机,高松琴平电铁管理本部区域开发部：087-812-7292,,https://www.kotoden.co.jp/publichtm/kotoden/ticket/shikokumura_ticket/index.html,"[{""text"": ""高松琴平電鉄"", ""url"": ""https://www.kotoden.co.jp/publichtm/kotoden/ticket/shikokumura_ticket/index.html""}]",,https://www2s.biglobe.ne.jp/~t_aoyagi/railway/free/kotoden10.htm,kotoden10.htm,25,2026/8/10 1:30,やしま四国村・志度線パス リムジンバスセット券,,,,https://www2s.biglobe.ne.jp/~t_aoyagi/railway/free/kotoden10.htm
kotoden81,ことでんぷーるきっぷ,高松琴平電鉄,"[""高松琴平電鉄""]",1,False,sikoku,四国,四国,"[""四国""]",summer,夏限定タイプ,夏季限定,"[""実券""]",True,False,period,2026/7/18  〜8/31,2026/7/18,2026/8/31,2200.0,,1600.0,"大人：2,200円 
 
高校生：2,000円 
 
中学生：1,700円 
 
小学生：1,600円",1天,1.0,2026年7月18日 - 2026年8月31日,2026年7月18日 - 2026年8月31日,,"[""https://www2s.biglobe.ne.jp/~t_aoyagi/railway/free/map/kotoden81.gif""]",,地方私鉄,[],0.0,琴电有人值守站,高松琴平电铁运输服务部：087-863-7300,,https://www.kotoden.co.jp/publichtm/kotoden/ticket/poolticket/index.html,"[{""text"": ""高松琴平電鉄"", ""url"": ""https://www.kotoden.co.jp/publichtm/kotoden/ticket/poolticket/index.html""}]",,https://www2s.biglobe.ne.jp/~t_aoyagi/railway/free/kotoden81.htm,kotoden81.htm,26,2026/8/10 1:30,ことでんぷーるきっぷ,,,,https://www2s.biglobe.ne.jp/~t_aoyagi/railway/free/kotoden81.htm
kotoden82,ことでんすけーときっぷ,高松琴平電鉄,"[""高松琴平電鉄""]",1,False,sikoku,四国,四国,"[""四国""]",winter,年末年始限定タイプ,年末年初限定,"[""実券""]",True,False,ended,終了,,,2500.0,,1700.0,"大人：2,500円 
 
高校生：2,200円 
 
中学生：2,000円 
 
小学生：1,700円",1天,1.0,2025年10月26日 - 2026年4月12日,2025年10月26日 - 2026年4月12日,,"[""https://www2s.biglobe.ne.jp/~t_aoyagi/railway/free/map/kotoden81.gif""]",,地方私鉄,[],0.0,琴电有人值守站,高松琴平电铁运输服务部：087-863-7300,,https://www.kotoden.co.jp/publichtm/kotoden/ticket/skate_ticket/index.html,"[{""text"": ""高松琴平電鉄"", ""url"": ""https://www.kotoden.co.jp/publichtm/kotoden/ticket/skate_ticket/index.html""}]",,https://www2s.biglobe.ne.jp/~t_aoyagi/railway/free/kotoden82.htm,kotoden82.htm,27,2026/8/10 1:30,ことでんすけーときっぷ,,,,https://www2s.biglobe.ne.jp/~t_aoyagi/railway/free/kotoden82.htm
iyotetu21,市内電車･郊外電車 1Dayチケット,伊予鉄道,"[""伊予鉄道""]",1,False,sikoku,四国,四国,"[""四国""]",tunen,通年発売タイプ,全年发售,"[""デジタル""]",False,True,on_sale,発売中,,,2000.0,1000.0,1000.0,"大人：2,000円／小人：1,000円",1天,1.0,全年,全年,,"[""https://www2s.biglobe.ne.jp/~t_aoyagi/railway/free/map/iyo21.gif""]",,地方私鉄,"[""不能乘坐“少爷列车”。""]",1.0,Mican App 约旦手机票,伊予铁道运输课：089-948-3323,,https://www.iyotetsu.co.jp/ticket/toku/1day_rail.html,"[{""text"": ""伊予鉄道"", ""url"": ""https://www.iyotetsu.co.jp/ticket/toku/1day_rail.html""}, {""text"": ""みきゃんアプリ"", ""url"": ""https://mican-app.jp/""}]",,https://www2s.biglobe.ne.jp/~t_aoyagi/railway/free/iyotetu21.htm,iyotetu21.htm,28,2026/8/10 1:30,市内電車･郊外電車 1Dayチケット,,,,https://www2s.biglobe.ne.jp/~t_aoyagi/railway/free/iyotetu21.htm
iyotetu22,市内電車･リムジンバス 1Dayチケット,伊予鉄道,"[""伊予鉄道""]",1,False,sikoku,四国,四国,"[""四国""]",tunen,通年発売タイプ,全年发售,"[""デジタル""]",False,True,on_sale,発売中,,,2300.0,1150.0,1150.0,"大人：2,300円／小人：1,150円",1天,1.0,全年,全年,,"[""https://www2s.biglobe.ne.jp/~t_aoyagi/railway/free/map/iyo22.gif""]",,地方私鉄,"[""不能乘坐“少爷列车”。""]",1.0,Mican App 约旦手机票,伊予铁道运输事业部：089-948-3323 汽车事业部：089-948-3172,,https://www.iyotetsu.co.jp/ticket/toku/1day_lim.html,"[{""text"": ""伊予鉄道"", ""url"": ""https://www.iyotetsu.co.jp/ticket/toku/1day_lim.html""}, {""text"": ""みきゃんアプリ"", ""url"": ""https://mican-app.jp/""}]",,https://www2s.biglobe.ne.jp/~t_aoyagi/railway/free/iyotetu22.htm,iyotetu22.htm,29,2026/8/10 1:30,市内電車･リムジンバス 1Dayチケット,,,,https://www2s.biglobe.ne.jp/~t_aoyagi/railway/free/iyotetu22.htm
tosaden01,電車１日乗車券〜市内均一料金区間版〜,土佐電気鉄道,"[""土佐電気鉄道""]",1,False,sikoku,四国,四国,"[""四国""]",tunen,通年発売タイプ,全年发售,"[""実券"", ""デジタル""]",True,True,on_sale,発売中,,,500.0,250.0,250.0,大人：500円／小人：250円,1天,1.0,全年,全年,,"[""https://www2s.biglobe.ne.jp/~t_aoyagi/railway/free/map/tosaden02.gif""]",,地方私鉄,[],0.0,"火车内
 播磨屋桥服务中心、高知站巴士问讯处、后免町服务中心、土佐电交通株式会社码头柜台
 土佐露台、城西馆、新阪急高知皇宫酒店、山水园、高知东方酒店、高知旭皇家日航酒店
 
 约旦手机票",土佐电铁/列车事业部 TEL:088-833-7121,,http://www.tosaden.co.jp/train/oneday.php,"[{""text"": ""土佐電気鉄道"", ""url"": ""http://www.tosaden.co.jp/train/oneday.php""}, {""text"": ""ジョルダンモバイルチケット"", ""url"": ""https://ticket.jorudan.co.jp/tosaden/train/ja/""}]",,https://www2s.biglobe.ne.jp/~t_aoyagi/railway/free/tosaden01.htm,tosaden01.htm,30,2026/8/10 1:30,電車１日乗車券 〜市内均一料金区間版〜,,,,https://www2s.biglobe.ne.jp/~t_aoyagi/railway/free/tosaden01.htm
tosaden03,電車24時間乗車券〜市内均一料金区間版〜,土佐電気鉄道,"[""土佐電気鉄道""]",1,False,sikoku,四国,四国,"[""四国""]",tunen,通年発売タイプ,全年发售,"[""デジタル""]",False,True,on_sale,発売中,,,600.0,300.0,300.0,大人：600円／小人：300円,1天,1.0,全年,全年,,"[""https://www2s.biglobe.ne.jp/~t_aoyagi/railway/free/map/tosaden02.gif""]",,地方私鉄,[],0.0,约旦手机票,土佐电铁/列车事业部 TEL:088-833-7121,,https://www.tosaden.co.jp/info/dtl.php?ID=1875,"[{""text"": ""土佐電気鉄道"", ""url"": ""https://www.tosaden.co.jp/info/dtl.php?ID=1875""}, {""text"": ""ジョルダンモバイルチケット"", ""url"": ""https://ticket.jorudan.co.jp/tosaden/train/ja/""}]",,https://www2s.biglobe.ne.jp/~t_aoyagi/railway/free/tosaden03.htm,tosaden03.htm,31,2026/8/10 1:30,電車24時間乗車券 〜市内均一料金区間版〜,,,,https://www2s.biglobe.ne.jp/~t_aoyagi/railway/free/tosaden03.htm
tosaden02,電車１日乗車券〜軌道全線版〜,土佐電気鉄道,"[""土佐電気鉄道""]",1,False,sikoku,四国,四国,"[""四国""]",tunen,通年発売タイプ,全年发售,"[""実券"", ""デジタル""]",True,True,on_sale,発売中,,,1000.0,500.0,500.0,"大人：1,000円／小人：500円",1天,1.0,全年,全年,,"[""https://www2s.biglobe.ne.jp/~t_aoyagi/railway/free/map/tosaden01.gif""]",,地方私鉄,[],0.0,"火车内
 播磨屋桥服务中心、高知站巴士问讯处、后免町服务中心、土佐电交通株式会社码头柜台
 土佐露台、城西馆、新阪急高知皇宫酒店、山水园、高知东方酒店、高知旭皇家日航酒店
 
 约旦手机票",土佐电铁/列车事业部 TEL:088-833-7121,,http://www.tosaden.co.jp/train/oneday.php,"[{""text"": ""土佐電気鉄道"", ""url"": ""http://www.tosaden.co.jp/train/oneday.php""}, {""text"": ""ジョルダンモバイルチケット"", ""url"": ""https://ticket.jorudan.co.jp/tosaden/train/ja/""}]",,https://www2s.biglobe.ne.jp/~t_aoyagi/railway/free/tosaden02.htm,tosaden02.htm,32,2026/8/10 1:30,電車１日乗車券 〜軌道全線版〜,,,,https://www2s.biglobe.ne.jp/~t_aoyagi/railway/free/tosaden02.htm
tosaden04,電車24時間乗車券〜軌道全線版〜,土佐電気鉄道,"[""土佐電気鉄道""]",1,False,sikoku,四国,四国,"[""四国""]",tunen,通年発売タイプ,全年发售,"[""デジタル""]",False,True,on_sale,発売中,,,1200.0,600.0,600.0,"大人：1,200円／小人：600円",1天,1.0,全年,全年,,"[""https://www2s.biglobe.ne.jp/~t_aoyagi/railway/free/map/tosaden01.gif""]",,地方私鉄,[],0.0,约旦手机票,土佐电铁/列车事业部 TEL:088-833-7121,,http://www.tosaden.co.jp/train/oneday.php,"[{""text"": ""土佐電気鉄道"", ""url"": ""http://www.tosaden.co.jp/train/oneday.php""}, {""text"": ""ジョルダンモバイルチケット"", ""url"": ""https://ticket.jorudan.co.jp/tosaden/train/ja/""}]",,https://www2s.biglobe.ne.jp/~t_aoyagi/railway/free/tosaden04.htm,tosaden04.htm,33,2026/8/10 1:30,電車24時間乗車券 〜軌道全線版〜,,,,https://www2s.biglobe.ne.jp/~t_aoyagi/railway/free/tosaden04.htm
tosaden05,バス・路面電車一日乗車券 モバイルチケット,土佐電気鉄道,"[""土佐電気鉄道""]",1,False,sikoku,四国,四国,"[""四国""]",tunen,通年発売タイプ,全年发售,"[""デジタル""]",False,True,on_sale,発売中,,,1800.0,900.0,900.0,"大人：1,800円／小人：900円",1天,1.0,全年,全年,,"[""https://www2s.biglobe.ne.jp/~t_aoyagi/railway/free/map/tosaden05.gif""]",,地方私鉄,[],0.0,约旦手机票,土佐电铁/列车事业部 TEL:088-833-7121,,https://www.tosaden.co.jp/info/dtl.php?ID=2007,"[{""text"": ""土佐電気鉄道"", ""url"": ""https://www.tosaden.co.jp/info/dtl.php?ID=2007""}, {""text"": ""ジョルダンモバイルチケット"", ""url"": ""https://ticket.jorudan.co.jp/tosaden/train/ja/""}]",,https://www2s.biglobe.ne.jp/~t_aoyagi/railway/free/tosaden05.htm,tosaden05.htm,34,2026/8/10 1:30,とさでん交通 バス・路面電車一日乗車券,,,,https://www2s.biglobe.ne.jp/~t_aoyagi/railway/free/tosaden05.htm
tosaden91,新春初詣きっぷ,土佐電気鉄道,"[""土佐電気鉄道""]",1,False,sikoku,四国,四国,"[""四国""]",winter,年末年始限定タイプ,年末年初限定,"[""実券"", ""デジタル""]",True,True,ended,終了,,,2000.0,1000.0,1000.0,"大人：2,000円／小人：1,000円",5天,5.0,2025年12月16日 - 2026年1月3日,2025年12月30日 - 2026年1月3日,,"[""https://www2s.biglobe.ne.jp/~t_aoyagi/railway/free/map/tosaden91.gif""]",,地方私鉄,"[""无法乘坐高速巴士、MY Yu巴士、临时巴士、活动巴士。""]",1.0,"播磨屋桥服务中心、高知站巴士总站柜台、码头高知营业所、一宫巴士总站、高冈营业所、后免町服务中心
 约旦手机票","土佐电运输株式会社
 火车电话：088-833-7122
 巴士电话：088-833-7171",,https://www.tosaden.co.jp/info/dtl.php?ID=2398,"[{""text"": ""とさでん交通"", ""url"": ""https://www.tosaden.co.jp/info/dtl.php?ID=2398""}]",,https://www2s.biglobe.ne.jp/~t_aoyagi/railway/free/tosaden91.htm,tosaden91.htm,35,2026/8/10 1:30,新春初詣きっぷ,,,,https://www2s.biglobe.ne.jp/~t_aoyagi/railway/free/tosaden91.htm
kurosio01,ごめん・なはり線フリーきっぷ,土佐くろしお鉄道,"[""土佐くろしお鉄道""]",1,False,sikoku,四国,四国,"[""四国""]",tunen,通年発売タイプ,全年发售,"[""実券"", ""デジタル""]",True,True,on_sale,発売中,,,2200.0,1100.0,1100.0,"大人：2,200円／小人：1,100円",1天,1.0,全年,全年,,"[""https://www2s.biglobe.ne.jp/~t_aoyagi/railway/free/map/kurosio01.gif""]",,地方私鉄,[],0.0,"后免（JR四国柜台）、野市、安艺、奈张、中村
 后免奈半利线内（有售票员的列车）
 高知旅游信息中心“Tosatellas”（JR高知站附近）
 约旦手机票“四国Smart Eki-chan”
 网上商店",土佐黑潮铁道安艺站 TEL: 0887-34-8800,,https://www.tosakuro.com/discounts-tickets,"[{""text"": ""土佐くろしお鉄道"", ""url"": ""https://www.tosakuro.com/discounts-tickets""}, {""text"": ""ジョルダンモバイルチケット"", ""url"": ""https://ticket.jorudan.co.jp/tosakuro/gns-1d/ja/""}]",,https://www2s.biglobe.ne.jp/~t_aoyagi/railway/free/kurosio01.htm,kurosio01.htm,36,2026/8/10 1:30,ごめん・なはり線観光1日フリーきっぷ,,,,https://www2s.biglobe.ne.jp/~t_aoyagi/railway/free/kurosio01.htm
kurosio02,くろしお1日フリーきっぷ,土佐くろしお鉄道,"[""土佐くろしお鉄道""]",1,False,sikoku,四国,四国,"[""四国""]",tunen,通年発売タイプ,全年发售,"[""実券"", ""デジタル""]",True,True,on_sale,発売中,,,2080.0,1040.0,1040.0,"フリー区間 タイプ 大人 小人 
 中村・宿毛線(全線) 普通列車 2,080円 1,040円 
 中村線(窪川〜中村) 特急自由席 
 普通列車 2,600円 1,300円",1天,1.0,全年,全年,,"[""https://www2s.biglobe.ne.jp/~t_aoyagi/railway/free/map/kurosio02.gif""]",,地方私鉄,[],0.0,"中村、宿毛、洼川
 旅行应用程序“四国琉璃”
 “四国智能车站”",土佐黑潮铁道电话：,,https://www.tosakuro.com/discounts-tickets,"[{""text"": ""土佐くろしお鉄道"", ""url"": ""https://www.tosakuro.com/discounts-tickets""}]",,https://www2s.biglobe.ne.jp/~t_aoyagi/railway/free/kurosio02.htm,kurosio02.htm,37,2026/8/10 1:30,中村・宿毛線フリーきっぷ,,,,https://www2s.biglobe.ne.jp/~t_aoyagi/railway/free/kurosio02.htm
tosakuro81,土佐くろおでかけきっぷ,土佐くろしお鉄道,"[""土佐くろしお鉄道""]",1,False,sikoku,四国,四国,"[""四国""]",kikan,期間限定タイプ,期间限定,"[""実券"", ""デジタル""]",True,True,period,〜2027/3/31,,2027/3/31,500.0,300.0,300.0,大人：500円／小人：300円,1天,1.0,~2027 年 3 月 31 日,"~周六、周日和节假日直至 2027 年 3 月 31 日
 2026年4月29日 - 2026年5月5日
 2026年8月11日 - 2026年8月16日
 2026年12月27日 - 2027年1月5日",,"[""https://www2s.biglobe.ne.jp/~t_aoyagi/railway/free/map/tosakuro94.gif""]",,地方私鉄,"[""无法乘坐特快列车""]",1.0,"中村站、宿毛站、洼川站、安艺站、奈张站
 中村/宿毛线列车内
 网上商店
 约旦手机票
 旅行应用程序“四国琉璃”
 《四国智能站酱》",土佐黑潮铁道 TEL:0880-35-4961,,https://www.tosakuro.com/discounts-tickets,"[{""text"": ""土佐くろしお鉄道"", ""url"": ""https://www.tosakuro.com/discounts-tickets""}, {""text"": ""ジョルダンモバイルチケット"", ""url"": ""https://ticket.jorudan.co.jp/tosakuro/wkn-1d/ja/""}]",,https://www2s.biglobe.ne.jp/~t_aoyagi/railway/free/tosakuro81.htm,tosakuro81.htm,40,2026/8/10 1:30,土佐くろおでかけきっぷ,,,,https://www2s.biglobe.ne.jp/~t_aoyagi/railway/free/tosakuro81.htm
tosakuro96,土佐くろまるごときっぷ,土佐くろしお鉄道,"[""土佐くろしお鉄道""]",1,False,sikoku,四国,四国,"[""四国""]",kikan,期間限定タイプ,期间限定,"[""実券""]",True,False,period,〜2027/3/29,,2027/3/29,3000.0,1500.0,1500.0,"大人：3,000円 小人：1,500円",3天,3.0,~2027 年 3 月 29 日,~2027 年 3 月 31 日,,"[""https://www2s.biglobe.ne.jp/~t_aoyagi/railway/free/map/tosakuro95.gif""]",,地方私鉄,"[""仅当同时购买JR四国联运车票（洼川御面）或提前出示JR四国周游车票、免费车票等时才可用。"", ""您可以乘坐土佐黑潮铁道特快列车。""]",2.0,火车上的售票员 Aki、Nakamura、Sukumo,"土佐黑潮铁道安艺站 TEL:0887-34-8800
 土佐黑潮铁道中村站 TEL:0880-35-4961",,https://www.tosakuro.com/discounts-tickets,"[{""text"": ""土佐くろしお鉄道"", ""url"": ""https://www.tosakuro.com/discounts-tickets""}]",,https://www2s.biglobe.ne.jp/~t_aoyagi/railway/free/tosakuro96.htm,tosakuro96.htm,41,2026/8/10 1:30,土佐くろまるごときっぷ,,,,https://www2s.biglobe.ne.jp/~t_aoyagi/railway/free/tosakuro96.htm
jrkyusyu01,旅名人の九州満喫きっぷ,JR九州,"[""ＪＲ九州""]",1,False,kyusyu,九州,九州,"[""九州""]",tunen,通年発売タイプ,全年发售,"[""実券""]",True,False,on_sale,発売中,,,12000.0,12000.0,12000.0,"〜2026年8月31日 大人：12,000円 小人：12,000円 
 2026年9月1日〜 大人：14,000円 my route 大人：13,000円",自购买之日起3个月内任意3天（次）,3.0,全年,全年,,"[""https://www2s.biglobe.ne.jp/~t_aoyagi/railway/free/map/jrkyusyu03.gif""]","{""columns"": [""绿色车厢 (头等座)"", ""普通车自由席车指定席席"", ""普通车自由席车自由席席"", ""专线列车 (Liner)"", ""特急"", ""急行"", ""快速"", ""普通车自由席"", ""指定席"", ""自由席"", ""其他的""], ""status_rows"": [{""label"": null, ""symbols"": [{""symbol"": ""×"", ""note"": null}, {""symbol"": ""×"", ""note"": null}, {""symbol"": ""×"", ""note"": null}, {""symbol"": ""×"", ""note"": null}, {""symbol"": ""×"", ""note"": null}, {""symbol"": ""×"", ""note"": null}, {""symbol"": ""△"", ""note"": null}, {""symbol"": ""▲"", ""note"": null}, {""symbol"": ""▲"", ""note"": null}, {""symbol"": ""○"", ""note"": null}, {""symbol"": ""×"", ""note"": null}]}], ""legend"": {""○"": ""可乘车"", ""▲"": ""仅乘车券有效"", ""△"": ""仅限西日本铁道"", ""×"": ""不可乘车""}, ""notes"": null}",JR,"[""您可以乘坐各公司和车站运营的普通列车和快速列车。"", ""不能乘坐九州新干线。"", ""JR九州的普通车厢指定席可以通过单独购买指定席票来乘坐。"", ""您还可以乘坐西日本铁道的特急列车和特快列车。"", ""西日本铁路 12 月 31 日停运。"", ""不能乘坐南阿苏铁道的无轨电车。"", ""无法使用肥萨线出租车交通（八代 - 人吉）。""]",7.0,"JR九州车站、旅行中心、JR九州旅行分店、九州各大旅行社
 2026年9月1日~我的路线",JR 九州信息中心 TEL: 092-471-8111,,http://www.jrkyushu-kippu.jp/fare/ticket/96,"[{""text"": ""ＪＲ九州"", ""url"": ""http://www.jrkyushu-kippu.jp/fare/ticket/96""}]",,https://www2s.biglobe.ne.jp/~t_aoyagi/railway/free/jrkyusyu01.htm,jrkyusyu01.htm,1,2026/8/10 1:30,旅名人の九州満喫きっぷ,,,,https://www2s.biglobe.ne.jp/~t_aoyagi/railway/free/jrkyusyu01.htm
jrkyusyu81,ぶらり大村線きっぷ,JR九州,"[""ＪＲ九州""]",1,False,kyusyu,九州,九州,"[""九州""]",tunen,通年発売タイプ,全年发售,"[""実券"", ""デジタル""]",True,True,on_sale,発売中,,,3700.0,1850.0,1850.0,"大人：3,700円／小人：1,850円",2天,2.0,全年,全年,,"[""https://www2s.biglobe.ne.jp/~t_aoyagi/railway/free/map/jrkyusyu81.gif""]","{""columns"": [""東海道新干线 (希望号 (Nozomi))"", ""東海道新干线 (光号/回声号)"", ""东北/上越新干线"", ""在来线特急/急行"", ""快速/普通车自由席列车 (绿色车厢)"", ""快速/普通车自由席列车 (专线列车 (Liner))"", ""快速/普通车自由席列车 (指定席)"", ""快速/普通车自由席列车 (自由席)"", ""东京单轨电车"", ""临海线""], ""status_rows"": [{""label"": null, ""symbols"": [{""symbol"": ""▲"", ""note"": null}, {""symbol"": ""▲"", ""note"": null}, {""symbol"": ""▲"", ""note"": null}, {""symbol"": ""▲"", ""note"": null}, {""symbol"": ""▲"", ""note"": null}, {""symbol"": ""－"", ""note"": null}, {""symbol"": ""－"", ""note"": null}, {""symbol"": ""▲"", ""note"": null}, {""symbol"": ""▲"", ""note"": null}, {""symbol"": ""○"", ""note"": null}]}], ""legend"": {""○"": ""可乘车"", ""△"": ""有限制条件"", ""▲"": ""仅乘车券有效"", ""×"": ""不可乘车"", ""－"": ""未设定""}, ""notes"": null}",JR,[],0.0,"长崎、浦上、谏早、大村、新大村、Huis Ten Bosch、崎、佐世保、有田、武雄温泉、嬉野温泉
 我的路线","JR 九州信息中心 TEL: 095-826-4336
 JR 九州旅行长崎支店 TEL: 095-822-4813",,https://www.burari-omura.com/#ticket,"[{""text"": ""ＪＲ九州"", ""url"": ""https://www.burari-omura.com/#ticket""}, {""text"": ""九州MaaS"", ""url"": ""https://kyushu-maas.jp/ticket/415""}, {""text"": ""my route"", ""url"": ""https://top.myroute.fun/ticket/nagasaki#kujukuislands""}]",,https://www2s.biglobe.ne.jp/~t_aoyagi/railway/free/jrkyusyu81.htm,jrkyusyu81.htm,2,2026/8/10 1:30,ぶらり大村線きっぷ,,,,https://www2s.biglobe.ne.jp/~t_aoyagi/railway/free/jrkyusyu81.htm
jrkyusyu08,ゆふいん1dayレール＆バスチケット,JR九州,"[""ＪＲ九州""]",1,False,kyusyu,九州,九州,"[""九州""]",tunen,通年発売タイプ,全年发售,"[""デジタル""]",False,True,on_sale,発売中,,,2670.0,1340.0,1340.0,"大人：2,670円 小人：1,340円",1天,1.0,全年,全年,,"[""https://www2s.biglobe.ne.jp/~t_aoyagi/railway/free/map/jrkyusyu08.gif""]","{""columns"": [""東海道新干线 (希望号 (Nozomi))"", ""東海道新干线 (光号/回声号)"", ""东北/上越新干线"", ""在来线特急/急行"", ""快速/普通车自由席列车 (绿色车厢)"", ""快速/普通车自由席列车 (专线列车 (Liner))"", ""快速/普通车自由席列车 (指定席)"", ""快速/普通车自由席列车 (自由席)"", ""东京单轨电车"", ""临海线""], ""status_rows"": [{""label"": null, ""symbols"": [{""symbol"": ""－"", ""note"": null}, {""symbol"": ""－"", ""note"": null}, {""symbol"": ""▲"", ""note"": null}, {""symbol"": ""▲"", ""note"": null}, {""symbol"": ""▲"", ""note"": null}, {""symbol"": ""▲"", ""note"": null}, {""symbol"": ""▲"", ""note"": null}, {""symbol"": ""▲"", ""note"": null}, {""symbol"": ""▲"", ""note"": null}, {""symbol"": ""○"", ""note"": null}]}], ""legend"": {""○"": ""可乘车"", ""△"": ""购买指定席追加券后可乘坐指定席"", ""×"": ""不可乘车"", ""－"": ""未设定""}, ""notes"": null}",JR,"[""有特急自由席（九州新干线除外）""]",1.0,my route,,,https://www.jrkyushu.co.jp/maas/jrs_maas/,"[{""text"": ""ＪＲ九州"", ""url"": ""https://www.jrkyushu.co.jp/maas/jrs_maas/""}, {""text"": ""九州MaaS"", ""url"": ""https://kyushu-maas.jp/ticket/381""}, {""text"": ""my route"", ""url"": ""https://top.myroute.fun/ticket/oita#yuhuinnbeppu""}]",,https://www2s.biglobe.ne.jp/~t_aoyagi/railway/free/jrkyusyu08.htm,jrkyusyu08.htm,3,2026/8/10 1:30,ゆふいん1dayレール＆バスチケット,,,,https://www2s.biglobe.ne.jp/~t_aoyagi/railway/free/jrkyusyu08.htm
jrkyusyu91,ぐるっと九州きっぷ,JR九州,"[""ＪＲ九州""]",1,False,kyusyu,九州,九州,"[""九州""]",tunen,通年発売タイプ,全年发售,"[""実券""]",True,False,on_sale,発売中,,,14300.0,7150.0,7150.0,"大人 小人 
 窓口発売 15,800円 7,900円 
 インターネット 
 列車予約発売 14,300円 7,150円",3天,3.0,全年,全年,,"[""https://www2s.biglobe.ne.jp/~t_aoyagi/railway/free/map/jrkyusyu92.gif""]","{""columns"": [""绿色车厢 (头等座)"", ""普通车自由席车指定席席"", ""普通车自由席车自由席席"", ""专线列车 (Liner)"", ""特急"", ""急行"", ""快速"", ""普通车自由席"", ""指定席"", ""自由席"", ""其他的"", ""绿色车厢 (头等座)""], ""status_rows"": [{""label"": null, ""symbols"": [{""symbol"": ""▲"", ""note"": null}, {""symbol"": ""▲"", ""note"": null}, {""symbol"": ""▲"", ""note"": null}, {""symbol"": ""▲"", ""note"": null}, {""symbol"": ""▲"", ""note"": null}, {""symbol"": ""▲"", ""note"": null}, {""symbol"": ""▲"", ""note"": null}, {""symbol"": ""▲"", ""note"": null}, {""symbol"": ""▲"", ""note"": null}, {""symbol"": ""▲"", ""note"": null}, {""symbol"": ""▲"", ""note"": null}, {""symbol"": ""○"", ""note"": null}]}], ""legend"": {""○"": ""可乘车"", ""△"": ""有次数限制"", ""▲"": ""仅乘车券有效"", ""×"": ""不可乘车""}, ""notes"": [""指定席は合計6回まで利用可能。""]}",JR,[],0.0,"JR九州主要车站、旅行中心、JR九州旅行分店、九州主要旅行社
 JR九州在线预订/火车预订服务",JR 九州信息中心 TEL: 095-826-4336,,http://www.jrkyushu-kippu.jp/fare/ticket/304,"[{""text"": ""ＪＲ九州"", ""url"": ""http://www.jrkyushu-kippu.jp/fare/ticket/304""}]",,https://www2s.biglobe.ne.jp/~t_aoyagi/railway/free/jrkyusyu91.htm,jrkyusyu91.htm,4,2026/8/10 1:30,ぐるっと九州きっぷ,,,,https://www2s.biglobe.ne.jp/~t_aoyagi/railway/free/jrkyusyu91.htm
jrkyusyu61,JR＆宮交バス 日南1デーフリーパス,JR九州,"[""ＪＲ九州""]",1,False,kyusyu,九州,九州,"[""九州""]",tunen,通年発売タイプ,全年发售,"[""デジタル""]",False,True,on_sale,発売中,,,23000.0,1150.0,1150.0,"大人：2,3000円 小人：1,150円",1天,1.0,现已发售,现已发售,,"[""https://www2s.biglobe.ne.jp/~t_aoyagi/railway/free/map/jrkyusyu61.gif""]","{""columns"": [""東海道新干线 (希望号 (Nozomi))"", ""東海道新干线 (光号/回声号)"", ""东北/上越新干线"", ""在来线特急/急行"", ""快速/普通车自由席列车 (绿色车厢)"", ""快速/普通车自由席列车 (专线列车 (Liner))"", ""快速/普通车自由席列车 (指定席)"", ""快速/普通车自由席列车 (自由席)"", ""东京单轨电车"", ""临海线""], ""status_rows"": [{""label"": null, ""symbols"": [{""symbol"": ""－"", ""note"": null}, {""symbol"": ""－"", ""note"": null}, {""symbol"": ""▲"", ""note"": null}, {""symbol"": ""▲"", ""note"": null}, {""symbol"": ""▲"", ""note"": null}, {""symbol"": ""▲"", ""note"": null}, {""symbol"": ""▲"", ""note"": null}, {""symbol"": ""▲"", ""note"": null}, {""symbol"": ""▲"", ""note"": null}, {""symbol"": ""○"", ""note"": null}]}], ""legend"": {""○"": ""可乘车"", ""▲"": ""仅乘车券有效"", ""×"": ""不可乘车""}, ""notes"": null}",JR,[],0.0,my route,JR九州 电话：,,https://www.jrkyushu.co.jp/maas/jrs_maas/,"[{""text"": ""ＪＲ九州"", ""url"": ""https://www.jrkyushu.co.jp/maas/jrs_maas/""}, {""text"": ""九州MaaS"", ""url"": ""https://kyushu-maas.jp/ticket/459""}, {""text"": ""my route"", ""url"": ""https://top.myroute.fun/ticket/miyazaki#nichinancity""}]",,https://www2s.biglobe.ne.jp/~t_aoyagi/railway/free/jrkyusyu61.htm,jrkyusyu61.htm,5,2026/8/10 1:30,JR＆宮交バス 日南1デーフリーパス,,,,https://www2s.biglobe.ne.jp/~t_aoyagi/railway/free/jrkyusyu61.htm
minamiaso11,みなみあそ旅のレールバス,JR九州,"[""ＪＲ九州"", ""南阿蘇鉄道""]",2,True,kyusyu,九州,九州,"[""九州""]",tunen,通年発売タイプ,全年发售,"[""デジタル""]",False,True,on_sale,発売中,,,2000.0,,2000.0,"大人：2,000円",开始使用后24小时,1.0,现已发售,现已发售,,"[""https://www2s.biglobe.ne.jp/~t_aoyagi/railway/free/map/minamiaso11.gif""]",,JR,"[""乘坐特快列车和无轨电车需另行付费。""]",1.0,my route,南阿苏铁道高森站 TEL:0967-62-0058,,https://www.mt-torokko.com/information/fare/,"[{""text"": ""南阿蘇鉄道"", ""url"": ""https://www.mt-torokko.com/information/fare/""}, {""text"": ""九州MasS"", ""url"": ""https://kyushu-maas.jp/ticket/283""}, {""text"": ""九州産交"", ""url"": ""https://sankobus.artpro.co.jp/?utm_source=minamiasorail&utm_medium=Referral""}]",,https://www2s.biglobe.ne.jp/~t_aoyagi/railway/free/minamiaso11.htm,minamiaso11.htm,6,2026/8/10 1:30,みなみあそ旅のレールバス,,,,https://www2s.biglobe.ne.jp/~t_aoyagi/railway/free/minamiaso11.htm
minamiaso12,あそ旅のレールバス,JR九州,"[""ＪＲ九州"", ""南阿蘇鉄道""]",2,True,kyusyu,九州,九州,"[""九州""]",tunen,通年発売タイプ,全年发售,"[""デジタル""]",False,True,on_sale,発売中,,,3200.0,,3200.0,"大人：3,200円",开始使用后24小时,1.0,现已发售,现已发售,,"[""https://www2s.biglobe.ne.jp/~t_aoyagi/railway/free/map/minamiaso12.gif""]",,JR,"[""乘坐特快列车和无轨电车需另行付费。""]",1.0,my route,南阿苏铁道高森站 TEL:0967-62-0058,,https://www.mt-torokko.com/information/fare/,"[{""text"": ""南阿蘇鉄道"", ""url"": ""https://www.mt-torokko.com/information/fare/""}, {""text"": ""九州MasS"", ""url"": ""https://kyushu-maas.jp/ticket/281""}, {""text"": ""九州産交"", ""url"": ""https://sankobus.artpro.co.jp/?utm_source=minamiasorail&utm_medium=Referral""}]",,https://www2s.biglobe.ne.jp/~t_aoyagi/railway/free/minamiaso12.htm,minamiaso12.htm,7,2026/8/10 1:30,あそ旅のレールバス,,,,https://www2s.biglobe.ne.jp/~t_aoyagi/railway/free/minamiaso12.htm
jrkyusyu801,ハロー！自由時間ネットパス(全九州版),JR九州,"[""ＪＲ九州""]",1,False,kyusyu,九州,九州,"[""九州""]",kaiin,会員限定タイプ,会员限定,"[""実券""]",True,False,on_sale,発売中,,,,,22800.0,"22,800円",3天,3.0,全年无休（直到使用开始日的前一天）,全年,,"[""https://www2s.biglobe.ne.jp/~t_aoyagi/railway/free/map/jrkyusyu92.gif""]","{""columns"": [""绿色车厢 (头等座)"", ""普通车自由席车指定席席"", ""普通车自由席车自由席席"", ""专线列车 (Liner)"", ""特急"", ""急行"", ""快速"", ""普通车自由席"", ""指定席"", ""自由席"", ""其他的"", ""绿色车厢 (头等座)""], ""status_rows"": [{""label"": null, ""symbols"": [{""symbol"": ""×"", ""note"": null}, {""symbol"": ""▲"", ""note"": null}, {""symbol"": ""△"", ""note"": null}, {""symbol"": ""○"", ""note"": null}, {""symbol"": ""▲"", ""note"": null}, {""symbol"": ""▲"", ""note"": null}, {""symbol"": ""▲"", ""note"": null}, {""symbol"": ""△"", ""note"": null}, {""symbol"": ""○"", ""note"": null}, {""symbol"": ""▲"", ""note"": null}, {""symbol"": ""▲"", ""note"": null}, {""symbol"": ""○"", ""note"": null}]}], ""legend"": {""○"": ""可乘车"", ""△"": ""合计限使用6次指定席"", ""▲"": ""需另购特急/料金券"", ""■"": ""仅乘车券有效"", ""×"": ""不可乘车"", ""－"": ""未设定""}, ""notes"": null}",JR,"[""仅限“Hello！Free Time Club”会员（使用时需携带身份证件）"", ""设有特急指定席（最多6次）""]",2.0,JR九州 仅限网络预约,JR九州,,https://www.jrkyushu-kippu.jp/fare/ticket/358,"[{""text"": ""ＪＲ九州"", ""url"": ""https://www.jrkyushu-kippu.jp/fare/ticket/358""}]",,https://www2s.biglobe.ne.jp/~t_aoyagi/railway/free/jrkyusyu801.htm,jrkyusyu801.htm,8,2026/8/10 1:30,ハロー！自由時間ネットパス(全九州版),,,,https://www2s.biglobe.ne.jp/~t_aoyagi/railway/free/jrkyusyu801.htm
jrkyusyu791,ハロー！自由時間ネットパス(北部九州版),JR九州,"[""ＪＲ九州""]",1,False,kyusyu,九州,九州,"[""九州""]",kaiin,会員限定タイプ,会员限定,"[""実券""]",True,False,on_sale,発売中,,,,,11300.0,"11,300円",3天,3.0,全年无休（直到使用开始日的前一天）,全年,,"[""https://www2s.biglobe.ne.jp/~t_aoyagi/railway/free/map/jrkyusyu85.gif""]","{""columns"": [""绿色车厢 (头等座)"", ""普通车自由席车指定席席"", ""普通车自由席车自由席席"", ""专线列车 (Liner)"", ""特急"", ""急行"", ""快速"", ""普通车自由席"", ""指定席"", ""自由席"", ""其他的"", ""绿色车厢 (头等座)""], ""status_rows"": [{""label"": null, ""symbols"": [{""symbol"": ""×"", ""note"": null}, {""symbol"": ""▲"", ""note"": null}, {""symbol"": ""△"", ""note"": null}, {""symbol"": ""○"", ""note"": null}, {""symbol"": ""▲"", ""note"": null}, {""symbol"": ""▲"", ""note"": null}, {""symbol"": ""▲"", ""note"": null}, {""symbol"": ""△"", ""note"": null}, {""symbol"": ""○"", ""note"": null}, {""symbol"": ""▲"", ""note"": null}, {""symbol"": ""▲"", ""note"": null}, {""symbol"": ""○"", ""note"": null}]}], ""legend"": {""○"": ""可乘车"", ""△"": ""合计限使用6次指定席"", ""▲"": ""需另购特急/料金券"", ""■"": ""仅乘车券有效"", ""×"": ""不可乘车"", ""－"": ""未设定""}, ""notes"": null}",JR,"[""仅限“Hello！Free Time Club”会员（使用时需携带身份证件）"", ""设有特急指定席（最多6次）""]",2.0,JR九州网络预订（需要登录）,JR九州,,https://www.jrkyushu-kippu.jp/fare/ticket/358,"[{""text"": ""ＪＲ九州"", ""url"": ""https://www.jrkyushu-kippu.jp/fare/ticket/358""}]",,https://www2s.biglobe.ne.jp/~t_aoyagi/railway/free/jrkyusyu791.htm,jrkyusyu791.htm,9,2026/8/10 1:30,ハロー！自由時間ネットパス(北部九州版),,,,https://www2s.biglobe.ne.jp/~t_aoyagi/railway/free/jrkyusyu791.htm
jrkyusyu124,JQ CARDおでかけネットパス(全九州版),JR九州,"[""ＪＲ九州""]",1,False,kyusyu,九州,九州,"[""九州""]",kaiin,会員限定タイプ,会员限定,"[""実券""]",True,False,period,2025/9/1  〜2027/3/29,2025/9/1,2027/3/29,,,22800.0,"22,800円",2天,2.0,"2025年9月1日 - 2026年3月29日
 优惠至使用前一天",2025年10月1日 - 2026年3月31日,,"[""https://www2s.biglobe.ne.jp/~t_aoyagi/railway/free/map/jrkyusyu92.gif""]","{""columns"": [""绿色车厢 (头等座)"", ""普通车自由席车指定席席"", ""普通车自由席车自由席席"", ""专线列车 (Liner)"", ""特急"", ""急行"", ""快速"", ""普通车自由席"", ""指定席"", ""自由席"", ""其他的"", ""绿色车厢 (头等座)""], ""status_rows"": [{""label"": null, ""symbols"": [{""symbol"": ""×"", ""note"": null}, {""symbol"": ""▲"", ""note"": null}, {""symbol"": ""△"", ""note"": null}, {""symbol"": ""○"", ""note"": null}, {""symbol"": ""▲"", ""note"": null}, {""symbol"": ""▲"", ""note"": null}, {""symbol"": ""▲"", ""note"": null}, {""symbol"": ""△"", ""note"": null}, {""symbol"": ""○"", ""note"": null}, {""symbol"": ""▲"", ""note"": null}, {""symbol"": ""▲"", ""note"": null}, {""symbol"": ""○"", ""note"": null}]}], ""legend"": {""○"": ""可乘车"", ""△"": ""合计限使用6次指定席"", ""▲"": ""需另购特急/料金券"", ""■"": ""仅乘车券有效"", ""×"": ""不可乘车"", ""－"": ""未设定""}, ""notes"": null}",JR,"[""仅限JQ卡支付""]",1.0,JR九州 仅限网络预约,JR九州,,https://www.jrkyushu-kippu.jp/fare/ticket/445,"[{""text"": ""ＪＲ九州"", ""url"": ""https://www.jrkyushu-kippu.jp/fare/ticket/445""}]",,https://www2s.biglobe.ne.jp/~t_aoyagi/railway/free/jrkyusyu124.htm,jrkyusyu124.htm,10,2026/8/10 1:30,JQ CARDおでかけネットパス(全九州版),,,,https://www2s.biglobe.ne.jp/~t_aoyagi/railway/free/jrkyusyu124.htm
jrkyusyu123,JQ CARDおでかけネットパス(北部九州版),JR九州,"[""ＪＲ九州""]",1,False,kyusyu,九州,九州,"[""九州""]",kaiin,会員限定タイプ,会员限定,"[""実券""]",True,False,period,2025/9/1  〜2027/3/29,2025/9/1,2027/3/29,,,11300.0,"11,300円",2天,2.0,"2025年9月1日 - 2026年3月29日
 优惠至使用前一天",2025年10月1日 - 2026年3月31日,,"[""https://www2s.biglobe.ne.jp/~t_aoyagi/railway/free/map/jrkyusyu85.gif""]","{""columns"": [""绿色车厢 (头等座)"", ""普通车自由席车指定席席"", ""普通车自由席车自由席席"", ""专线列车 (Liner)"", ""特急"", ""急行"", ""快速"", ""普通车自由席"", ""指定席"", ""自由席"", ""其他的"", ""绿色车厢 (头等座)""], ""status_rows"": [{""label"": null, ""symbols"": [{""symbol"": ""×"", ""note"": null}, {""symbol"": ""▲"", ""note"": null}, {""symbol"": ""△"", ""note"": null}, {""symbol"": ""○"", ""note"": null}, {""symbol"": ""▲"", ""note"": null}, {""symbol"": ""▲"", ""note"": null}, {""symbol"": ""▲"", ""note"": null}, {""symbol"": ""△"", ""note"": null}, {""symbol"": ""○"", ""note"": null}, {""symbol"": ""▲"", ""note"": null}, {""symbol"": ""▲"", ""note"": null}, {""symbol"": ""○"", ""note"": null}]}], ""legend"": {""○"": ""可乘车"", ""△"": ""合计限使用6次指定席"", ""▲"": ""需另购特急/料金券"", ""■"": ""仅乘车券有效"", ""×"": ""不可乘车"", ""－"": ""未设定""}, ""notes"": null}",JR,"[""仅限JQ卡支付""]",1.0,JR九州网络预订（需要登录）,JR九州,,https://www.jrkyushu-kippu.jp/fare/ticket/445,"[{""text"": ""ＪＲ九州"", ""url"": ""https://www.jrkyushu-kippu.jp/fare/ticket/445""}]",,https://www2s.biglobe.ne.jp/~t_aoyagi/railway/free/jrkyusyu123.htm,jrkyusyu123.htm,11,2026/8/10 1:30,JQ CARDおでかけネットパス(北部九州版),,,,https://www2s.biglobe.ne.jp/~t_aoyagi/railway/free/jrkyusyu123.htm
jrkyusyu66,こどもぼうけんきっぷ,JR九州,"[""ＪＲ九州""]",1,False,kyusyu,九州,九州,"[""九州""]",kikan,期間限定タイプ,期间限定,"[""実券""]",True,False,period,2026/6/18  〜8/30,2026/6/18,2026/8/30,,100.0,100.0,小人：100円,1天,1.0,"2026年6月18日 - 2026年8月30日
 2026年2月14日 - 2026年5月5日
 2025年11月24日 - 2026年1月6日","2026年7月18日 - 2026年8月31日
 2026年4月25日 - 2026年5月6日
 2026年3月14日 - 2026年3月31日
 2025年12月24日 - 2026年1月7日",,"[""https://www2s.biglobe.ne.jp/~t_aoyagi/railway/free/map/jrkyusyu92.gif""]","{""columns"": [""绿色车厢 (头等座)"", ""普通车自由席车指定席席"", ""普通车自由席车自由席席"", ""专线列车 (Liner)"", ""特急"", ""急行"", ""快速"", ""普通车自由席"", ""指定席"", ""自由席"", ""其他的"", ""绿色车厢 (头等座)"", ""普通车自由席车指定席席"", ""普通车自由席车自由席席"", ""专线列车 (Liner)"", ""特急"", ""急行""], ""status_rows"": [{""label"": null, ""symbols"": [{""symbol"": ""×"", ""note"": null}, {""symbol"": ""■"", ""note"": null}, {""symbol"": ""■"", ""note"": null}, {""symbol"": ""■"", ""note"": null}, {""symbol"": ""■"", ""note"": null}, {""symbol"": ""■"", ""note"": null}, {""symbol"": ""■"", ""note"": null}, {""symbol"": ""■"", ""note"": null}, {""symbol"": ""■"", ""note"": null}, {""symbol"": ""■"", ""note"": null}, {""symbol"": ""■"", ""note"": null}, {""symbol"": ""■"", ""note"": null}, {""symbol"": ""○"", ""note"": null}, {""symbol"": ""○"", ""note"": null}, {""symbol"": ""○"", ""note"": null}, {""symbol"": ""○"", ""note"": null}, {""symbol"": ""○"", ""note"": null}]}], ""legend"": {""○"": ""可乘车"", ""△"": ""合计限使用6次指定席"", ""▲"": ""需另购特急/料金券"", ""■"": ""仅乘车券有效"", ""×"": ""不可乘车"", ""－"": ""未设定""}, ""notes"": null}",JR,[],0.0,"JR九州的火车在线预订网站
 JR九州站指定席售票机
 使用日期前一天购买",JR九州,,https://www.jrkyushu-kippu.jp/fare/ticket/347?,"[{""text"": ""ＪＲ九州"", ""url"": ""https://www.jrkyushu-kippu.jp/fare/ticket/347?""}, {""text"": ""「こどもぼうけんきっぷ」特設サイト"", ""url"": ""https://www.jrkyushu.co.jp/railway/bouken/summer2026/""}]",,https://www2s.biglobe.ne.jp/~t_aoyagi/railway/free/jrkyusyu66.htm,jrkyusyu66.htm,12,2026/8/10 1:30,こどもぼうけんきっぷ,,,,https://www2s.biglobe.ne.jp/~t_aoyagi/railway/free/jrkyusyu66.htm
jrkyusyu118,みやざきマルっと1Dayフリーパス,JR九州,"[""ＪＲ九州""]",1,False,kyusyu,九州,九州,"[""九州""]",kikan,期間限定タイプ,期间限定,"[""デジタル""]",False,True,ended,終了,,,500.0,250.0,250.0,大人：500円／小人：250円,2天,2.0,"2025年10月24日 - 2025年12月8日
 2025年8月25日 - 2025年9月29日
 2025年5月26日 - 2025年6月30日","2025年10月24日至2025年12月8日期间的周六、周日和周一
 2025年9月1日至2025年9月29日期间的周六、周日和周一
 2025年6月1日至2025年6月30日期间的周六、周日和周一",,"[""https://www2s.biglobe.ne.jp/~t_aoyagi/railway/free/map/jrkyusyu118.gif""]","{""columns"": [""绿色车厢 (头等座)"", ""普通车自由席车指定席席"", ""普通车自由席车自由席席"", ""专线列车 (Liner)"", ""特急"", ""急行"", ""快速"", ""普通车自由席"", ""指定席"", ""自由席"", ""其他的"", ""绿色车厢 (头等座)""], ""status_rows"": [{""label"": null, ""symbols"": [{""symbol"": ""－"", ""note"": null}, {""symbol"": ""×"", ""note"": null}, {""symbol"": ""×"", ""note"": null}, {""symbol"": ""×"", ""note"": null}, {""symbol"": ""■"", ""note"": null}, {""symbol"": ""■"", ""note"": null}, {""symbol"": ""■"", ""note"": null}, {""symbol"": ""■"", ""note"": null}, {""symbol"": ""○"", ""note"": null}, {""symbol"": ""■"", ""note"": null}, {""symbol"": ""■"", ""note"": null}, {""symbol"": ""○"", ""note"": null}]}], ""legend"": {""○"": ""可乘车"", ""■"": ""仅乘车券有效"", ""×"": ""不可乘车"", ""－"": ""未设定""}, ""notes"": null}",JR,[],0.0,「 my route 」,JR 九州信息中心 TEL: 095-826-4336,,https://www.jrkyushu.co.jp/maas/jrs_maas/,"[{""text"": ""ＪＲ九州"", ""url"": ""https://www.jrkyushu.co.jp/maas/jrs_maas/""}, {""text"": ""九州MaaS"", ""url"": ""https://kyushu-maas.jp/ticket/1292""}, {""text"": ""my route"", ""url"": ""https://top.myroute.fun/ticket/miyazaki#miyazakicity""}]",,https://www2s.biglobe.ne.jp/~t_aoyagi/railway/free/jrkyusyu118.htm,jrkyusyu118.htm,13,2026/8/10 1:30,みやざきマルっと1Dayフリーパス,,,,https://www2s.biglobe.ne.jp/~t_aoyagi/railway/free/jrkyusyu118.htm
jrkyusyu111,『GO NORI-HODAI』Tシャツきっぷ,JR九州,"[""ＪＲ九州""]",1,False,kyusyu,九州,九州,"[""九州""]",kikan,期間限定タイプ,期间限定,"[""実券""]",True,False,ended,終了,,,3000.0,1500.0,1500.0,"大人：3,000円 小人：1,500円",1天,1.0,"网络销售：2025年8月6日至2025年9月5日
 全家便利店、专卖店：2025年8月6日 - 2025年8月24日
 日期：2025年9月6日",2025 年 9 月 6 日,,"[""https://www2s.biglobe.ne.jp/~t_aoyagi/railway/free/map/jrkyusyu111.gif""]","{""columns"": [""绿色车厢 (头等座)"", ""普通车自由席车指定席席"", ""普通车自由席车自由席席"", ""专线列车 (Liner)"", ""特急"", ""急行"", ""快速"", ""普通车自由席"", ""指定席"", ""自由席"", ""其他的"", ""绿色车厢 (头等座)""], ""status_rows"": [{""label"": null, ""symbols"": [{""symbol"": ""×"", ""note"": null}, {""symbol"": ""×"", ""note"": null}, {""symbol"": ""×"", ""note"": null}, {""symbol"": ""○"", ""note"": null}, {""symbol"": ""－"", ""note"": null}, {""symbol"": ""－"", ""note"": null}, {""symbol"": ""－"", ""note"": null}, {""symbol"": ""－"", ""note"": null}, {""symbol"": ""－"", ""note"": null}, {""symbol"": ""－"", ""note"": null}, {""symbol"": ""－"", ""note"": null}, {""symbol"": ""－"", ""note"": null}]}], ""legend"": {""○"": ""可乘车"", ""×"": ""不可乘车"", ""－"": ""未设定""}, ""notes"": null}",JR,"[""佩戴车票或手持车票，在人工检票口上下车。""]",1.0,"网络销售：JR九州旅游柜台（店铺）
 全家便利店、专卖店：JR九州
 当天：武雄温泉、嬉野温泉、新大村、谏早、长崎（售完即止）",JR九州,,https://www.jrkyushu.co.jp/train/gowest/#norihodai,"[{""text"": ""ＪＲ九州"", ""url"": ""https://www.jrkyushu.co.jp/train/gowest/#norihodai""}]",,https://www2s.biglobe.ne.jp/~t_aoyagi/railway/free/jrkyusyu111.htm,jrkyusyu111.htm,14,2026/8/10 1:30,『GO NORI-HODAI』Tシャツきっぷ,"7,000枚 (大人：5,000枚/小人：2,000枚)",,,https://www2s.biglobe.ne.jp/~t_aoyagi/railway/free/jrkyusyu111.htm
jrkyusyu112,ぶらり大村線・松浦鉄道きっぷ,JR九州,"[""ＪＲ九州""]",1,False,kyusyu,九州,九州,"[""九州""]",kikan,期間限定タイプ,期间限定,"[""実券""]",True,False,ended,終了,,,4400.0,1820.0,1820.0,"大人：4,400円／小人：1,820円","2天
 松浦铁道 1天",2.0,2023年9月23日 - 2024年2月28日,2023年9月23日 - 2024年2月29日,,"[""https://www2s.biglobe.ne.jp/~t_aoyagi/railway/free/map/jrkyusyu112.gif""]","{""columns"": [""東海道新干线 (希望号 (Nozomi))"", ""東海道新干线 (光号/回声号)"", ""东北/上越新干线"", ""在来线特急/急行"", ""快速/普通车自由席列车 (绿色车厢)"", ""快速/普通车自由席列车 (专线列车 (Liner))"", ""快速/普通车自由席列车 (指定席)"", ""快速/普通车自由席列车 (自由席)"", ""东京单轨电车"", ""临海线""], ""status_rows"": [{""label"": null, ""symbols"": [{""symbol"": ""▲"", ""note"": null}, {""symbol"": ""▲"", ""note"": null}, {""symbol"": ""▲"", ""note"": null}, {""symbol"": ""▲"", ""note"": null}, {""symbol"": ""▲"", ""note"": null}, {""symbol"": ""－"", ""note"": null}, {""symbol"": ""－"", ""note"": null}, {""symbol"": ""▲"", ""note"": null}, {""symbol"": ""▲"", ""note"": null}, {""symbol"": ""○"", ""note"": null}]}], ""legend"": {""○"": ""可乘车"", ""△"": ""有限制条件"", ""▲"": ""仅乘车券有效"", ""×"": ""不可乘车"", ""－"": ""未设定""}, ""notes"": null}",JR,[],0.0,“JR九州网络列车预订”,JR 九州信息中心 TEL: 095-826-4336,,http://www.jrkyushu-kippu.jp/fare/ticket/351,"[{""text"": ""ＪＲ九州"", ""url"": ""http://www.jrkyushu-kippu.jp/fare/ticket/351""}]",,https://www2s.biglobe.ne.jp/~t_aoyagi/railway/free/jrkyusyu112.htm,jrkyusyu112.htm,15,2026/8/10 1:30,ぶらり大村線・松浦鉄道きっぷ,,,,https://www2s.biglobe.ne.jp/~t_aoyagi/railway/free/jrkyusyu112.htm
jrkyusyu113,肥薩線〜指宿枕崎線1日乗り放題きっぷ,JR九州,"[""ＪＲ九州""]",1,False,kyusyu,九州,九州,"[""九州""]",kikan,期間限定タイプ,期间限定,"[""デジタル""]",False,True,ended,終了,,,1000.0,500.0,500.0,"大人：1,000円／小人：500円",1天,1.0,2025年7月18日 - 2025年10月31日,2025年7月18日 - 2025年10月31日,,"[""https://www2s.biglobe.ne.jp/~t_aoyagi/railway/free/map/jrkyusyu113.gif""]","{""columns"": [""绿色车厢 (头等座)"", ""普通车自由席车指定席席"", ""普通车自由席车自由席席"", ""专线列车 (Liner)"", ""特急"", ""急行"", ""快速"", ""普通车自由席"", ""指定席"", ""自由席"", ""其他的"", ""绿色车厢 (头等座)""], ""status_rows"": [{""label"": null, ""symbols"": [{""symbol"": ""×"", ""note"": null}, {""symbol"": ""×"", ""note"": null}, {""symbol"": ""×"", ""note"": null}, {""symbol"": ""×"", ""note"": null}, {""symbol"": ""■"", ""note"": null}, {""symbol"": ""■"", ""note"": null}, {""symbol"": ""■"", ""note"": null}, {""symbol"": ""■"", ""note"": null}, {""symbol"": ""■"", ""note"": null}, {""symbol"": ""■"", ""note"": null}, {""symbol"": ""■"", ""note"": null}, {""symbol"": ""○"", ""note"": null}]}], ""legend"": {""○"": ""可乘车"", ""■"": ""仅乘车券有效"", ""×"": ""不可乘车"", ""－"": ""未设定""}, ""notes"": null}",JR,[],0.0,「 my route 」,JR 九州信息中心 TEL: 095-826-4336,,https://kyushu-maas.jp/ticket/755,"[{""text"": ""ＪＲ九州"", ""url"": ""https://kyushu-maas.jp/ticket/755""}]",,https://www2s.biglobe.ne.jp/~t_aoyagi/railway/free/jrkyusyu113.htm,jrkyusyu113.htm,16,2026/8/10 1:30,肥薩線〜指宿枕崎線 1日乗り放題きっぷ,"大人：1,000枚 小人：300枚",,,https://www2s.biglobe.ne.jp/~t_aoyagi/railway/free/jrkyusyu113.htm
jrkyusyu114,ひなたフェスみやざき記念きっぷ,JR九州,"[""ＪＲ九州""]",1,False,kyusyu,九州,九州,"[""九州""]",kikan,期間限定タイプ,期间限定,"[""実券""]",True,False,ended,終了,,,3100.0,2000.0,2000.0,"大人：3,100円／小人：2,000円",2天,2.0,2024年8月1日 - 2024年8月20日,2024年9月7日 - 2024年9月8日,,"[""https://www2s.biglobe.ne.jp/~t_aoyagi/railway/free/map/jrkyusyu114.gif""]","{""columns"": [""绿色车厢 (头等座)"", ""普通车自由席车指定席席"", ""普通车自由席车自由席席"", ""专线列车 (Liner)"", ""特急"", ""急行"", ""快速"", ""普通车自由席"", ""指定席"", ""自由席"", ""其他的"", ""绿色车厢 (头等座)""], ""status_rows"": [{""label"": null, ""symbols"": [{""symbol"": ""×"", ""note"": null}, {""symbol"": ""×"", ""note"": null}, {""symbol"": ""×"", ""note"": null}, {""symbol"": ""×"", ""note"": null}, {""symbol"": ""■"", ""note"": null}, {""symbol"": ""■"", ""note"": null}, {""symbol"": ""■"", ""note"": null}, {""symbol"": ""■"", ""note"": null}, {""symbol"": ""■"", ""note"": null}, {""symbol"": ""■"", ""note"": null}, {""symbol"": ""■"", ""note"": null}, {""symbol"": ""○"", ""note"": null}]}], ""legend"": {""○"": ""可乘车"", ""■"": ""仅乘车券有效"", ""×"": ""不可乘车"", ""－"": ""未设定""}, ""notes"": null}",JR,[],0.0,「JR九州购物市场」,,,https://www.jrkyushu.co.jp/news/__icsFiles/afieldfile/2024/07/29/20240729_Hinatazaka_46_Hyuga_City_JR_Kyushu_We_are_starting_the_Miyazaki_bustling_project.pdf,"[{""text"": ""ＪＲ九州"", ""url"": ""https://www.jrkyushu.co.jp/news/__icsFiles/afieldfile/2024/07/29/20240729_Hinatazaka_46_Hyuga_City_JR_Kyushu_We_are_starting_the_Miyazaki_bustling_project.pdf""}]",,https://www2s.biglobe.ne.jp/~t_aoyagi/railway/free/jrkyusyu114.htm,jrkyusyu114.htm,17,2026/8/10 1:30,ひなたフェスみやざき記念きっぷ,,,,https://www2s.biglobe.ne.jp/~t_aoyagi/railway/free/jrkyusyu114.htm
jrkyusyu115,南九州 DE 超回復！きっぷ,JR九州,"[""ＪＲ九州""]",1,False,kyusyu,九州,九州,"[""九州""]",kikan,期間限定タイプ,期间限定,"[""実券""]",True,False,ended,終了,,,14500.0,6000.0,6000.0,"大人 小人 
 インターネット列車予約 15,000円 6,000円 
 my route 14,500円 －",3天,3.0,"网上火车预订 2024年9月1日 - 2025年3月22日
 我的路线 2024年10月1日 - 2025年3月29日",2024年9月1日 - 2025年3月31日,,"[""https://www2s.biglobe.ne.jp/~t_aoyagi/railway/free/map/jrkyusyu115.gif""]","{""columns"": [""绿色车厢 (头等座)"", ""普通车自由席车指定席席"", ""普通车自由席车自由席席"", ""专线列车 (Liner)"", ""特急"", ""急行"", ""快速"", ""普通车自由席"", ""指定席"", ""自由席"", ""其他的"", ""绿色车厢 (头等座)""], ""status_rows"": [{""label"": ""インターネット列車予約"", ""symbols"": [{""symbol"": ""×"", ""note"": null}, {""symbol"": ""■"", ""note"": null}, {""symbol"": ""△"", ""note"": null}, {""symbol"": ""○"", ""note"": null}, {""symbol"": ""■"", ""note"": null}, {""symbol"": ""■"", ""note"": null}, {""symbol"": ""■"", ""note"": null}, {""symbol"": ""△"", ""note"": null}, {""symbol"": ""○"", ""note"": null}, {""symbol"": ""■"", ""note"": null}, {""symbol"": ""△"", ""note"": null}, {""symbol"": ""○"", ""note"": null}]}, {""label"": ""my route"", ""symbols"": [{""symbol"": ""×"", ""note"": null}, {""symbol"": ""■"", ""note"": null}, {""symbol"": ""△"", ""note"": null}, {""symbol"": ""○"", ""note"": null}, {""symbol"": ""■"", ""note"": null}, {""symbol"": ""■"", ""note"": null}, {""symbol"": ""■"", ""note"": null}, {""symbol"": ""■"", ""note"": null}, {""symbol"": ""○"", ""note"": null}, {""symbol"": ""■"", ""note"": null}, {""symbol"": ""△"", ""note"": null}, {""symbol"": ""○"", ""note"": null}]}], ""legend"": {""○"": ""可乘车"", ""■"": ""仅乘车券有效"", ""△"": ""总共最多3次"", ""×"": ""不可乘车"", ""－"": ""未设定""}, ""notes"": null}",JR,[],0.0,"「JR九州网上预约」
 我的路线",,,https://www.jrkyushu-kippu.jp/fare/ticket/370,"[{""text"": ""ＪＲ九州"", ""url"": ""https://www.jrkyushu-kippu.jp/fare/ticket/370""}, {""text"": ""九州MasS"", ""url"": ""https://kyushu-maas.jp/ticket/882""}]",,https://www2s.biglobe.ne.jp/~t_aoyagi/railway/free/jrkyusyu115.htm,jrkyusyu115.htm,18,2026/8/10 1:30,南九州 DE 超回復！きっぷ,,,,https://www2s.biglobe.ne.jp/~t_aoyagi/railway/free/jrkyusyu115.htm
jrkyusyu51,ぐるっと九州御朱印めぐりきっぷ,JR九州,"[""ＪＲ九州""]",1,False,kyusyu,九州,九州,"[""九州""]",kikan,期間限定タイプ,期间限定,"[""実券""]",True,False,period,2026/2/20  〜10/29,2026/2/20,2026/10/29,14300.0,,14300.0,"大人：14,300円",3天,3.0,2026年2月20日 - 2026年10月29日,2026年2月20日 - 2026年10月31日,,"[""https://www2s.biglobe.ne.jp/~t_aoyagi/railway/free/map/jrkyusyu92.gif""]","{""columns"": [""東海道新干线 (希望号 (Nozomi))"", ""東海道新干线 (光号/回声号)"", ""东北/上越新干线"", ""在来线特急/急行"", ""快速/普通车自由席列车 (绿色车厢)"", ""快速/普通车自由席列车 (专线列车 (Liner))"", ""快速/普通车自由席列车 (指定席)"", ""快速/普通车自由席列车 (自由席)"", ""东京单轨电车"", ""临海线""], ""status_rows"": [{""label"": null, ""symbols"": [{""symbol"": ""▲"", ""note"": null}, {""symbol"": ""▲"", ""note"": null}, {""symbol"": ""▲"", ""note"": null}, {""symbol"": ""▲"", ""note"": null}, {""symbol"": ""▲"", ""note"": null}, {""symbol"": ""▲"", ""note"": null}, {""symbol"": ""▲"", ""note"": null}, {""symbol"": ""▲"", ""note"": null}, {""symbol"": ""▲"", ""note"": null}, {""symbol"": ""○"", ""note"": null}]}], ""legend"": {""○"": ""可乘车"", ""▲"": ""仅乘车券有效"", ""×"": ""不可乘车""}, ""notes"": null}",JR,[],0.0,“JR九州网络列车预订”（需要登录）,JR 九州信息中心 TEL: 050-3786-1717,,https://www.jrkyushu-kippu.jp/fare/ticket/458,"[{""text"": ""ＪＲ九州"", ""url"": ""https://www.jrkyushu-kippu.jp/fare/ticket/458""}, {""text"": ""ＪＲ九州"", ""url"": ""https://www.jrkyushu.co.jp/train/tokubetsu-gosyuin-meguri/#sec02""}]",,https://www2s.biglobe.ne.jp/~t_aoyagi/railway/free/jrkyusyu51.htm,jrkyusyu51.htm,19,2026/8/10 1:30,ぐるっと九州御朱印めぐりきっぷ,,,,https://www2s.biglobe.ne.jp/~t_aoyagi/railway/free/jrkyusyu51.htm
jrkyusyu52,いちにち九州御朱印めぐりきっぷ,JR九州,"[""ＪＲ九州""]",1,False,kyusyu,九州,九州,"[""九州""]",kikan,期間限定タイプ,期间限定,"[""実券""]",True,False,period,2026/2/20  〜10/31,2026/2/20,2026/10/31,3900.0,,3900.0,"大人：3,900円",1天,1.0,2026年2月20日 - 2026年10月31日,2026年2月20日 - 2026年10月31日,,"[""https://www2s.biglobe.ne.jp/~t_aoyagi/railway/free/map/jrkyusyu92.gif""]","{""columns"": [""東海道新干线 (希望号 (Nozomi))"", ""東海道新干线 (光号/回声号)"", ""东北/上越新干线"", ""在来线特急/急行"", ""快速/普通车自由席列车 (绿色车厢)"", ""快速/普通车自由席列车 (专线列车 (Liner))"", ""快速/普通车自由席列车 (指定席)"", ""快速/普通车自由席列车 (自由席)"", ""东京单轨电车"", ""临海线""], ""status_rows"": [{""label"": null, ""symbols"": [{""symbol"": ""▲"", ""note"": null}, {""symbol"": ""▲"", ""note"": null}, {""symbol"": ""▲"", ""note"": null}, {""symbol"": ""▲"", ""note"": null}, {""symbol"": ""▲"", ""note"": null}, {""symbol"": ""▲"", ""note"": null}, {""symbol"": ""▲"", ""note"": null}, {""symbol"": ""▲"", ""note"": null}, {""symbol"": ""▲"", ""note"": null}, {""symbol"": ""○"", ""note"": null}]}], ""legend"": {""○"": ""可乘车"", ""▲"": ""仅乘车券有效"", ""×"": ""不可乘车""}, ""notes"": null}",JR,[],0.0,“JR九州网络列车预订”（需要登录）,JR 九州信息中心 TEL: 050-3786-1717,,https://www.jrkyushu-kippu.jp/fare/ticket/457?,"[{""text"": ""ＪＲ九州"", ""url"": ""https://www.jrkyushu-kippu.jp/fare/ticket/457?""}, {""text"": ""ＪＲ九州"", ""url"": ""https://www.jrkyushu.co.jp/train/tokubetsu-gosyuin-meguri/#sec02""}]",,https://www2s.biglobe.ne.jp/~t_aoyagi/railway/free/jrkyusyu52.htm,jrkyusyu52.htm,20,2026/8/10 1:30,いちにち九州御朱印めぐりきっぷ,,,,https://www2s.biglobe.ne.jp/~t_aoyagi/railway/free/jrkyusyu52.htm
jrkyusyu121,旅名人の九州満喫寺社めぐりきっぷ,JR九州,"[""ＪＲ九州""]",1,False,kyusyu,九州,九州,"[""九州""]",kikan,期間限定タイプ,期间限定,"[""実券""]",True,False,ended,終了,,,12000.0,,12000.0,"大人：12,000円",自购买之日起3个月内任意3天（次）,3.0,2025年4月1日 - 2025年10月31日,2025年4月1日 - 2025年10月31日,,"[""https://www2s.biglobe.ne.jp/~t_aoyagi/railway/free/map/jrkyusyu03.gif""]","{""columns"": [""绿色车厢 (头等座)"", ""普通车自由席车指定席席"", ""普通车自由席车自由席席"", ""专线列车 (Liner)"", ""特急"", ""急行"", ""快速"", ""普通车自由席"", ""指定席"", ""自由席"", ""其他的""], ""status_rows"": [{""label"": null, ""symbols"": [{""symbol"": ""×"", ""note"": null}, {""symbol"": ""×"", ""note"": null}, {""symbol"": ""×"", ""note"": null}, {""symbol"": ""×"", ""note"": null}, {""symbol"": ""×"", ""note"": null}, {""symbol"": ""×"", ""note"": null}, {""symbol"": ""△"", ""note"": null}, {""symbol"": ""▲"", ""note"": null}, {""symbol"": ""▲"", ""note"": null}, {""symbol"": ""○"", ""note"": null}, {""symbol"": ""×"", ""note"": null}]}], ""legend"": {""○"": ""可乘车"", ""▲"": ""仅乘车券有效"", ""△"": ""仅限西日本铁道"", ""×"": ""不可乘车""}, ""notes"": null}",JR,"[""您可以乘坐各公司和车站运营的普通列车和快速列车。"", ""不能乘坐九州新干线。"", ""JR九州的普通车厢指定席可以通过单独购买指定席票来乘坐。"", ""您还可以乘坐西日本铁道的特急列车和特快列车。"", ""不能乘坐南阿苏铁道的无轨电车。"", ""无法使用肥萨线出租车交通（八代 - 人吉）。""]",6.0,JR九州站,JR 九州信息中心 TEL: 092-471-8111,,https://www.jrkyushu-kippu.jp/fare/ticket/426,"[{""text"": ""ＪＲ九州"", ""url"": ""https://www.jrkyushu-kippu.jp/fare/ticket/426""}, {""text"": ""ＪＲ九州"", ""url"": ""https://www.jrkyushu.co.jp/train/jisha-meguri/#box02""}]",,https://www2s.biglobe.ne.jp/~t_aoyagi/railway/free/jrkyusyu121.htm,jrkyusyu121.htm,21,2026/8/10 1:30,旅名人の九州満喫寺社めぐりきっぷ,,,,https://www2s.biglobe.ne.jp/~t_aoyagi/railway/free/jrkyusyu121.htm
jrkyusyu120,福岡エリア 九州寺社めぐりきっぷ,JR九州,"[""ＪＲ九州""]",1,False,kyusyu,九州,九州,"[""九州""]",kikan,期間限定タイプ,期间限定,"[""実券""]",True,False,ended,終了,,,3500.0,3500.0,3500.0,"大人：3,500円／小人：3,500円",1天,1.0,2025年4月25日 - 2025年10月31日,2025年6月13日 - 2025年10月31日,,"[""https://www2s.biglobe.ne.jp/~t_aoyagi/railway/free/map/jrkyusyu120.gif""]","{""columns"": [""東海道新干线 (希望号 (Nozomi))"", ""東海道新干线 (光号/回声号)"", ""东北/上越新干线"", ""在来线特急/急行"", ""快速/普通车自由席列车 (绿色车厢)"", ""快速/普通车自由席列车 (专线列车 (Liner))"", ""快速/普通车自由席列车 (指定席)"", ""快速/普通车自由席列车 (自由席)"", ""东京单轨电车"", ""临海线""], ""status_rows"": [{""label"": null, ""symbols"": [{""symbol"": ""－"", ""note"": null}, {""symbol"": ""－"", ""note"": null}, {""symbol"": ""▲"", ""note"": null}, {""symbol"": ""▲"", ""note"": null}, {""symbol"": ""▲"", ""note"": null}, {""symbol"": ""－"", ""note"": null}, {""symbol"": ""－"", ""note"": null}, {""symbol"": ""▲"", ""note"": null}, {""symbol"": ""▲"", ""note"": null}, {""symbol"": ""○"", ""note"": null}]}], ""legend"": {""○"": ""可乘车"", ""△"": ""有限制条件"", ""▲"": ""仅乘车券有效"", ""×"": ""不可乘车"", ""－"": ""未设定""}, ""notes"": null}",JR,[],0.0,「JR九州网络预约」,"JR 九州信息中心 TEL: 095-826-4336
 JR 九州旅行长崎支店 TEL: 095-822-4813",,https://www.jrkyushu.co.jp/train/jisha-meguri/#box03,"[{""text"": ""ＪＲ九州"", ""url"": ""https://www.jrkyushu.co.jp/train/jisha-meguri/#box03""}]",,https://www2s.biglobe.ne.jp/~t_aoyagi/railway/free/jrkyusyu120.htm,jrkyusyu120.htm,22,2026/8/10 1:30,福岡エリア 九州寺社めぐりきっぷ,,,,https://www2s.biglobe.ne.jp/~t_aoyagi/railway/free/jrkyusyu120.htm
jrkyusyu119,ぶらり大村線 寺社めぐりきっぷ,JR九州,"[""ＪＲ九州""]",1,False,kyusyu,九州,九州,"[""九州""]",kikan,期間限定タイプ,期间限定,"[""実券""]",True,False,ended,終了,,,3700.0,3700.0,3700.0,"大人：3,700円／小人：3,700円",2天,2.0,2025年6月13日 - 2025年10月30日,2025年6月13日 - 2025年10月31日,,"[""https://www2s.biglobe.ne.jp/~t_aoyagi/railway/free/map/jrkyusyu81.gif""]","{""columns"": [""東海道新干线 (希望号 (Nozomi))"", ""東海道新干线 (光号/回声号)"", ""东北/上越新干线"", ""在来线特急/急行"", ""快速/普通车自由席列车 (绿色车厢)"", ""快速/普通车自由席列车 (专线列车 (Liner))"", ""快速/普通车自由席列车 (指定席)"", ""快速/普通车自由席列车 (自由席)"", ""东京单轨电车"", ""临海线""], ""status_rows"": [{""label"": null, ""symbols"": [{""symbol"": ""▲"", ""note"": null}, {""symbol"": ""▲"", ""note"": null}, {""symbol"": ""▲"", ""note"": null}, {""symbol"": ""▲"", ""note"": null}, {""symbol"": ""▲"", ""note"": null}, {""symbol"": ""－"", ""note"": null}, {""symbol"": ""－"", ""note"": null}, {""symbol"": ""▲"", ""note"": null}, {""symbol"": ""▲"", ""note"": null}, {""symbol"": ""○"", ""note"": null}]}], ""legend"": {""○"": ""可乘车"", ""△"": ""有限制条件"", ""▲"": ""仅乘车券有效"", ""×"": ""不可乘车"", ""－"": ""未设定""}, ""notes"": null}",JR,[],0.0,长崎、浦上、谏早、大村、新大村、Huis Ten Bosch、崎、佐世保、有田、武雄温泉、嬉野温泉,"JR 九州信息中心 TEL: 095-826-4336
 JR 九州旅行长崎支店 TEL: 095-822-4813",,https://www.jrkyushu.co.jp/train/jisha-meguri/#box04,"[{""text"": ""ＪＲ九州"", ""url"": ""https://www.jrkyushu.co.jp/train/jisha-meguri/#box04""}]",,https://www2s.biglobe.ne.jp/~t_aoyagi/railway/free/jrkyusyu119.htm,jrkyusyu119.htm,23,2026/8/10 1:30,ぶらり大村線 寺社めぐりきっぷ,,,,https://www2s.biglobe.ne.jp/~t_aoyagi/railway/free/jrkyusyu119.htm
jrkyusyu122,北九州周遊パス〜タッチKyushu〜,JR九州,"[""ＪＲ九州"", ""皿倉山登山鉄道""]",2,True,kyusyu,九州,九州,"[""九州""]",kikan,期間限定タイプ,期间限定,"[""デジタル""]",False,True,period,2025/7/23  〜2027/3/31,2025/7/23,2027/3/31,2000.0,2000.0,2000.0,"１日間 大人：2,000円 小人：2,000円 
 ２日間 大人：3,000円 小人：3,000円",1/2 天,2.0,"一日票2025年7月23日至2026年3月31日
 2日票2025年7月23日至2026年3月30日",2025年7月23日 - 2027年3月31日,,"[""https://www2s.biglobe.ne.jp/~t_aoyagi/railway/free/map/jrkyusyu122.gif""]","{""columns"": [""绿色车厢 (头等座)"", ""普通车自由席车指定席席"", ""普通车自由席车自由席席"", ""专线列车 (Liner)"", ""特急"", ""急行"", ""快速"", ""普通车自由席"", ""指定席"", ""自由席"", ""其他的"", ""绿色车厢 (头等座)""], ""status_rows"": [{""label"": null, ""symbols"": [{""symbol"": ""×"", ""note"": null}, {""symbol"": ""×"", ""note"": null}, {""symbol"": ""×"", ""note"": null}, {""symbol"": ""×"", ""note"": null}, {""symbol"": ""×"", ""note"": null}, {""symbol"": ""×"", ""note"": null}, {""symbol"": ""×"", ""note"": null}, {""symbol"": ""×"", ""note"": null}, {""symbol"": ""×"", ""note"": null}, {""symbol"": ""▲"", ""note"": null}, {""symbol"": ""▲"", ""note"": null}, {""symbol"": ""○"", ""note"": null}]}], ""legend"": {""○"": ""可乘车"", ""▲"": ""需另购特急/料金券"", ""×"": ""不可乘车""}, ""notes"": null}",JR,"[""需要支持触摸支付的信用卡""]",1.0,九州观光公社通行证盒,JR九州,,https://kitakyushu-tourpass.com/,"[{""text"": ""九州観光機構"", ""url"": ""https://kitakyushu-tourpass.com/""}, {""text"": ""皿倉登山鉄道"", ""url"": ""https://www.sarakurayama-cablecar.co.jp/news/2025-7-23%e3%80%8c%e5%8c%97%e4%b9%9d%e5%b7%9e%e5%91%a8%e9%81%8a%e3%83%91%e3%82%b9%e3%80%8d%e8%b2%a9%e5%a3%b2%e9%96%8b%e5%a7%8b/""}]",,https://www2s.biglobe.ne.jp/~t_aoyagi/railway/free/jrkyusyu122.htm,jrkyusyu122.htm,24,2026/8/10 1:30,北九州周遊パス〜タッチKyushu〜,－,,,https://www2s.biglobe.ne.jp/~t_aoyagi/railway/free/jrkyusyu122.htm
jrkyusyu130,GO QUEST西九州フリーきっぷ,JR九州,"[""ＪＲ九州""]",1,False,kyusyu,九州,九州,"[""九州""]",kikan,期間限定タイプ,期间限定,"[""実券""]",True,False,ended,終了,,,9990.0,2990.0,2990.0,"２日間用 大人：9,990円／小人：2,990円 
 ３日間用 大人：10,990円／小人：3,990円",2天,2.0,"2025年8月23日 - 2026年3月29日
 优惠至使用前一天",2025年9月7日 - 2026年3月31日,,"[""https://www2s.biglobe.ne.jp/~t_aoyagi/railway/free/map/jrkyusyu130.gif""]","{""columns"": [""绿色车厢 (头等座)"", ""普通车自由席车指定席席"", ""普通车自由席车自由席席"", ""专线列车 (Liner)"", ""特急"", ""急行"", ""快速"", ""普通车自由席"", ""指定席"", ""自由席"", ""其他的"", ""绿色车厢 (头等座)""], ""status_rows"": [{""label"": null, ""symbols"": [{""symbol"": ""×"", ""note"": null}, {""symbol"": ""■"", ""note"": null}, {""symbol"": ""△"", ""note"": null}, {""symbol"": ""○"", ""note"": null}, {""symbol"": ""■"", ""note"": null}, {""symbol"": ""■"", ""note"": null}, {""symbol"": ""■"", ""note"": null}, {""symbol"": ""△"", ""note"": null}, {""symbol"": ""○"", ""note"": null}, {""symbol"": ""■"", ""note"": null}, {""symbol"": ""■"", ""note"": null}, {""symbol"": ""○"", ""note"": null}]}], ""legend"": {""○"": ""可乘车"", ""△"": ""最多有效3次"", ""■"": ""仅乘车券有效"", ""×"": ""不可乘车"", ""－"": ""未设定""}, ""notes"": null}",JR,"[""J 儿童版只能与成人版同时购买并在同一旅程中使用。""]",1.0,JR九州 仅限网络预约,JR九州,,https://www.jrkyushu-kippu.jp/fare/ticket/443,"[{""text"": ""ＪＲ九州"", ""url"": ""https://www.jrkyushu-kippu.jp/fare/ticket/443""}]",,https://www2s.biglobe.ne.jp/~t_aoyagi/railway/free/jrkyusyu130.htm,jrkyusyu130.htm,25,2026/8/10 1:30,GO QUEST西九州フリーきっぷ,,,,https://www2s.biglobe.ne.jp/~t_aoyagi/railway/free/jrkyusyu130.htm
jrkyusyu127,島原半島〜長崎満喫きっぷ,JR九州,"[""ＪＲ九州""]",1,False,kyusyu,九州,九州,"[""九州""]",kikan,期間限定タイプ,期间限定,"[""実券""]",True,False,ended,終了,,,3600.0,,3600.0,"2日間きっぷ 大人：3,600円 小人：---円 
 3日間きっぷ 大人：4,950円 小人：---円","2天票 2天
 3天票 3天",2.0,"2日票 2026年2月1日 - 2026年3月30日
 3日票 2026年2月1日 - 2026年3月29日",2026年2月1日 - 2026年3月31日,,"[""https://www2s.biglobe.ne.jp/~t_aoyagi/railway/free/map/jrkyusyu127.gif""]","{""columns"": [""绿色车厢 (头等座)"", ""普通车自由席车指定席席"", ""普通车自由席车自由席席"", ""专线列车 (Liner)"", ""特急"", ""急行"", ""快速"", ""普通车自由席"", ""指定席"", ""自由席"", ""其他的"", ""绿色车厢 (头等座)""], ""status_rows"": [{""label"": null, ""symbols"": [{""symbol"": ""×"", ""note"": null}, {""symbol"": ""▲"", ""note"": null}, {""symbol"": ""▲"", ""note"": null}, {""symbol"": ""▲"", ""note"": null}, {""symbol"": ""▲"", ""note"": null}, {""symbol"": ""▲"", ""note"": null}, {""symbol"": ""▲"", ""note"": null}, {""symbol"": ""▲"", ""note"": null}, {""symbol"": ""▲"", ""note"": null}, {""symbol"": ""▲"", ""note"": null}, {""symbol"": ""▲"", ""note"": null}, {""symbol"": ""○"", ""note"": null}]}], ""legend"": {""○"": ""可乘车"", ""△"": ""合计限使用6次指定席"", ""▲"": ""需另购特急/料金券"", ""■"": ""仅乘车券有效"", ""×"": ""不可乘车"", ""－"": ""未设定""}, ""notes"": null}",JR,[],0.0,"谏早站、长崎站的指定席售票机
 JR九州网络预约",JR九州,,https://train.yoyaku.jrkyushu.co.jp/jr/pc/special/TicketClass?code=SNK,"[{""text"": ""JR九州"", ""url"": ""https://train.yoyaku.jrkyushu.co.jp/jr/pc/special/TicketClass?code=SNK""}, {""text"": ""ながさきバスツアー.net"", ""url"": ""https://nbtour.net/mankitsu_kippu/""}]",,https://www2s.biglobe.ne.jp/~t_aoyagi/railway/free/jrkyusyu127.htm,jrkyusyu127.htm,26,2026/8/10 1:30,島原半島〜長崎満喫きっぷ,,,,https://www2s.biglobe.ne.jp/~t_aoyagi/railway/free/jrkyusyu127.htm
jrkyusyu129,九州大冒険きっぷ(全九州版),JR九州,"[""ＪＲ九州""]",1,False,kyusyu,九州,九州,"[""九州""]",kikan,期間限定タイプ,期间限定,"[""実券""]",True,False,ended,終了,,,10000.0,2000.0,2000.0,"大人：10,000円／小人：2,000円",2天,2.0,"2026年3月10日 - 2026年4月17日
 优惠至使用前一天",2026年4月10日 - 2026年4月19日,,"[""https://www2s.biglobe.ne.jp/~t_aoyagi/railway/free/map/jrkyusyu92.gif""]","{""columns"": [""绿色车厢 (头等座)"", ""普通车自由席车指定席席"", ""普通车自由席车自由席席"", ""专线列车 (Liner)"", ""特急"", ""急行"", ""快速"", ""普通车自由席"", ""指定席"", ""自由席"", ""其他的"", ""绿色车厢 (头等座)""], ""status_rows"": [{""label"": null, ""symbols"": [{""symbol"": ""×"", ""note"": null}, {""symbol"": ""■"", ""note"": null}, {""symbol"": ""■"", ""note"": null}, {""symbol"": ""○"", ""note"": null}, {""symbol"": ""■"", ""note"": null}, {""symbol"": ""■"", ""note"": null}, {""symbol"": ""■"", ""note"": null}, {""symbol"": ""■"", ""note"": null}, {""symbol"": ""○"", ""note"": null}, {""symbol"": ""■"", ""note"": null}, {""symbol"": ""■"", ""note"": null}, {""symbol"": ""○"", ""note"": null}]}], ""legend"": {""○"": ""可乘车"", ""■"": ""仅乘车券有效"", ""×"": ""不可乘车"", ""－"": ""未设定""}, ""notes"": null}",JR,[],0.0,JR九州 仅限网络预约,JR九州,,https://www.jrkyushu-kippu.jp/fare/ticket/455,"[{""text"": ""ＪＲ九州"", ""url"": ""https://www.jrkyushu-kippu.jp/fare/ticket/455""}]",,https://www2s.biglobe.ne.jp/~t_aoyagi/railway/free/jrkyusyu129.htm,jrkyusyu129.htm,27,2026/8/10 1:30,九州大冒険きっぷ(全九州版),,,,https://www2s.biglobe.ne.jp/~t_aoyagi/railway/free/jrkyusyu129.htm
jrkyusyu128,九州大冒険きっぷ(北部九州版),JR九州,"[""ＪＲ九州""]",1,False,kyusyu,九州,九州,"[""九州""]",kikan,期間限定タイプ,期间限定,"[""実券""]",True,False,ended,終了,,,10000.0,2000.0,2000.0,"大人：10,000円／小人：2,000円",2天,2.0,"2026年3月10日 - 2026年4月17日
 优惠至使用前一天",2026年4月10日 - 2026年4月19日,,"[""https://www2s.biglobe.ne.jp/~t_aoyagi/railway/free/map/jrkyusyu85.gif""]","{""columns"": [""绿色车厢 (头等座)"", ""普通车自由席车指定席席"", ""普通车自由席车自由席席"", ""专线列车 (Liner)"", ""特急"", ""急行"", ""快速"", ""普通车自由席"", ""指定席"", ""自由席"", ""其他的"", ""绿色车厢 (头等座)""], ""status_rows"": [{""label"": null, ""symbols"": [{""symbol"": ""×"", ""note"": null}, {""symbol"": ""■"", ""note"": null}, {""symbol"": ""■"", ""note"": null}, {""symbol"": ""○"", ""note"": null}, {""symbol"": ""■"", ""note"": null}, {""symbol"": ""■"", ""note"": null}, {""symbol"": ""■"", ""note"": null}, {""symbol"": ""■"", ""note"": null}, {""symbol"": ""○"", ""note"": null}, {""symbol"": ""■"", ""note"": null}, {""symbol"": ""■"", ""note"": null}, {""symbol"": ""○"", ""note"": null}]}], ""legend"": {""○"": ""可乘车"", ""■"": ""仅乘车券有效"", ""×"": ""不可乘车"", ""－"": ""未设定""}, ""notes"": null}",JR,"[""J 儿童版只能与成人版同时购买并在同一旅程中使用。""]",1.0,JR九州网络预订（需要登录）,JR九州,,https://www.jrkyushu-kippu.jp/fare/ticket/455,"[{""text"": ""ＪＲ九州"", ""url"": ""https://www.jrkyushu-kippu.jp/fare/ticket/455""}]",,https://www2s.biglobe.ne.jp/~t_aoyagi/railway/free/jrkyusyu128.htm,jrkyusyu128.htm,28,2026/8/10 1:30,九州大冒険きっぷ(北部九州版),,,,https://www2s.biglobe.ne.jp/~t_aoyagi/railway/free/jrkyusyu128.htm
jrkyusyu132,かごんまーベラスフリーきっぷ,JR九州,"[""ＪＲ九州""]",1,False,kyusyu,九州,九州,"[""九州""]",kikan,期間限定タイプ,期间限定,"[""実券""]",True,False,ended,終了,,,3500.0,1500.0,1500.0,"大人：3,500円 小人：1,500円",2天,2.0,2026年3月1日 - 2026年6月28日,2026年3月12日 - 2026年6月30日,,"[""https://www2s.biglobe.ne.jp/~t_aoyagi/railway/free/map/jrkyusyu132.gif""]","{""columns"": [""绿色车厢 (头等座)"", ""普通车自由席车指定席席"", ""普通车自由席车自由席席"", ""专线列车 (Liner)"", ""特急"", ""急行"", ""快速"", ""普通车自由席"", ""指定席"", ""自由席"", ""其他的""], ""status_rows"": [{""label"": null, ""symbols"": [{""symbol"": ""×"", ""note"": null}, {""symbol"": ""×"", ""note"": null}, {""symbol"": ""×"", ""note"": null}, {""symbol"": ""▲"", ""note"": null}, {""symbol"": ""▲"", ""note"": null}, {""symbol"": ""▲"", ""note"": null}, {""symbol"": ""▲"", ""note"": null}, {""symbol"": ""〇"", ""note"": null}, {""symbol"": ""▲"", ""note"": null}, {""symbol"": ""▲"", ""note"": null}, {""symbol"": ""〇"", ""note"": null}]}], ""legend"": {""○"": ""可乘车"", ""▲"": ""仅乘车券有效"", ""×"": ""不可乘车""}, ""notes"": null}",JR,"[""优惠至乘车日期前一天""]",1.0,网上火车预订,JR九州 电话：,,https://www.jrkyushu-kippu.jp/fare/ticket/459,"[{""text"": ""ＪＲ九州"", ""url"": ""https://www.jrkyushu-kippu.jp/fare/ticket/459""}]",,https://www2s.biglobe.ne.jp/~t_aoyagi/railway/free/jrkyusyu132.htm,jrkyusyu132.htm,29,2026/8/10 1:30,かごんまーベラスフリーきっぷ,,,,https://www2s.biglobe.ne.jp/~t_aoyagi/railway/free/jrkyusyu132.htm
jrkyusyu133,JR・市電・市バス・シティビュー乗りまわレールきっぷ,JR九州,"[""ＪＲ九州"", ""鹿児島市交通局""]",2,True,kyusyu,九州,九州,"[""九州""]",kikan,期間限定タイプ,期间限定,"[""デジタル""]",False,True,period,2026/3/14  〜7/31,2026/3/14,2026/7/31,1000.0,500.0,500.0,"大人：1,000円 小人：500円",2天,2.0,2026年3月14日 - 2026年7月31日,2026年3月14日 - 2026年7月31日,,"[""https://www2s.biglobe.ne.jp/~t_aoyagi/railway/free/map/jrkyusyu133.gif""]","{""columns"": [""绿色车厢 (头等座)"", ""普通车自由席车指定席席"", ""普通车自由席车自由席席"", ""专线列车 (Liner)"", ""特急"", ""急行"", ""快速"", ""普通车自由席"", ""指定席"", ""自由席"", ""其他的""], ""status_rows"": [{""label"": null, ""symbols"": [{""symbol"": ""×"", ""note"": null}, {""symbol"": ""×"", ""note"": null}, {""symbol"": ""×"", ""note"": null}, {""symbol"": ""▲"", ""note"": null}, {""symbol"": ""▲"", ""note"": null}, {""symbol"": ""▲"", ""note"": null}, {""symbol"": ""▲"", ""note"": null}, {""symbol"": ""▲"", ""note"": null}, {""symbol"": ""▲"", ""note"": null}, {""symbol"": ""▲"", ""note"": null}, {""symbol"": ""〇"", ""note"": null}]}], ""legend"": {""○"": ""可乘车"", ""▲"": ""仅乘车券有效"", ""×"": ""不可乘车""}, ""notes"": null}",JR,"[""优惠至乘车日期前一天""]",1.0,my route,JR九州 电话：,,https://kyushu-maas.jp/ticket/1723,"[{""text"": ""九州MaaS"", ""url"": ""https://kyushu-maas.jp/ticket/1723""}]",,https://www2s.biglobe.ne.jp/~t_aoyagi/railway/free/jrkyusyu133.htm,jrkyusyu133.htm,30,2026/8/10 1:30,JR・市電・市バス・シティビュー乗りまわレールきっぷ,,,,https://www2s.biglobe.ne.jp/~t_aoyagi/railway/free/jrkyusyu133.htm
jrkyusyu116,くまもっと！冒険きっぷ,JR九州,"[""ＪＲ九州""]",1,False,kyusyu,九州,九州,"[""九州""]",kikan,期間限定タイプ,期间限定,"[""実券"", ""デジタル""]",True,True,period,2026/6/17  〜12/31,2026/6/17,2026/12/31,2990.0,1490.0,1490.0,"【JR九州インターネット列車予約】 
 2日間用 大人：2,990円／小人：1,490円 
 3日間用 大人：3,990円／小人：1,990円 
 
【tabiwa/my route】 
 2日間用 大人：3,190円／小人：1,590円 
 3日間用 大人：4,190円／小人：2,090円",2天/3天,2.0,"JR九州网络列车预订2天2026年6月17日～2026年12月29日
 3天 2026年6月17日 - 2026年12月28日
 tabiwa/我的路线 2 天 2026年7月1日 - 2026年12月30日
 3天 2026年7月1日 - 2026年12月29日",2026年7月1日 - 2026年12月31日,,"[""https://www2s.biglobe.ne.jp/~t_aoyagi/railway/free/map/jrkyusyu116.gif""]","{""columns"": [""绿色车厢 (头等座)"", ""普通车自由席车指定席席"", ""普通车自由席车自由席席"", ""专线列车 (Liner)"", ""特急"", ""急行"", ""快速"", ""普通车自由席"", ""指定席"", ""自由席"", ""其他的"", ""绿色车厢 (头等座)""], ""status_rows"": [{""label"": null, ""symbols"": [{""symbol"": ""－"", ""note"": null}, {""symbol"": ""×"", ""note"": null}, {""symbol"": ""×"", ""note"": null}, {""symbol"": ""×"", ""note"": null}, {""symbol"": ""■"", ""note"": null}, {""symbol"": ""■"", ""note"": null}, {""symbol"": ""■"", ""note"": null}, {""symbol"": ""■"", ""note"": null}, {""symbol"": ""■"", ""note"": null}, {""symbol"": ""■"", ""note"": null}, {""symbol"": ""△"", ""note"": null}, {""symbol"": ""○"", ""note"": null}]}], ""legend"": {""○"": ""可乘车"", ""■"": ""仅乘车券有效"", ""×"": ""不可乘车"", ""－"": ""未设定""}, ""notes"": null}",JR,[],0.0,"“JR九州网络列车预订”（需要登录）
 
 塔比瓦 我的路线",JR 九州信息中心 TEL: 095-826-4336,,https://www.jrkyushu.co.jp/news/__icsFiles/afieldfile/2026/05/26/20260526_Kumamoto_DC_Collaboration_Campaign_1.pdf,"[{""text"": ""ＪＲ九州"", ""url"": ""https://www.jrkyushu.co.jp/news/__icsFiles/afieldfile/2026/05/26/20260526_Kumamoto_DC_Collaboration_Campaign_1.pdf""}]",,https://www2s.biglobe.ne.jp/~t_aoyagi/railway/free/jrkyusyu116.htm,jrkyusyu116.htm,31,2026/8/10 1:30,くまもっと！冒険きっぷ,,,,https://www2s.biglobe.ne.jp/~t_aoyagi/railway/free/jrkyusyu116.htm
solaseed01,鹿児島・宮崎フリーきっぷ,ソラシドエア,"[""ソラシドエア""]",1,False,kyusyu,九州,九州,"[""九州""]",kikan,期間限定タイプ,期间限定,"[""実券""]",True,False,on_sale,発売中,,,6390.0,3240.0,3240.0,"有効期間 一般 Solaseed Airカード 
 大人 小人 大人 小人 
 2日間 7,100円 3,600円 6,390円 3,240円 
 3日間 8,400円 4,200円 7,560円 3,780円",2天/3天,2.0,现已发售,现已发售,,"[""https://www2s.biglobe.ne.jp/~t_aoyagi/railway/free/map/solaseed01.gif""]","{""columns"": [""绿色车厢 (头等座)"", ""普通车自由席车指定席席"", ""普通车自由席车自由席席"", ""专线列车 (Liner)"", ""特急"", ""急行"", ""快速"", ""普通车自由席"", ""指定席"", ""自由席"", ""其他的"", ""绿色车厢 (头等座)"", ""普通车自由席车指定席席"", ""普通车自由席车自由席席"", ""专线列车 (Liner)"", ""特急"", ""急行"", ""快速"", ""普通车自由席""], ""status_rows"": [{""label"": null, ""symbols"": [{""symbol"": ""×"", ""note"": null}, {""symbol"": ""×"", ""note"": null}, {""symbol"": ""×"", ""note"": null}, {""symbol"": ""×"", ""note"": null}, {""symbol"": ""×"", ""note"": null}, {""symbol"": ""－"", ""note"": null}, {""symbol"": ""－"", ""note"": null}, {""symbol"": ""×"", ""note"": null}, {""symbol"": ""×"", ""note"": null}, {""symbol"": ""×"", ""note"": null}, {""symbol"": ""●"", ""note"": null}, {""symbol"": ""○"", ""note"": null}, {""symbol"": ""●"", ""note"": null}, {""symbol"": ""○"", ""note"": null}, {""symbol"": ""×"", ""note"": null}, {""symbol"": ""×"", ""note"": null}, {""symbol"": ""×"", ""note"": null}, {""symbol"": ""▲"", ""note"": null}, {""symbol"": ""×"", ""note"": null}]}], ""legend"": {""○"": ""可乘车"", ""●"": ""有限制条件"", ""▲"": ""仅乘车券有效"", ""×"": ""不可乘车"", ""－"": ""未设定""}, ""notes"": [""※指定席は６回まで""]}",JR,[],0.0,"Solaseed Air 航班: 羽田出发 → 宫崎/熊本/长崎/鹿儿岛/大分到达航班
 
 
换乘站：宫崎、宫崎机场、鹿儿岛中央、隼人、国分、雾岛神社、指宿",JR九州,,https://www.solaseedair.jp/jrkyushu-freeticket/,"[{""text"": ""ソラシドエア"", ""url"": ""https://www.solaseedair.jp/jrkyushu-freeticket/""}]",,https://www2s.biglobe.ne.jp/~t_aoyagi/railway/free/solaseed01.htm,solaseed01.htm,32,2026/8/10 1:30,鹿児島・宮崎フリーきっぷ,,,,https://www2s.biglobe.ne.jp/~t_aoyagi/railway/free/solaseed01.htm
solaseed02,由布院・別府フリーきっぷ,ソラシドエア,"[""ソラシドエア""]",1,False,kyusyu,九州,九州,"[""九州""]",kikan,期間限定タイプ,期间限定,"[""実券""]",True,False,on_sale,発売中,,,8640.0,4320.0,4320.0,"有効期間 一般 Solaseed Airカード 
 大人 小人 大人 小人 
 2日間 9,600円 4,800円 8,640円 4,320円 
 3日間 10,900円 5,500円 9,810円 4,950円",2天/3天,2.0,从 2024 年 7 月 1 日起,从 2024 年 7 月 1 日起,,"[""https://www2s.biglobe.ne.jp/~t_aoyagi/railway/free/map/solaseed02.gif""]","{""columns"": [""绿色车厢 (头等座)"", ""普通车自由席车指定席席"", ""普通车自由席车自由席席"", ""专线列车 (Liner)"", ""特急"", ""急行"", ""快速"", ""普通车自由席"", ""指定席"", ""自由席"", ""其他的"", ""绿色车厢 (头等座)"", ""普通车自由席车指定席席"", ""普通车自由席车自由席席"", ""专线列车 (Liner)"", ""特急"", ""急行"", ""快速"", ""普通车自由席""], ""status_rows"": [{""label"": null, ""symbols"": [{""symbol"": ""×"", ""note"": null}, {""symbol"": ""×"", ""note"": null}, {""symbol"": ""×"", ""note"": null}, {""symbol"": ""×"", ""note"": null}, {""symbol"": ""－"", ""note"": null}, {""symbol"": ""－"", ""note"": null}, {""symbol"": ""▲"", ""note"": null}, {""symbol"": ""▲"", ""note"": null}, {""symbol"": ""▲"", ""note"": null}, {""symbol"": ""○"", ""note"": null}, {""symbol"": ""○"", ""note"": null}, {""symbol"": ""▲"", ""note"": null}, {""symbol"": ""○"", ""note"": null}, {""symbol"": ""×"", ""note"": null}, {""symbol"": ""×"", ""note"": null}, {""symbol"": ""×"", ""note"": null}, {""symbol"": ""×"", ""note"": null}, {""symbol"": ""▲"", ""note"": null}, {""symbol"": ""×"", ""note"": null}]}], ""legend"": {""○"": ""可乘车"", ""▲"": ""仅乘车券有效"", ""×"": ""不可乘车"", ""－"": ""未设定""}, ""notes"": null}",JR,[],0.0,"Solaseed Air 航班： 羽田出发 → 宫崎/熊本/长崎/鹿儿岛/大分到达航班
 
 
换乘站：博多、小仓、鸟栖、别府、大分、由布院、行桥",JR九州,,https://www.solaseedair.jp/jrkyushu-freeticket/,"[{""text"": ""ソラシドエア"", ""url"": ""https://www.solaseedair.jp/jrkyushu-freeticket/""}]",,https://www2s.biglobe.ne.jp/~t_aoyagi/railway/free/solaseed02.htm,solaseed02.htm,33,2026/8/10 1:30,由布院・別府フリーきっぷ,,,,https://www2s.biglobe.ne.jp/~t_aoyagi/railway/free/solaseed02.htm
solaseed03,西九州フリーきっぷ,ソラシドエア,"[""ソラシドエア""]",1,False,kyusyu,九州,九州,"[""九州""]",kikan,期間限定タイプ,期间限定,"[""実券""]",True,False,on_sale,発売中,,,9180.0,4590.0,4590.0,"西九州新幹線2回乗車可 
 
 
 有効期間 一般 Solaseed Airカード 
 大人 小人 大人 小人 
 2日間 10,200円 5,100円 9,180円 4,590円 
 3日間 11,000円 5,500円 9,900円 4,950円 
 
 
 
 西九州新幹線乗車回数制限なし 
 
 有効期間 一般 Solaseed Airカード 
 大人 小人 大人 小人 
 2日間 11,500円 5,800円 10,350円 5,220円 
 3日間 12,600円 6,300円 11,340円 5,670円",2天/3天,2.0,从 2024 年 7 月 1 日起,从 2024 年 7 月 1 日起,,"[""https://www2s.biglobe.ne.jp/~t_aoyagi/railway/free/map/solaseed03.gif""]","{""columns"": [""绿色车厢 (头等座)"", ""普通车自由席车指定席席"", ""普通车自由席车自由席席"", ""专线列车 (Liner)"", ""特急"", ""急行"", ""快速"", ""普通车自由席"", ""指定席"", ""自由席"", ""其他的"", ""绿色车厢 (头等座)"", ""普通车自由席车指定席席"", ""普通车自由席车自由席席"", ""专线列车 (Liner)"", ""特急"", ""急行"", ""快速"", ""普通车自由席""], ""status_rows"": [{""label"": null, ""symbols"": [{""symbol"": ""×"", ""note"": null}, {""symbol"": ""×"", ""note"": null}, {""symbol"": ""×"", ""note"": null}, {""symbol"": ""×"", ""note"": null}, {""symbol"": ""×"", ""note"": null}, {""symbol"": ""●"", ""note"": null}, {""symbol"": ""●"", ""note"": null}, {""symbol"": ""▲"", ""note"": null}, {""symbol"": ""▲"", ""note"": null}, {""symbol"": ""▲"", ""note"": null}, {""symbol"": ""○"", ""note"": null}, {""symbol"": ""○"", ""note"": null}, {""symbol"": ""▲"", ""note"": null}, {""symbol"": ""○"", ""note"": null}, {""symbol"": ""×"", ""note"": null}, {""symbol"": ""×"", ""note"": null}, {""symbol"": ""×"", ""note"": null}, {""symbol"": ""▲"", ""note"": null}, {""symbol"": ""×"", ""note"": null}]}], ""legend"": {""○"": ""可乘车"", ""●"": ""有限制条件"", ""▲"": ""仅乘车券有效"", ""×"": ""不可乘车"", ""－"": ""未设定""}, ""notes"": [""西九州新幹線の乗車は2回と無制限がある。""]}",JR,[],0.0,"Solaseed Air 航班: 羽田出发 → 宫崎/熊本/长崎/鹿儿岛/大分到达航班
 
 
换乘站：博多、鸟栖、佐贺、长崎、谏早、佐世保、Huis Ten Bosch、大村、新大村",JR九州,,https://www.solaseedair.jp/jrkyushu-freeticket/,"[{""text"": ""ソラシドエア"", ""url"": ""https://www.solaseedair.jp/jrkyushu-freeticket/""}]",,https://www2s.biglobe.ne.jp/~t_aoyagi/railway/free/solaseed03.htm,solaseed03.htm,34,2026/8/10 1:30,西九州フリーきっぷ,,,,https://www2s.biglobe.ne.jp/~t_aoyagi/railway/free/solaseed03.htm
solaseed04,中九州フリーきっぷ,ソラシドエア,"[""ソラシドエア""]",1,False,kyusyu,九州,九州,"[""九州""]",kikan,期間限定タイプ,期间限定,"[""実券""]",True,False,on_sale,発売中,,,11160.0,5580.0,5580.0,"有効期間 一般 Solaseed Airカード 
 大人 小人 大人 小人 
 2日間 12,400円 6,200円 11,160円 5,580円 
 3日間 13,800円 6,900円 12,420円 6,210円",2天/3天,2.0,从 2024 年 7 月 1 日起,从 2024 年 7 月 1 日起,,"[""https://www2s.biglobe.ne.jp/~t_aoyagi/railway/free/map/solaseed04.gif""]","{""columns"": [""绿色车厢 (头等座)"", ""普通车自由席车指定席席"", ""普通车自由席车自由席席"", ""专线列车 (Liner)"", ""特急"", ""急行"", ""快速"", ""普通车自由席"", ""指定席"", ""自由席"", ""其他的"", ""绿色车厢 (头等座)"", ""普通车自由席车指定席席"", ""普通车自由席车自由席席"", ""专线列车 (Liner)"", ""特急"", ""急行"", ""快速"", ""普通车自由席""], ""status_rows"": [{""label"": null, ""symbols"": [{""symbol"": ""×"", ""note"": null}, {""symbol"": ""×"", ""note"": null}, {""symbol"": ""×"", ""note"": null}, {""symbol"": ""●"", ""note"": null}, {""symbol"": ""●"", ""note"": null}, {""symbol"": ""－"", ""note"": null}, {""symbol"": ""－"", ""note"": null}, {""symbol"": ""▲"", ""note"": null}, {""symbol"": ""▲"", ""note"": null}, {""symbol"": ""▲"", ""note"": null}, {""symbol"": ""○"", ""note"": null}, {""symbol"": ""○"", ""note"": null}, {""symbol"": ""▲"", ""note"": null}, {""symbol"": ""○"", ""note"": null}, {""symbol"": ""×"", ""note"": null}, {""symbol"": ""×"", ""note"": null}, {""symbol"": ""×"", ""note"": null}, {""symbol"": ""▲"", ""note"": null}, {""symbol"": ""×"", ""note"": null}]}], ""legend"": {""○"": ""可乘车"", ""●"": ""有限制条件"", ""▲"": ""仅乘车券有效"", ""×"": ""不可乘车"", ""－"": ""未设定""}, ""notes"": [""九州新幹線の乗車は1回のみ""]}",JR,[],0.0,"Solaseed Air 航班： 羽田出发 → 宫崎/熊本/长崎/鹿儿岛/大分到达航班
 
 
换乘站：博多、鸟栖、别府、大分、由布院、熊本、肥后大津、阿苏、宫地",JR九州,,https://www.solaseedair.jp/jrkyushu-freeticket/,"[{""text"": ""ソラシドエア"", ""url"": ""https://www.solaseedair.jp/jrkyushu-freeticket/""}]",,https://www2s.biglobe.ne.jp/~t_aoyagi/railway/free/solaseed04.htm,solaseed04.htm,35,2026/8/10 1:30,中九州フリーきっぷ,,,,https://www2s.biglobe.ne.jp/~t_aoyagi/railway/free/solaseed04.htm
solaseed05,全九州フリーきっぷ,ソラシドエア,"[""ソラシドエア""]",1,False,kyusyu,九州,九州,"[""九州""]",kikan,期間限定タイプ,期间限定,"[""実券""]",True,False,on_sale,発売中,,,32490.0,16290.0,16290.0,"有効期間 一般 Solaseed Airカード 
 大人 小人 大人 小人 
 3日間 36,100円 18,100円 32,490円 16,290円 
 4日間 37,400円 18,700円 33,660円 16,830円 
 5日間 38,700円 19,400円 34,830円 17,460円",3天/4天/5天,3.0,从 2024 年 7 月 1 日起,从 2024 年 7 月 1 日起,,"[""https://www2s.biglobe.ne.jp/~t_aoyagi/railway/free/map/solaseed05.gif""]","{""columns"": [""绿色车厢 (头等座)"", ""普通车自由席车指定席席"", ""普通车自由席车自由席席"", ""专线列车 (Liner)"", ""特急"", ""急行"", ""快速"", ""普通车自由席"", ""指定席"", ""自由席"", ""其他的"", ""绿色车厢 (头等座)"", ""普通车自由席车指定席席"", ""普通车自由席车自由席席"", ""专线列车 (Liner)"", ""特急"", ""急行"", ""快速"", ""普通车自由席""], ""status_rows"": [{""label"": null, ""symbols"": [{""symbol"": ""×"", ""note"": null}, {""symbol"": ""×"", ""note"": null}, {""symbol"": ""×"", ""note"": null}, {""symbol"": ""●"", ""note"": null}, {""symbol"": ""○"", ""note"": null}, {""symbol"": ""●"", ""note"": null}, {""symbol"": ""○"", ""note"": null}, {""symbol"": ""×"", ""note"": null}, {""symbol"": ""×"", ""note"": null}, {""symbol"": ""×"", ""note"": null}, {""symbol"": ""●"", ""note"": null}, {""symbol"": ""○"", ""note"": null}, {""symbol"": ""●"", ""note"": null}, {""symbol"": ""○"", ""note"": null}, {""symbol"": ""×"", ""note"": null}, {""symbol"": ""×"", ""note"": null}, {""symbol"": ""×"", ""note"": null}, {""symbol"": ""×"", ""note"": null}, {""symbol"": ""×"", ""note"": null}]}], ""legend"": {""○"": ""可乘车"", ""●"": ""有限制条件"", ""▲"": ""仅乘车券有效"", ""×"": ""不可乘车"", ""－"": ""未设定""}, ""notes"": [""※指定席は６回まで""]}",JR,[],0.0,"Solaseed Air 航班： 羽田出发 → 宫崎/熊本/长崎/鹿儿岛/大分到达航班
 
 
换乘站：博多、小仓、佐贺、长崎、谏早、Huis Ten Bosch、大村、新大村、别府、大分、由布院、熊本、肥后大津、宫崎、宫崎机场、鹿儿岛中央",JR九州,,https://www.solaseedair.jp/jrkyushu-freeticket/,"[{""text"": ""ソラシドエア"", ""url"": ""https://www.solaseedair.jp/jrkyushu-freeticket/""}]",,https://www2s.biglobe.ne.jp/~t_aoyagi/railway/free/solaseed05.htm,solaseed05.htm,36,2026/8/10 1:30,全九州フリーきっぷ,,,,https://www2s.biglobe.ne.jp/~t_aoyagi/railway/free/solaseed05.htm
solaseed06,かごんまーべラスフリーきっぷ,ソラシドエア,"[""ソラシドエア""]",1,False,kyusyu,九州,九州,"[""九州""]",kikan,期間限定タイプ,期间限定,"[""実券""]",True,False,ended,終了,,,3150.0,1350.0,1350.0,"有効期間 一般 Solaseed Airカード 
 大人 小人 大人 小人 
 2日間 3,500円 1,500円 3,150円 1,350円",2天,2.0,2026年4月1日 - 2026年6月27日,2026年4月1日 - 2026年6月28日,,"[""https://www2s.biglobe.ne.jp/~t_aoyagi/railway/free/map/jrkyusyu132.gif""]","{""columns"": [""绿色车厢 (头等座)"", ""普通车自由席车指定席席"", ""普通车自由席车自由席席"", ""专线列车 (Liner)"", ""特急"", ""急行"", ""快速"", ""普通车自由席"", ""指定席"", ""自由席"", ""其他的"", ""绿色车厢 (头等座)"", ""普通车自由席车指定席席"", ""普通车自由席车自由席席"", ""专线列车 (Liner)"", ""特急"", ""急行"", ""快速"", ""普通车自由席""], ""status_rows"": [{""label"": null, ""symbols"": [{""symbol"": ""×"", ""note"": null}, {""symbol"": ""×"", ""note"": null}, {""symbol"": ""×"", ""note"": null}, {""symbol"": ""▲"", ""note"": null}, {""symbol"": ""○"", ""note"": null}, {""symbol"": ""－"", ""note"": null}, {""symbol"": ""－"", ""note"": null}, {""symbol"": ""×"", ""note"": null}, {""symbol"": ""×"", ""note"": null}, {""symbol"": ""×"", ""note"": null}, {""symbol"": ""▲"", ""note"": null}, {""symbol"": ""○"", ""note"": null}, {""symbol"": ""▲"", ""note"": null}, {""symbol"": ""○"", ""note"": null}, {""symbol"": ""×"", ""note"": null}, {""symbol"": ""×"", ""note"": null}, {""symbol"": ""×"", ""note"": null}, {""symbol"": ""×"", ""note"": null}, {""symbol"": ""×"", ""note"": null}]}], ""legend"": {""○"": ""可乘车"", ""●"": ""有限制条件"", ""▲"": ""仅乘车券有效"", ""×"": ""不可乘车"", ""－"": ""未设定""}, ""notes"": [""※指定席は６回まで""]}",JR,[],0.0,"Solaseed Air 航班: 羽田出发 → 鹿儿岛到达
 
 
换乘站：鹿儿岛中央站、隼人站、国分站、指宿站",JR九州,,https://www.solaseedair.jp/jrkyushu-freeticket/,"[{""text"": ""ソラシドエア"", ""url"": ""https://www.solaseedair.jp/jrkyushu-freeticket/""}]",,https://www2s.biglobe.ne.jp/~t_aoyagi/railway/free/solaseed06.htm,solaseed06.htm,37,2026/8/10 1:30,かごんまーべラスフリーきっぷ,,,,https://www2s.biglobe.ne.jp/~t_aoyagi/railway/free/solaseed06.htm
nishitetu81,FUKUOKA 1DAY PASS,西日本鉄道,"[""西日本鉄道""]",1,False,kyusyu,九州,九州,"[""九州""]",tunen,通年発売タイプ,全年发售,"[""実券""]",True,False,on_sale,発売中,,,2980.0,1490.0,1490.0,"大人：2,980円／小人：1,490円",1天,1.0,现已发售,现已发售,,"[""https://www2s.biglobe.ne.jp/~t_aoyagi/railway/free/map/nishitetu81.gif""]",,大手私鉄,"[""不能乘坐高速巴士、快速巴士、社区巴士。""]",1.0,"西铁福冈（天神）、药院、大桥、春日原、下取、二日市、朝仓街道、筑紫、三国丘、西铁小郡、宫之阵、西铁久留米、花畑、大善寺、西铁柳川
 天神月票销售处、西铁天神巴士中心、博多巴士总站、福冈机场巴士总站、天神站旅游咨询中心、巴士销售处",西日本铁路客户中心电话：0570-00-1010,,http://www.ensen24.jp/kippu/32/,"[{""text"": ""西日本鉄道"", ""url"": ""http://www.ensen24.jp/kippu/32/""}]",,https://www2s.biglobe.ne.jp/~t_aoyagi/railway/free/nishitetu81.htm,nishitetu81.htm,38,2026/8/10 1:30,FUKUOKA 1DAY PASS,,,,https://www2s.biglobe.ne.jp/~t_aoyagi/railway/free/nishitetu81.htm
nishitetu21,福岡(天神)⇔太宰府1日フリー乗車券,西日本鉄道,"[""西日本鉄道""]",1,False,kyusyu,九州,九州,"[""九州""]",kikan,期間限定タイプ,期间限定,"[""デジタル""]",False,True,on_sale,発売中,,,820.0,420.0,420.0,大人：820円／小人：420円,1天,1.0,现已发售,现已发售,,"[""https://www2s.biglobe.ne.jp/~t_aoyagi/railway/free/map/nishitetu21.gif""]",,大手私鉄,[],0.0,my route Pass Case,西日本铁路客户中心电话：0570-00-1010,,https://top.myroute.fun/ticket/fukuoka#dazaifucity,"[{""text"": ""my route"", ""url"": ""https://top.myroute.fun/ticket/fukuoka#dazaifucity""}]",,https://www2s.biglobe.ne.jp/~t_aoyagi/railway/free/nishitetu21.htm,nishitetu21.htm,39,2026/8/10 1:30,福岡(天神)⇔太宰府 1日フリー乗車券,,,,https://www2s.biglobe.ne.jp/~t_aoyagi/railway/free/nishitetu21.htm
nishitetu84,田主丸っと もぎもぎきっぷ,西日本鉄道,"[""西日本鉄道""]",1,False,kyusyu,九州,九州,"[""九州""]",kikan,期間限定タイプ,期间限定,"[""デジタル""]",False,True,ended,終了,,,2800.0,1400.0,1400.0,"大人：2,800円／小人：1,400円",1天,1.0,2024年9月1日 - 2024年11月3日,2024年9月1日 - 2024年11月3日,,"[""https://www2s.biglobe.ne.jp/~t_aoyagi/railway/free/map/nishitetu84.gif""]",,大手私鉄,"[""不能乘坐高速巴士、快速巴士、社区巴士。""]",1.0,my route,西日本铁路客户中心电话：0570-00-1010,,https://fukuoka-maas.jp/experimental/tanushimaru/,"[{""text"": ""福岡MaaS"", ""url"": ""https://fukuoka-maas.jp/experimental/tanushimaru/""}]",,https://www2s.biglobe.ne.jp/~t_aoyagi/railway/free/nishitetu84.htm,nishitetu84.htm,40,2026/8/10 1:30,田主丸っと もぎもぎきっぷ,,,,https://www2s.biglobe.ne.jp/~t_aoyagi/railway/free/nishitetu84.htm
kitamono01,１日乗車券,北九州高速鉄道,"[""北九州高速鉄道""]",1,False,kyusyu,九州,九州,"[""九州""]",tunen,通年発売タイプ,全年发售,"[""実券"", ""デジタル""]",True,True,on_sale,発売中,,,800.0,400.0,400.0,大人：800円／小人：400円,1天,1.0,全年,全年,,"[""https://www2s.biglobe.ne.jp/~t_aoyagi/railway/free/map/kitamono.gif""]",,地方私鉄,[],0.0,各站自动售票机、RYDE PASS,北九州高速铁道企划课 TEL:093-961-0103,,https://www.kitakyushu-monorail.co.jp/fare/special-ticket.php,"[{""text"": ""北九州高速鉄道"", ""url"": ""https://www.kitakyushu-monorail.co.jp/fare/special-ticket.php""}, {""text"": ""RYDE PASS"", ""url"": ""https://pass.ryde-go.com/products/GQV304YSJQ89""}]",,https://www2s.biglobe.ne.jp/~t_aoyagi/railway/free/kitamono01.htm,kitamono01.htm,41,2026/8/10 1:30,１日乗車券,,,,https://www2s.biglobe.ne.jp/~t_aoyagi/railway/free/kitamono01.htm
chikuchiku91,へい！ちくてつ１日フリーきっぷ,筑豊電気鉄道,"[""筑豊電気鉄道"", ""平成筑豊鉄道""]",2,True,kyusyu,九州,九州,"[""九州""]",tunen,通年発売タイプ,全年发售,"[""デジタル""]",False,True,on_sale,発売中,,,1600.0,800.0,800.0,"大人：1,600円／小人：800円",1天,1.0,全年,全年,,"[""https://www2s.biglobe.ne.jp/~t_aoyagi/railway/free/map/chikuchiku.gif""]",,地方私鉄,"[""周六、周日、节假日、年末年初（12月30日至1月3日），1名儿童可凭一张票免费乘坐。""]",1.0,my route,平成筑丰铁道 TEL:0947-22-1000,,https://www.heichiku.net/d-tickets/heichikutetsu_d/,"[{""text"": ""平成筑豊鉄道推進協議会"", ""url"": ""https://www.heichiku.net/d-tickets/heichikutetsu_d/""}, {""text"": ""筑豊電鉄"", ""url"": ""http://www.chikutetsu.co.jp/data/topics/389_250131_heichikutetsufree%20.pdf""}, {""text"": ""九州MaaS"", ""url"": ""https://kyushu-maas.jp/ticket/1126""}]",,https://www2s.biglobe.ne.jp/~t_aoyagi/railway/free/chikuchiku91.htm,chikuchiku91.htm,43,2026/8/10 1:30,へい！ちくてつ１日フリーきっぷ,,,,https://www2s.biglobe.ne.jp/~t_aoyagi/railway/free/chikuchiku91.htm
chikutetsu01,ちくてつ24時間フリーきっぷ,筑豊電気鉄道,"[""筑豊電気鉄道""]",1,False,kyusyu,九州,九州,"[""九州""]",tunen,通年発売タイプ,全年发售,"[""デジタル""]",False,True,on_sale,発売中,,,920.0,460.0,460.0,大人：920円／小人：460円,1天,1.0,全年,全年,,"[""https://www2s.biglobe.ne.jp/~t_aoyagi/railway/free/map/chikutetsu.gif""]",,地方私鉄,[],0.0,my route,筑丰电铁列车事务所 TEL:093-619-3077,,http://www.chikutetsu.co.jp/data/topics/390_250131_chikutetsufree%20.pdf,"[{""text"": ""筑豊電気鉄道"", ""url"": ""http://www.chikutetsu.co.jp/data/topics/390_250131_chikutetsufree%20.pdf""}, {""text"": ""九州MaaS"", ""url"": ""https://kyushu-maas.jp/ticket/1123""}]",,https://www2s.biglobe.ne.jp/~t_aoyagi/railway/free/chikutetsu01.htm,chikutetsu01.htm,44,2026/8/10 1:30,ちくてつ24時間フリーきっぷ,,,,https://www2s.biglobe.ne.jp/~t_aoyagi/railway/free/chikutetsu01.htm
fukuoka01,１日乗車券,福岡市交通局,"[""福岡市交通局""]",1,False,kyusyu,九州,九州,"[""九州""]",tunen,通年発売タイプ,全年发售,"[""実券""]",True,False,on_sale,発売中,,,640.0,320.0,320.0,大人：640円／小人：320円,1天,1.0,全年,全年,,"[""https://www2s.biglobe.ne.jp/~t_aoyagi/railway/free/map/fukuoka.gif""]",,地方私鉄,[],0.0,各站自动售票机,福冈市交通局电话中心 TEL: 092-734-7800,,https://subway.city.fukuoka.lg.jp/fare/card/oneday.php,"[{""text"": ""福岡市交通局"", ""url"": ""https://subway.city.fukuoka.lg.jp/fare/card/oneday.php""}]",,https://www2s.biglobe.ne.jp/~t_aoyagi/railway/free/fukuoka01.htm,fukuoka01.htm,45,2026/8/10 1:30,１日乗車券,,,,https://www2s.biglobe.ne.jp/~t_aoyagi/railway/free/fukuoka01.htm
fukuoka15,ファミちかきっぷ,福岡市交通局,"[""福岡市交通局""]",1,False,kyusyu,九州,九州,"[""九州""]",tunen,通年発売タイプ,全年发售,"[""実券"", ""デジタル""]",True,True,on_sale,発売中,,,,,1000.0,"1,000円",1天,1.0,全年,全年,,"[""https://www2s.biglobe.ne.jp/~t_aoyagi/railway/free/map/fukuoka.gif""]",,地方私鉄,"[""可供2名成人和儿童同时使用（不限人数）""]",1.0,"车站柜台、客户服务中心
 我的路线",福冈市交通局电话中心 TEL: 092-734-7800,,https://subway.city.fukuoka.lg.jp/fare/card/fami.php,"[{""text"": ""福岡市交通局"", ""url"": ""https://subway.city.fukuoka.lg.jp/fare/card/fami.php""}, {""text"": ""九州MaaS"", ""url"": ""https://kyushu-maas.jp/ticket/1379""}]",,https://www2s.biglobe.ne.jp/~t_aoyagi/railway/free/fukuoka15.htm,fukuoka15.htm,46,2026/8/10 1:30,ファミちかきっぷ,,,,https://www2s.biglobe.ne.jp/~t_aoyagi/railway/free/fukuoka15.htm
fukuoka16,ファミリーペア券,福岡市交通局,"[""福岡市交通局""]",1,False,kyusyu,九州,九州,"[""九州""]",tunen,通年発売タイプ,全年发售,"[""実券"", ""デジタル""]",True,True,on_sale,発売中,,,,,800.0,800円,1天,1.0,全年,全年,,"[""https://www2s.biglobe.ne.jp/~t_aoyagi/railway/free/map/fukuoka.gif""]",,地方私鉄,"[""可供1名成人和1名儿童同时使用""]",1.0,"车站柜台、客户服务中心
 我的路线",福冈市交通局电话中心 TEL: 092-734-7800,,https://subway.city.fukuoka.lg.jp/fare/famipair/,"[{""text"": ""福岡市交通局"", ""url"": ""https://subway.city.fukuoka.lg.jp/fare/famipair/""}]",,https://www2s.biglobe.ne.jp/~t_aoyagi/railway/free/fukuoka16.htm,fukuoka16.htm,47,2026/8/10 1:30,ファミリーペア券,,,,https://www2s.biglobe.ne.jp/~t_aoyagi/railway/free/fukuoka16.htm
fukuoka94,小学生100円パス,福岡市交通局,"[""福岡市交通局""]",1,False,kyusyu,九州,九州,"[""九州""]",holiday,週末限定タイプ,周末限定,"[""実券""]",True,False,on_sale,発売中,,,,100.0,100.0,小人：100円,1天,1.0,"周六和周日
 春假：2025年3月25日至2024年4月6日
 暑假：2025年7月19日-2025年8月26日
 寒假：2025年12月24日-2026年1月6日","周六和周日
 春假：2025年3月25日至2024年4月6日
 暑假：2025年7月19日-2025年8月26日
 寒假：2025年12月24日-2026年1月6日",,"[""https://www2s.biglobe.ne.jp/~t_aoyagi/railway/free/map/fukuoka.gif""]",,地方私鉄,"[""仅限小学生""]",1.0,地铁站自动售票机,福冈市交通局电话中心 TEL 092-734-7800,,https://subway.city.fukuoka.lg.jp/fare/kidsticket/,"[{""text"": ""福岡市交通局"", ""url"": ""https://subway.city.fukuoka.lg.jp/fare/kidsticket/""}]",,https://www2s.biglobe.ne.jp/~t_aoyagi/railway/free/fukuoka94.htm,fukuoka94.htm,48,2026/8/10 1:30,小学生100円パス,,,,https://www2s.biglobe.ne.jp/~t_aoyagi/railway/free/fukuoka94.htm
tikuho02,ちくまるキップ,平成筑豊鉄道,"[""平成筑豊鉄道""]",1,False,kyusyu,九州,九州,"[""九州""]",tunen,通年発売タイプ,全年发售,"[""実券""]",True,False,on_sale,発売中,,,1500.0,800.0,800.0,"大人：1,500円／小人：800円",1天,1.0,全年,全年,,"[""https://www2s.biglobe.ne.jp/~t_aoyagi/railway/free/map/heitiku.gif""]",,地方私鉄,[],0.0,"车站柜台/车内
 中泉站（时尚车站藤田）",平成筑丰铁道 TEL:0947-22-1000,,http://www.heichiku.net/d-tickets/1dayfree/,"[{""text"": ""平成筑豊鉄道推進協議会"", ""url"": ""http://www.heichiku.net/d-tickets/1dayfree/""}]",,https://www2s.biglobe.ne.jp/~t_aoyagi/railway/free/tikuho02.htm,tikuho02.htm,49,2026/8/10 1:30,ちくまるキップ,,,,https://www2s.biglobe.ne.jp/~t_aoyagi/railway/free/tikuho02.htm
mojiko,１日フリーきっぷ,平成筑豊鉄道,"[""平成筑豊鉄道""]",1,False,kyusyu,九州,九州,"[""九州""]",holiday,週末限定タイプ,周末限定,"[""実券""]",True,False,period,2026/4/1  〜2027/3/31,2026/4/1,2027/3/31,1000.0,500.0,500.0,"大人：1,000円／小人：500円",1天,1.0,2026年4月1日 - 2027年3月31日,"2026年4月1日至2027年3月31日期间的周六、周日和节假日
 （1月1日、1月3日至1月4日休息）
 4月29日至5月10日以及8月8日至8月16日每天运行",,"[""https://www2s.biglobe.ne.jp/~t_aoyagi/railway/free/map/mojiko.gif""]",,地方私鉄,[],0.0,九州铁道纪念馆站、关门海峡目焦站、潮风列车内,平成筑丰铁道 TEL:0947-22-1000,,https://www.retro-line.net/value_tickets/1day-pass/,"[{""text"": ""門司港レトロ観光列車潮風号"", ""url"": ""https://www.retro-line.net/value_tickets/1day-pass/""}]",,https://www2s.biglobe.ne.jp/~t_aoyagi/railway/free/mojiko.htm,mojiko.htm,51,2026/8/10 1:30,１日フリーきっぷ,,,,https://www2s.biglobe.ne.jp/~t_aoyagi/railway/free/mojiko.htm
tikuho93,へいちくフェスタ乗り放題きっぷ,平成筑豊鉄道,"[""平成筑豊鉄道""]",1,False,kyusyu,九州,九州,"[""九州""]",kikan,期間限定タイプ,期间限定,"[""実券""]",True,False,ended,終了,,,1000.0,,1000.0,"大人：1,000円",2天,2.0,2015年10月3日 - 2015年10月25日,2015年10月24日 - 2015年10月25日,,"[""https://www2s.biglobe.ne.jp/~t_aoyagi/railway/free/map/heitiku.gif""]",,地方私鉄,[],0.0,金田,平成筑丰铁道 TEL:0947-22-1000,,http://www.heichiku.net/wp-content/uploads/2015/09/festa2015-kippu.pdf,"[{""text"": ""平成筑豊鉄道"", ""url"": ""http://www.heichiku.net/wp-content/uploads/2015/09/festa2015-kippu.pdf""}]",,https://www2s.biglobe.ne.jp/~t_aoyagi/railway/free/tikuho93.htm,tikuho93.htm,52,2026/8/10 1:30,へいちくフェスタ乗り放題きっぷ,,,,https://www2s.biglobe.ne.jp/~t_aoyagi/railway/free/tikuho93.htm
amatetu01,甘鉄一日フリー乗車券,甘木鉄道,"[""甘木鉄道""]",1,False,kyusyu,九州,九州,"[""九州""]",tunen,通年発売タイプ,全年发售,"[""実券""]",True,False,on_sale,発売中,,,860.0,430.0,430.0,大人：860円／小人：430円,1天,1.0,全年,全年,,"[""https://www2s.biglobe.ne.jp/~t_aoyagi/railway/free/map/amagi.gif""]",,地方私鉄,[],0.0,甘城站、小郡营业所,天城铁道电话：0946-23-1111,,http://www.amatetsu.jp/fare/index.html,"[{""text"": ""甘木鉄道"", ""url"": ""http://www.amatetsu.jp/fare/index.html""}]",,https://www2s.biglobe.ne.jp/~t_aoyagi/railway/free/amatetu01.htm,amatetu01.htm,53,2026/8/10 1:30,甘鉄一日フリー乗車券,,,,https://www2s.biglobe.ne.jp/~t_aoyagi/railway/free/amatetu01.htm
matuura01,松浦鉄道１日乗車券,松浦鉄道,"[""松浦鉄道""]",1,False,kyusyu,九州,九州,"[""九州""]",tunen,通年発売タイプ,全年发售,"[""実券"", ""デジタル""]",True,True,on_sale,発売中,,,2500.0,500.0,500.0,"大人：2,500円／小人：500円",1天,1.0,全年,全年,,"[""https://www2s.biglobe.ne.jp/~t_aoyagi/railway/free/map/matuura.gif""]",,地方私鉄,[],0.0,"有田、伊万里、松浦、田平平户口、佐佐、佐世保中央、佐世保
 车内
 
 约旦移动票务我的路线",松浦铁道营业部站务课 TEL: 0956-25-2229,,https://matutetu.com/pages/744/,"[{""text"": ""松浦鉄道"", ""url"": ""https://matutetu.com/pages/744/""}, {""text"": ""ジョルダンモバイルチケット"", ""url"": ""https://ticket.jorudan.co.jp/matsutetsu/1d/ja/""}, {""text"": ""my route"", ""url"": ""https://top.myroute.fun/ticket/nagasaki#kujukuislands""}]",,https://www2s.biglobe.ne.jp/~t_aoyagi/railway/free/matuura01.htm,matuura01.htm,54,2026/8/10 1:30,松浦鉄道１日乗車券,,,,https://www2s.biglobe.ne.jp/~t_aoyagi/railway/free/matuura01.htm
matuura04,西肥バス・させぼバス・松浦鉄道 1 日乗車券,松浦鉄道,"[""松浦鉄道""]",1,False,kyusyu,九州,九州,"[""九州""]",tunen,通年発売タイプ,全年发售,"[""デジタル""]",False,True,on_sale,発売中,,,4000.0,2000.0,2000.0,"大人：4,000円／小人：2,000円",1天,1.0,全年,全年,,"[""https://www2s.biglobe.ne.jp/~t_aoyagi/railway/free/map/matsuura04.gif""]",,地方私鉄,[],0.0,my route,松浦铁道电话：0956-25-3900,,https://matutetu.com/files/libs/5202/202410281037368164.pdf,"[{""text"": ""松浦鉄道"", ""url"": ""https://matutetu.com/files/libs/5202/202410281037368164.pdf""}, {""text"": ""西肥バス"", ""url"": ""https://www.bus.saihigroup.co.jp/cms/wp-content/uploads/2024/07/%E8%A5%BF%E8%82%A5%E3%83%90%E3%82%B9%E3%83%BB%E3%81%95%E3%81%9B%E3%81%BC%E3%83%90%E3%82%B9%E3%83%BB%E6%9D%BE%E6%B5%A6%E9%89%84%E9%81%931%E6%97%A5%E4%B9%97%E8%BB%8A%E5%88%B8%E7%99%BA%E5%A3%B2%E9%96%8B%E5%A7%8B.pdf""}]",,https://www2s.biglobe.ne.jp/~t_aoyagi/railway/free/matuura04.htm,matuura04.htm,55,2026/8/10 1:30,西肥バス・させぼバス・松浦鉄道 1 日乗車券,,,,https://www2s.biglobe.ne.jp/~t_aoyagi/railway/free/matuura04.htm
matuura03,シルバー会員専用１日乗車券,松浦鉄道,"[""松浦鉄道""]",1,False,kyusyu,九州,九州,"[""九州""]",kaiin,会員限定タイプ,会员限定,"[""実券""]",True,False,on_sale,発売中,,,1500.0,,1500.0,"大人：1,500円",1天,1.0,全年,全年,,"[""https://www2s.biglobe.ne.jp/~t_aoyagi/railway/free/map/matuura.gif""]",,地方私鉄,"[""需要成为松浦铁道银级俱乐部会员（入会费1,000日元，续会费500日元，男女65岁以上）。""]",1.0,有田、伊万里、松浦、田平平户口、佐佐、佐世保中央、佐世保,松浦铁道电话：0956-25-3900,,https://matutetu.com/pages/745/,"[{""text"": ""松浦鉄道"", ""url"": ""https://matutetu.com/pages/745/""}]",,https://www2s.biglobe.ne.jp/~t_aoyagi/railway/free/matuura03.htm,matuura03.htm,56,2026/8/10 1:30,シルバー会員専用１日乗車券,,,,https://www2s.biglobe.ne.jp/~t_aoyagi/railway/free/matuura03.htm
matuura81,松浦鉄道コロプラ1日フリーきっぷ,松浦鉄道,"[""松浦鉄道""]",1,False,kyusyu,九州,九州,"[""九州""]",kikan,期間限定タイプ,期间限定,"[""実券""]",True,False,period,〜2027/3/31,,2027/3/31,3000.0,,3000.0,"大人：3,000円",1天,1.0,2014年6月1日 - 2026年3月31日,2014年6月1日 - 2026年3月31日,,"[""https://www2s.biglobe.ne.jp/~t_aoyagi/railway/free/map/matuura.gif""]",,地方私鉄,[],0.0,有田、伊万里、松浦、田平平户口、佐佐、佐世保中央、佐世保,松浦铁道佐世保站 TEL:0956-25-2229,,https://colopl.co.jp/service/other/coloca/transport/area06/norimono_matsuura/,"[{""text"": ""コロプラ"", ""url"": ""https://colopl.co.jp/service/other/coloca/transport/area06/norimono_matsuura/""}]",,https://www2s.biglobe.ne.jp/~t_aoyagi/railway/free/matuura81.htm,matuura81.htm,57,2026/8/10 1:30,松浦鉄道コロプラ1日フリーきっぷ,,,,https://www2s.biglobe.ne.jp/~t_aoyagi/railway/free/matuura81.htm
matuura82,二陶巡り旅,松浦鉄道,"[""松浦鉄道""]",1,False,kyusyu,九州,九州,"[""九州""]",kikan,期間限定タイプ,期间限定,"[""デジタル""]",False,True,ended,終了,,,500.0,,500.0,大人：500円／小人：---円,1天,1.0,2024年8月1日 - 2024年12月22日,2024年8月1日至2024年12月22日期间的周六和周日,,"[""https://www2s.biglobe.ne.jp/~t_aoyagi/railway/free/map/matsuura82.gif""]",,地方私鉄,"[""节假日不可用""]",1.0,my route,松浦铁道电话：0956-25-3900,,https://matutetu.com/files/libs/5194/202410231411068333.pdf,"[{""text"": ""松浦鉄道"", ""url"": ""https://matutetu.com/files/libs/5194/202410231411068333.pdf""}]",,https://www2s.biglobe.ne.jp/~t_aoyagi/railway/free/matuura82.htm,matuura82.htm,58,2026/8/10 1:30,二陶巡り旅,,,,https://www2s.biglobe.ne.jp/~t_aoyagi/railway/free/matuura82.htm
sasebo,佐世保市内・佐々町内共通1日乗車券,松浦鉄道,"[""松浦鉄道""]",1,False,kyusyu,九州,九州,"[""九州""]",kikan,期間限定タイプ,期间限定,"[""実券""]",True,False,ended,終了,,,500.0,250.0,250.0,大人：500円／小人：250円,1天,1.0,2018年11月1日 - 2018年11月17日,2018 年 11 月 17 日,,"[""https://www2s.biglobe.ne.jp/~t_aoyagi/railway/free/map/sasebo.gif""]",,地方私鉄,[],0.0,"松浦铁道：佐世保站、佐世保中央站
 佐世保市交通局：佐世保站市营巴士中心、岛濑定期售票处
 西肥巴士：佐世保站前巴士中心、小野、崎岗浦、峨眉",佐世保市计划部地域交通课 TEL: 0956-24-1111,,http://www.bus.saihigroup.co.jp/cms/wp-content/uploads/2018/10/1810%E3%81%B5%E3%82%8C%E3%81%82%E3%81%84%E3%83%95%E3%82%A7%E3%82%B9%E3%82%BF%E3%83%81%E3%83%A9%E3%82%B7.pdf,"[{""text"": ""西肥バス"", ""url"": ""http://www.bus.saihigroup.co.jp/cms/wp-content/uploads/2018/10/1810%E3%81%B5%E3%82%8C%E3%81%82%E3%81%84%E3%83%95%E3%82%A7%E3%82%B9%E3%82%BF%E3%83%81%E3%83%A9%E3%82%B7.pdf""}]",,https://www2s.biglobe.ne.jp/~t_aoyagi/railway/free/sasebo.htm,sasebo.htm,59,2026/8/10 1:30,佐世保市内・佐々町内共通1日乗車券,,,,https://www2s.biglobe.ne.jp/~t_aoyagi/railway/free/sasebo.htm
matuura83,こどもわくわく100えんきっぷ,松浦鉄道,"[""松浦鉄道""]",1,False,kyusyu,九州,九州,"[""九州""]",kikan,期間限定タイプ,期间限定,"[""実券""]",True,False,period,2026/7/11  〜8/31,2026/7/11,2026/8/31,,100.0,100.0,小人：100円,1天,1.0,"2026年7月11日 - 2026年8月31日
 2025年12月20日 - 2026年1月12日","2026年7月18日 - 2026年8月31日
 2025年12月25日 - 2026年1月12日",,"[""https://www2s.biglobe.ne.jp/~t_aoyagi/railway/free/map/matuura.gif""]",,地方私鉄,[],0.0,有田、伊万里、松浦、田平平户口、佐佐、佐世保中央、佐世保,松浦铁道佐世保站 TEL:0956-25-2229,,https://matutetu.com/pages/883/,"[{""text"": ""松浦鉄道"", ""url"": ""https://matutetu.com/pages/883/""}]",,https://www2s.biglobe.ne.jp/~t_aoyagi/railway/free/matuura83.htm,matuura83.htm,60,2026/8/10 1:30,こどもわくわく100えんきっぷ,,,,https://www2s.biglobe.ne.jp/~t_aoyagi/railway/free/matuura83.htm
nagasaki01,電車一日乗車券,長崎電気軌道,"[""長崎電気軌道""]",1,False,kyusyu,九州,九州,"[""九州""]",tunen,通年発売タイプ,全年发售,"[""実券"", ""デジタル""]",True,True,on_sale,発売中,,,600.0,300.0,300.0,大人：600円／小人：300円,1天,1.0,全年,全年,,"[""https://www2s.biglobe.ne.jp/~t_aoyagi/railway/free/map/nagasaki.gif""]",,地方私鉄,[],0.0,"站前观光协会、主要酒店、长崎站内
 Jordan Mobile Ticket 我的路线 RYDE PASS 通行证箱 STLOCAL",长崎电力轨道电话：095-845-4111,,http://www.naga-den.com/smarts/index/12,"[{""text"": ""長崎電気軌道"", ""url"": ""http://www.naga-den.com/smarts/index/12""}, {""text"": ""ジョルダンモバイルチケット"", ""url"": ""https://ticket.jorudan.co.jp/naga-den/ja/""}, {""text"": ""my route"", ""url"": ""https://top.myroute.fun/ticket/nagasaki#nagasakicity""}, {""text"": ""RYDE PASS"", ""url"": ""https://pass.ryde-go.com/products/GQV304YS5589""}]",,https://www2s.biglobe.ne.jp/~t_aoyagi/railway/free/nagasaki01.htm,nagasaki01.htm,61,2026/8/10 1:30,一日乗車券,,,,https://www2s.biglobe.ne.jp/~t_aoyagi/railway/free/nagasaki01.htm
nagasaki02,24時間乗車券,長崎電気軌道,"[""長崎電気軌道""]",1,False,kyusyu,九州,九州,"[""九州""]",tunen,通年発売タイプ,全年发售,"[""デジタル""]",False,True,on_sale,発売中,,,700.0,350.0,350.0,大人：700円／小人：350円,开始使用后24小时,1.0,全年,全年,,"[""https://www2s.biglobe.ne.jp/~t_aoyagi/railway/free/map/nagasaki.gif""]",,地方私鉄,[],0.0,Jordan Mobile Ticket 我的路线 RYDE PASS STLOCAL,长崎电力轨道电话：095-845-4111,,http://www.naga-den.com/publics/index/11/,"[{""text"": ""長崎電気軌道"", ""url"": ""http://www.naga-den.com/publics/index/11/""}, {""text"": ""ジョルダンモバイルチケット"", ""url"": ""https://ticket.jorudan.co.jp/naga-den/ja/""}, {""text"": ""my route"", ""url"": ""https://top.myroute.fun/ticket/nagasaki#nagasakicity""}, {""text"": ""RYDE PASS"", ""url"": ""https://pass.ryde-go.com/products/09G8M61SX0RW""}, {""text"": ""STLOCAL"", ""url"": ""https://stlocal.net/nagasaki/ticket/2""}]",,https://www2s.biglobe.ne.jp/~t_aoyagi/railway/free/nagasaki02.htm,nagasaki02.htm,62,2026/8/10 1:30,24時間乗車券,,,,https://www2s.biglobe.ne.jp/~t_aoyagi/railway/free/nagasaki02.htm
nagasaki04,長崎電気軌道×乗合タクシー24時間券,長崎電気軌道,"[""長崎電気軌道""]",1,False,kyusyu,九州,九州,"[""九州""]",tunen,通年発売タイプ,全年发售,"[""デジタル""]",False,True,on_sale,発売中,,,1000.0,,1000.0,"大人：1,000円",开始使用后24小时,1.0,全年,全年,,"[""https://www2s.biglobe.ne.jp/~t_aoyagi/railway/free/map/nagasaki04.gif""]",,地方私鉄,[],0.0,Pass Case,长崎电力轨道电话：095-845-4111,,http://www.naga-den.com/publics/index/11/,"[{""text"": ""長崎電気軌道"", ""url"": ""http://www.naga-den.com/publics/index/11/""}]",,https://www2s.biglobe.ne.jp/~t_aoyagi/railway/free/nagasaki04.htm,nagasaki04.htm,63,2026/8/10 1:30,長崎電気軌道×乗合タクシー24時間券,,,,https://www2s.biglobe.ne.jp/~t_aoyagi/railway/free/nagasaki04.htm
nagasaki92,LUCA路面電車フリーパス,長崎電気軌道,"[""長崎電気軌道""]",1,False,kyusyu,九州,九州,"[""九州""]",kikan,期間限定タイプ,期间限定,"[""デジタル""]",False,True,ended,終了,,,1400.0,700.0,700.0,"大人：1,400円／小人：700円",指定5天,5.0,2024年9月30日 - 2024年10月27日,"2024年10月4日, 10月4日, 10月25日, 10月26日, 2024年10月27日",,"[""https://www2s.biglobe.ne.jp/~t_aoyagi/railway/free/map/nagasaki.gif""]",,地方私鉄,[],0.0,RYDE PASS,长崎电车事业部运营本部 TEL：095-845-4113,,https://www.naga-den.com/pages/1307/,"[{""text"": ""長崎電気軌道"", ""url"": ""https://www.naga-den.com/pages/1307/""}, {""text"": ""RYDE PASS"", ""url"": ""https://pass.ryde-go.com/products/17894ZSGXZR0""}]",,https://www2s.biglobe.ne.jp/~t_aoyagi/railway/free/nagasaki92.htm,nagasaki92.htm,64,2026/8/10 1:30,LUCA路面電車フリーパス,,,,https://www2s.biglobe.ne.jp/~t_aoyagi/railway/free/nagasaki92.htm
nagasaki93,ヴィヴィくんの路面電車フリーパス,長崎電気軌道,"[""長崎電気軌道""]",1,False,kyusyu,九州,九州,"[""九州""]",kikan,期間限定タイプ,期间限定,"[""デジタル""]",False,True,ended,終了,,,840.0,420.0,420.0,大人：840円／小人：420円,指定3天,3.0,2024年9月30日 - 2024年11月10日,2024年10月6日、10月27日、2024年11月10日,,"[""https://www2s.biglobe.ne.jp/~t_aoyagi/railway/free/map/nagasaki.gif""]",,地方私鉄,[],0.0,RYDE PASS,长崎电车事业部运营本部 TEL：095-845-4113,,https://www.naga-den.com/pages/1307/,"[{""text"": ""長崎電気軌道"", ""url"": ""https://www.naga-den.com/pages/1307/""}, {""text"": ""RYDE PASS"", ""url"": ""https://pass.ryde-go.com/products/VM8LPZS6K9RP""}]",,https://www2s.biglobe.ne.jp/~t_aoyagi/railway/free/nagasaki93.htm,nagasaki93.htm,65,2026/8/10 1:30,ヴィヴィくんの路面電車フリーパス,,,,https://www2s.biglobe.ne.jp/~t_aoyagi/railway/free/nagasaki93.htm
nagasaki91,夏休みわくわくパス,長崎電気軌道,"[""長崎電気軌道""]",1,False,kyusyu,九州,九州,"[""九州""]",summer,夏限定タイプ,夏季限定,"[""実券""]",True,False,period,2026/7/3  〜8/9,2026/7/3,2026/8/9,,2160.0,2160.0,"中学生：4,680円／小人：2,160円",使用期间的每天,,2026年7月3日 - 2026年8月9日,2026年7月18日 - 2026年8月31日,,"[""https://www2s.biglobe.ne.jp/~t_aoyagi/railway/free/map/nagasaki.gif""]",,地方私鉄,"[""小学生需要健康保险证等官方身份证明。"", ""初中生需要在学证明（学生笔记本等）"", ""需要尼莫卡""]",3.0,浦上车库事务所、萤茶屋事务所、西滨町临时营业所、赤坂临时营业所,长崎电车事业部运营本部 TEL：095-845-4113,,https://www.naga-den.com/pages/969,"[{""text"": ""長崎電気軌道"", ""url"": ""https://www.naga-den.com/pages/969""}]",,https://www2s.biglobe.ne.jp/~t_aoyagi/railway/free/nagasaki91.htm,nagasaki91.htm,66,2026/8/10 1:30,夏休みわくわくパス,,,,https://www2s.biglobe.ne.jp/~t_aoyagi/railway/free/nagasaki91.htm
simabara07,SHIMATETSU FREE PASS,島原鉄道,"[""島原鉄道""]",1,False,kyusyu,九州,九州,"[""九州""]",tunen,通年発売タイプ,全年发售,"[""実券""]",True,False,on_sale,発売中,,,3700.0,,3700.0,"1日間 大人：3,700円",1天,1.0,全年,全年,,"[""https://www2s.biglobe.ne.jp/~t_aoyagi/railway/free/map/shimabara.gif""]",,地方私鉄,"[""岛铁高速巴士，高速船舶除外""]",1.0,"谏早、本谏早、爱野、田平、岛原（综合咨询中心）、岛原船津
 口之津办事处、小滨巴士总站、口之津港码头、鬼池港办事处
 谏早终端酒店, 帕罗斯岛 Kitaarima 购物中心
 岛原港旅游咨询中心",岛原铁道综合问讯处 TEL:0957-62-4705,,https://www.shimatetsu.co.jp/railway/special-ticket/,"[{""text"": ""島原鉄道"", ""url"": ""https://www.shimatetsu.co.jp/railway/special-ticket/""}]",,https://www2s.biglobe.ne.jp/~t_aoyagi/railway/free/simabara07.htm,simabara07.htm,67,2026/8/10 1:30,SHIMATETSU FREE PASS,,,,https://www2s.biglobe.ne.jp/~t_aoyagi/railway/free/simabara07.htm
simabara12,しまてつスきっぷ,島原鉄道,"[""島原鉄道""]",1,False,kyusyu,九州,九州,"[""九州""]",holiday,週末限定タイプ,周末限定,"[""実券""]",True,False,on_sale,発売中,,,,,1500.0,"小・中・高生：1,500円",1天,1.0,全年,"周六、周日、节假日
 春/夏/寒假期间",,"[""https://www2s.biglobe.ne.jp/~t_aoyagi/railway/free/map/shimabara.gif""]",,地方私鉄,"[""岛松高速巴士除外""]",1.0,"谏早、本谏早、爱野、田平、岛原（综合咨询中心）、岛原船夏
 口之津办事处、小滨巴士总站、口之津港码头、鬼池港办事处
 谏早终端酒店, 帕罗斯岛 Kitaarima 购物中心",岛原铁道 TEL:0957-62-2232,,https://www.shimatetsu.co.jp/railway/special-ticket/,"[{""text"": ""島原鉄道"", ""url"": ""https://www.shimatetsu.co.jp/railway/special-ticket/""}]",,https://www2s.biglobe.ne.jp/~t_aoyagi/railway/free/simabara12.htm,simabara12.htm,68,2026/8/10 1:30,しまてつスきっぷ,,,,https://www2s.biglobe.ne.jp/~t_aoyagi/railway/free/simabara12.htm
simabara91,島原鉄道乗り物コロカ1 日フリーきっぷ,島原鉄道,"[""島原鉄道""]",1,False,kyusyu,九州,九州,"[""九州""]",kikan,期間限定タイプ,期间限定,"[""実券""]",True,False,period,〜2027/3/31,,2027/3/31,3800.0,,3800.0,"大人：3,800円",1天,1.0,2014年4月1日 - 2027年3月31日,2014年4月1日 - 2027年3月31日,,"[""https://www2s.biglobe.ne.jp/~t_aoyagi/railway/free/map/simabara94.gif""]",,地方私鉄,[],0.0,岛原市本早,岛原铁道营业部铁道事业部 TEL:0957-62-2232,,https://colopl.co.jp/service/other/coloca/transport/area06/norimono_shimabara/,"[{""text"": ""コロプラ"", ""url"": ""https://colopl.co.jp/service/other/coloca/transport/area06/norimono_shimabara/""}]",,https://www2s.biglobe.ne.jp/~t_aoyagi/railway/free/simabara91.htm,simabara91.htm,69,2026/8/10 1:30,島原鉄道 乗り物コロカ1 日フリーきっぷ,,,,https://www2s.biglobe.ne.jp/~t_aoyagi/railway/free/simabara91.htm
kumamoto01,わくわく1dayパス,熊本市交通局 熊本電鉄 産交バス 熊本都市バス,"[""熊本市交通局 熊本電鉄 産交バス 熊本都市バス""]",1,False,kyusyu,九州,九州,"[""九州""]",tunen,通年発売タイプ,全年发售,"[""実券""]",True,False,on_sale,発売中,,,800.0,,800.0,"区間指定① 大人：800円／小人：---円 
 区間指定② 大人：1,000円／小人：---円 
 熊本県内版 大人：2,200円／小人：---円",1天,1.0,全年,全年,,"[""https://www2s.biglobe.ne.jp/~t_aoyagi/railway/free/map/kumamoto.gif""]",,地方私鉄,[],0.0,"熊本市交通局销售柜台
 熊本电铁销售柜台、电气铁道巴士和电气铁道列车内
 三交巴士销售柜台
 熊本市巴士销售柜台
 熊本站综合观光信息中心、樱町巴士总站2楼巴士信息中心","熊本市交通局 TEL:096-361-5233
 熊本电铁电话：096-343-2552
 电动铁路巴士：096-343-3023
 三交巴士 TEL096-325-0100
 熊本市巴士 TEL:096-312-5077
 熊本巴士：096-378-3447",,http://www.kotsu-kumamoto.jp/kihon/pub/detail.aspx?c_id=66&id=1433&pg=1,"[{""text"": ""熊本市交通局"", ""url"": ""http://www.kotsu-kumamoto.jp/kihon/pub/detail.aspx?c_id=66&id=1433&pg=1""}, {""text"": ""熊本電鉄"", ""url"": ""https://www.kumamotodentetsu.co.jp/ticket/wakuwakupass/index.html""}, {""text"": ""産交バス"", ""url"": ""https://www.kyusanko.co.jp/sankobus/ticket/wakuwakupass/""}, {""text"": ""熊本都市バス"", ""url"": ""http://www.kumamoto-toshibus.co.jp/ticket/index.php""}]",,https://www2s.biglobe.ne.jp/~t_aoyagi/railway/free/kumamoto01.htm,kumamoto01.htm,70,2026/8/10 1:30,わくわく1dayパス,,,,https://www2s.biglobe.ne.jp/~t_aoyagi/railway/free/kumamoto01.htm
kumamoto03,わくわく1dayパス24時間乗車券,熊本市交通局 熊本電鉄 産交バス 熊本都市バス,"[""熊本市交通局 熊本電鉄 産交バス 熊本都市バス""]",1,False,kyusyu,九州,九州,"[""九州""]",tunen,通年発売タイプ,全年发售,"[""デジタル""]",False,True,on_sale,発売中,,,800.0,,800.0,"区間指定① 大人：800円／小人：---円 
 区間指定② 大人：1,000円／小人：---円 
 熊本県内版 大人：2,200円／小人：---円",开始使用后24小时,1.0,全年,全年,,"[""https://www2s.biglobe.ne.jp/~t_aoyagi/railway/free/map/kumamoto.gif""]",,地方私鉄,[],0.0,my route RYDE PASS,"熊本市交通局 TEL:096-361-5233
 熊本电铁电话：096-343-2552
 三交巴士 TEL096-325-0100
 熊本市巴士 TEL:096-312-5077",,https://www.kotsu-kumamoto.jp/kihon/pub/detail.aspx?c_id=66&id=1434&pg=1,"[{""text"": ""熊本市交通局"", ""url"": ""https://www.kotsu-kumamoto.jp/kihon/pub/detail.aspx?c_id=66&id=1434&pg=1""}, {""text"": ""産交バス"", ""url"": ""https://www.kyusanko.co.jp/sankobus/ticket/wakuwakupass/""}, {""text"": ""熊本都市バス"", ""url"": ""http://www.kumamoto-toshibus.co.jp/ticket/index.php""}, {""text"": ""my route"", ""url"": ""https://top.myroute.fun/ticket/kumamoto#kumamotocity""}]",,https://www2s.biglobe.ne.jp/~t_aoyagi/railway/free/kumamoto03.htm,kumamoto03.htm,71,2026/8/10 1:30,わくわく１dayパス24時間乗車券,,,,https://www2s.biglobe.ne.jp/~t_aoyagi/railway/free/kumamoto03.htm
kumamoto91,キッズパス,熊本市交通局 熊本電鉄 産交バス 熊本都市バス,"[""熊本市交通局 熊本電鉄 産交バス 熊本都市バス""]",1,False,kyusyu,九州,九州,"[""九州""]",summer,夏限定タイプ,夏季限定,"[""実券""]",True,False,period,2026/7/3  〜8/31,2026/7/3,2026/8/31,,1000.0,1000.0,"小人：1,000円",使用期限内的所有日期,,2026年7月3日 - 2026年8月31日,2026年7月17日 - 2026年8月31日,,"[""https://www2s.biglobe.ne.jp/~t_aoyagi/railway/free/map/kumamoto91.gif""]",,地方私鉄,"[""仅限小学生和学龄前儿童"", ""需要填写申请表"", ""需要面部照片和官方年龄证明。"", ""无法乘坐高速巴士、高速巴士、快速巴士、九州高速巴士、机场巴士、阿苏三条线以及其他各公司指定的巴士和电车。""]",4.0,"熊本市交通局交通局总务部促销室
 熊本电铁 熊本电铁巴士总公司、辻洼综合事务所
 北熊本站、藤崎宫前站、堀川站
 三交巴士樱町巴士问讯处、本堂巴士中心、各营业所
 熊本巴士 熊本中央营业所、城南营业所、幸佐营业所
 熊本市巴士本山营业所、上熊本营业所、小峰营业所","熊本市交通局总务课促销组 TEL：096-361-5233
 熊本电铁电话：096-343-2552
 三交巴士 TEL096-325-0100
 熊本市巴士 TEL:096-312-5077",,https://www.kotsu-kumamoto.jp/kihon/pub/detail.aspx?c_id=3&type=top&id=1622,"[{""text"": ""熊本市交通局"", ""url"": ""https://www.kotsu-kumamoto.jp/kihon/pub/detail.aspx?c_id=3&type=top&id=1622""}, {""text"": ""熊本電鉄"", ""url"": ""https://www.kumamotodentetsu.co.jp/news/202606242449.html""}, {""text"": ""産交バス"", ""url"": ""https://www.sankobus.jp/news/20260717-kidspass/""}]",,https://www2s.biglobe.ne.jp/~t_aoyagi/railway/free/kumamoto91.htm,kumamoto91.htm,72,2026/8/10 1:30,キッズパス,,,,https://www2s.biglobe.ne.jp/~t_aoyagi/railway/free/kumamoto91.htm
kumamotoshi01,熊本市電1日乗車券,熊本市交通局,"[""熊本市交通局""]",1,False,kyusyu,九州,九州,"[""九州""]",tunen,通年発売タイプ,全年发售,"[""実券""]",True,False,on_sale,発売中,,,700.0,350.0,350.0,大人：700円／小人：350円,1天,1.0,全年,全年,,"[""https://www2s.biglobe.ne.jp/~t_aoyagi/railway/free/map/kumamotoshi.gif""]",,地方私鉄,[],0.0,"电车内
 
大江营业所 促销室
 上熊本车库
 熊本站综合旅游咨询中心",熊本市交通局/促销室电话：096-361-5233,,http://www.kotsu-kumamoto.jp/kihon/pub/detail.aspx?c_id=66&id=1433&pg=1,"[{""text"": ""熊本市交通局"", ""url"": ""http://www.kotsu-kumamoto.jp/kihon/pub/detail.aspx?c_id=66&id=1433&pg=1""}]",,https://www2s.biglobe.ne.jp/~t_aoyagi/railway/free/kumamotoshi01.htm,kumamotoshi01.htm,73,2026/8/10 1:30,熊本市電1日乗車券,,,,https://www2s.biglobe.ne.jp/~t_aoyagi/railway/free/kumamotoshi01.htm
kumamotoshi03,熊本市電1日乗車券,熊本市交通局,"[""熊本市交通局""]",1,False,kyusyu,九州,九州,"[""九州""]",tunen,通年発売タイプ,全年发售,"[""デジタル""]",False,True,on_sale,発売中,,,500.0,250.0,250.0,大人：500円／小人：250円,1天,1.0,全年,全年,,"[""https://www2s.biglobe.ne.jp/~t_aoyagi/railway/free/map/kumamotoshi.gif""]",,地方私鉄,[],0.0,Jordan Mobile Ticket 我的路线 QUICK TRIP,熊本市交通局/促销室电话：096-361-5233,,http://www.kotsu-kumamoto.jp/kihon/pub/detail.aspx?c_id=66&id=1433&pg=1,"[{""text"": ""熊本市交通局"", ""url"": ""http://www.kotsu-kumamoto.jp/kihon/pub/detail.aspx?c_id=66&id=1433&pg=1""}, {""text"": ""ジョルダンモバイルチケット"", ""url"": ""https://ticket.jorudan.co.jp/kumamoto/city/ja/""}, {""text"": ""my route"", ""url"": ""https://top.myroute.fun/ticket/kumamoto#kumamotocity""}, {""text"": ""QUICK TRIP"", ""url"": ""https://ticket-kumamoto.quicktrip.jp/buy/ticket?salesTicketId=1911""}]",,https://www2s.biglobe.ne.jp/~t_aoyagi/railway/free/kumamotoshi03.htm,kumamotoshi03.htm,74,2026/8/10 1:30,熊本市電1日乗車券 【スマートフォン】,,,,https://www2s.biglobe.ne.jp/~t_aoyagi/railway/free/kumamotoshi03.htm
kumamotoshi02,熊本市電24時間乗車券,熊本市交通局,"[""熊本市交通局""]",1,False,kyusyu,九州,九州,"[""九州""]",tunen,通年発売タイプ,全年发售,"[""デジタル""]",False,True,on_sale,発売中,,,600.0,300.0,300.0,大人：600円／小人：300円,1天,1.0,全年,全年,,"[""https://www2s.biglobe.ne.jp/~t_aoyagi/railway/free/map/kumamotoshi.gif""]",,地方私鉄,[],0.0,Jordan Mobile Ticket 我的路线 QUICK TRIP,熊本市交通局/促销室电话：096-361-5233,,http://www.kotsu-kumamoto.jp/kihon/pub/detail.aspx?c_id=66&id=1434&pg=1,"[{""text"": ""熊本市交通局"", ""url"": ""http://www.kotsu-kumamoto.jp/kihon/pub/detail.aspx?c_id=66&id=1434&pg=1""}, {""text"": ""ジョルダンモバイルチケット"", ""url"": ""https://ticket.jorudan.co.jp/kumamoto/city/ja/""}, {""text"": ""my route"", ""url"": ""https://top.myroute.fun/ticket/kumamoto#kumamotocity""}, {""text"": ""QUICK TRIP"", ""url"": ""https://ticket-kumamoto.quicktrip.jp/buy/ticket?salesTicketId=1914""}]",,https://www2s.biglobe.ne.jp/~t_aoyagi/railway/free/kumamotoshi02.htm,kumamotoshi02.htm,75,2026/8/10 1:30,熊本市電24時間乗車券,,,,https://www2s.biglobe.ne.jp/~t_aoyagi/railway/free/kumamotoshi02.htm
kumaden93,1CHANCE FESTIVAL 1日乗車券,熊本電鉄,"[""熊本電鉄""]",1,False,kyusyu,九州,九州,"[""九州""]",tunen,通年発売タイプ,全年发售,"[""実券""]",True,False,ended,終了,,,900.0,,900.0,大人：900円,1天,1.0,2024年7月5日 - 2024年8月24日,2024年8月24日 - 2024年8月25日,,"[""https://www2s.biglobe.ne.jp/~t_aoyagi/railway/free/map/kumaden.gif""]",,地方私鉄,[],0.0,罗森门票,熊本电铁北熊本站 TEL:096-343-2552,,https://www.kumamotodentetsu.co.jp/1chancefes2024/,"[{""text"": ""熊本電気鉄道"", ""url"": ""https://www.kumamotodentetsu.co.jp/1chancefes2024/""}]",,https://www2s.biglobe.ne.jp/~t_aoyagi/railway/free/kumaden93.htm,kumaden93.htm,76,2026/8/10 1:30,1CHANCE FESTIVAL 1日乗車券,,,,https://www2s.biglobe.ne.jp/~t_aoyagi/railway/free/kumaden93.htm
minamiaso01,１日フリーキップ,南阿蘇鉄道,"[""南阿蘇鉄道""]",1,False,kyusyu,九州,九州,"[""九州""]",kikan,期間限定タイプ,期间限定,"[""実券""]",True,False,on_sale,発売中,,,1200.0,,1200.0,"大人：1,200円",1天,1.0,全年,全年,,"[""https://www2s.biglobe.ne.jp/~t_aoyagi/railway/free/map/minamiaso.gif""]",,地方私鉄,"[""乘坐无轨电车每次需额外支付800日元。""]",1.0,高森站，电车内,南阿苏铁道高森站 TEL:0967-62-0058,,https://www.mt-torokko.com/information/fare/,"[{""text"": ""南阿蘇鉄道"", ""url"": ""https://www.mt-torokko.com/information/fare/""}]",,https://www2s.biglobe.ne.jp/~t_aoyagi/railway/free/minamiaso01.htm,minamiaso01.htm,77,2026/8/10 1:30,１日フリーキップ,,,,https://www2s.biglobe.ne.jp/~t_aoyagi/railway/free/minamiaso01.htm
minamiaso03,南阿蘇鉄道24時間フリー乗車券,南阿蘇鉄道,"[""南阿蘇鉄道""]",1,False,kyusyu,九州,九州,"[""九州""]",kikan,期間限定タイプ,期间限定,"[""デジタル""]",False,True,on_sale,発売中,,,1200.0,,1200.0,"大人：1,200円",开始使用后24小时,1.0,全年,全年,,"[""https://www2s.biglobe.ne.jp/~t_aoyagi/railway/free/map/minamiaso.gif""]",,地方私鉄,"[""无轨电车“海贼王阳光号”需要另外支付座位预订费。""]",1.0,my route,"南阿苏铁道 TEL:0967-62-0058
 九州 MaaS 协议会秘书处 TEL:092-791-4268",,https://www.mt-torokko.com/information/fare/,"[{""text"": ""南阿蘇鉄道"", ""url"": ""https://www.mt-torokko.com/information/fare/""}, {""text"": ""my route"", ""url"": ""https://top.myroute.fun/ticket/kumamoto#asoarea""}]",,https://www2s.biglobe.ne.jp/~t_aoyagi/railway/free/minamiaso03.htm,minamiaso03.htm,78,2026/8/10 1:30,南阿蘇鉄道24時間フリー乗車券,,,,https://www2s.biglobe.ne.jp/~t_aoyagi/railway/free/minamiaso03.htm
kumagawa95,人吉球磨どこでもキップ,くまがわ鉄道,"[""くまがわ鉄道""]",1,False,kyusyu,九州,九州,"[""九州""]",tunen,通年発売タイプ,全年发售,"[""実券""]",True,False,on_sale,発売中,,,2000.0,1000.0,1000.0,"大人：2,000円／小人：1,000円",1天,1.0,全年无休（使用日期前10天发布）,全年,,"[""https://www2s.biglobe.ne.jp/~t_aoyagi/railway/free/map/kumagawa95.gif""]",,地方私鉄,[],0.0,"球磨川铁道：人吉温泉、朝雾
 三交巴士：人吉营业所、人吉IC巴士（Juguritto）","熊川铁道企划营业课 TEL:0966-23-5011
 三交巴士人吉营业所 TEL:0966-22-5205",,https://kumagawa-rail.com/sankobus-kumatetsu/#toc_id_1,"[{""text"": ""くまがわ鉄道"", ""url"": ""https://kumagawa-rail.com/sankobus-kumatetsu/#toc_id_1""}]",,https://www2s.biglobe.ne.jp/~t_aoyagi/railway/free/kumagawa95.htm,kumagawa95.htm,81,2026/8/10 1:30,人吉球磨どこでもキップ,,,,https://www2s.biglobe.ne.jp/~t_aoyagi/railway/free/kumagawa95.htm
kumagawa11,くま川鉄道一日乗車券(代行バス込み),くまがわ鉄道,"[""くまがわ鉄道""]",1,False,kyusyu,九州,九州,"[""九州""]",kikan,期間限定タイプ,期间限定,"[""実券""]",True,False,on_sale,発売中,,,1200.0,600.0,600.0,"大人：1,200円 小人：600円",仅限发售当天,,平日/周六,平日/周六,,"[""https://www2s.biglobe.ne.jp/~t_aoyagi/railway/free/map/kumagawa11.gif""]",,地方私鉄,"[""周日和节假日暂停替代巴士服务。""]",1.0,各站自动售票机,球磨川铁道电话：0966-23-5011,,https://kumagawa-rail.com/time-fare/#toc_id_9_1,"[{""text"": ""くまがわ鉄道"", ""url"": ""https://kumagawa-rail.com/time-fare/#toc_id_9_1""}]",,https://www2s.biglobe.ne.jp/~t_aoyagi/railway/free/kumagawa11.htm,kumagawa11.htm,82,2026/8/10 1:30,くま川鉄道一日乗車券(代行バス込み),,,,https://www2s.biglobe.ne.jp/~t_aoyagi/railway/free/kumagawa11.htm
kumagawa84,くま川鉄道一日乗車券(鉄道のみ),くまがわ鉄道,"[""くまがわ鉄道""]",1,False,kyusyu,九州,九州,"[""九州""]",kikan,期間限定タイプ,期间限定,"[""実券""]",True,False,on_sale,発売中,,,900.0,450.0,450.0,大人：900円 小人：450円,仅限发售当天,,全年,全年,,"[""https://www2s.biglobe.ne.jp/~t_aoyagi/railway/free/map/kumagawa84.gif""]",,地方私鉄,[],0.0,人吉温泉、朝雾、汤前,球磨川铁道电话：0966-23-5011,,https://kumagawa-rail.com/time-fare/#toc_id_9_1,"[{""text"": ""くまがわ鉄道"", ""url"": ""https://kumagawa-rail.com/time-fare/#toc_id_9_1""}]",,https://www2s.biglobe.ne.jp/~t_aoyagi/railway/free/kumagawa84.htm,kumagawa84.htm,83,2026/8/10 1:30,くま川鉄道一日乗車券(鉄道のみ),,,,https://www2s.biglobe.ne.jp/~t_aoyagi/railway/free/kumagawa84.htm
kumagawa93,夏目友人帳祈念乗車券,くまがわ鉄道,"[""くまがわ鉄道""]",1,False,kyusyu,九州,九州,"[""九州""]",kikan,期間限定タイプ,期间限定,"[""実券""]",True,False,period,2025/8/8  〜2026/3/31,2025/8/8,2026/3/31,1200.0,,1200.0,"大人：1,200円",1天,1.0,2025年8月8日 - 2026年3月31日,2025年8月8日 - 2026年3月31日,,"[""https://www2s.biglobe.ne.jp/~t_aoyagi/railway/free/map/kumagawa11.gif""]",,地方私鉄,"[""由于替代巴士服务暂停，因此无法在周日和节假日使用。""]",1.0,"人吉温泉、朝雾
 熊手网上商店 雅虎！商店
 邮件：点击查看详情",球磨川铁道电话：0966-23-5011,,https://kumagawa-rail.com/2025/08/01/4207/,"[{""text"": ""くまがわ鉄道"", ""url"": ""https://kumagawa-rail.com/2025/08/01/4207/""}]",,https://www2s.biglobe.ne.jp/~t_aoyagi/railway/free/kumagawa93.htm,kumagawa93.htm,84,2026/8/10 1:30,夏目友人帳祈念乗車券,,,,https://www2s.biglobe.ne.jp/~t_aoyagi/railway/free/kumagawa93.htm
kumagawa94,ワンコイン1day乗車券,くまがわ鉄道,"[""くまがわ鉄道""]",1,False,kyusyu,九州,九州,"[""九州""]",kikan,期間限定タイプ,期间限定,"[""実券""]",True,False,ended,終了,,,500.0,100.0,100.0,大人：500円／小人：100円,1天,1.0,2024年5月1日 - 2024年5月5日,2024 年 5 月 5 日,,"[""https://www2s.biglobe.ne.jp/~t_aoyagi/railway/free/map/kumagawa11.gif""]",,地方私鉄,[],0.0,人吉温泉、朝雾,熊川铁道企划销售课 TEL:0966-23-5011,,https://kumagawa-rail.com/2024/04/12/3139/,"[{""text"": ""くまがわ鉄道"", ""url"": ""https://kumagawa-rail.com/2024/04/12/3139/""}]",,https://www2s.biglobe.ne.jp/~t_aoyagi/railway/free/kumagawa94.htm,kumagawa94.htm,85,2026/8/10 1:30,ワンコイン1day乗車券,,,,https://www2s.biglobe.ne.jp/~t_aoyagi/railway/free/kumagawa94.htm
orange02,おれんじ1日フリー切符,肥薩おれんじ鉄道,"[""肥薩おれんじ鉄道""]",1,False,kyusyu,九州,九州,"[""九州""]",tunen,通年発売タイプ,全年发售,"[""実券"", ""デジタル""]",True,True,on_sale,発売中,,,3000.0,1500.0,1500.0,"大人：3,000円 小人：1,500円 
 65歳以上：1,500円",1天,1.0,全年,全年,,"[""https://www2s.biglobe.ne.jp/~t_aoyagi/railway/free/map/orange.gif""]",,地方私鉄,[],0.0,"八代、日奈久温泉、肥后田浦、佐敷、水俣、和泉、西出水、野田子、阿久根、川内柜台营业时间内、车内
 八代、指木、水俣、和泉、阿久根、川内的自动售票机
 RYDE PASS 约旦手机票",肥萨橙色铁道 TEL:0996-63-6860,,https://www.hs-orange.com/page966.html,"[{""text"": ""肥薩おれんじ鉄道"", ""url"": ""https://www.hs-orange.com/page966.html""}, {""text"": ""RYDE PASS(ライドパス)"", ""url"": ""https://pass.ryde-go.com/products/KVM3LPZS7W8P""}, {""text"": ""ジョルダンモバイルチケット"", ""url"": ""https://ticket.jorudan.co.jp/hs-orange/ja/""}]",,https://www2s.biglobe.ne.jp/~t_aoyagi/railway/free/orange02.htm,orange02.htm,86,2026/8/10 1:30,おれんじ1日フリー切符,,,,https://www2s.biglobe.ne.jp/~t_aoyagi/railway/free/orange02.htm
orange06,NORTH SATSUMA GREAT PASS,肥薩おれんじ鉄道,"[""肥薩おれんじ鉄道""]",1,False,kyusyu,九州,九州,"[""九州""]",tunen,通年発売タイプ,全年发售,"[""デジタル""]",False,True,on_sale,発売中,,,3000.0,,3000.0,"１日券 大人：3,000円／小人：---円 
 ３日券 大人：7,000円／小人：---円","1日票：1天
 3日票：3天",1.0,全年,全年,,"[""https://www2s.biglobe.ne.jp/~t_aoyagi/railway/free/map/orange06.gif""]",,地方私鉄,"[""不能乘坐观光列车“橙色食道”、特快列车、特快列车。""]",1.0,my route,肥萨橙色铁道 TEL:0996-63-6860,,https://www.hs-orange.com/page952.html?type=new&pg=1&nw_id=1,"[{""text"": ""肥薩おれんじ鉄道"", ""url"": ""https://www.hs-orange.com/page952.html?type=new&pg=1&nw_id=1""}, {""text"": ""南国交通"", ""url"": ""https://nangoku-kotsu.com/app_myroute/""}]",,https://www2s.biglobe.ne.jp/~t_aoyagi/railway/free/orange06.htm,orange06.htm,87,2026/8/10 1:30,NORTH SATSUMA GREAT PASS,,,,https://www2s.biglobe.ne.jp/~t_aoyagi/railway/free/orange06.htm
orange03,おれんじ１８フリーきっぷ,肥薩おれんじ鉄道,"[""肥薩おれんじ鉄道""]",1,False,kyusyu,九州,九州,"[""九州""]",kisetu,季節発売タイプ,季节发售,"[""実券""]",True,False,period,2026/7/18  〜9/8,2026/7/18,2026/9/8,2200.0,,2200.0,"大人：2,200円",1天,1.0,"春季：2026年3月1日 - 2026年4月10日
 
夏季：2026年7月18日 - 2026年9月8日
 
冬季：2025年12月12日 - 2026年1月12日","春季：2026年3月1日 - 2026年4月10日
 
夏季：2026年7月19日 - 2026年9月8日
 
冬季：2025年12月12日 - 2026年1月12日",,"[""https://www2s.biglobe.ne.jp/~t_aoyagi/railway/free/map/orange.gif""]",,地方私鉄,"[""出示当天有效的“青春18 Kippu”即可贩售"", ""观光列车“橙色食堂”及特快列车（特快36 Plus 3、九州七星等）不可搭乘。""]",2.0,"八代、泉、川内柜台营业时间内
 火车内",肥萨橙色铁道 TEL:0996-63-6860,,https://www.hs-orange.com/page401.html,"[{""text"": ""肥薩おれんじ鉄道"", ""url"": ""https://www.hs-orange.com/page401.html""}]",,https://www2s.biglobe.ne.jp/~t_aoyagi/railway/free/orange03.htm,orange03.htm,88,2026/8/10 1:30,おれんじ１８フリーきっぷ,,,,https://www2s.biglobe.ne.jp/~t_aoyagi/railway/free/orange03.htm
kagosima01,市電・市バス・シティビュー一日乗車券,鹿児島市交通局,"[""鹿児島市交通局""]",1,False,kyusyu,九州,九州,"[""九州""]",tunen,通年発売タイプ,全年发售,"[""実券""]",True,False,on_sale,発売中,,,600.0,300.0,300.0,大人：600円／小人：300円,1天,1.0,全年,全年,,"[""https://www2s.biglobe.ne.jp/~t_aoyagi/railway/free/map/kagoshima.gif""]",,地方私鉄,"[""无法乘坐私人巴士""]",1.0,"信息中心、城市电车、市内巴士
 约旦手机票",鹿儿岛市交通局 TEL:099-257-2111,,http://www.kotsu-city-kagoshima.jp/ticket-summary/oneday/#ank2,"[{""text"": ""鹿児島市交通局"", ""url"": ""http://www.kotsu-city-kagoshima.jp/ticket-summary/oneday/#ank2""}]",,https://www2s.biglobe.ne.jp/~t_aoyagi/railway/free/kagosima01.htm,kagosima01.htm,89,2026/8/10 1:30,市電・市バス・シティビュー一日乗車券,,,,https://www2s.biglobe.ne.jp/~t_aoyagi/railway/free/kagosima01.htm
kagosima04,市電・市バス・シティビュー24時間乗車券,鹿児島市交通局,"[""鹿児島市交通局""]",1,False,kyusyu,九州,九州,"[""九州""]",tunen,通年発売タイプ,全年发售,"[""デジタル""]",False,True,on_sale,発売中,,,800.0,400.0,400.0,大人：800円／小人：400円,从使用开始时间起24小时,1.0,全年,全年,,"[""https://www2s.biglobe.ne.jp/~t_aoyagi/railway/free/map/kagoshima.gif""]",,地方私鉄,"[""无法乘坐私人巴士""]",1.0,约旦手机票,鹿儿岛市交通局 TEL:099-257-2111,,http://www.kotsu-city-kagoshima.jp/ticket-summary/oneday/#ank2,"[{""text"": ""鹿児島市交通局"", ""url"": ""http://www.kotsu-city-kagoshima.jp/ticket-summary/oneday/#ank2""}]",,https://www2s.biglobe.ne.jp/~t_aoyagi/railway/free/kagosima04.htm,kagosima04.htm,90,2026/8/10 1:30,市電・市バス・シティビュー24時間乗車券,,,,https://www2s.biglobe.ne.jp/~t_aoyagi/railway/free/kagosima04.htm
kagosima03,鹿児島市営バス・電車・フェリー共通利用券CUTE,鹿児島市交通局,"[""鹿児島市交通局""]",1,False,kyusyu,九州,九州,"[""九州""]",tunen,通年発売タイプ,全年发售,"[""実券"", ""デジタル""]",True,True,on_sale,発売中,,,1300.0,650.0,650.0,"券種 大人 小人 
 １日券 1,300円 650円 
 ２日券 1,900円 950円","1日票：1天
 2日票：2天",1.0,全年,全年,,"[""https://www2s.biglobe.ne.jp/~t_aoyagi/railway/free/map/kagoshima02.gif""]",,地方私鉄,[],0.0,"鹿儿岛中央站综合观光咨询处
 
旅游交流中心
 
鹿儿岛市明治维新故里馆
 
天町沙龙
 
鹿儿岛港售票处
 
樱岛港航运局营业课柜台
 
交通局售票处
 
市政厅前售票处
 
鹿儿岛町步行观光站
 
鹿儿岛市交通局樱岛办事处
 
谷山电车售票处
 
永旺鹿儿岛鸭池售票处
 
 鹿儿岛粉丝应用程序“Wakuwaku”
 我的路线",鹿儿岛市交通局总务部营业课 TEL：099-257-2102,,https://www.kagoshima-yokanavi.jp/article/mobileCUTE-usage,"[{""text"": ""鹿児島市観光サイト"", ""url"": ""https://www.kagoshima-yokanavi.jp/article/mobileCUTE-usage""}]",,https://www2s.biglobe.ne.jp/~t_aoyagi/railway/free/kagosima03.htm,kagosima03.htm,91,2026/8/10 1:30,鹿児島市営バス・電車・フェリー共通利用券CUTE,,,,https://www2s.biglobe.ne.jp/~t_aoyagi/railway/free/kagosima03.htm
kagosima05,市電・市バス・シティビューナイトパス,鹿児島市交通局,"[""鹿児島市交通局""]",1,False,kyusyu,九州,九州,"[""九州""]",kisetu,季節発売タイプ,季节发售,"[""デジタル""]",False,True,period,3/1〜4/30  7/1〜8/31  12/1〜1/31,,,300.0,,300.0,大人：300円,下午5点后,,"3月1日-4月30日
 7月1日-8月31日
 12月1日-1月31日",3月1日-4月30日,,"[""https://www2s.biglobe.ne.jp/~t_aoyagi/railway/free/map/kagoshima.gif""]",,地方私鉄,"[""无法乘坐私人巴士""]",1.0,约旦手机票,鹿儿岛市交通局 TEL:099-257-2111,,http://www.kotsu-city-kagoshima.jp/ticket-summary/oneday/#ank2,"[{""text"": ""鹿児島市交通局"", ""url"": ""http://www.kotsu-city-kagoshima.jp/ticket-summary/oneday/#ank2""}]",,https://www2s.biglobe.ne.jp/~t_aoyagi/railway/free/kagosima05.htm,kagosima05.htm,92,2026/8/10 1:30,市電・市バス・シティビューナイトパス,,,,https://www2s.biglobe.ne.jp/~t_aoyagi/railway/free/kagosima05.htm
kagosima81,鹿児島ユナイテッドFCホームゲーム限定市電１日乗車券,鹿児島市交通局,"[""鹿児島市交通局""]",1,False,kyusyu,九州,九州,"[""九州""]",kikan,期間限定タイプ,期间限定,"[""デジタル""]",False,True,period,2026/1/30  〜5/17,2026/1/30,2026/5/17,250.0,120.0,120.0,大人：250円／小人：120円,1天,1.0,2026 年 1 月 30 日 - 最后一场主场比赛日期,"2026 年 2 月 8 日 - 最后一场主场比赛日
 鹿儿岛联队主场比赛日期
 详情请咨询鹿儿岛市交通局",,"[""https://www2s.biglobe.ne.jp/~t_aoyagi/railway/free/map/kagoshima81.gif""]",,地方私鉄,"[""巴士不可用""]",1.0,约旦手机票,鹿儿岛市交通局 TEL:099-257-2111,,https://www.kotsu-city-kagoshima.jp/ticket-summary/%e9%b9%bf%e5%85%90%e5%b3%b6%e3%83%a6%e3%83%8a%e3%82%a4%e3%83%86%e3%83%83%e3%83%89fc%e3%83%9b%e3%83%bc%e3%83%a0%e3%82%b2%e3%83%bc%e3%83%a0%e9%99%90%e5%ae%9a%e5%b8%82%e9%9b%bb%e4%b8%80%e6%97%a5-2/,"[{""text"": ""鹿児島市交通局"", ""url"": ""https://www.kotsu-city-kagoshima.jp/ticket-summary/%e9%b9%bf%e5%85%90%e5%b3%b6%e3%83%a6%e3%83%8a%e3%82%a4%e3%83%86%e3%83%83%e3%83%89fc%e3%83%9b%e3%83%bc%e3%83%a0%e3%82%b2%e3%83%bc%e3%83%a0%e9%99%90%e5%ae%9a%e5%b8%82%e9%9b%bb%e4%b8%80%e6%97%a5-2/""}]",,https://www2s.biglobe.ne.jp/~t_aoyagi/railway/free/kagosima81.htm,kagosima81.htm,94,2026/8/10 1:30,鹿児島ユナイテッドFCホームゲーム限定市電１日乗車券,,,,https://www2s.biglobe.ne.jp/~t_aoyagi/railway/free/kagosima81.htm
kagosima02,夏休みチャレンジパス,鹿児島市交通局,"[""鹿児島市交通局""]",1,False,kyusyu,九州,九州,"[""九州""]",summer,夏限定タイプ,夏季限定,"[""実券""]",True,False,period,2026/7/1  〜8/20,2026/7/1,2026/8/20,,,2100.0,"中学生：4,200円／小学生：2,100円",有效期内的所有日期,,2026年7月1日 - 2026年8月20日,2026年7月18日 - 2026年8月31日,,"[""https://www2s.biglobe.ne.jp/~t_aoyagi/railway/free/map/kagoshima.gif""]",,地方私鉄,"[""购买时需要提供身份证件和照片"", ""不能乘坐普通观光巴士。""]",2.0,交通局、市役所、樱岛营业所、谷山电车站营业所等,鹿儿岛市交通局总务部营业课 TEL：099-257-2102,,http://www.kotsu-city-kagoshima.jp/ticket-summary/challenge/,"[{""text"": ""鹿児島市交通局"", ""url"": ""http://www.kotsu-city-kagoshima.jp/ticket-summary/challenge/""}]",,https://www2s.biglobe.ne.jp/~t_aoyagi/railway/free/kagosima02.htm,kagosima02.htm,95,2026/8/10 1:30,夏休みチャレンジパス,,,,https://www2s.biglobe.ne.jp/~t_aoyagi/railway/free/kagosima02.htm
yuirail01,一日乗車券/二日乗車券,沖縄都市モノレール,"[""沖縄都市モノレール""]",1,False,kyusyu,九州,九州,"[""九州""]",tunen,通年発売タイプ,全年发售,"[""実券""]",True,False,on_sale,発売中,,,1000.0,500.0,500.0,"一日乗車券 大人：1,000円/小人：500円 
 二日乗車券 大人：1,800円/小人：900円","一日票：自购买之日起24小时内
 两日票：自购买之日起48小时内",1.0,全年,全年,,"[""https://www2s.biglobe.ne.jp/~t_aoyagi/railway/free/map/yuirail01.gif""]",,地方私鉄,[],0.0,各车站设有自动售货机,冲绳都市单轨电车 TEL:098-859-2630,,https://www.yui-rail.co.jp/ticketinfo-ticket/ticketinfo/1day-pass/,"[{""text"": ""沖縄都市モノレール"", ""url"": ""https://www.yui-rail.co.jp/ticketinfo-ticket/ticketinfo/1day-pass/""}]",,https://www2s.biglobe.ne.jp/~t_aoyagi/railway/free/yuirail01.htm,yuirail01.htm,96,2026/8/10 1:30,一日乗車券/二日乗車券,,,,https://www2s.biglobe.ne.jp/~t_aoyagi/railway/free/yuirail01.htm
yuirail02,バスモノパス/那覇バス＆ゆいレール１日共通パスポート,沖縄都市モノレール,"[""沖縄都市モノレール""]",1,False,kyusyu,九州,九州,"[""九州""]",tunen,通年発売タイプ,全年发售,"[""実券""]",True,False,on_sale,発売中,,,1500.0,750.0,750.0,"大人：1,500円/小人：750円",1天,1.0,全年,全年,,"[""https://www2s.biglobe.ne.jp/~t_aoyagi/railway/free/map/yuirail02.gif""]",,地方私鉄,[],0.0,"Yui Rail：各站柜台
 那霸巴士：那霸营业所（那霸巴士总站内）、新川营业所、石峰营业所、固志营业所、机场营业所那霸市旅游咨询中心、冲绳旅游 OTS 旅游休息室
 我的路线",冲绳都市单轨电车 TEL:098-859-2630,,https://www.yui-rail.co.jp/ticketinfo-ticket/ticketinfo/ticket/,"[{""text"": ""沖縄都市モノレール"", ""url"": ""https://www.yui-rail.co.jp/ticketinfo-ticket/ticketinfo/ticket/""}, {""text"": ""那覇バス"", ""url"": ""https://daiichibus.co.jp/scheduled-bus/service/#discount""}]",,https://www2s.biglobe.ne.jp/~t_aoyagi/railway/free/yuirail02.htm,yuirail02.htm,97,2026/8/10 1:30,バスモノパス 那覇バス＆ゆいレール１日共通パスポート,,,,https://www2s.biglobe.ne.jp/~t_aoyagi/railway/free/yuirail02.htm
yuirail51,24時間乗り放題乗車券,沖縄都市モノレール,"[""沖縄都市モノレール""]",1,False,kyusyu,九州,九州,"[""九州""]",tunen,通年発売タイプ,全年发售,"[""デジタル""]",False,True,on_sale,発売中,,,1000.0,,1000.0,"大人：1,000円",从使用开始时间起24小时,1.0,全年,全年,,"[""https://www2s.biglobe.ne.jp/~t_aoyagi/railway/free/map/yuirail01.gif""]",,地方私鉄,[],0.0,冲绳 MaaS 约旦手机票,冲绳都市单轨电车 TEL:098-859-2630,,https://service.paycierge.com/okinawa-maas/,"[{""text"": ""沖縄MaaS"", ""url"": ""https://service.paycierge.com/okinawa-maas/""}, {""text"": ""ジョルダンモバイルチケット"", ""url"": ""https://ticket.jorudan.co.jp/yui-rail/ja/""}]",,https://www2s.biglobe.ne.jp/~t_aoyagi/railway/free/yuirail51.htm,yuirail51.htm,98,2026/8/10 1:30,24時間乗り放題乗車券,,,,https://www2s.biglobe.ne.jp/~t_aoyagi/railway/free/yuirail51.htm
yuirail52,当日乗り放題乗車券,沖縄都市モノレール,"[""沖縄都市モノレール""]",1,False,kyusyu,九州,九州,"[""九州""]",tunen,通年発売タイプ,全年发售,"[""デジタル""]",False,True,on_sale,発売中,,,800.0,,800.0,大人 800円,开始使用后当天,,全年,全年,,"[""https://www2s.biglobe.ne.jp/~t_aoyagi/railway/free/map/yuirail01.gif""]",,地方私鉄,[],0.0,冲绳 MaaS 约旦手机票,冲绳都市单轨电车 TEL:098-859-2630,,https://okinawa.digitalticket.tis-maas.com/,"[{""text"": ""沖縄MaaS"", ""url"": ""https://okinawa.digitalticket.tis-maas.com/""}, {""text"": ""ジョルダンモバイルチケット"", ""url"": ""https://ticket.jorudan.co.jp/yui-rail/ja/""}]",,https://www2s.biglobe.ne.jp/~t_aoyagi/railway/free/yuirail52.htm,yuirail52.htm,99,2026/8/10 1:30,当日乗り放題乗車券,,,,https://www2s.biglobe.ne.jp/~t_aoyagi/railway/free/yuirail52.htm
yuirail53,48時間乗り放題乗車券,沖縄都市モノレール,"[""沖縄都市モノレール""]",1,False,kyusyu,九州,九州,"[""九州""]",tunen,通年発売タイプ,全年发售,"[""デジタル""]",False,True,on_sale,発売中,,,1800.0,,1800.0,"大人：1,800円",开始使用后24小时,1.0,全年,全年,,"[""https://www2s.biglobe.ne.jp/~t_aoyagi/railway/free/map/yuirail01.gif""]",,地方私鉄,[],0.0,冲绳 MaaS 约旦手机票,冲绳都市单轨电车 TEL:098-859-2630,,https://service.paycierge.com/okinawa-maas/,"[{""text"": ""沖縄MaaS"", ""url"": ""https://service.paycierge.com/okinawa-maas/""}, {""text"": ""ジョルダンモバイルチケット"", ""url"": ""https://ticket.jorudan.co.jp/yui-rail/ja/""}]",,https://www2s.biglobe.ne.jp/~t_aoyagi/railway/free/yuirail53.htm,yuirail53.htm,100,2026/8/10 1:30,48時間乗り放題乗車券,,,,https://www2s.biglobe.ne.jp/~t_aoyagi/railway/free/yuirail53.htm
yuirail54,平日オフピーク乗り放題乗車券,沖縄都市モノレール,"[""沖縄都市モノレール""]",1,False,kyusyu,九州,九州,"[""九州""]",tunen,通年発売タイプ,全年发售,"[""デジタル""]",False,True,on_sale,発売中,,,600.0,,600.0,大人：600円,平日 10:00-16:00,,全年（平日）,全年（平日）,,"[""https://www2s.biglobe.ne.jp/~t_aoyagi/railway/free/map/yuirail01.gif""]",,地方私鉄,[],0.0,约旦手机票,冲绳都市单轨电车 TEL:098-859-2630,,https://ticket.jorudan.co.jp/yui-rail/ja/,"[{""text"": ""ジョルダンモバイルチケット"", ""url"": ""https://ticket.jorudan.co.jp/yui-rail/ja/""}]",,https://www2s.biglobe.ne.jp/~t_aoyagi/railway/free/yuirail54.htm,yuirail54.htm,101,2026/8/10 1:30,平日オフピーク乗り放題乗車券,,,,https://www2s.biglobe.ne.jp/~t_aoyagi/railway/free/yuirail54.htm
yuirail55,ゆいレール当日乗り放題乗車券 東京バス(沖縄)1日フリーパスセット券,沖縄都市モノレール,"[""沖縄都市モノレール""]",1,False,kyusyu,九州,九州,"[""九州""]",tunen,通年発売タイプ,全年发售,"[""デジタル""]",False,True,on_sale,発売中,,,1000.0,,1000.0,"大人：1,000円",1天,1.0,全年,全年,,"[""https://www2s.biglobe.ne.jp/~t_aoyagi/railway/free/map/yuirail55.gif""]",,地方私鉄,[],0.0,约旦手机票,冲绳都市单轨电车 TEL:098-859-2630,,https://ticket.jorudan.co.jp/yui-rail/ja/,"[{""text"": ""ジョルダンモバイルチケット"", ""url"": ""https://ticket.jorudan.co.jp/yui-rail/ja/""}]",,https://www2s.biglobe.ne.jp/~t_aoyagi/railway/free/yuirail55.htm,yuirail55.htm,102,2026/8/10 1:30,ゆいレール当日乗り放題乗車券 東京バス(沖縄)1日フリーパスセット券,,,,https://www2s.biglobe.ne.jp/~t_aoyagi/railway/free/yuirail55.htm
